"DATE_NAME","GEOGRAPHY_NAME","GEOGRAPHY_CODE","SEX_NAME","AGE_NAME","MEASURES_NAME","OBS_VALUE"
"2024","Hartlepool","E06000001","Total","All ages","Value",97868
"2024","Hartlepool","E06000001","Total","Aged under 1 year","Value",947
"2024","Hartlepool","E06000001","Total","Aged 1 - 4 years","Value",4186
"2024","Hartlepool","E06000001","Total","Aged 5 - 9 years","Value",5767
"2024","Hartlepool","E06000001","Total","Aged 10 - 14 years","Value",6264
"2024","Hartlepool","E06000001","Total","Aged 15 - 19 years","Value",6010
"2024","Hartlepool","E06000001","Total","Aged 20 - 24 years","Value",5221
"2024","Hartlepool","E06000001","Total","Aged 25 - 29 years","Value",5889
"2024","Hartlepool","E06000001","Total","Aged 30 - 34 years","Value",6341
"2024","Hartlepool","E06000001","Total","Aged 35 - 39 years","Value",6446
"2024","Hartlepool","E06000001","Total","Aged 40 - 44 years","Value",5826
"2024","Hartlepool","E06000001","Total","Aged 45 - 49 years","Value",5203
"2024","Hartlepool","E06000001","Total","Aged 50 - 54 years","Value",6146
"2024","Hartlepool","E06000001","Total","Aged 55 - 59 years","Value",6969
"2024","Hartlepool","E06000001","Total","Aged 60 - 64 years","Value",6959
"2024","Hartlepool","E06000001","Total","Aged 65 - 69 years","Value",5832
"2024","Hartlepool","E06000001","Total","Aged 70 - 74 years","Value",4824
"2024","Hartlepool","E06000001","Total","Aged 75 - 79 years","Value",4220
"2024","Hartlepool","E06000001","Total","Aged 80 - 84 years","Value",2359
"2024","Hartlepool","E06000001","Total","Aged 85 and over","Value",2459
"2024","Middlesbrough","E06000002","Total","All ages","Value",154700
"2024","Middlesbrough","E06000002","Total","Aged under 1 year","Value",1882
"2024","Middlesbrough","E06000002","Total","Aged 1 - 4 years","Value",7476
"2024","Middlesbrough","E06000002","Total","Aged 5 - 9 years","Value",9727
"2024","Middlesbrough","E06000002","Total","Aged 10 - 14 years","Value",10186
"2024","Middlesbrough","E06000002","Total","Aged 15 - 19 years","Value",9338
"2024","Middlesbrough","E06000002","Total","Aged 20 - 24 years","Value",10150
"2024","Middlesbrough","E06000002","Total","Aged 25 - 29 years","Value",12484
"2024","Middlesbrough","E06000002","Total","Aged 30 - 34 years","Value",12433
"2024","Middlesbrough","E06000002","Total","Aged 35 - 39 years","Value",11532
"2024","Middlesbrough","E06000002","Total","Aged 40 - 44 years","Value",9685
"2024","Middlesbrough","E06000002","Total","Aged 45 - 49 years","Value",7739
"2024","Middlesbrough","E06000002","Total","Aged 50 - 54 years","Value",8132
"2024","Middlesbrough","E06000002","Total","Aged 55 - 59 years","Value",8850
"2024","Middlesbrough","E06000002","Total","Aged 60 - 64 years","Value",9033
"2024","Middlesbrough","E06000002","Total","Aged 65 - 69 years","Value",8016
"2024","Middlesbrough","E06000002","Total","Aged 70 - 74 years","Value",6289
"2024","Middlesbrough","E06000002","Total","Aged 75 - 79 years","Value",5265
"2024","Middlesbrough","E06000002","Total","Aged 80 - 84 years","Value",3219
"2024","Middlesbrough","E06000002","Total","Aged 85 and over","Value",3264
"2024","Redcar and Cleveland","E06000003","Total","All ages","Value",138788
"2024","Redcar and Cleveland","E06000003","Total","Aged under 1 year","Value",1182
"2024","Redcar and Cleveland","E06000003","Total","Aged 1 - 4 years","Value",5419
"2024","Redcar and Cleveland","E06000003","Total","Aged 5 - 9 years","Value",7557
"2024","Redcar and Cleveland","E06000003","Total","Aged 10 - 14 years","Value",8404
"2024","Redcar and Cleveland","E06000003","Total","Aged 15 - 19 years","Value",7699
"2024","Redcar and Cleveland","E06000003","Total","Aged 20 - 24 years","Value",6286
"2024","Redcar and Cleveland","E06000003","Total","Aged 25 - 29 years","Value",7188
"2024","Redcar and Cleveland","E06000003","Total","Aged 30 - 34 years","Value",8155
"2024","Redcar and Cleveland","E06000003","Total","Aged 35 - 39 years","Value",8270
"2024","Redcar and Cleveland","E06000003","Total","Aged 40 - 44 years","Value",7870
"2024","Redcar and Cleveland","E06000003","Total","Aged 45 - 49 years","Value",7116
"2024","Redcar and Cleveland","E06000003","Total","Aged 50 - 54 years","Value",9030
"2024","Redcar and Cleveland","E06000003","Total","Aged 55 - 59 years","Value",10656
"2024","Redcar and Cleveland","E06000003","Total","Aged 60 - 64 years","Value",10392
"2024","Redcar and Cleveland","E06000003","Total","Aged 65 - 69 years","Value",9066
"2024","Redcar and Cleveland","E06000003","Total","Aged 70 - 74 years","Value",8015
"2024","Redcar and Cleveland","E06000003","Total","Aged 75 - 79 years","Value",7632
"2024","Redcar and Cleveland","E06000003","Total","Aged 80 - 84 years","Value",4700
"2024","Redcar and Cleveland","E06000003","Total","Aged 85 and over","Value",4151
"2024","Stockton-on-Tees","E06000004","Total","All ages","Value",206018
"2024","Stockton-on-Tees","E06000004","Total","Aged under 1 year","Value",2037
"2024","Stockton-on-Tees","E06000004","Total","Aged 1 - 4 years","Value",8663
"2024","Stockton-on-Tees","E06000004","Total","Aged 5 - 9 years","Value",12329
"2024","Stockton-on-Tees","E06000004","Total","Aged 10 - 14 years","Value",13646
"2024","Stockton-on-Tees","E06000004","Total","Aged 15 - 19 years","Value",12448
"2024","Stockton-on-Tees","E06000004","Total","Aged 20 - 24 years","Value",9175
"2024","Stockton-on-Tees","E06000004","Total","Aged 25 - 29 years","Value",12241
"2024","Stockton-on-Tees","E06000004","Total","Aged 30 - 34 years","Value",14260
"2024","Stockton-on-Tees","E06000004","Total","Aged 35 - 39 years","Value",14746
"2024","Stockton-on-Tees","E06000004","Total","Aged 40 - 44 years","Value",13681
"2024","Stockton-on-Tees","E06000004","Total","Aged 45 - 49 years","Value",11851
"2024","Stockton-on-Tees","E06000004","Total","Aged 50 - 54 years","Value",13009
"2024","Stockton-on-Tees","E06000004","Total","Aged 55 - 59 years","Value",13917
"2024","Stockton-on-Tees","E06000004","Total","Aged 60 - 64 years","Value",13571
"2024","Stockton-on-Tees","E06000004","Total","Aged 65 - 69 years","Value",11816
"2024","Stockton-on-Tees","E06000004","Total","Aged 70 - 74 years","Value",9918
"2024","Stockton-on-Tees","E06000004","Total","Aged 75 - 79 years","Value",8683
"2024","Stockton-on-Tees","E06000004","Total","Aged 80 - 84 years","Value",5262
"2024","Stockton-on-Tees","E06000004","Total","Aged 85 and over","Value",4765
"2024","Darlington","E06000005","Total","All ages","Value",112150
"2024","Darlington","E06000005","Total","Aged under 1 year","Value",1058
"2024","Darlington","E06000005","Total","Aged 1 - 4 years","Value",4469
"2024","Darlington","E06000005","Total","Aged 5 - 9 years","Value",6123
"2024","Darlington","E06000005","Total","Aged 10 - 14 years","Value",6841
"2024","Darlington","E06000005","Total","Aged 15 - 19 years","Value",6373
"2024","Darlington","E06000005","Total","Aged 20 - 24 years","Value",4941
"2024","Darlington","E06000005","Total","Aged 25 - 29 years","Value",6886
"2024","Darlington","E06000005","Total","Aged 30 - 34 years","Value",7418
"2024","Darlington","E06000005","Total","Aged 35 - 39 years","Value",7412
"2024","Darlington","E06000005","Total","Aged 40 - 44 years","Value",7113
"2024","Darlington","E06000005","Total","Aged 45 - 49 years","Value",6662
"2024","Darlington","E06000005","Total","Aged 50 - 54 years","Value",7463
"2024","Darlington","E06000005","Total","Aged 55 - 59 years","Value",7915
"2024","Darlington","E06000005","Total","Aged 60 - 64 years","Value",7591
"2024","Darlington","E06000005","Total","Aged 65 - 69 years","Value",6578
"2024","Darlington","E06000005","Total","Aged 70 - 74 years","Value",5583
"2024","Darlington","E06000005","Total","Aged 75 - 79 years","Value",5370
"2024","Darlington","E06000005","Total","Aged 80 - 84 years","Value",3197
"2024","Darlington","E06000005","Total","Aged 85 and over","Value",3157
"2024","County Durham","E06000047","Total","All ages","Value",536793
"2024","County Durham","E06000047","Total","Aged under 1 year","Value",4716
"2024","County Durham","E06000047","Total","Aged 1 - 4 years","Value",19456
"2024","County Durham","E06000047","Total","Aged 5 - 9 years","Value",27442
"2024","County Durham","E06000047","Total","Aged 10 - 14 years","Value",30347
"2024","County Durham","E06000047","Total","Aged 15 - 19 years","Value",32503
"2024","County Durham","E06000047","Total","Aged 20 - 24 years","Value",37417
"2024","County Durham","E06000047","Total","Aged 25 - 29 years","Value",28714
"2024","County Durham","E06000047","Total","Aged 30 - 34 years","Value",31615
"2024","County Durham","E06000047","Total","Aged 35 - 39 years","Value",32584
"2024","County Durham","E06000047","Total","Aged 40 - 44 years","Value",31841
"2024","County Durham","E06000047","Total","Aged 45 - 49 years","Value",29040
"2024","County Durham","E06000047","Total","Aged 50 - 54 years","Value",34979
"2024","County Durham","E06000047","Total","Aged 55 - 59 years","Value",39887
"2024","County Durham","E06000047","Total","Aged 60 - 64 years","Value",38197
"2024","County Durham","E06000047","Total","Aged 65 - 69 years","Value",33282
"2024","County Durham","E06000047","Total","Aged 70 - 74 years","Value",28767
"2024","County Durham","E06000047","Total","Aged 75 - 79 years","Value",26232
"2024","County Durham","E06000047","Total","Aged 80 - 84 years","Value",15719
"2024","County Durham","E06000047","Total","Aged 85 and over","Value",14055
"2024","Northumberland","E06000057","Total","All ages","Value",330615
"2024","Northumberland","E06000057","Total","Aged under 1 year","Value",2526
"2024","Northumberland","E06000057","Total","Aged 1 - 4 years","Value",11217
"2024","Northumberland","E06000057","Total","Aged 5 - 9 years","Value",16450
"2024","Northumberland","E06000057","Total","Aged 10 - 14 years","Value",18095
"2024","Northumberland","E06000057","Total","Aged 15 - 19 years","Value",16542
"2024","Northumberland","E06000057","Total","Aged 20 - 24 years","Value",13486
"2024","Northumberland","E06000057","Total","Aged 25 - 29 years","Value",16082
"2024","Northumberland","E06000057","Total","Aged 30 - 34 years","Value",17836
"2024","Northumberland","E06000057","Total","Aged 35 - 39 years","Value",18875
"2024","Northumberland","E06000057","Total","Aged 40 - 44 years","Value",18786
"2024","Northumberland","E06000057","Total","Aged 45 - 49 years","Value",18109
"2024","Northumberland","E06000057","Total","Aged 50 - 54 years","Value",22009
"2024","Northumberland","E06000057","Total","Aged 55 - 59 years","Value",25393
"2024","Northumberland","E06000057","Total","Aged 60 - 64 years","Value",26741
"2024","Northumberland","E06000057","Total","Aged 65 - 69 years","Value",24365
"2024","Northumberland","E06000057","Total","Aged 70 - 74 years","Value",21625
"2024","Northumberland","E06000057","Total","Aged 75 - 79 years","Value",20145
"2024","Northumberland","E06000057","Total","Aged 80 - 84 years","Value",11758
"2024","Northumberland","E06000057","Total","Aged 85 and over","Value",10575
"2024","Newcastle upon Tyne","E08000021","Total","All ages","Value",318852
"2024","Newcastle upon Tyne","E08000021","Total","Aged under 1 year","Value",3046
"2024","Newcastle upon Tyne","E08000021","Total","Aged 1 - 4 years","Value",12954
"2024","Newcastle upon Tyne","E08000021","Total","Aged 5 - 9 years","Value",17054
"2024","Newcastle upon Tyne","E08000021","Total","Aged 10 - 14 years","Value",17173
"2024","Newcastle upon Tyne","E08000021","Total","Aged 15 - 19 years","Value",23212
"2024","Newcastle upon Tyne","E08000021","Total","Aged 20 - 24 years","Value",44130
"2024","Newcastle upon Tyne","E08000021","Total","Aged 25 - 29 years","Value",24922
"2024","Newcastle upon Tyne","E08000021","Total","Aged 30 - 34 years","Value",22750
"2024","Newcastle upon Tyne","E08000021","Total","Aged 35 - 39 years","Value",21401
"2024","Newcastle upon Tyne","E08000021","Total","Aged 40 - 44 years","Value",19250
"2024","Newcastle upon Tyne","E08000021","Total","Aged 45 - 49 years","Value",16228
"2024","Newcastle upon Tyne","E08000021","Total","Aged 50 - 54 years","Value",16230
"2024","Newcastle upon Tyne","E08000021","Total","Aged 55 - 59 years","Value",16645
"2024","Newcastle upon Tyne","E08000021","Total","Aged 60 - 64 years","Value",16328
"2024","Newcastle upon Tyne","E08000021","Total","Aged 65 - 69 years","Value",13956
"2024","Newcastle upon Tyne","E08000021","Total","Aged 70 - 74 years","Value",11243
"2024","Newcastle upon Tyne","E08000021","Total","Aged 75 - 79 years","Value",9853
"2024","Newcastle upon Tyne","E08000021","Total","Aged 80 - 84 years","Value",5932
"2024","Newcastle upon Tyne","E08000021","Total","Aged 85 and over","Value",6545
"2024","North Tyneside","E08000022","Total","All ages","Value",214110
"2024","North Tyneside","E08000022","Total","Aged under 1 year","Value",1812
"2024","North Tyneside","E08000022","Total","Aged 1 - 4 years","Value",8282
"2024","North Tyneside","E08000022","Total","Aged 5 - 9 years","Value",12055
"2024","North Tyneside","E08000022","Total","Aged 10 - 14 years","Value",12550
"2024","North Tyneside","E08000022","Total","Aged 15 - 19 years","Value",11556
"2024","North Tyneside","E08000022","Total","Aged 20 - 24 years","Value",9323
"2024","North Tyneside","E08000022","Total","Aged 25 - 29 years","Value",11909
"2024","North Tyneside","E08000022","Total","Aged 30 - 34 years","Value",14257
"2024","North Tyneside","E08000022","Total","Aged 35 - 39 years","Value",15219
"2024","North Tyneside","E08000022","Total","Aged 40 - 44 years","Value",15118
"2024","North Tyneside","E08000022","Total","Aged 45 - 49 years","Value",13039
"2024","North Tyneside","E08000022","Total","Aged 50 - 54 years","Value",14226
"2024","North Tyneside","E08000022","Total","Aged 55 - 59 years","Value",14581
"2024","North Tyneside","E08000022","Total","Aged 60 - 64 years","Value",14513
"2024","North Tyneside","E08000022","Total","Aged 65 - 69 years","Value",12782
"2024","North Tyneside","E08000022","Total","Aged 70 - 74 years","Value",11266
"2024","North Tyneside","E08000022","Total","Aged 75 - 79 years","Value",10147
"2024","North Tyneside","E08000022","Total","Aged 80 - 84 years","Value",5813
"2024","North Tyneside","E08000022","Total","Aged 85 and over","Value",5662
"2024","South Tyneside","E08000023","Total","All ages","Value",150736
"2024","South Tyneside","E08000023","Total","Aged under 1 year","Value",1333
"2024","South Tyneside","E08000023","Total","Aged 1 - 4 years","Value",6191
"2024","South Tyneside","E08000023","Total","Aged 5 - 9 years","Value",8624
"2024","South Tyneside","E08000023","Total","Aged 10 - 14 years","Value",8955
"2024","South Tyneside","E08000023","Total","Aged 15 - 19 years","Value",8301
"2024","South Tyneside","E08000023","Total","Aged 20 - 24 years","Value",7298
"2024","South Tyneside","E08000023","Total","Aged 25 - 29 years","Value",8512
"2024","South Tyneside","E08000023","Total","Aged 30 - 34 years","Value",9801
"2024","South Tyneside","E08000023","Total","Aged 35 - 39 years","Value",10452
"2024","South Tyneside","E08000023","Total","Aged 40 - 44 years","Value",9435
"2024","South Tyneside","E08000023","Total","Aged 45 - 49 years","Value",8184
"2024","South Tyneside","E08000023","Total","Aged 50 - 54 years","Value",9344
"2024","South Tyneside","E08000023","Total","Aged 55 - 59 years","Value",10795
"2024","South Tyneside","E08000023","Total","Aged 60 - 64 years","Value",10894
"2024","South Tyneside","E08000023","Total","Aged 65 - 69 years","Value",9541
"2024","South Tyneside","E08000023","Total","Aged 70 - 74 years","Value",7972
"2024","South Tyneside","E08000023","Total","Aged 75 - 79 years","Value",6898
"2024","South Tyneside","E08000023","Total","Aged 80 - 84 years","Value",4108
"2024","South Tyneside","E08000023","Total","Aged 85 and over","Value",4098
"2024","Sunderland","E08000024","Total","All ages","Value",286696
"2024","Sunderland","E08000024","Total","Aged under 1 year","Value",2716
"2024","Sunderland","E08000024","Total","Aged 1 - 4 years","Value",11484
"2024","Sunderland","E08000024","Total","Aged 5 - 9 years","Value",15537
"2024","Sunderland","E08000024","Total","Aged 10 - 14 years","Value",16262
"2024","Sunderland","E08000024","Total","Aged 15 - 19 years","Value",16271
"2024","Sunderland","E08000024","Total","Aged 20 - 24 years","Value",15198
"2024","Sunderland","E08000024","Total","Aged 25 - 29 years","Value",17570
"2024","Sunderland","E08000024","Total","Aged 30 - 34 years","Value",20480
"2024","Sunderland","E08000024","Total","Aged 35 - 39 years","Value",20106
"2024","Sunderland","E08000024","Total","Aged 40 - 44 years","Value",17940
"2024","Sunderland","E08000024","Total","Aged 45 - 49 years","Value",15868
"2024","Sunderland","E08000024","Total","Aged 50 - 54 years","Value",18370
"2024","Sunderland","E08000024","Total","Aged 55 - 59 years","Value",19554
"2024","Sunderland","E08000024","Total","Aged 60 - 64 years","Value",19431
"2024","Sunderland","E08000024","Total","Aged 65 - 69 years","Value",17519
"2024","Sunderland","E08000024","Total","Aged 70 - 74 years","Value",14666
"2024","Sunderland","E08000024","Total","Aged 75 - 79 years","Value",12857
"2024","Sunderland","E08000024","Total","Aged 80 - 84 years","Value",7545
"2024","Sunderland","E08000024","Total","Aged 85 and over","Value",7322
"2024","Gateshead","E08000037","Total","All ages","Value",201422
"2024","Gateshead","E08000037","Total","Aged under 1 year","Value",1804
"2024","Gateshead","E08000037","Total","Aged 1 - 4 years","Value",8047
"2024","Gateshead","E08000037","Total","Aged 5 - 9 years","Value",11269
"2024","Gateshead","E08000037","Total","Aged 10 - 14 years","Value",11704
"2024","Gateshead","E08000037","Total","Aged 15 - 19 years","Value",11872
"2024","Gateshead","E08000037","Total","Aged 20 - 24 years","Value",9884
"2024","Gateshead","E08000037","Total","Aged 25 - 29 years","Value",13138
"2024","Gateshead","E08000037","Total","Aged 30 - 34 years","Value",14017
"2024","Gateshead","E08000037","Total","Aged 35 - 39 years","Value",13864
"2024","Gateshead","E08000037","Total","Aged 40 - 44 years","Value",13147
"2024","Gateshead","E08000037","Total","Aged 45 - 49 years","Value",11378
"2024","Gateshead","E08000037","Total","Aged 50 - 54 years","Value",12764
"2024","Gateshead","E08000037","Total","Aged 55 - 59 years","Value",13865
"2024","Gateshead","E08000037","Total","Aged 60 - 64 years","Value",13236
"2024","Gateshead","E08000037","Total","Aged 65 - 69 years","Value",11539
"2024","Gateshead","E08000037","Total","Aged 70 - 74 years","Value",9684
"2024","Gateshead","E08000037","Total","Aged 75 - 79 years","Value",9117
"2024","Gateshead","E08000037","Total","Aged 80 - 84 years","Value",5454
"2024","Gateshead","E08000037","Total","Aged 85 and over","Value",5639
"2024","Halton","E06000006","Total","All ages","Value",131247
"2024","Halton","E06000006","Total","Aged under 1 year","Value",1219
"2024","Halton","E06000006","Total","Aged 1 - 4 years","Value",5620
"2024","Halton","E06000006","Total","Aged 5 - 9 years","Value",7626
"2024","Halton","E06000006","Total","Aged 10 - 14 years","Value",8251
"2024","Halton","E06000006","Total","Aged 15 - 19 years","Value",7815
"2024","Halton","E06000006","Total","Aged 20 - 24 years","Value",6594
"2024","Halton","E06000006","Total","Aged 25 - 29 years","Value",7855
"2024","Halton","E06000006","Total","Aged 30 - 34 years","Value",8812
"2024","Halton","E06000006","Total","Aged 35 - 39 years","Value",9030
"2024","Halton","E06000006","Total","Aged 40 - 44 years","Value",8726
"2024","Halton","E06000006","Total","Aged 45 - 49 years","Value",7984
"2024","Halton","E06000006","Total","Aged 50 - 54 years","Value",8710
"2024","Halton","E06000006","Total","Aged 55 - 59 years","Value",8884
"2024","Halton","E06000006","Total","Aged 60 - 64 years","Value",8692
"2024","Halton","E06000006","Total","Aged 65 - 69 years","Value",7639
"2024","Halton","E06000006","Total","Aged 70 - 74 years","Value",6635
"2024","Halton","E06000006","Total","Aged 75 - 79 years","Value",5521
"2024","Halton","E06000006","Total","Aged 80 - 84 years","Value",3086
"2024","Halton","E06000006","Total","Aged 85 and over","Value",2548
"2024","Warrington","E06000007","Total","All ages","Value",214640
"2024","Warrington","E06000007","Total","Aged under 1 year","Value",1762
"2024","Warrington","E06000007","Total","Aged 1 - 4 years","Value",8489
"2024","Warrington","E06000007","Total","Aged 5 - 9 years","Value",12377
"2024","Warrington","E06000007","Total","Aged 10 - 14 years","Value",13519
"2024","Warrington","E06000007","Total","Aged 15 - 19 years","Value",11922
"2024","Warrington","E06000007","Total","Aged 20 - 24 years","Value",9346
"2024","Warrington","E06000007","Total","Aged 25 - 29 years","Value",12102
"2024","Warrington","E06000007","Total","Aged 30 - 34 years","Value",13833
"2024","Warrington","E06000007","Total","Aged 35 - 39 years","Value",14919
"2024","Warrington","E06000007","Total","Aged 40 - 44 years","Value",14826
"2024","Warrington","E06000007","Total","Aged 45 - 49 years","Value",13562
"2024","Warrington","E06000007","Total","Aged 50 - 54 years","Value",15069
"2024","Warrington","E06000007","Total","Aged 55 - 59 years","Value",15714
"2024","Warrington","E06000007","Total","Aged 60 - 64 years","Value",14438
"2024","Warrington","E06000007","Total","Aged 65 - 69 years","Value",11422
"2024","Warrington","E06000007","Total","Aged 70 - 74 years","Value",9935
"2024","Warrington","E06000007","Total","Aged 75 - 79 years","Value",9511
"2024","Warrington","E06000007","Total","Aged 80 - 84 years","Value",6246
"2024","Warrington","E06000007","Total","Aged 85 and over","Value",5648
"2024","Blackburn with Darwen","E06000008","Total","All ages","Value",161618
"2024","Blackburn with Darwen","E06000008","Total","Aged under 1 year","Value",1944
"2024","Blackburn with Darwen","E06000008","Total","Aged 1 - 4 years","Value",8288
"2024","Blackburn with Darwen","E06000008","Total","Aged 5 - 9 years","Value",11483
"2024","Blackburn with Darwen","E06000008","Total","Aged 10 - 14 years","Value",12194
"2024","Blackburn with Darwen","E06000008","Total","Aged 15 - 19 years","Value",11643
"2024","Blackburn with Darwen","E06000008","Total","Aged 20 - 24 years","Value",10011
"2024","Blackburn with Darwen","E06000008","Total","Aged 25 - 29 years","Value",10768
"2024","Blackburn with Darwen","E06000008","Total","Aged 30 - 34 years","Value",11045
"2024","Blackburn with Darwen","E06000008","Total","Aged 35 - 39 years","Value",11510
"2024","Blackburn with Darwen","E06000008","Total","Aged 40 - 44 years","Value",11254
"2024","Blackburn with Darwen","E06000008","Total","Aged 45 - 49 years","Value",9836
"2024","Blackburn with Darwen","E06000008","Total","Aged 50 - 54 years","Value",10053
"2024","Blackburn with Darwen","E06000008","Total","Aged 55 - 59 years","Value",9793
"2024","Blackburn with Darwen","E06000008","Total","Aged 60 - 64 years","Value",8627
"2024","Blackburn with Darwen","E06000008","Total","Aged 65 - 69 years","Value",6962
"2024","Blackburn with Darwen","E06000008","Total","Aged 70 - 74 years","Value",5754
"2024","Blackburn with Darwen","E06000008","Total","Aged 75 - 79 years","Value",4932
"2024","Blackburn with Darwen","E06000008","Total","Aged 80 - 84 years","Value",2880
"2024","Blackburn with Darwen","E06000008","Total","Aged 85 and over","Value",2641
"2024","Blackpool","E06000009","Total","All ages","Value",143353
"2024","Blackpool","E06000009","Total","Aged under 1 year","Value",1375
"2024","Blackpool","E06000009","Total","Aged 1 - 4 years","Value",5924
"2024","Blackpool","E06000009","Total","Aged 5 - 9 years","Value",8028
"2024","Blackpool","E06000009","Total","Aged 10 - 14 years","Value",8205
"2024","Blackpool","E06000009","Total","Aged 15 - 19 years","Value",7915
"2024","Blackpool","E06000009","Total","Aged 20 - 24 years","Value",7071
"2024","Blackpool","E06000009","Total","Aged 25 - 29 years","Value",8280
"2024","Blackpool","E06000009","Total","Aged 30 - 34 years","Value",9653
"2024","Blackpool","E06000009","Total","Aged 35 - 39 years","Value",9761
"2024","Blackpool","E06000009","Total","Aged 40 - 44 years","Value",8556
"2024","Blackpool","E06000009","Total","Aged 45 - 49 years","Value",7624
"2024","Blackpool","E06000009","Total","Aged 50 - 54 years","Value",9460
"2024","Blackpool","E06000009","Total","Aged 55 - 59 years","Value",10935
"2024","Blackpool","E06000009","Total","Aged 60 - 64 years","Value",10530
"2024","Blackpool","E06000009","Total","Aged 65 - 69 years","Value",8505
"2024","Blackpool","E06000009","Total","Aged 70 - 74 years","Value",6797
"2024","Blackpool","E06000009","Total","Aged 75 - 79 years","Value",6648
"2024","Blackpool","E06000009","Total","Aged 80 - 84 years","Value",4209
"2024","Blackpool","E06000009","Total","Aged 85 and over","Value",3877
"2024","Cheshire East","E06000049","Total","All ages","Value",420472
"2024","Cheshire East","E06000049","Total","Aged under 1 year","Value",3653
"2024","Cheshire East","E06000049","Total","Aged 1 - 4 years","Value",16914
"2024","Cheshire East","E06000049","Total","Aged 5 - 9 years","Value",23292
"2024","Cheshire East","E06000049","Total","Aged 10 - 14 years","Value",24327
"2024","Cheshire East","E06000049","Total","Aged 15 - 19 years","Value",21567
"2024","Cheshire East","E06000049","Total","Aged 20 - 24 years","Value",16384
"2024","Cheshire East","E06000049","Total","Aged 25 - 29 years","Value",22682
"2024","Cheshire East","E06000049","Total","Aged 30 - 34 years","Value",26773
"2024","Cheshire East","E06000049","Total","Aged 35 - 39 years","Value",28011
"2024","Cheshire East","E06000049","Total","Aged 40 - 44 years","Value",26584
"2024","Cheshire East","E06000049","Total","Aged 45 - 49 years","Value",25178
"2024","Cheshire East","E06000049","Total","Aged 50 - 54 years","Value",28732
"2024","Cheshire East","E06000049","Total","Aged 55 - 59 years","Value",31436
"2024","Cheshire East","E06000049","Total","Aged 60 - 64 years","Value",29644
"2024","Cheshire East","E06000049","Total","Aged 65 - 69 years","Value",23902
"2024","Cheshire East","E06000049","Total","Aged 70 - 74 years","Value",21919
"2024","Cheshire East","E06000049","Total","Aged 75 - 79 years","Value",21859
"2024","Cheshire East","E06000049","Total","Aged 80 - 84 years","Value",14148
"2024","Cheshire East","E06000049","Total","Aged 85 and over","Value",13467
"2024","Cheshire West and Chester","E06000050","Total","All ages","Value",370951
"2024","Cheshire West and Chester","E06000050","Total","Aged under 1 year","Value",3157
"2024","Cheshire West and Chester","E06000050","Total","Aged 1 - 4 years","Value",14203
"2024","Cheshire West and Chester","E06000050","Total","Aged 5 - 9 years","Value",19831
"2024","Cheshire West and Chester","E06000050","Total","Aged 10 - 14 years","Value",21321
"2024","Cheshire West and Chester","E06000050","Total","Aged 15 - 19 years","Value",20139
"2024","Cheshire West and Chester","E06000050","Total","Aged 20 - 24 years","Value",19192
"2024","Cheshire West and Chester","E06000050","Total","Aged 25 - 29 years","Value",21829
"2024","Cheshire West and Chester","E06000050","Total","Aged 30 - 34 years","Value",24350
"2024","Cheshire West and Chester","E06000050","Total","Aged 35 - 39 years","Value",24444
"2024","Cheshire West and Chester","E06000050","Total","Aged 40 - 44 years","Value",23430
"2024","Cheshire West and Chester","E06000050","Total","Aged 45 - 49 years","Value",21325
"2024","Cheshire West and Chester","E06000050","Total","Aged 50 - 54 years","Value",25119
"2024","Cheshire West and Chester","E06000050","Total","Aged 55 - 59 years","Value",26561
"2024","Cheshire West and Chester","E06000050","Total","Aged 60 - 64 years","Value",25546
"2024","Cheshire West and Chester","E06000050","Total","Aged 65 - 69 years","Value",21072
"2024","Cheshire West and Chester","E06000050","Total","Aged 70 - 74 years","Value",18916
"2024","Cheshire West and Chester","E06000050","Total","Aged 75 - 79 years","Value",18129
"2024","Cheshire West and Chester","E06000050","Total","Aged 80 - 84 years","Value",11645
"2024","Cheshire West and Chester","E06000050","Total","Aged 85 and over","Value",10742
"2024","Cumberland","E06000063","Total","All ages","Value",280014
"2024","Cumberland","E06000063","Total","Aged under 1 year","Value",2313
"2024","Cumberland","E06000063","Total","Aged 1 - 4 years","Value",10313
"2024","Cumberland","E06000063","Total","Aged 5 - 9 years","Value",14405
"2024","Cumberland","E06000063","Total","Aged 10 - 14 years","Value",15824
"2024","Cumberland","E06000063","Total","Aged 15 - 19 years","Value",14559
"2024","Cumberland","E06000063","Total","Aged 20 - 24 years","Value",12042
"2024","Cumberland","E06000063","Total","Aged 25 - 29 years","Value",15276
"2024","Cumberland","E06000063","Total","Aged 30 - 34 years","Value",17276
"2024","Cumberland","E06000063","Total","Aged 35 - 39 years","Value",16917
"2024","Cumberland","E06000063","Total","Aged 40 - 44 years","Value",16535
"2024","Cumberland","E06000063","Total","Aged 45 - 49 years","Value",14791
"2024","Cumberland","E06000063","Total","Aged 50 - 54 years","Value",18984
"2024","Cumberland","E06000063","Total","Aged 55 - 59 years","Value",21687
"2024","Cumberland","E06000063","Total","Aged 60 - 64 years","Value",21576
"2024","Cumberland","E06000063","Total","Aged 65 - 69 years","Value",18602
"2024","Cumberland","E06000063","Total","Aged 70 - 74 years","Value",16272
"2024","Cumberland","E06000063","Total","Aged 75 - 79 years","Value",14781
"2024","Cumberland","E06000063","Total","Aged 80 - 84 years","Value",9234
"2024","Cumberland","E06000063","Total","Aged 85 and over","Value",8627
"2024","Westmorland and Furness","E06000064","Total","All ages","Value",229821
"2024","Westmorland and Furness","E06000064","Total","Aged under 1 year","Value",1629
"2024","Westmorland and Furness","E06000064","Total","Aged 1 - 4 years","Value",7339
"2024","Westmorland and Furness","E06000064","Total","Aged 5 - 9 years","Value",10728
"2024","Westmorland and Furness","E06000064","Total","Aged 10 - 14 years","Value",11594
"2024","Westmorland and Furness","E06000064","Total","Aged 15 - 19 years","Value",11818
"2024","Westmorland and Furness","E06000064","Total","Aged 20 - 24 years","Value",9800
"2024","Westmorland and Furness","E06000064","Total","Aged 25 - 29 years","Value",11560
"2024","Westmorland and Furness","E06000064","Total","Aged 30 - 34 years","Value",13038
"2024","Westmorland and Furness","E06000064","Total","Aged 35 - 39 years","Value",13092
"2024","Westmorland and Furness","E06000064","Total","Aged 40 - 44 years","Value",12701
"2024","Westmorland and Furness","E06000064","Total","Aged 45 - 49 years","Value",12290
"2024","Westmorland and Furness","E06000064","Total","Aged 50 - 54 years","Value",15632
"2024","Westmorland and Furness","E06000064","Total","Aged 55 - 59 years","Value",18525
"2024","Westmorland and Furness","E06000064","Total","Aged 60 - 64 years","Value",18735
"2024","Westmorland and Furness","E06000064","Total","Aged 65 - 69 years","Value",15898
"2024","Westmorland and Furness","E06000064","Total","Aged 70 - 74 years","Value",14374
"2024","Westmorland and Furness","E06000064","Total","Aged 75 - 79 years","Value",14022
"2024","Westmorland and Furness","E06000064","Total","Aged 80 - 84 years","Value",8823
"2024","Westmorland and Furness","E06000064","Total","Aged 85 and over","Value",8223
"2024","Burnley","E07000117","Total","All ages","Value",99195
"2024","Burnley","E07000117","Total","Aged under 1 year","Value",1078
"2024","Burnley","E07000117","Total","Aged 1 - 4 years","Value",4725
"2024","Burnley","E07000117","Total","Aged 5 - 9 years","Value",6388
"2024","Burnley","E07000117","Total","Aged 10 - 14 years","Value",6606
"2024","Burnley","E07000117","Total","Aged 15 - 19 years","Value",6307
"2024","Burnley","E07000117","Total","Aged 20 - 24 years","Value",5371
"2024","Burnley","E07000117","Total","Aged 25 - 29 years","Value",6364
"2024","Burnley","E07000117","Total","Aged 30 - 34 years","Value",7126
"2024","Burnley","E07000117","Total","Aged 35 - 39 years","Value",7029
"2024","Burnley","E07000117","Total","Aged 40 - 44 years","Value",6339
"2024","Burnley","E07000117","Total","Aged 45 - 49 years","Value",5596
"2024","Burnley","E07000117","Total","Aged 50 - 54 years","Value",5981
"2024","Burnley","E07000117","Total","Aged 55 - 59 years","Value",6316
"2024","Burnley","E07000117","Total","Aged 60 - 64 years","Value",6058
"2024","Burnley","E07000117","Total","Aged 65 - 69 years","Value",5005
"2024","Burnley","E07000117","Total","Aged 70 - 74 years","Value",4363
"2024","Burnley","E07000117","Total","Aged 75 - 79 years","Value",4095
"2024","Burnley","E07000117","Total","Aged 80 - 84 years","Value",2389
"2024","Burnley","E07000117","Total","Aged 85 and over","Value",2059
"2024","Chorley","E07000118","Total","All ages","Value",120579
"2024","Chorley","E07000118","Total","Aged under 1 year","Value",983
"2024","Chorley","E07000118","Total","Aged 1 - 4 years","Value",4619
"2024","Chorley","E07000118","Total","Aged 5 - 9 years","Value",6819
"2024","Chorley","E07000118","Total","Aged 10 - 14 years","Value",7341
"2024","Chorley","E07000118","Total","Aged 15 - 19 years","Value",6442
"2024","Chorley","E07000118","Total","Aged 20 - 24 years","Value",5117
"2024","Chorley","E07000118","Total","Aged 25 - 29 years","Value",6560
"2024","Chorley","E07000118","Total","Aged 30 - 34 years","Value",7609
"2024","Chorley","E07000118","Total","Aged 35 - 39 years","Value",8404
"2024","Chorley","E07000118","Total","Aged 40 - 44 years","Value",8099
"2024","Chorley","E07000118","Total","Aged 45 - 49 years","Value",7500
"2024","Chorley","E07000118","Total","Aged 50 - 54 years","Value",8677
"2024","Chorley","E07000118","Total","Aged 55 - 59 years","Value",8943
"2024","Chorley","E07000118","Total","Aged 60 - 64 years","Value",8130
"2024","Chorley","E07000118","Total","Aged 65 - 69 years","Value",6616
"2024","Chorley","E07000118","Total","Aged 70 - 74 years","Value",6108
"2024","Chorley","E07000118","Total","Aged 75 - 79 years","Value",6068
"2024","Chorley","E07000118","Total","Aged 80 - 84 years","Value",3642
"2024","Chorley","E07000118","Total","Aged 85 and over","Value",2902
"2024","Fylde","E07000119","Total","All ages","Value",85453
"2024","Fylde","E07000119","Total","Aged under 1 year","Value",623
"2024","Fylde","E07000119","Total","Aged 1 - 4 years","Value",2694
"2024","Fylde","E07000119","Total","Aged 5 - 9 years","Value",3836
"2024","Fylde","E07000119","Total","Aged 10 - 14 years","Value",4428
"2024","Fylde","E07000119","Total","Aged 15 - 19 years","Value",3926
"2024","Fylde","E07000119","Total","Aged 20 - 24 years","Value",3054
"2024","Fylde","E07000119","Total","Aged 25 - 29 years","Value",3819
"2024","Fylde","E07000119","Total","Aged 30 - 34 years","Value",4328
"2024","Fylde","E07000119","Total","Aged 35 - 39 years","Value",4580
"2024","Fylde","E07000119","Total","Aged 40 - 44 years","Value",4880
"2024","Fylde","E07000119","Total","Aged 45 - 49 years","Value",4481
"2024","Fylde","E07000119","Total","Aged 50 - 54 years","Value",5678
"2024","Fylde","E07000119","Total","Aged 55 - 59 years","Value",6813
"2024","Fylde","E07000119","Total","Aged 60 - 64 years","Value",7399
"2024","Fylde","E07000119","Total","Aged 65 - 69 years","Value",6439
"2024","Fylde","E07000119","Total","Aged 70 - 74 years","Value",5771
"2024","Fylde","E07000119","Total","Aged 75 - 79 years","Value",5627
"2024","Fylde","E07000119","Total","Aged 80 - 84 years","Value",3580
"2024","Fylde","E07000119","Total","Aged 85 and over","Value",3497
"2024","Hyndburn","E07000120","Total","All ages","Value",85895
"2024","Hyndburn","E07000120","Total","Aged under 1 year","Value",972
"2024","Hyndburn","E07000120","Total","Aged 1 - 4 years","Value",4022
"2024","Hyndburn","E07000120","Total","Aged 5 - 9 years","Value",5313
"2024","Hyndburn","E07000120","Total","Aged 10 - 14 years","Value",5655
"2024","Hyndburn","E07000120","Total","Aged 15 - 19 years","Value",5362
"2024","Hyndburn","E07000120","Total","Aged 20 - 24 years","Value",4828
"2024","Hyndburn","E07000120","Total","Aged 25 - 29 years","Value",5624
"2024","Hyndburn","E07000120","Total","Aged 30 - 34 years","Value",6060
"2024","Hyndburn","E07000120","Total","Aged 35 - 39 years","Value",6013
"2024","Hyndburn","E07000120","Total","Aged 40 - 44 years","Value",5298
"2024","Hyndburn","E07000120","Total","Aged 45 - 49 years","Value",4682
"2024","Hyndburn","E07000120","Total","Aged 50 - 54 years","Value",5581
"2024","Hyndburn","E07000120","Total","Aged 55 - 59 years","Value",5790
"2024","Hyndburn","E07000120","Total","Aged 60 - 64 years","Value",5176
"2024","Hyndburn","E07000120","Total","Aged 65 - 69 years","Value",4229
"2024","Hyndburn","E07000120","Total","Aged 70 - 74 years","Value",3662
"2024","Hyndburn","E07000120","Total","Aged 75 - 79 years","Value",3617
"2024","Hyndburn","E07000120","Total","Aged 80 - 84 years","Value",2172
"2024","Hyndburn","E07000120","Total","Aged 85 and over","Value",1839
"2024","Lancaster","E07000121","Total","All ages","Value",145332
"2024","Lancaster","E07000121","Total","Aged under 1 year","Value",1185
"2024","Lancaster","E07000121","Total","Aged 1 - 4 years","Value",5348
"2024","Lancaster","E07000121","Total","Aged 5 - 9 years","Value",7204
"2024","Lancaster","E07000121","Total","Aged 10 - 14 years","Value",7955
"2024","Lancaster","E07000121","Total","Aged 15 - 19 years","Value",10925
"2024","Lancaster","E07000121","Total","Aged 20 - 24 years","Value",14193
"2024","Lancaster","E07000121","Total","Aged 25 - 29 years","Value",7030
"2024","Lancaster","E07000121","Total","Aged 30 - 34 years","Value",7969
"2024","Lancaster","E07000121","Total","Aged 35 - 39 years","Value",8819
"2024","Lancaster","E07000121","Total","Aged 40 - 44 years","Value",8551
"2024","Lancaster","E07000121","Total","Aged 45 - 49 years","Value",7530
"2024","Lancaster","E07000121","Total","Aged 50 - 54 years","Value",8688
"2024","Lancaster","E07000121","Total","Aged 55 - 59 years","Value",9830
"2024","Lancaster","E07000121","Total","Aged 60 - 64 years","Value",9560
"2024","Lancaster","E07000121","Total","Aged 65 - 69 years","Value",8169
"2024","Lancaster","E07000121","Total","Aged 70 - 74 years","Value",7192
"2024","Lancaster","E07000121","Total","Aged 75 - 79 years","Value",6965
"2024","Lancaster","E07000121","Total","Aged 80 - 84 years","Value",4187
"2024","Lancaster","E07000121","Total","Aged 85 and over","Value",4032
"2024","Pendle","E07000122","Total","All ages","Value",99643
"2024","Pendle","E07000122","Total","Aged under 1 year","Value",1180
"2024","Pendle","E07000122","Total","Aged 1 - 4 years","Value",4930
"2024","Pendle","E07000122","Total","Aged 5 - 9 years","Value",6501
"2024","Pendle","E07000122","Total","Aged 10 - 14 years","Value",6939
"2024","Pendle","E07000122","Total","Aged 15 - 19 years","Value",6536
"2024","Pendle","E07000122","Total","Aged 20 - 24 years","Value",5328
"2024","Pendle","E07000122","Total","Aged 25 - 29 years","Value",6073
"2024","Pendle","E07000122","Total","Aged 30 - 34 years","Value",6363
"2024","Pendle","E07000122","Total","Aged 35 - 39 years","Value",6866
"2024","Pendle","E07000122","Total","Aged 40 - 44 years","Value",6614
"2024","Pendle","E07000122","Total","Aged 45 - 49 years","Value",5719
"2024","Pendle","E07000122","Total","Aged 50 - 54 years","Value",6118
"2024","Pendle","E07000122","Total","Aged 55 - 59 years","Value",6281
"2024","Pendle","E07000122","Total","Aged 60 - 64 years","Value",5886
"2024","Pendle","E07000122","Total","Aged 65 - 69 years","Value",5177
"2024","Pendle","E07000122","Total","Aged 70 - 74 years","Value",4526
"2024","Pendle","E07000122","Total","Aged 75 - 79 years","Value",4088
"2024","Pendle","E07000122","Total","Aged 80 - 84 years","Value",2430
"2024","Pendle","E07000122","Total","Aged 85 and over","Value",2088
"2024","Preston","E07000123","Total","All ages","Value",161593
"2024","Preston","E07000123","Total","Aged under 1 year","Value",1814
"2024","Preston","E07000123","Total","Aged 1 - 4 years","Value",7796
"2024","Preston","E07000123","Total","Aged 5 - 9 years","Value",10023
"2024","Preston","E07000123","Total","Aged 10 - 14 years","Value",10064
"2024","Preston","E07000123","Total","Aged 15 - 19 years","Value",10401
"2024","Preston","E07000123","Total","Aged 20 - 24 years","Value",13713
"2024","Preston","E07000123","Total","Aged 25 - 29 years","Value",13022
"2024","Preston","E07000123","Total","Aged 30 - 34 years","Value",12406
"2024","Preston","E07000123","Total","Aged 35 - 39 years","Value",11754
"2024","Preston","E07000123","Total","Aged 40 - 44 years","Value",10613
"2024","Preston","E07000123","Total","Aged 45 - 49 years","Value",9049
"2024","Preston","E07000123","Total","Aged 50 - 54 years","Value",9463
"2024","Preston","E07000123","Total","Aged 55 - 59 years","Value",9304
"2024","Preston","E07000123","Total","Aged 60 - 64 years","Value",8904
"2024","Preston","E07000123","Total","Aged 65 - 69 years","Value",6774
"2024","Preston","E07000123","Total","Aged 70 - 74 years","Value",5555
"2024","Preston","E07000123","Total","Aged 75 - 79 years","Value",4748
"2024","Preston","E07000123","Total","Aged 80 - 84 years","Value",3119
"2024","Preston","E07000123","Total","Aged 85 and over","Value",3071
"2024","Ribble Valley","E07000124","Total","All ages","Value",65761
"2024","Ribble Valley","E07000124","Total","Aged under 1 year","Value",477
"2024","Ribble Valley","E07000124","Total","Aged 1 - 4 years","Value",2242
"2024","Ribble Valley","E07000124","Total","Aged 5 - 9 years","Value",3141
"2024","Ribble Valley","E07000124","Total","Aged 10 - 14 years","Value",3786
"2024","Ribble Valley","E07000124","Total","Aged 15 - 19 years","Value",3973
"2024","Ribble Valley","E07000124","Total","Aged 20 - 24 years","Value",2495
"2024","Ribble Valley","E07000124","Total","Aged 25 - 29 years","Value",3089
"2024","Ribble Valley","E07000124","Total","Aged 30 - 34 years","Value",3476
"2024","Ribble Valley","E07000124","Total","Aged 35 - 39 years","Value",3786
"2024","Ribble Valley","E07000124","Total","Aged 40 - 44 years","Value",3717
"2024","Ribble Valley","E07000124","Total","Aged 45 - 49 years","Value",3686
"2024","Ribble Valley","E07000124","Total","Aged 50 - 54 years","Value",4753
"2024","Ribble Valley","E07000124","Total","Aged 55 - 59 years","Value",5360
"2024","Ribble Valley","E07000124","Total","Aged 60 - 64 years","Value",5253
"2024","Ribble Valley","E07000124","Total","Aged 65 - 69 years","Value",4472
"2024","Ribble Valley","E07000124","Total","Aged 70 - 74 years","Value",3674
"2024","Ribble Valley","E07000124","Total","Aged 75 - 79 years","Value",3764
"2024","Ribble Valley","E07000124","Total","Aged 80 - 84 years","Value",2419
"2024","Ribble Valley","E07000124","Total","Aged 85 and over","Value",2198
"2024","Rossendale","E07000125","Total","All ages","Value",72841
"2024","Rossendale","E07000125","Total","Aged under 1 year","Value",684
"2024","Rossendale","E07000125","Total","Aged 1 - 4 years","Value",2992
"2024","Rossendale","E07000125","Total","Aged 5 - 9 years","Value",4340
"2024","Rossendale","E07000125","Total","Aged 10 - 14 years","Value",4785
"2024","Rossendale","E07000125","Total","Aged 15 - 19 years","Value",4235
"2024","Rossendale","E07000125","Total","Aged 20 - 24 years","Value",3269
"2024","Rossendale","E07000125","Total","Aged 25 - 29 years","Value",4078
"2024","Rossendale","E07000125","Total","Aged 30 - 34 years","Value",4874
"2024","Rossendale","E07000125","Total","Aged 35 - 39 years","Value",4952
"2024","Rossendale","E07000125","Total","Aged 40 - 44 years","Value",4671
"2024","Rossendale","E07000125","Total","Aged 45 - 49 years","Value",4377
"2024","Rossendale","E07000125","Total","Aged 50 - 54 years","Value",5120
"2024","Rossendale","E07000125","Total","Aged 55 - 59 years","Value",5388
"2024","Rossendale","E07000125","Total","Aged 60 - 64 years","Value",4822
"2024","Rossendale","E07000125","Total","Aged 65 - 69 years","Value",3983
"2024","Rossendale","E07000125","Total","Aged 70 - 74 years","Value",3540
"2024","Rossendale","E07000125","Total","Aged 75 - 79 years","Value",3230
"2024","Rossendale","E07000125","Total","Aged 80 - 84 years","Value",1869
"2024","Rossendale","E07000125","Total","Aged 85 and over","Value",1632
"2024","South Ribble","E07000126","Total","All ages","Value",115727
"2024","South Ribble","E07000126","Total","Aged under 1 year","Value",1019
"2024","South Ribble","E07000126","Total","Aged 1 - 4 years","Value",4399
"2024","South Ribble","E07000126","Total","Aged 5 - 9 years","Value",6332
"2024","South Ribble","E07000126","Total","Aged 10 - 14 years","Value",6763
"2024","South Ribble","E07000126","Total","Aged 15 - 19 years","Value",6276
"2024","South Ribble","E07000126","Total","Aged 20 - 24 years","Value",5299
"2024","South Ribble","E07000126","Total","Aged 25 - 29 years","Value",6409
"2024","South Ribble","E07000126","Total","Aged 30 - 34 years","Value",7440
"2024","South Ribble","E07000126","Total","Aged 35 - 39 years","Value",7645
"2024","South Ribble","E07000126","Total","Aged 40 - 44 years","Value",7210
"2024","South Ribble","E07000126","Total","Aged 45 - 49 years","Value",6766
"2024","South Ribble","E07000126","Total","Aged 50 - 54 years","Value",7994
"2024","South Ribble","E07000126","Total","Aged 55 - 59 years","Value",8564
"2024","South Ribble","E07000126","Total","Aged 60 - 64 years","Value",8039
"2024","South Ribble","E07000126","Total","Aged 65 - 69 years","Value",6699
"2024","South Ribble","E07000126","Total","Aged 70 - 74 years","Value",6079
"2024","South Ribble","E07000126","Total","Aged 75 - 79 years","Value",5825
"2024","South Ribble","E07000126","Total","Aged 80 - 84 years","Value",3665
"2024","South Ribble","E07000126","Total","Aged 85 and over","Value",3304
"2024","West Lancashire","E07000127","Total","All ages","Value",122054
"2024","West Lancashire","E07000127","Total","Aged under 1 year","Value",1012
"2024","West Lancashire","E07000127","Total","Aged 1 - 4 years","Value",4553
"2024","West Lancashire","E07000127","Total","Aged 5 - 9 years","Value",6154
"2024","West Lancashire","E07000127","Total","Aged 10 - 14 years","Value",6702
"2024","West Lancashire","E07000127","Total","Aged 15 - 19 years","Value",8008
"2024","West Lancashire","E07000127","Total","Aged 20 - 24 years","Value",9131
"2024","West Lancashire","E07000127","Total","Aged 25 - 29 years","Value",5821
"2024","West Lancashire","E07000127","Total","Aged 30 - 34 years","Value",6896
"2024","West Lancashire","E07000127","Total","Aged 35 - 39 years","Value",7119
"2024","West Lancashire","E07000127","Total","Aged 40 - 44 years","Value",6729
"2024","West Lancashire","E07000127","Total","Aged 45 - 49 years","Value",6405
"2024","West Lancashire","E07000127","Total","Aged 50 - 54 years","Value",8250
"2024","West Lancashire","E07000127","Total","Aged 55 - 59 years","Value",9079
"2024","West Lancashire","E07000127","Total","Aged 60 - 64 years","Value",8674
"2024","West Lancashire","E07000127","Total","Aged 65 - 69 years","Value",7254
"2024","West Lancashire","E07000127","Total","Aged 70 - 74 years","Value",6439
"2024","West Lancashire","E07000127","Total","Aged 75 - 79 years","Value",6156
"2024","West Lancashire","E07000127","Total","Aged 80 - 84 years","Value",4060
"2024","West Lancashire","E07000127","Total","Aged 85 and over","Value",3612
"2024","Wyre","E07000128","Total","All ages","Value",118366
"2024","Wyre","E07000128","Total","Aged under 1 year","Value",802
"2024","Wyre","E07000128","Total","Aged 1 - 4 years","Value",3975
"2024","Wyre","E07000128","Total","Aged 5 - 9 years","Value",5685
"2024","Wyre","E07000128","Total","Aged 10 - 14 years","Value",6252
"2024","Wyre","E07000128","Total","Aged 15 - 19 years","Value",6163
"2024","Wyre","E07000128","Total","Aged 20 - 24 years","Value",4863
"2024","Wyre","E07000128","Total","Aged 25 - 29 years","Value",5460
"2024","Wyre","E07000128","Total","Aged 30 - 34 years","Value",6223
"2024","Wyre","E07000128","Total","Aged 35 - 39 years","Value",6494
"2024","Wyre","E07000128","Total","Aged 40 - 44 years","Value",6378
"2024","Wyre","E07000128","Total","Aged 45 - 49 years","Value",5679
"2024","Wyre","E07000128","Total","Aged 50 - 54 years","Value",7608
"2024","Wyre","E07000128","Total","Aged 55 - 59 years","Value",9324
"2024","Wyre","E07000128","Total","Aged 60 - 64 years","Value",9672
"2024","Wyre","E07000128","Total","Aged 65 - 69 years","Value",8788
"2024","Wyre","E07000128","Total","Aged 70 - 74 years","Value",7893
"2024","Wyre","E07000128","Total","Aged 75 - 79 years","Value",7688
"2024","Wyre","E07000128","Total","Aged 80 - 84 years","Value",4915
"2024","Wyre","E07000128","Total","Aged 85 and over","Value",4504
"2024","Bolton","E08000001","Total","All ages","Value",308904
"2024","Bolton","E08000001","Total","Aged under 1 year","Value",3560
"2024","Bolton","E08000001","Total","Aged 1 - 4 years","Value",15685
"2024","Bolton","E08000001","Total","Aged 5 - 9 years","Value",20461
"2024","Bolton","E08000001","Total","Aged 10 - 14 years","Value",22015
"2024","Bolton","E08000001","Total","Aged 15 - 19 years","Value",20066
"2024","Bolton","E08000001","Total","Aged 20 - 24 years","Value",17137
"2024","Bolton","E08000001","Total","Aged 25 - 29 years","Value",19499
"2024","Bolton","E08000001","Total","Aged 30 - 34 years","Value",21171
"2024","Bolton","E08000001","Total","Aged 35 - 39 years","Value",21933
"2024","Bolton","E08000001","Total","Aged 40 - 44 years","Value",20561
"2024","Bolton","E08000001","Total","Aged 45 - 49 years","Value",17961
"2024","Bolton","E08000001","Total","Aged 50 - 54 years","Value",19373
"2024","Bolton","E08000001","Total","Aged 55 - 59 years","Value",19653
"2024","Bolton","E08000001","Total","Aged 60 - 64 years","Value",17338
"2024","Bolton","E08000001","Total","Aged 65 - 69 years","Value",14268
"2024","Bolton","E08000001","Total","Aged 70 - 74 years","Value",12690
"2024","Bolton","E08000001","Total","Aged 75 - 79 years","Value",11932
"2024","Bolton","E08000001","Total","Aged 80 - 84 years","Value",7381
"2024","Bolton","E08000001","Total","Aged 85 and over","Value",6220
"2024","Bury","E08000002","Total","All ages","Value",198136
"2024","Bury","E08000002","Total","Aged under 1 year","Value",2085
"2024","Bury","E08000002","Total","Aged 1 - 4 years","Value",9008
"2024","Bury","E08000002","Total","Aged 5 - 9 years","Value",12232
"2024","Bury","E08000002","Total","Aged 10 - 14 years","Value",13240
"2024","Bury","E08000002","Total","Aged 15 - 19 years","Value",11935
"2024","Bury","E08000002","Total","Aged 20 - 24 years","Value",9691
"2024","Bury","E08000002","Total","Aged 25 - 29 years","Value",11833
"2024","Bury","E08000002","Total","Aged 30 - 34 years","Value",13756
"2024","Bury","E08000002","Total","Aged 35 - 39 years","Value",14293
"2024","Bury","E08000002","Total","Aged 40 - 44 years","Value",13491
"2024","Bury","E08000002","Total","Aged 45 - 49 years","Value",11775
"2024","Bury","E08000002","Total","Aged 50 - 54 years","Value",12705
"2024","Bury","E08000002","Total","Aged 55 - 59 years","Value",13162
"2024","Bury","E08000002","Total","Aged 60 - 64 years","Value",12266
"2024","Bury","E08000002","Total","Aged 65 - 69 years","Value",9779
"2024","Bury","E08000002","Total","Aged 70 - 74 years","Value",8634
"2024","Bury","E08000002","Total","Aged 75 - 79 years","Value",8465
"2024","Bury","E08000002","Total","Aged 80 - 84 years","Value",5179
"2024","Bury","E08000002","Total","Aged 85 and over","Value",4607
"2024","Manchester","E08000003","Total","All ages","Value",588597
"2024","Manchester","E08000003","Total","Aged under 1 year","Value",6674
"2024","Manchester","E08000003","Total","Aged 1 - 4 years","Value",27337
"2024","Manchester","E08000003","Total","Aged 5 - 9 years","Value",35390
"2024","Manchester","E08000003","Total","Aged 10 - 14 years","Value",37051
"2024","Manchester","E08000003","Total","Aged 15 - 19 years","Value",46524
"2024","Manchester","E08000003","Total","Aged 20 - 24 years","Value",75259
"2024","Manchester","E08000003","Total","Aged 25 - 29 years","Value",59362
"2024","Manchester","E08000003","Total","Aged 30 - 34 years","Value",50302
"2024","Manchester","E08000003","Total","Aged 35 - 39 years","Value",44246
"2024","Manchester","E08000003","Total","Aged 40 - 44 years","Value",38611
"2024","Manchester","E08000003","Total","Aged 45 - 49 years","Value",32087
"2024","Manchester","E08000003","Total","Aged 50 - 54 years","Value",29248
"2024","Manchester","E08000003","Total","Aged 55 - 59 years","Value",27891
"2024","Manchester","E08000003","Total","Aged 60 - 64 years","Value",23403
"2024","Manchester","E08000003","Total","Aged 65 - 69 years","Value",18200
"2024","Manchester","E08000003","Total","Aged 70 - 74 years","Value",13830
"2024","Manchester","E08000003","Total","Aged 75 - 79 years","Value",10585
"2024","Manchester","E08000003","Total","Aged 80 - 84 years","Value",6559
"2024","Manchester","E08000003","Total","Aged 85 and over","Value",6038
"2024","Oldham","E08000004","Total","All ages","Value",250725
"2024","Oldham","E08000004","Total","Aged under 1 year","Value",3140
"2024","Oldham","E08000004","Total","Aged 1 - 4 years","Value",13294
"2024","Oldham","E08000004","Total","Aged 5 - 9 years","Value",17565
"2024","Oldham","E08000004","Total","Aged 10 - 14 years","Value",18387
"2024","Oldham","E08000004","Total","Aged 15 - 19 years","Value",17511
"2024","Oldham","E08000004","Total","Aged 20 - 24 years","Value",14345
"2024","Oldham","E08000004","Total","Aged 25 - 29 years","Value",16465
"2024","Oldham","E08000004","Total","Aged 30 - 34 years","Value",17152
"2024","Oldham","E08000004","Total","Aged 35 - 39 years","Value",17662
"2024","Oldham","E08000004","Total","Aged 40 - 44 years","Value",16594
"2024","Oldham","E08000004","Total","Aged 45 - 49 years","Value",14662
"2024","Oldham","E08000004","Total","Aged 50 - 54 years","Value",15268
"2024","Oldham","E08000004","Total","Aged 55 - 59 years","Value",15354
"2024","Oldham","E08000004","Total","Aged 60 - 64 years","Value",13715
"2024","Oldham","E08000004","Total","Aged 65 - 69 years","Value",10915
"2024","Oldham","E08000004","Total","Aged 70 - 74 years","Value",9605
"2024","Oldham","E08000004","Total","Aged 75 - 79 years","Value",8797
"2024","Oldham","E08000004","Total","Aged 80 - 84 years","Value",5526
"2024","Oldham","E08000004","Total","Aged 85 and over","Value",4768
"2024","Rochdale","E08000005","Total","All ages","Value",234919
"2024","Rochdale","E08000005","Total","Aged under 1 year","Value",2735
"2024","Rochdale","E08000005","Total","Aged 1 - 4 years","Value",12204
"2024","Rochdale","E08000005","Total","Aged 5 - 9 years","Value",16035
"2024","Rochdale","E08000005","Total","Aged 10 - 14 years","Value",16623
"2024","Rochdale","E08000005","Total","Aged 15 - 19 years","Value",15494
"2024","Rochdale","E08000005","Total","Aged 20 - 24 years","Value",12526
"2024","Rochdale","E08000005","Total","Aged 25 - 29 years","Value",14675
"2024","Rochdale","E08000005","Total","Aged 30 - 34 years","Value",16581
"2024","Rochdale","E08000005","Total","Aged 35 - 39 years","Value",17057
"2024","Rochdale","E08000005","Total","Aged 40 - 44 years","Value",15995
"2024","Rochdale","E08000005","Total","Aged 45 - 49 years","Value",13883
"2024","Rochdale","E08000005","Total","Aged 50 - 54 years","Value",14452
"2024","Rochdale","E08000005","Total","Aged 55 - 59 years","Value",14709
"2024","Rochdale","E08000005","Total","Aged 60 - 64 years","Value",13344
"2024","Rochdale","E08000005","Total","Aged 65 - 69 years","Value",11179
"2024","Rochdale","E08000005","Total","Aged 70 - 74 years","Value",9742
"2024","Rochdale","E08000005","Total","Aged 75 - 79 years","Value",8466
"2024","Rochdale","E08000005","Total","Aged 80 - 84 years","Value",4961
"2024","Rochdale","E08000005","Total","Aged 85 and over","Value",4258
"2024","Salford","E08000006","Total","All ages","Value",293508
"2024","Salford","E08000006","Total","Aged under 1 year","Value",3503
"2024","Salford","E08000006","Total","Aged 1 - 4 years","Value",14361
"2024","Salford","E08000006","Total","Aged 5 - 9 years","Value",17535
"2024","Salford","E08000006","Total","Aged 10 - 14 years","Value",17222
"2024","Salford","E08000006","Total","Aged 15 - 19 years","Value",17194
"2024","Salford","E08000006","Total","Aged 20 - 24 years","Value",26343
"2024","Salford","E08000006","Total","Aged 25 - 29 years","Value",31533
"2024","Salford","E08000006","Total","Aged 30 - 34 years","Value",27821
"2024","Salford","E08000006","Total","Aged 35 - 39 years","Value",23519
"2024","Salford","E08000006","Total","Aged 40 - 44 years","Value",19271
"2024","Salford","E08000006","Total","Aged 45 - 49 years","Value",15198
"2024","Salford","E08000006","Total","Aged 50 - 54 years","Value",14654
"2024","Salford","E08000006","Total","Aged 55 - 59 years","Value",14820
"2024","Salford","E08000006","Total","Aged 60 - 64 years","Value",13449
"2024","Salford","E08000006","Total","Aged 65 - 69 years","Value",10649
"2024","Salford","E08000006","Total","Aged 70 - 74 years","Value",8697
"2024","Salford","E08000006","Total","Aged 75 - 79 years","Value",8121
"2024","Salford","E08000006","Total","Aged 80 - 84 years","Value",5094
"2024","Salford","E08000006","Total","Aged 85 and over","Value",4524
"2024","Stockport","E08000007","Total","All ages","Value",302184
"2024","Stockport","E08000007","Total","Aged under 1 year","Value",2967
"2024","Stockport","E08000007","Total","Aged 1 - 4 years","Value",13245
"2024","Stockport","E08000007","Total","Aged 5 - 9 years","Value",18284
"2024","Stockport","E08000007","Total","Aged 10 - 14 years","Value",18902
"2024","Stockport","E08000007","Total","Aged 15 - 19 years","Value",16509
"2024","Stockport","E08000007","Total","Aged 20 - 24 years","Value",12181
"2024","Stockport","E08000007","Total","Aged 25 - 29 years","Value",16936
"2024","Stockport","E08000007","Total","Aged 30 - 34 years","Value",20681
"2024","Stockport","E08000007","Total","Aged 35 - 39 years","Value",22239
"2024","Stockport","E08000007","Total","Aged 40 - 44 years","Value",21217
"2024","Stockport","E08000007","Total","Aged 45 - 49 years","Value",19027
"2024","Stockport","E08000007","Total","Aged 50 - 54 years","Value",19531
"2024","Stockport","E08000007","Total","Aged 55 - 59 years","Value",20334
"2024","Stockport","E08000007","Total","Aged 60 - 64 years","Value",18743
"2024","Stockport","E08000007","Total","Aged 65 - 69 years","Value",15962
"2024","Stockport","E08000007","Total","Aged 70 - 74 years","Value",13956
"2024","Stockport","E08000007","Total","Aged 75 - 79 years","Value",13674
"2024","Stockport","E08000007","Total","Aged 80 - 84 years","Value",8910
"2024","Stockport","E08000007","Total","Aged 85 and over","Value",8886
"2024","Tameside","E08000008","Total","All ages","Value",238895
"2024","Tameside","E08000008","Total","Aged under 1 year","Value",2472
"2024","Tameside","E08000008","Total","Aged 1 - 4 years","Value",10746
"2024","Tameside","E08000008","Total","Aged 5 - 9 years","Value",14477
"2024","Tameside","E08000008","Total","Aged 10 - 14 years","Value",15624
"2024","Tameside","E08000008","Total","Aged 15 - 19 years","Value",14166
"2024","Tameside","E08000008","Total","Aged 20 - 24 years","Value",11832
"2024","Tameside","E08000008","Total","Aged 25 - 29 years","Value",15385
"2024","Tameside","E08000008","Total","Aged 30 - 34 years","Value",17630
"2024","Tameside","E08000008","Total","Aged 35 - 39 years","Value",17698
"2024","Tameside","E08000008","Total","Aged 40 - 44 years","Value",15822
"2024","Tameside","E08000008","Total","Aged 45 - 49 years","Value",14027
"2024","Tameside","E08000008","Total","Aged 50 - 54 years","Value",15448
"2024","Tameside","E08000008","Total","Aged 55 - 59 years","Value",16400
"2024","Tameside","E08000008","Total","Aged 60 - 64 years","Value",14922
"2024","Tameside","E08000008","Total","Aged 65 - 69 years","Value",11991
"2024","Tameside","E08000008","Total","Aged 70 - 74 years","Value",10226
"2024","Tameside","E08000008","Total","Aged 75 - 79 years","Value",9595
"2024","Tameside","E08000008","Total","Aged 80 - 84 years","Value",5675
"2024","Tameside","E08000008","Total","Aged 85 and over","Value",4759
"2024","Trafford","E08000009","Total","All ages","Value",239618
"2024","Trafford","E08000009","Total","Aged under 1 year","Value",2174
"2024","Trafford","E08000009","Total","Aged 1 - 4 years","Value",10203
"2024","Trafford","E08000009","Total","Aged 5 - 9 years","Value",16201
"2024","Trafford","E08000009","Total","Aged 10 - 14 years","Value",17627
"2024","Trafford","E08000009","Total","Aged 15 - 19 years","Value",14450
"2024","Trafford","E08000009","Total","Aged 20 - 24 years","Value",10815
"2024","Trafford","E08000009","Total","Aged 25 - 29 years","Value",13172
"2024","Trafford","E08000009","Total","Aged 30 - 34 years","Value",14383
"2024","Trafford","E08000009","Total","Aged 35 - 39 years","Value",17062
"2024","Trafford","E08000009","Total","Aged 40 - 44 years","Value",18643
"2024","Trafford","E08000009","Total","Aged 45 - 49 years","Value",16621
"2024","Trafford","E08000009","Total","Aged 50 - 54 years","Value",16175
"2024","Trafford","E08000009","Total","Aged 55 - 59 years","Value",15443
"2024","Trafford","E08000009","Total","Aged 60 - 64 years","Value",13973
"2024","Trafford","E08000009","Total","Aged 65 - 69 years","Value",11415
"2024","Trafford","E08000009","Total","Aged 70 - 74 years","Value",9811
"2024","Trafford","E08000009","Total","Aged 75 - 79 years","Value",9066
"2024","Trafford","E08000009","Total","Aged 80 - 84 years","Value",6116
"2024","Trafford","E08000009","Total","Aged 85 and over","Value",6268
"2024","Wigan","E08000010","Total","All ages","Value",344245
"2024","Wigan","E08000010","Total","Aged under 1 year","Value",3338
"2024","Wigan","E08000010","Total","Aged 1 - 4 years","Value",14919
"2024","Wigan","E08000010","Total","Aged 5 - 9 years","Value",19945
"2024","Wigan","E08000010","Total","Aged 10 - 14 years","Value",20852
"2024","Wigan","E08000010","Total","Aged 15 - 19 years","Value",19052
"2024","Wigan","E08000010","Total","Aged 20 - 24 years","Value",16561
"2024","Wigan","E08000010","Total","Aged 25 - 29 years","Value",21340
"2024","Wigan","E08000010","Total","Aged 30 - 34 years","Value",24839
"2024","Wigan","E08000010","Total","Aged 35 - 39 years","Value",24624
"2024","Wigan","E08000010","Total","Aged 40 - 44 years","Value",22696
"2024","Wigan","E08000010","Total","Aged 45 - 49 years","Value",19767
"2024","Wigan","E08000010","Total","Aged 50 - 54 years","Value",23283
"2024","Wigan","E08000010","Total","Aged 55 - 59 years","Value",24549
"2024","Wigan","E08000010","Total","Aged 60 - 64 years","Value",21857
"2024","Wigan","E08000010","Total","Aged 65 - 69 years","Value",17822
"2024","Wigan","E08000010","Total","Aged 70 - 74 years","Value",15964
"2024","Wigan","E08000010","Total","Aged 75 - 79 years","Value",15801
"2024","Wigan","E08000010","Total","Aged 80 - 84 years","Value",9807
"2024","Wigan","E08000010","Total","Aged 85 and over","Value",7229
"2024","Knowsley","E08000011","Total","All ages","Value",161714
"2024","Knowsley","E08000011","Total","Aged under 1 year","Value",1830
"2024","Knowsley","E08000011","Total","Aged 1 - 4 years","Value",8174
"2024","Knowsley","E08000011","Total","Aged 5 - 9 years","Value",10369
"2024","Knowsley","E08000011","Total","Aged 10 - 14 years","Value",9855
"2024","Knowsley","E08000011","Total","Aged 15 - 19 years","Value",9167
"2024","Knowsley","E08000011","Total","Aged 20 - 24 years","Value",7841
"2024","Knowsley","E08000011","Total","Aged 25 - 29 years","Value",10556
"2024","Knowsley","E08000011","Total","Aged 30 - 34 years","Value",12741
"2024","Knowsley","E08000011","Total","Aged 35 - 39 years","Value",12158
"2024","Knowsley","E08000011","Total","Aged 40 - 44 years","Value",10236
"2024","Knowsley","E08000011","Total","Aged 45 - 49 years","Value",8460
"2024","Knowsley","E08000011","Total","Aged 50 - 54 years","Value",9746
"2024","Knowsley","E08000011","Total","Aged 55 - 59 years","Value",11025
"2024","Knowsley","E08000011","Total","Aged 60 - 64 years","Value",11324
"2024","Knowsley","E08000011","Total","Aged 65 - 69 years","Value",9266
"2024","Knowsley","E08000011","Total","Aged 70 - 74 years","Value",7080
"2024","Knowsley","E08000011","Total","Aged 75 - 79 years","Value",5468
"2024","Knowsley","E08000011","Total","Aged 80 - 84 years","Value",3169
"2024","Knowsley","E08000011","Total","Aged 85 and over","Value",3249
"2024","Liverpool","E08000012","Total","All ages","Value",508202
"2024","Liverpool","E08000012","Total","Aged under 1 year","Value",5114
"2024","Liverpool","E08000012","Total","Aged 1 - 4 years","Value",21006
"2024","Liverpool","E08000012","Total","Aged 5 - 9 years","Value",27729
"2024","Liverpool","E08000012","Total","Aged 10 - 14 years","Value",26569
"2024","Liverpool","E08000012","Total","Aged 15 - 19 years","Value",34339
"2024","Liverpool","E08000012","Total","Aged 20 - 24 years","Value",58384
"2024","Liverpool","E08000012","Total","Aged 25 - 29 years","Value",39852
"2024","Liverpool","E08000012","Total","Aged 30 - 34 years","Value",38801
"2024","Liverpool","E08000012","Total","Aged 35 - 39 years","Value",36506
"2024","Liverpool","E08000012","Total","Aged 40 - 44 years","Value",31308
"2024","Liverpool","E08000012","Total","Aged 45 - 49 years","Value",25560
"2024","Liverpool","E08000012","Total","Aged 50 - 54 years","Value",27318
"2024","Liverpool","E08000012","Total","Aged 55 - 59 years","Value",28339
"2024","Liverpool","E08000012","Total","Aged 60 - 64 years","Value",29078
"2024","Liverpool","E08000012","Total","Aged 65 - 69 years","Value",24099
"2024","Liverpool","E08000012","Total","Aged 70 - 74 years","Value",19534
"2024","Liverpool","E08000012","Total","Aged 75 - 79 years","Value",15914
"2024","Liverpool","E08000012","Total","Aged 80 - 84 years","Value",9716
"2024","Liverpool","E08000012","Total","Aged 85 and over","Value",9036
"2024","St. Helens","E08000013","Total","All ages","Value",188397
"2024","St. Helens","E08000013","Total","Aged under 1 year","Value",1796
"2024","St. Helens","E08000013","Total","Aged 1 - 4 years","Value",7751
"2024","St. Helens","E08000013","Total","Aged 5 - 9 years","Value",10377
"2024","St. Helens","E08000013","Total","Aged 10 - 14 years","Value",10890
"2024","St. Helens","E08000013","Total","Aged 15 - 19 years","Value",10268
"2024","St. Helens","E08000013","Total","Aged 20 - 24 years","Value",9290
"2024","St. Helens","E08000013","Total","Aged 25 - 29 years","Value",11591
"2024","St. Helens","E08000013","Total","Aged 30 - 34 years","Value",13270
"2024","St. Helens","E08000013","Total","Aged 35 - 39 years","Value",12803
"2024","St. Helens","E08000013","Total","Aged 40 - 44 years","Value",12008
"2024","St. Helens","E08000013","Total","Aged 45 - 49 years","Value",10772
"2024","St. Helens","E08000013","Total","Aged 50 - 54 years","Value",12712
"2024","St. Helens","E08000013","Total","Aged 55 - 59 years","Value",13432
"2024","St. Helens","E08000013","Total","Aged 60 - 64 years","Value",12542
"2024","St. Helens","E08000013","Total","Aged 65 - 69 years","Value",10323
"2024","St. Helens","E08000013","Total","Aged 70 - 74 years","Value",9281
"2024","St. Helens","E08000013","Total","Aged 75 - 79 years","Value",8932
"2024","St. Helens","E08000013","Total","Aged 80 - 84 years","Value",5476
"2024","St. Helens","E08000013","Total","Aged 85 and over","Value",4883
"2024","Sefton","E08000014","Total","All ages","Value",285298
"2024","Sefton","E08000014","Total","Aged under 1 year","Value",2423
"2024","Sefton","E08000014","Total","Aged 1 - 4 years","Value",11050
"2024","Sefton","E08000014","Total","Aged 5 - 9 years","Value",15368
"2024","Sefton","E08000014","Total","Aged 10 - 14 years","Value",16086
"2024","Sefton","E08000014","Total","Aged 15 - 19 years","Value",14727
"2024","Sefton","E08000014","Total","Aged 20 - 24 years","Value",12563
"2024","Sefton","E08000014","Total","Aged 25 - 29 years","Value",15305
"2024","Sefton","E08000014","Total","Aged 30 - 34 years","Value",17388
"2024","Sefton","E08000014","Total","Aged 35 - 39 years","Value",18491
"2024","Sefton","E08000014","Total","Aged 40 - 44 years","Value",17628
"2024","Sefton","E08000014","Total","Aged 45 - 49 years","Value",15506
"2024","Sefton","E08000014","Total","Aged 50 - 54 years","Value",18364
"2024","Sefton","E08000014","Total","Aged 55 - 59 years","Value",20707
"2024","Sefton","E08000014","Total","Aged 60 - 64 years","Value",21612
"2024","Sefton","E08000014","Total","Aged 65 - 69 years","Value",18167
"2024","Sefton","E08000014","Total","Aged 70 - 74 years","Value",15691
"2024","Sefton","E08000014","Total","Aged 75 - 79 years","Value",14549
"2024","Sefton","E08000014","Total","Aged 80 - 84 years","Value",9631
"2024","Sefton","E08000014","Total","Aged 85 and over","Value",10042
"2024","Wirral","E08000015","Total","All ages","Value",328209
"2024","Wirral","E08000015","Total","Aged under 1 year","Value",2831
"2024","Wirral","E08000015","Total","Aged 1 - 4 years","Value",12977
"2024","Wirral","E08000015","Total","Aged 5 - 9 years","Value",18411
"2024","Wirral","E08000015","Total","Aged 10 - 14 years","Value",20001
"2024","Wirral","E08000015","Total","Aged 15 - 19 years","Value",18286
"2024","Wirral","E08000015","Total","Aged 20 - 24 years","Value",14929
"2024","Wirral","E08000015","Total","Aged 25 - 29 years","Value",18103
"2024","Wirral","E08000015","Total","Aged 30 - 34 years","Value",20660
"2024","Wirral","E08000015","Total","Aged 35 - 39 years","Value",20909
"2024","Wirral","E08000015","Total","Aged 40 - 44 years","Value",20147
"2024","Wirral","E08000015","Total","Aged 45 - 49 years","Value",18622
"2024","Wirral","E08000015","Total","Aged 50 - 54 years","Value",21327
"2024","Wirral","E08000015","Total","Aged 55 - 59 years","Value",23350
"2024","Wirral","E08000015","Total","Aged 60 - 64 years","Value",23311
"2024","Wirral","E08000015","Total","Aged 65 - 69 years","Value",19890
"2024","Wirral","E08000015","Total","Aged 70 - 74 years","Value",18021
"2024","Wirral","E08000015","Total","Aged 75 - 79 years","Value",16146
"2024","Wirral","E08000015","Total","Aged 80 - 84 years","Value",10447
"2024","Wirral","E08000015","Total","Aged 85 and over","Value",9841
"2024","Kingston upon Hull, City of","E06000010","Total","All ages","Value",274727
"2024","Kingston upon Hull, City of","E06000010","Total","Aged under 1 year","Value",3157
"2024","Kingston upon Hull, City of","E06000010","Total","Aged 1 - 4 years","Value",12936
"2024","Kingston upon Hull, City of","E06000010","Total","Aged 5 - 9 years","Value",16907
"2024","Kingston upon Hull, City of","E06000010","Total","Aged 10 - 14 years","Value",17954
"2024","Kingston upon Hull, City of","E06000010","Total","Aged 15 - 19 years","Value",17664
"2024","Kingston upon Hull, City of","E06000010","Total","Aged 20 - 24 years","Value",17134
"2024","Kingston upon Hull, City of","E06000010","Total","Aged 25 - 29 years","Value",19673
"2024","Kingston upon Hull, City of","E06000010","Total","Aged 30 - 34 years","Value",22860
"2024","Kingston upon Hull, City of","E06000010","Total","Aged 35 - 39 years","Value",21345
"2024","Kingston upon Hull, City of","E06000010","Total","Aged 40 - 44 years","Value",17990
"2024","Kingston upon Hull, City of","E06000010","Total","Aged 45 - 49 years","Value",15324
"2024","Kingston upon Hull, City of","E06000010","Total","Aged 50 - 54 years","Value",16520
"2024","Kingston upon Hull, City of","E06000010","Total","Aged 55 - 59 years","Value",16634
"2024","Kingston upon Hull, City of","E06000010","Total","Aged 60 - 64 years","Value",15858
"2024","Kingston upon Hull, City of","E06000010","Total","Aged 65 - 69 years","Value",12887
"2024","Kingston upon Hull, City of","E06000010","Total","Aged 70 - 74 years","Value",10789
"2024","Kingston upon Hull, City of","E06000010","Total","Aged 75 - 79 years","Value",9054
"2024","Kingston upon Hull, City of","E06000010","Total","Aged 80 - 84 years","Value",5114
"2024","Kingston upon Hull, City of","E06000010","Total","Aged 85 and over","Value",4927
"2024","East Riding of Yorkshire","E06000011","Total","All ages","Value",355378
"2024","East Riding of Yorkshire","E06000011","Total","Aged under 1 year","Value",2617
"2024","East Riding of Yorkshire","E06000011","Total","Aged 1 - 4 years","Value",12144
"2024","East Riding of Yorkshire","E06000011","Total","Aged 5 - 9 years","Value",17485
"2024","East Riding of Yorkshire","E06000011","Total","Aged 10 - 14 years","Value",19139
"2024","East Riding of Yorkshire","E06000011","Total","Aged 15 - 19 years","Value",17429
"2024","East Riding of Yorkshire","E06000011","Total","Aged 20 - 24 years","Value",13568
"2024","East Riding of Yorkshire","E06000011","Total","Aged 25 - 29 years","Value",16906
"2024","East Riding of Yorkshire","E06000011","Total","Aged 30 - 34 years","Value",19663
"2024","East Riding of Yorkshire","E06000011","Total","Aged 35 - 39 years","Value",20249
"2024","East Riding of Yorkshire","E06000011","Total","Aged 40 - 44 years","Value",19877
"2024","East Riding of Yorkshire","E06000011","Total","Aged 45 - 49 years","Value",19495
"2024","East Riding of Yorkshire","E06000011","Total","Aged 50 - 54 years","Value",24279
"2024","East Riding of Yorkshire","E06000011","Total","Aged 55 - 59 years","Value",27802
"2024","East Riding of Yorkshire","E06000011","Total","Aged 60 - 64 years","Value",27993
"2024","East Riding of Yorkshire","E06000011","Total","Aged 65 - 69 years","Value",25124
"2024","East Riding of Yorkshire","E06000011","Total","Aged 70 - 74 years","Value",22695
"2024","East Riding of Yorkshire","E06000011","Total","Aged 75 - 79 years","Value",22487
"2024","East Riding of Yorkshire","E06000011","Total","Aged 80 - 84 years","Value",13577
"2024","East Riding of Yorkshire","E06000011","Total","Aged 85 and over","Value",12849
"2024","North East Lincolnshire","E06000012","Total","All ages","Value",159738
"2024","North East Lincolnshire","E06000012","Total","Aged under 1 year","Value",1477
"2024","North East Lincolnshire","E06000012","Total","Aged 1 - 4 years","Value",6477
"2024","North East Lincolnshire","E06000012","Total","Aged 5 - 9 years","Value",9436
"2024","North East Lincolnshire","E06000012","Total","Aged 10 - 14 years","Value",10095
"2024","North East Lincolnshire","E06000012","Total","Aged 15 - 19 years","Value",9101
"2024","North East Lincolnshire","E06000012","Total","Aged 20 - 24 years","Value",7170
"2024","North East Lincolnshire","E06000012","Total","Aged 25 - 29 years","Value",8983
"2024","North East Lincolnshire","E06000012","Total","Aged 30 - 34 years","Value",10310
"2024","North East Lincolnshire","E06000012","Total","Aged 35 - 39 years","Value",10685
"2024","North East Lincolnshire","E06000012","Total","Aged 40 - 44 years","Value",9507
"2024","North East Lincolnshire","E06000012","Total","Aged 45 - 49 years","Value",8475
"2024","North East Lincolnshire","E06000012","Total","Aged 50 - 54 years","Value",10265
"2024","North East Lincolnshire","E06000012","Total","Aged 55 - 59 years","Value",11614
"2024","North East Lincolnshire","E06000012","Total","Aged 60 - 64 years","Value",11468
"2024","North East Lincolnshire","E06000012","Total","Aged 65 - 69 years","Value",9510
"2024","North East Lincolnshire","E06000012","Total","Aged 70 - 74 years","Value",8126
"2024","North East Lincolnshire","E06000012","Total","Aged 75 - 79 years","Value",7591
"2024","North East Lincolnshire","E06000012","Total","Aged 80 - 84 years","Value",4719
"2024","North East Lincolnshire","E06000012","Total","Aged 85 and over","Value",4729
"2024","North Lincolnshire","E06000013","Total","All ages","Value",171424
"2024","North Lincolnshire","E06000013","Total","Aged under 1 year","Value",1484
"2024","North Lincolnshire","E06000013","Total","Aged 1 - 4 years","Value",6866
"2024","North Lincolnshire","E06000013","Total","Aged 5 - 9 years","Value",9384
"2024","North Lincolnshire","E06000013","Total","Aged 10 - 14 years","Value",10320
"2024","North Lincolnshire","E06000013","Total","Aged 15 - 19 years","Value",9637
"2024","North Lincolnshire","E06000013","Total","Aged 20 - 24 years","Value",7339
"2024","North Lincolnshire","E06000013","Total","Aged 25 - 29 years","Value",8952
"2024","North Lincolnshire","E06000013","Total","Aged 30 - 34 years","Value",10397
"2024","North Lincolnshire","E06000013","Total","Aged 35 - 39 years","Value",10900
"2024","North Lincolnshire","E06000013","Total","Aged 40 - 44 years","Value",10366
"2024","North Lincolnshire","E06000013","Total","Aged 45 - 49 years","Value",9363
"2024","North Lincolnshire","E06000013","Total","Aged 50 - 54 years","Value",11372
"2024","North Lincolnshire","E06000013","Total","Aged 55 - 59 years","Value",12973
"2024","North Lincolnshire","E06000013","Total","Aged 60 - 64 years","Value",12680
"2024","North Lincolnshire","E06000013","Total","Aged 65 - 69 years","Value",10655
"2024","North Lincolnshire","E06000013","Total","Aged 70 - 74 years","Value",9436
"2024","North Lincolnshire","E06000013","Total","Aged 75 - 79 years","Value",8816
"2024","North Lincolnshire","E06000013","Total","Aged 80 - 84 years","Value",5485
"2024","North Lincolnshire","E06000013","Total","Aged 85 and over","Value",4999
"2024","York","E06000014","Total","All ages","Value",208237
"2024","York","E06000014","Total","Aged under 1 year","Value",1504
"2024","York","E06000014","Total","Aged 1 - 4 years","Value",6669
"2024","York","E06000014","Total","Aged 5 - 9 years","Value",9353
"2024","York","E06000014","Total","Aged 10 - 14 years","Value",10343
"2024","York","E06000014","Total","Aged 15 - 19 years","Value",16260
"2024","York","E06000014","Total","Aged 20 - 24 years","Value",23285
"2024","York","E06000014","Total","Aged 25 - 29 years","Value",13630
"2024","York","E06000014","Total","Aged 30 - 34 years","Value",12945
"2024","York","E06000014","Total","Aged 35 - 39 years","Value",12943
"2024","York","E06000014","Total","Aged 40 - 44 years","Value",12513
"2024","York","E06000014","Total","Aged 45 - 49 years","Value",11334
"2024","York","E06000014","Total","Aged 50 - 54 years","Value",12421
"2024","York","E06000014","Total","Aged 55 - 59 years","Value",12659
"2024","York","E06000014","Total","Aged 60 - 64 years","Value",12046
"2024","York","E06000014","Total","Aged 65 - 69 years","Value",10186
"2024","York","E06000014","Total","Aged 70 - 74 years","Value",9195
"2024","York","E06000014","Total","Aged 75 - 79 years","Value",9182
"2024","York","E06000014","Total","Aged 80 - 84 years","Value",5724
"2024","York","E06000014","Total","Aged 85 and over","Value",6045
"2024","North Yorkshire","E06000065","Total","All ages","Value",633692
"2024","North Yorkshire","E06000065","Total","Aged under 1 year","Value",4776
"2024","North Yorkshire","E06000065","Total","Aged 1 - 4 years","Value",22278
"2024","North Yorkshire","E06000065","Total","Aged 5 - 9 years","Value",31663
"2024","North Yorkshire","E06000065","Total","Aged 10 - 14 years","Value",34198
"2024","North Yorkshire","E06000065","Total","Aged 15 - 19 years","Value",33727
"2024","North Yorkshire","E06000065","Total","Aged 20 - 24 years","Value",25825
"2024","North Yorkshire","E06000065","Total","Aged 25 - 29 years","Value",30145
"2024","North Yorkshire","E06000065","Total","Aged 30 - 34 years","Value",35046
"2024","North Yorkshire","E06000065","Total","Aged 35 - 39 years","Value",36204
"2024","North Yorkshire","E06000065","Total","Aged 40 - 44 years","Value",35892
"2024","North Yorkshire","E06000065","Total","Aged 45 - 49 years","Value",34039
"2024","North Yorkshire","E06000065","Total","Aged 50 - 54 years","Value",43114
"2024","North Yorkshire","E06000065","Total","Aged 55 - 59 years","Value",50423
"2024","North Yorkshire","E06000065","Total","Aged 60 - 64 years","Value",50542
"2024","North Yorkshire","E06000065","Total","Aged 65 - 69 years","Value",43533
"2024","North Yorkshire","E06000065","Total","Aged 70 - 74 years","Value",38983
"2024","North Yorkshire","E06000065","Total","Aged 75 - 79 years","Value",37741
"2024","North Yorkshire","E06000065","Total","Aged 80 - 84 years","Value",23330
"2024","North Yorkshire","E06000065","Total","Aged 85 and over","Value",22233
"2024","Barnsley","E08000016","Total","All ages","Value",251325
"2024","Barnsley","E08000016","Total","Aged under 1 year","Value",2484
"2024","Barnsley","E08000016","Total","Aged 1 - 4 years","Value",10831
"2024","Barnsley","E08000016","Total","Aged 5 - 9 years","Value",14412
"2024","Barnsley","E08000016","Total","Aged 10 - 14 years","Value",15088
"2024","Barnsley","E08000016","Total","Aged 15 - 19 years","Value",13497
"2024","Barnsley","E08000016","Total","Aged 20 - 24 years","Value",11244
"2024","Barnsley","E08000016","Total","Aged 25 - 29 years","Value",15703
"2024","Barnsley","E08000016","Total","Aged 30 - 34 years","Value",18109
"2024","Barnsley","E08000016","Total","Aged 35 - 39 years","Value",17272
"2024","Barnsley","E08000016","Total","Aged 40 - 44 years","Value",15884
"2024","Barnsley","E08000016","Total","Aged 45 - 49 years","Value",13685
"2024","Barnsley","E08000016","Total","Aged 50 - 54 years","Value",16951
"2024","Barnsley","E08000016","Total","Aged 55 - 59 years","Value",18699
"2024","Barnsley","E08000016","Total","Aged 60 - 64 years","Value",16880
"2024","Barnsley","E08000016","Total","Aged 65 - 69 years","Value",14287
"2024","Barnsley","E08000016","Total","Aged 70 - 74 years","Value",12239
"2024","Barnsley","E08000016","Total","Aged 75 - 79 years","Value",11356
"2024","Barnsley","E08000016","Total","Aged 80 - 84 years","Value",6831
"2024","Barnsley","E08000016","Total","Aged 85 and over","Value",5873
"2024","Doncaster","E08000017","Total","All ages","Value",320248
"2024","Doncaster","E08000017","Total","Aged under 1 year","Value",3263
"2024","Doncaster","E08000017","Total","Aged 1 - 4 years","Value",14572
"2024","Doncaster","E08000017","Total","Aged 5 - 9 years","Value",18545
"2024","Doncaster","E08000017","Total","Aged 10 - 14 years","Value",19675
"2024","Doncaster","E08000017","Total","Aged 15 - 19 years","Value",17644
"2024","Doncaster","E08000017","Total","Aged 20 - 24 years","Value",14927
"2024","Doncaster","E08000017","Total","Aged 25 - 29 years","Value",20077
"2024","Doncaster","E08000017","Total","Aged 30 - 34 years","Value",22911
"2024","Doncaster","E08000017","Total","Aged 35 - 39 years","Value",23283
"2024","Doncaster","E08000017","Total","Aged 40 - 44 years","Value",20886
"2024","Doncaster","E08000017","Total","Aged 45 - 49 years","Value",17735
"2024","Doncaster","E08000017","Total","Aged 50 - 54 years","Value",20502
"2024","Doncaster","E08000017","Total","Aged 55 - 59 years","Value",22155
"2024","Doncaster","E08000017","Total","Aged 60 - 64 years","Value",21206
"2024","Doncaster","E08000017","Total","Aged 65 - 69 years","Value",17825
"2024","Doncaster","E08000017","Total","Aged 70 - 74 years","Value",15126
"2024","Doncaster","E08000017","Total","Aged 75 - 79 years","Value",13828
"2024","Doncaster","E08000017","Total","Aged 80 - 84 years","Value",8433
"2024","Doncaster","E08000017","Total","Aged 85 and over","Value",7655
"2024","Rotherham","E08000018","Total","All ages","Value",276332
"2024","Rotherham","E08000018","Total","Aged under 1 year","Value",2794
"2024","Rotherham","E08000018","Total","Aged 1 - 4 years","Value",12329
"2024","Rotherham","E08000018","Total","Aged 5 - 9 years","Value",16367
"2024","Rotherham","E08000018","Total","Aged 10 - 14 years","Value",17281
"2024","Rotherham","E08000018","Total","Aged 15 - 19 years","Value",16006
"2024","Rotherham","E08000018","Total","Aged 20 - 24 years","Value",13838
"2024","Rotherham","E08000018","Total","Aged 25 - 29 years","Value",16794
"2024","Rotherham","E08000018","Total","Aged 30 - 34 years","Value",19446
"2024","Rotherham","E08000018","Total","Aged 35 - 39 years","Value",19149
"2024","Rotherham","E08000018","Total","Aged 40 - 44 years","Value",17692
"2024","Rotherham","E08000018","Total","Aged 45 - 49 years","Value",15052
"2024","Rotherham","E08000018","Total","Aged 50 - 54 years","Value",18176
"2024","Rotherham","E08000018","Total","Aged 55 - 59 years","Value",19209
"2024","Rotherham","E08000018","Total","Aged 60 - 64 years","Value",17713
"2024","Rotherham","E08000018","Total","Aged 65 - 69 years","Value",14766
"2024","Rotherham","E08000018","Total","Aged 70 - 74 years","Value",12975
"2024","Rotherham","E08000018","Total","Aged 75 - 79 years","Value",12288
"2024","Rotherham","E08000018","Total","Aged 80 - 84 years","Value",7732
"2024","Rotherham","E08000018","Total","Aged 85 and over","Value",6725
"2024","Sheffield","E08000019","Total","All ages","Value",580235
"2024","Sheffield","E08000019","Total","Aged under 1 year","Value",5789
"2024","Sheffield","E08000019","Total","Aged 1 - 4 years","Value",24073
"2024","Sheffield","E08000019","Total","Aged 5 - 9 years","Value",32059
"2024","Sheffield","E08000019","Total","Aged 10 - 14 years","Value",32786
"2024","Sheffield","E08000019","Total","Aged 15 - 19 years","Value",38104
"2024","Sheffield","E08000019","Total","Aged 20 - 24 years","Value",56120
"2024","Sheffield","E08000019","Total","Aged 25 - 29 years","Value",44012
"2024","Sheffield","E08000019","Total","Aged 30 - 34 years","Value",42554
"2024","Sheffield","E08000019","Total","Aged 35 - 39 years","Value",39924
"2024","Sheffield","E08000019","Total","Aged 40 - 44 years","Value",35530
"2024","Sheffield","E08000019","Total","Aged 45 - 49 years","Value",31132
"2024","Sheffield","E08000019","Total","Aged 50 - 54 years","Value",33618
"2024","Sheffield","E08000019","Total","Aged 55 - 59 years","Value",35010
"2024","Sheffield","E08000019","Total","Aged 60 - 64 years","Value",31578
"2024","Sheffield","E08000019","Total","Aged 65 - 69 years","Value",26187
"2024","Sheffield","E08000019","Total","Aged 70 - 74 years","Value",22474
"2024","Sheffield","E08000019","Total","Aged 75 - 79 years","Value",21458
"2024","Sheffield","E08000019","Total","Aged 80 - 84 years","Value",14257
"2024","Sheffield","E08000019","Total","Aged 85 and over","Value",13570
"2024","Bradford","E08000032","Total","All ages","Value",559818
"2024","Bradford","E08000032","Total","Aged under 1 year","Value",7184
"2024","Bradford","E08000032","Total","Aged 1 - 4 years","Value",28751
"2024","Bradford","E08000032","Total","Aged 5 - 9 years","Value",38791
"2024","Bradford","E08000032","Total","Aged 10 - 14 years","Value",40912
"2024","Bradford","E08000032","Total","Aged 15 - 19 years","Value",38908
"2024","Bradford","E08000032","Total","Aged 20 - 24 years","Value",33369
"2024","Bradford","E08000032","Total","Aged 25 - 29 years","Value",35695
"2024","Bradford","E08000032","Total","Aged 30 - 34 years","Value",38524
"2024","Bradford","E08000032","Total","Aged 35 - 39 years","Value",40164
"2024","Bradford","E08000032","Total","Aged 40 - 44 years","Value",38948
"2024","Bradford","E08000032","Total","Aged 45 - 49 years","Value",33689
"2024","Bradford","E08000032","Total","Aged 50 - 54 years","Value",34128
"2024","Bradford","E08000032","Total","Aged 55 - 59 years","Value",32645
"2024","Bradford","E08000032","Total","Aged 60 - 64 years","Value",30376
"2024","Bradford","E08000032","Total","Aged 65 - 69 years","Value",25424
"2024","Bradford","E08000032","Total","Aged 70 - 74 years","Value",21368
"2024","Bradford","E08000032","Total","Aged 75 - 79 years","Value",18199
"2024","Bradford","E08000032","Total","Aged 80 - 84 years","Value",11155
"2024","Bradford","E08000032","Total","Aged 85 and over","Value",11588
"2024","Calderdale","E08000033","Total","All ages","Value",209828
"2024","Calderdale","E08000033","Total","Aged under 1 year","Value",1980
"2024","Calderdale","E08000033","Total","Aged 1 - 4 years","Value",8867
"2024","Calderdale","E08000033","Total","Aged 5 - 9 years","Value",12396
"2024","Calderdale","E08000033","Total","Aged 10 - 14 years","Value",13425
"2024","Calderdale","E08000033","Total","Aged 15 - 19 years","Value",12565
"2024","Calderdale","E08000033","Total","Aged 20 - 24 years","Value",9848
"2024","Calderdale","E08000033","Total","Aged 25 - 29 years","Value",11912
"2024","Calderdale","E08000033","Total","Aged 30 - 34 years","Value",13389
"2024","Calderdale","E08000033","Total","Aged 35 - 39 years","Value",13747
"2024","Calderdale","E08000033","Total","Aged 40 - 44 years","Value",13470
"2024","Calderdale","E08000033","Total","Aged 45 - 49 years","Value",12559
"2024","Calderdale","E08000033","Total","Aged 50 - 54 years","Value",14980
"2024","Calderdale","E08000033","Total","Aged 55 - 59 years","Value",15302
"2024","Calderdale","E08000033","Total","Aged 60 - 64 years","Value",13964
"2024","Calderdale","E08000033","Total","Aged 65 - 69 years","Value",11758
"2024","Calderdale","E08000033","Total","Aged 70 - 74 years","Value",9990
"2024","Calderdale","E08000033","Total","Aged 75 - 79 years","Value",9290
"2024","Calderdale","E08000033","Total","Aged 80 - 84 years","Value",5532
"2024","Calderdale","E08000033","Total","Aged 85 and over","Value",4854
"2024","Kirklees","E08000034","Total","All ages","Value",445780
"2024","Kirklees","E08000034","Total","Aged under 1 year","Value",4553
"2024","Kirklees","E08000034","Total","Aged 1 - 4 years","Value",20140
"2024","Kirklees","E08000034","Total","Aged 5 - 9 years","Value",27364
"2024","Kirklees","E08000034","Total","Aged 10 - 14 years","Value",29285
"2024","Kirklees","E08000034","Total","Aged 15 - 19 years","Value",27853
"2024","Kirklees","E08000034","Total","Aged 20 - 24 years","Value",25654
"2024","Kirklees","E08000034","Total","Aged 25 - 29 years","Value",27479
"2024","Kirklees","E08000034","Total","Aged 30 - 34 years","Value",29797
"2024","Kirklees","E08000034","Total","Aged 35 - 39 years","Value",30482
"2024","Kirklees","E08000034","Total","Aged 40 - 44 years","Value",29342
"2024","Kirklees","E08000034","Total","Aged 45 - 49 years","Value",26713
"2024","Kirklees","E08000034","Total","Aged 50 - 54 years","Value",29656
"2024","Kirklees","E08000034","Total","Aged 55 - 59 years","Value",29726
"2024","Kirklees","E08000034","Total","Aged 60 - 64 years","Value",26563
"2024","Kirklees","E08000034","Total","Aged 65 - 69 years","Value",22244
"2024","Kirklees","E08000034","Total","Aged 70 - 74 years","Value",19553
"2024","Kirklees","E08000034","Total","Aged 75 - 79 years","Value",18209
"2024","Kirklees","E08000034","Total","Aged 80 - 84 years","Value",10951
"2024","Kirklees","E08000034","Total","Aged 85 and over","Value",10216
"2024","Leeds","E08000035","Total","All ages","Value",842884
"2024","Leeds","E08000035","Total","Aged under 1 year","Value",8585
"2024","Leeds","E08000035","Total","Aged 1 - 4 years","Value",36069
"2024","Leeds","E08000035","Total","Aged 5 - 9 years","Value",49526
"2024","Leeds","E08000035","Total","Aged 10 - 14 years","Value",50474
"2024","Leeds","E08000035","Total","Aged 15 - 19 years","Value",54969
"2024","Leeds","E08000035","Total","Aged 20 - 24 years","Value",79024
"2024","Leeds","E08000035","Total","Aged 25 - 29 years","Value",64003
"2024","Leeds","E08000035","Total","Aged 30 - 34 years","Value",62853
"2024","Leeds","E08000035","Total","Aged 35 - 39 years","Value",59924
"2024","Leeds","E08000035","Total","Aged 40 - 44 years","Value",55846
"2024","Leeds","E08000035","Total","Aged 45 - 49 years","Value",48365
"2024","Leeds","E08000035","Total","Aged 50 - 54 years","Value",49232
"2024","Leeds","E08000035","Total","Aged 55 - 59 years","Value",48384
"2024","Leeds","E08000035","Total","Aged 60 - 64 years","Value",43403
"2024","Leeds","E08000035","Total","Aged 65 - 69 years","Value",35970
"2024","Leeds","E08000035","Total","Aged 70 - 74 years","Value",31025
"2024","Leeds","E08000035","Total","Aged 75 - 79 years","Value",29167
"2024","Leeds","E08000035","Total","Aged 80 - 84 years","Value",18002
"2024","Leeds","E08000035","Total","Aged 85 and over","Value",18063
"2024","Wakefield","E08000036","Total","All ages","Value",366925
"2024","Wakefield","E08000036","Total","Aged under 1 year","Value",3693
"2024","Wakefield","E08000036","Total","Aged 1 - 4 years","Value",16231
"2024","Wakefield","E08000036","Total","Aged 5 - 9 years","Value",21645
"2024","Wakefield","E08000036","Total","Aged 10 - 14 years","Value",22312
"2024","Wakefield","E08000036","Total","Aged 15 - 19 years","Value",19890
"2024","Wakefield","E08000036","Total","Aged 20 - 24 years","Value",16630
"2024","Wakefield","E08000036","Total","Aged 25 - 29 years","Value",23055
"2024","Wakefield","E08000036","Total","Aged 30 - 34 years","Value",27310
"2024","Wakefield","E08000036","Total","Aged 35 - 39 years","Value",26919
"2024","Wakefield","E08000036","Total","Aged 40 - 44 years","Value",24021
"2024","Wakefield","E08000036","Total","Aged 45 - 49 years","Value",20652
"2024","Wakefield","E08000036","Total","Aged 50 - 54 years","Value",24655
"2024","Wakefield","E08000036","Total","Aged 55 - 59 years","Value",26063
"2024","Wakefield","E08000036","Total","Aged 60 - 64 years","Value",23452
"2024","Wakefield","E08000036","Total","Aged 65 - 69 years","Value",19621
"2024","Wakefield","E08000036","Total","Aged 70 - 74 years","Value",16932
"2024","Wakefield","E08000036","Total","Aged 75 - 79 years","Value",15903
"2024","Wakefield","E08000036","Total","Aged 80 - 84 years","Value",9601
"2024","Wakefield","E08000036","Total","Aged 85 and over","Value",8340
"2024","Derby","E06000015","Total","All ages","Value",273656
"2024","Derby","E06000015","Total","Aged under 1 year","Value",2948
"2024","Derby","E06000015","Total","Aged 1 - 4 years","Value",12572
"2024","Derby","E06000015","Total","Aged 5 - 9 years","Value",16948
"2024","Derby","E06000015","Total","Aged 10 - 14 years","Value",17941
"2024","Derby","E06000015","Total","Aged 15 - 19 years","Value",17409
"2024","Derby","E06000015","Total","Aged 20 - 24 years","Value",18402
"2024","Derby","E06000015","Total","Aged 25 - 29 years","Value",19346
"2024","Derby","E06000015","Total","Aged 30 - 34 years","Value",20949
"2024","Derby","E06000015","Total","Aged 35 - 39 years","Value",20041
"2024","Derby","E06000015","Total","Aged 40 - 44 years","Value",18836
"2024","Derby","E06000015","Total","Aged 45 - 49 years","Value",15733
"2024","Derby","E06000015","Total","Aged 50 - 54 years","Value",16611
"2024","Derby","E06000015","Total","Aged 55 - 59 years","Value",16589
"2024","Derby","E06000015","Total","Aged 60 - 64 years","Value",14761
"2024","Derby","E06000015","Total","Aged 65 - 69 years","Value",11738
"2024","Derby","E06000015","Total","Aged 70 - 74 years","Value",10407
"2024","Derby","E06000015","Total","Aged 75 - 79 years","Value",9595
"2024","Derby","E06000015","Total","Aged 80 - 84 years","Value",6264
"2024","Derby","E06000015","Total","Aged 85 and over","Value",6566
"2024","Leicester","E06000016","Total","All ages","Value",386755
"2024","Leicester","E06000016","Total","Aged under 1 year","Value",4567
"2024","Leicester","E06000016","Total","Aged 1 - 4 years","Value",18378
"2024","Leicester","E06000016","Total","Aged 5 - 9 years","Value",24273
"2024","Leicester","E06000016","Total","Aged 10 - 14 years","Value",25642
"2024","Leicester","E06000016","Total","Aged 15 - 19 years","Value",29581
"2024","Leicester","E06000016","Total","Aged 20 - 24 years","Value",39823
"2024","Leicester","E06000016","Total","Aged 25 - 29 years","Value",31447
"2024","Leicester","E06000016","Total","Aged 30 - 34 years","Value",29429
"2024","Leicester","E06000016","Total","Aged 35 - 39 years","Value",28048
"2024","Leicester","E06000016","Total","Aged 40 - 44 years","Value",26708
"2024","Leicester","E06000016","Total","Aged 45 - 49 years","Value",23217
"2024","Leicester","E06000016","Total","Aged 50 - 54 years","Value",21556
"2024","Leicester","E06000016","Total","Aged 55 - 59 years","Value",19673
"2024","Leicester","E06000016","Total","Aged 60 - 64 years","Value",17829
"2024","Leicester","E06000016","Total","Aged 65 - 69 years","Value",14698
"2024","Leicester","E06000016","Total","Aged 70 - 74 years","Value",11896
"2024","Leicester","E06000016","Total","Aged 75 - 79 years","Value",8797
"2024","Leicester","E06000016","Total","Aged 80 - 84 years","Value",5447
"2024","Leicester","E06000016","Total","Aged 85 and over","Value",5746
"2024","Rutland","E06000017","Total","All ages","Value",41382
"2024","Rutland","E06000017","Total","Aged under 1 year","Value",243
"2024","Rutland","E06000017","Total","Aged 1 - 4 years","Value",1202
"2024","Rutland","E06000017","Total","Aged 5 - 9 years","Value",1915
"2024","Rutland","E06000017","Total","Aged 10 - 14 years","Value",2396
"2024","Rutland","E06000017","Total","Aged 15 - 19 years","Value",3067
"2024","Rutland","E06000017","Total","Aged 20 - 24 years","Value",1748
"2024","Rutland","E06000017","Total","Aged 25 - 29 years","Value",1917
"2024","Rutland","E06000017","Total","Aged 30 - 34 years","Value",2242
"2024","Rutland","E06000017","Total","Aged 35 - 39 years","Value",2177
"2024","Rutland","E06000017","Total","Aged 40 - 44 years","Value",2375
"2024","Rutland","E06000017","Total","Aged 45 - 49 years","Value",2358
"2024","Rutland","E06000017","Total","Aged 50 - 54 years","Value",2835
"2024","Rutland","E06000017","Total","Aged 55 - 59 years","Value",2990
"2024","Rutland","E06000017","Total","Aged 60 - 64 years","Value",2927
"2024","Rutland","E06000017","Total","Aged 65 - 69 years","Value",2666
"2024","Rutland","E06000017","Total","Aged 70 - 74 years","Value",2462
"2024","Rutland","E06000017","Total","Aged 75 - 79 years","Value",2555
"2024","Rutland","E06000017","Total","Aged 80 - 84 years","Value",1681
"2024","Rutland","E06000017","Total","Aged 85 and over","Value",1626
"2024","Nottingham","E06000018","Total","All ages","Value",330561
"2024","Nottingham","E06000018","Total","Aged under 1 year","Value",3373
"2024","Nottingham","E06000018","Total","Aged 1 - 4 years","Value",14143
"2024","Nottingham","E06000018","Total","Aged 5 - 9 years","Value",18920
"2024","Nottingham","E06000018","Total","Aged 10 - 14 years","Value",19191
"2024","Nottingham","E06000018","Total","Aged 15 - 19 years","Value",29131
"2024","Nottingham","E06000018","Total","Aged 20 - 24 years","Value",50363
"2024","Nottingham","E06000018","Total","Aged 25 - 29 years","Value",22538
"2024","Nottingham","E06000018","Total","Aged 30 - 34 years","Value",24881
"2024","Nottingham","E06000018","Total","Aged 35 - 39 years","Value",23085
"2024","Nottingham","E06000018","Total","Aged 40 - 44 years","Value",20062
"2024","Nottingham","E06000018","Total","Aged 45 - 49 years","Value",16923
"2024","Nottingham","E06000018","Total","Aged 50 - 54 years","Value",16961
"2024","Nottingham","E06000018","Total","Aged 55 - 59 years","Value",16722
"2024","Nottingham","E06000018","Total","Aged 60 - 64 years","Value",14981
"2024","Nottingham","E06000018","Total","Aged 65 - 69 years","Value",11747
"2024","Nottingham","E06000018","Total","Aged 70 - 74 years","Value",9443
"2024","Nottingham","E06000018","Total","Aged 75 - 79 years","Value",7869
"2024","Nottingham","E06000018","Total","Aged 80 - 84 years","Value",5048
"2024","Nottingham","E06000018","Total","Aged 85 and over","Value",5180
"2024","North Northamptonshire","E06000061","Total","All ages","Value",375336
"2024","North Northamptonshire","E06000061","Total","Aged under 1 year","Value",3627
"2024","North Northamptonshire","E06000061","Total","Aged 1 - 4 years","Value",16614
"2024","North Northamptonshire","E06000061","Total","Aged 5 - 9 years","Value",22673
"2024","North Northamptonshire","E06000061","Total","Aged 10 - 14 years","Value",24589
"2024","North Northamptonshire","E06000061","Total","Aged 15 - 19 years","Value",22035
"2024","North Northamptonshire","E06000061","Total","Aged 20 - 24 years","Value",16645
"2024","North Northamptonshire","E06000061","Total","Aged 25 - 29 years","Value",21819
"2024","North Northamptonshire","E06000061","Total","Aged 30 - 34 years","Value",26624
"2024","North Northamptonshire","E06000061","Total","Aged 35 - 39 years","Value",27374
"2024","North Northamptonshire","E06000061","Total","Aged 40 - 44 years","Value",26082
"2024","North Northamptonshire","E06000061","Total","Aged 45 - 49 years","Value",23378
"2024","North Northamptonshire","E06000061","Total","Aged 50 - 54 years","Value",25425
"2024","North Northamptonshire","E06000061","Total","Aged 55 - 59 years","Value",26406
"2024","North Northamptonshire","E06000061","Total","Aged 60 - 64 years","Value",22913
"2024","North Northamptonshire","E06000061","Total","Aged 65 - 69 years","Value",18662
"2024","North Northamptonshire","E06000061","Total","Aged 70 - 74 years","Value",16775
"2024","North Northamptonshire","E06000061","Total","Aged 75 - 79 years","Value",15992
"2024","North Northamptonshire","E06000061","Total","Aged 80 - 84 years","Value",9438
"2024","North Northamptonshire","E06000061","Total","Aged 85 and over","Value",8265
"2024","West Northamptonshire","E06000062","Total","All ages","Value",441277
"2024","West Northamptonshire","E06000062","Total","Aged under 1 year","Value",4444
"2024","West Northamptonshire","E06000062","Total","Aged 1 - 4 years","Value",19714
"2024","West Northamptonshire","E06000062","Total","Aged 5 - 9 years","Value",26655
"2024","West Northamptonshire","E06000062","Total","Aged 10 - 14 years","Value",27776
"2024","West Northamptonshire","E06000062","Total","Aged 15 - 19 years","Value",25869
"2024","West Northamptonshire","E06000062","Total","Aged 20 - 24 years","Value",23220
"2024","West Northamptonshire","E06000062","Total","Aged 25 - 29 years","Value",26766
"2024","West Northamptonshire","E06000062","Total","Aged 30 - 34 years","Value",31668
"2024","West Northamptonshire","E06000062","Total","Aged 35 - 39 years","Value",32851
"2024","West Northamptonshire","E06000062","Total","Aged 40 - 44 years","Value",31502
"2024","West Northamptonshire","E06000062","Total","Aged 45 - 49 years","Value",27870
"2024","West Northamptonshire","E06000062","Total","Aged 50 - 54 years","Value",29534
"2024","West Northamptonshire","E06000062","Total","Aged 55 - 59 years","Value",29738
"2024","West Northamptonshire","E06000062","Total","Aged 60 - 64 years","Value",26342
"2024","West Northamptonshire","E06000062","Total","Aged 65 - 69 years","Value",20913
"2024","West Northamptonshire","E06000062","Total","Aged 70 - 74 years","Value",18334
"2024","West Northamptonshire","E06000062","Total","Aged 75 - 79 years","Value",17695
"2024","West Northamptonshire","E06000062","Total","Aged 80 - 84 years","Value",10655
"2024","West Northamptonshire","E06000062","Total","Aged 85 and over","Value",9731
"2024","Amber Valley","E07000032","Total","All ages","Value",130238
"2024","Amber Valley","E07000032","Total","Aged under 1 year","Value",1103
"2024","Amber Valley","E07000032","Total","Aged 1 - 4 years","Value",4885
"2024","Amber Valley","E07000032","Total","Aged 5 - 9 years","Value",6776
"2024","Amber Valley","E07000032","Total","Aged 10 - 14 years","Value",7377
"2024","Amber Valley","E07000032","Total","Aged 15 - 19 years","Value",6550
"2024","Amber Valley","E07000032","Total","Aged 20 - 24 years","Value",5515
"2024","Amber Valley","E07000032","Total","Aged 25 - 29 years","Value",7271
"2024","Amber Valley","E07000032","Total","Aged 30 - 34 years","Value",8309
"2024","Amber Valley","E07000032","Total","Aged 35 - 39 years","Value",7945
"2024","Amber Valley","E07000032","Total","Aged 40 - 44 years","Value",7764
"2024","Amber Valley","E07000032","Total","Aged 45 - 49 years","Value",7477
"2024","Amber Valley","E07000032","Total","Aged 50 - 54 years","Value",9457
"2024","Amber Valley","E07000032","Total","Aged 55 - 59 years","Value",10242
"2024","Amber Valley","E07000032","Total","Aged 60 - 64 years","Value",9473
"2024","Amber Valley","E07000032","Total","Aged 65 - 69 years","Value",7907
"2024","Amber Valley","E07000032","Total","Aged 70 - 74 years","Value",7198
"2024","Amber Valley","E07000032","Total","Aged 75 - 79 years","Value",6979
"2024","Amber Valley","E07000032","Total","Aged 80 - 84 years","Value",4389
"2024","Amber Valley","E07000032","Total","Aged 85 and over","Value",3621
"2024","Bolsover","E07000033","Total","All ages","Value",83679
"2024","Bolsover","E07000033","Total","Aged under 1 year","Value",794
"2024","Bolsover","E07000033","Total","Aged 1 - 4 years","Value",3374
"2024","Bolsover","E07000033","Total","Aged 5 - 9 years","Value",4456
"2024","Bolsover","E07000033","Total","Aged 10 - 14 years","Value",4661
"2024","Bolsover","E07000033","Total","Aged 15 - 19 years","Value",4274
"2024","Bolsover","E07000033","Total","Aged 20 - 24 years","Value",3774
"2024","Bolsover","E07000033","Total","Aged 25 - 29 years","Value",5541
"2024","Bolsover","E07000033","Total","Aged 30 - 34 years","Value",6012
"2024","Bolsover","E07000033","Total","Aged 35 - 39 years","Value",5595
"2024","Bolsover","E07000033","Total","Aged 40 - 44 years","Value",4942
"2024","Bolsover","E07000033","Total","Aged 45 - 49 years","Value",4694
"2024","Bolsover","E07000033","Total","Aged 50 - 54 years","Value",5816
"2024","Bolsover","E07000033","Total","Aged 55 - 59 years","Value",6531
"2024","Bolsover","E07000033","Total","Aged 60 - 64 years","Value",5906
"2024","Bolsover","E07000033","Total","Aged 65 - 69 years","Value",4895
"2024","Bolsover","E07000033","Total","Aged 70 - 74 years","Value",4155
"2024","Bolsover","E07000033","Total","Aged 75 - 79 years","Value",3904
"2024","Bolsover","E07000033","Total","Aged 80 - 84 years","Value",2411
"2024","Bolsover","E07000033","Total","Aged 85 and over","Value",1944
"2024","Chesterfield","E07000034","Total","All ages","Value",105807
"2024","Chesterfield","E07000034","Total","Aged under 1 year","Value",913
"2024","Chesterfield","E07000034","Total","Aged 1 - 4 years","Value",3962
"2024","Chesterfield","E07000034","Total","Aged 5 - 9 years","Value",5401
"2024","Chesterfield","E07000034","Total","Aged 10 - 14 years","Value",6003
"2024","Chesterfield","E07000034","Total","Aged 15 - 19 years","Value",5471
"2024","Chesterfield","E07000034","Total","Aged 20 - 24 years","Value",4698
"2024","Chesterfield","E07000034","Total","Aged 25 - 29 years","Value",6416
"2024","Chesterfield","E07000034","Total","Aged 30 - 34 years","Value",7146
"2024","Chesterfield","E07000034","Total","Aged 35 - 39 years","Value",6749
"2024","Chesterfield","E07000034","Total","Aged 40 - 44 years","Value",6543
"2024","Chesterfield","E07000034","Total","Aged 45 - 49 years","Value",6076
"2024","Chesterfield","E07000034","Total","Aged 50 - 54 years","Value",7292
"2024","Chesterfield","E07000034","Total","Aged 55 - 59 years","Value",7923
"2024","Chesterfield","E07000034","Total","Aged 60 - 64 years","Value",7470
"2024","Chesterfield","E07000034","Total","Aged 65 - 69 years","Value",6434
"2024","Chesterfield","E07000034","Total","Aged 70 - 74 years","Value",5655
"2024","Chesterfield","E07000034","Total","Aged 75 - 79 years","Value",5193
"2024","Chesterfield","E07000034","Total","Aged 80 - 84 years","Value",3387
"2024","Chesterfield","E07000034","Total","Aged 85 and over","Value",3075
"2024","Derbyshire Dales","E07000035","Total","All ages","Value",71762
"2024","Derbyshire Dales","E07000035","Total","Aged under 1 year","Value",394
"2024","Derbyshire Dales","E07000035","Total","Aged 1 - 4 years","Value",2089
"2024","Derbyshire Dales","E07000035","Total","Aged 5 - 9 years","Value",3163
"2024","Derbyshire Dales","E07000035","Total","Aged 10 - 14 years","Value",3725
"2024","Derbyshire Dales","E07000035","Total","Aged 15 - 19 years","Value",3521
"2024","Derbyshire Dales","E07000035","Total","Aged 20 - 24 years","Value",2372
"2024","Derbyshire Dales","E07000035","Total","Aged 25 - 29 years","Value",2898
"2024","Derbyshire Dales","E07000035","Total","Aged 30 - 34 years","Value",3215
"2024","Derbyshire Dales","E07000035","Total","Aged 35 - 39 years","Value",3427
"2024","Derbyshire Dales","E07000035","Total","Aged 40 - 44 years","Value",3741
"2024","Derbyshire Dales","E07000035","Total","Aged 45 - 49 years","Value",3933
"2024","Derbyshire Dales","E07000035","Total","Aged 50 - 54 years","Value",5443
"2024","Derbyshire Dales","E07000035","Total","Aged 55 - 59 years","Value",6451
"2024","Derbyshire Dales","E07000035","Total","Aged 60 - 64 years","Value",6321
"2024","Derbyshire Dales","E07000035","Total","Aged 65 - 69 years","Value",5432
"2024","Derbyshire Dales","E07000035","Total","Aged 70 - 74 years","Value",4965
"2024","Derbyshire Dales","E07000035","Total","Aged 75 - 79 years","Value",4872
"2024","Derbyshire Dales","E07000035","Total","Aged 80 - 84 years","Value",3023
"2024","Derbyshire Dales","E07000035","Total","Aged 85 and over","Value",2777
"2024","Erewash","E07000036","Total","All ages","Value",113816
"2024","Erewash","E07000036","Total","Aged under 1 year","Value",912
"2024","Erewash","E07000036","Total","Aged 1 - 4 years","Value",4193
"2024","Erewash","E07000036","Total","Aged 5 - 9 years","Value",6036
"2024","Erewash","E07000036","Total","Aged 10 - 14 years","Value",6624
"2024","Erewash","E07000036","Total","Aged 15 - 19 years","Value",6060
"2024","Erewash","E07000036","Total","Aged 20 - 24 years","Value",5322
"2024","Erewash","E07000036","Total","Aged 25 - 29 years","Value",7150
"2024","Erewash","E07000036","Total","Aged 30 - 34 years","Value",7557
"2024","Erewash","E07000036","Total","Aged 35 - 39 years","Value",7701
"2024","Erewash","E07000036","Total","Aged 40 - 44 years","Value",7186
"2024","Erewash","E07000036","Total","Aged 45 - 49 years","Value",6462
"2024","Erewash","E07000036","Total","Aged 50 - 54 years","Value",7980
"2024","Erewash","E07000036","Total","Aged 55 - 59 years","Value",8542
"2024","Erewash","E07000036","Total","Aged 60 - 64 years","Value",7772
"2024","Erewash","E07000036","Total","Aged 65 - 69 years","Value",6344
"2024","Erewash","E07000036","Total","Aged 70 - 74 years","Value",5669
"2024","Erewash","E07000036","Total","Aged 75 - 79 years","Value",5691
"2024","Erewash","E07000036","Total","Aged 80 - 84 years","Value",3573
"2024","Erewash","E07000036","Total","Aged 85 and over","Value",3042
"2024","High Peak","E07000037","Total","All ages","Value",91892
"2024","High Peak","E07000037","Total","Aged under 1 year","Value",742
"2024","High Peak","E07000037","Total","Aged 1 - 4 years","Value",3303
"2024","High Peak","E07000037","Total","Aged 5 - 9 years","Value",4754
"2024","High Peak","E07000037","Total","Aged 10 - 14 years","Value",5131
"2024","High Peak","E07000037","Total","Aged 15 - 19 years","Value",4807
"2024","High Peak","E07000037","Total","Aged 20 - 24 years","Value",3551
"2024","High Peak","E07000037","Total","Aged 25 - 29 years","Value",4680
"2024","High Peak","E07000037","Total","Aged 30 - 34 years","Value",5501
"2024","High Peak","E07000037","Total","Aged 35 - 39 years","Value",5714
"2024","High Peak","E07000037","Total","Aged 40 - 44 years","Value",5582
"2024","High Peak","E07000037","Total","Aged 45 - 49 years","Value",5195
"2024","High Peak","E07000037","Total","Aged 50 - 54 years","Value",6579
"2024","High Peak","E07000037","Total","Aged 55 - 59 years","Value",7610
"2024","High Peak","E07000037","Total","Aged 60 - 64 years","Value",7376
"2024","High Peak","E07000037","Total","Aged 65 - 69 years","Value",5959
"2024","High Peak","E07000037","Total","Aged 70 - 74 years","Value",5223
"2024","High Peak","E07000037","Total","Aged 75 - 79 years","Value",4824
"2024","High Peak","E07000037","Total","Aged 80 - 84 years","Value",2938
"2024","High Peak","E07000037","Total","Aged 85 and over","Value",2423
"2024","North East Derbyshire","E07000038","Total","All ages","Value",106550
"2024","North East Derbyshire","E07000038","Total","Aged under 1 year","Value",927
"2024","North East Derbyshire","E07000038","Total","Aged 1 - 4 years","Value",4095
"2024","North East Derbyshire","E07000038","Total","Aged 5 - 9 years","Value",5606
"2024","North East Derbyshire","E07000038","Total","Aged 10 - 14 years","Value",5966
"2024","North East Derbyshire","E07000038","Total","Aged 15 - 19 years","Value",5080
"2024","North East Derbyshire","E07000038","Total","Aged 20 - 24 years","Value",4190
"2024","North East Derbyshire","E07000038","Total","Aged 25 - 29 years","Value",5834
"2024","North East Derbyshire","E07000038","Total","Aged 30 - 34 years","Value",6728
"2024","North East Derbyshire","E07000038","Total","Aged 35 - 39 years","Value",6542
"2024","North East Derbyshire","E07000038","Total","Aged 40 - 44 years","Value",6271
"2024","North East Derbyshire","E07000038","Total","Aged 45 - 49 years","Value",5751
"2024","North East Derbyshire","E07000038","Total","Aged 50 - 54 years","Value",7093
"2024","North East Derbyshire","E07000038","Total","Aged 55 - 59 years","Value",8152
"2024","North East Derbyshire","E07000038","Total","Aged 60 - 64 years","Value",7808
"2024","North East Derbyshire","E07000038","Total","Aged 65 - 69 years","Value",6838
"2024","North East Derbyshire","E07000038","Total","Aged 70 - 74 years","Value",6153
"2024","North East Derbyshire","E07000038","Total","Aged 75 - 79 years","Value",6279
"2024","North East Derbyshire","E07000038","Total","Aged 80 - 84 years","Value",4026
"2024","North East Derbyshire","E07000038","Total","Aged 85 and over","Value",3211
"2024","South Derbyshire","E07000039","Total","All ages","Value",117169
"2024","South Derbyshire","E07000039","Total","Aged under 1 year","Value",1207
"2024","South Derbyshire","E07000039","Total","Aged 1 - 4 years","Value",5179
"2024","South Derbyshire","E07000039","Total","Aged 5 - 9 years","Value",6872
"2024","South Derbyshire","E07000039","Total","Aged 10 - 14 years","Value",7124
"2024","South Derbyshire","E07000039","Total","Aged 15 - 19 years","Value",6647
"2024","South Derbyshire","E07000039","Total","Aged 20 - 24 years","Value",4993
"2024","South Derbyshire","E07000039","Total","Aged 25 - 29 years","Value",7172
"2024","South Derbyshire","E07000039","Total","Aged 30 - 34 years","Value",8565
"2024","South Derbyshire","E07000039","Total","Aged 35 - 39 years","Value",8022
"2024","South Derbyshire","E07000039","Total","Aged 40 - 44 years","Value",7775
"2024","South Derbyshire","E07000039","Total","Aged 45 - 49 years","Value",6998
"2024","South Derbyshire","E07000039","Total","Aged 50 - 54 years","Value",8320
"2024","South Derbyshire","E07000039","Total","Aged 55 - 59 years","Value",8603
"2024","South Derbyshire","E07000039","Total","Aged 60 - 64 years","Value",7572
"2024","South Derbyshire","E07000039","Total","Aged 65 - 69 years","Value",6086
"2024","South Derbyshire","E07000039","Total","Aged 70 - 74 years","Value",5429
"2024","South Derbyshire","E07000039","Total","Aged 75 - 79 years","Value",4936
"2024","South Derbyshire","E07000039","Total","Aged 80 - 84 years","Value",2995
"2024","South Derbyshire","E07000039","Total","Aged 85 and over","Value",2674
"2024","Blaby","E07000129","Total","All ages","Value",107845
"2024","Blaby","E07000129","Total","Aged under 1 year","Value",1003
"2024","Blaby","E07000129","Total","Aged 1 - 4 years","Value",4515
"2024","Blaby","E07000129","Total","Aged 5 - 9 years","Value",6342
"2024","Blaby","E07000129","Total","Aged 10 - 14 years","Value",6467
"2024","Blaby","E07000129","Total","Aged 15 - 19 years","Value",5768
"2024","Blaby","E07000129","Total","Aged 20 - 24 years","Value",4661
"2024","Blaby","E07000129","Total","Aged 25 - 29 years","Value",6158
"2024","Blaby","E07000129","Total","Aged 30 - 34 years","Value",7512
"2024","Blaby","E07000129","Total","Aged 35 - 39 years","Value",7972
"2024","Blaby","E07000129","Total","Aged 40 - 44 years","Value",7288
"2024","Blaby","E07000129","Total","Aged 45 - 49 years","Value",6480
"2024","Blaby","E07000129","Total","Aged 50 - 54 years","Value",7093
"2024","Blaby","E07000129","Total","Aged 55 - 59 years","Value",7425
"2024","Blaby","E07000129","Total","Aged 60 - 64 years","Value",6865
"2024","Blaby","E07000129","Total","Aged 65 - 69 years","Value",5799
"2024","Blaby","E07000129","Total","Aged 70 - 74 years","Value",5212
"2024","Blaby","E07000129","Total","Aged 75 - 79 years","Value",5110
"2024","Blaby","E07000129","Total","Aged 80 - 84 years","Value",3199
"2024","Blaby","E07000129","Total","Aged 85 and over","Value",2976
"2024","Charnwood","E07000130","Total","All ages","Value",188310
"2024","Charnwood","E07000130","Total","Aged under 1 year","Value",1590
"2024","Charnwood","E07000130","Total","Aged 1 - 4 years","Value",7066
"2024","Charnwood","E07000130","Total","Aged 5 - 9 years","Value",10094
"2024","Charnwood","E07000130","Total","Aged 10 - 14 years","Value",10465
"2024","Charnwood","E07000130","Total","Aged 15 - 19 years","Value",13301
"2024","Charnwood","E07000130","Total","Aged 20 - 24 years","Value",17540
"2024","Charnwood","E07000130","Total","Aged 25 - 29 years","Value",9855
"2024","Charnwood","E07000130","Total","Aged 30 - 34 years","Value",12020
"2024","Charnwood","E07000130","Total","Aged 35 - 39 years","Value",12435
"2024","Charnwood","E07000130","Total","Aged 40 - 44 years","Value",11938
"2024","Charnwood","E07000130","Total","Aged 45 - 49 years","Value",10292
"2024","Charnwood","E07000130","Total","Aged 50 - 54 years","Value",11847
"2024","Charnwood","E07000130","Total","Aged 55 - 59 years","Value",12014
"2024","Charnwood","E07000130","Total","Aged 60 - 64 years","Value",11212
"2024","Charnwood","E07000130","Total","Aged 65 - 69 years","Value",9694
"2024","Charnwood","E07000130","Total","Aged 70 - 74 years","Value",8832
"2024","Charnwood","E07000130","Total","Aged 75 - 79 years","Value",8133
"2024","Charnwood","E07000130","Total","Aged 80 - 84 years","Value",5228
"2024","Charnwood","E07000130","Total","Aged 85 and over","Value",4754
"2024","Harborough","E07000131","Total","All ages","Value",104619
"2024","Harborough","E07000131","Total","Aged under 1 year","Value",932
"2024","Harborough","E07000131","Total","Aged 1 - 4 years","Value",4107
"2024","Harborough","E07000131","Total","Aged 5 - 9 years","Value",5818
"2024","Harborough","E07000131","Total","Aged 10 - 14 years","Value",6173
"2024","Harborough","E07000131","Total","Aged 15 - 19 years","Value",5798
"2024","Harborough","E07000131","Total","Aged 20 - 24 years","Value",4131
"2024","Harborough","E07000131","Total","Aged 25 - 29 years","Value",5369
"2024","Harborough","E07000131","Total","Aged 30 - 34 years","Value",6172
"2024","Harborough","E07000131","Total","Aged 35 - 39 years","Value",6648
"2024","Harborough","E07000131","Total","Aged 40 - 44 years","Value",6583
"2024","Harborough","E07000131","Total","Aged 45 - 49 years","Value",6395
"2024","Harborough","E07000131","Total","Aged 50 - 54 years","Value",7336
"2024","Harborough","E07000131","Total","Aged 55 - 59 years","Value",8023
"2024","Harborough","E07000131","Total","Aged 60 - 64 years","Value",7336
"2024","Harborough","E07000131","Total","Aged 65 - 69 years","Value",6218
"2024","Harborough","E07000131","Total","Aged 70 - 74 years","Value",5470
"2024","Harborough","E07000131","Total","Aged 75 - 79 years","Value",5395
"2024","Harborough","E07000131","Total","Aged 80 - 84 years","Value",3458
"2024","Harborough","E07000131","Total","Aged 85 and over","Value",3257
"2024","Hinckley and Bosworth","E07000132","Total","All ages","Value",116612
"2024","Hinckley and Bosworth","E07000132","Total","Aged under 1 year","Value",981
"2024","Hinckley and Bosworth","E07000132","Total","Aged 1 - 4 years","Value",4532
"2024","Hinckley and Bosworth","E07000132","Total","Aged 5 - 9 years","Value",6318
"2024","Hinckley and Bosworth","E07000132","Total","Aged 10 - 14 years","Value",6780
"2024","Hinckley and Bosworth","E07000132","Total","Aged 15 - 19 years","Value",6016
"2024","Hinckley and Bosworth","E07000132","Total","Aged 20 - 24 years","Value",4676
"2024","Hinckley and Bosworth","E07000132","Total","Aged 25 - 29 years","Value",6422
"2024","Hinckley and Bosworth","E07000132","Total","Aged 30 - 34 years","Value",7623
"2024","Hinckley and Bosworth","E07000132","Total","Aged 35 - 39 years","Value",7749
"2024","Hinckley and Bosworth","E07000132","Total","Aged 40 - 44 years","Value",7414
"2024","Hinckley and Bosworth","E07000132","Total","Aged 45 - 49 years","Value",6841
"2024","Hinckley and Bosworth","E07000132","Total","Aged 50 - 54 years","Value",8012
"2024","Hinckley and Bosworth","E07000132","Total","Aged 55 - 59 years","Value",8544
"2024","Hinckley and Bosworth","E07000132","Total","Aged 60 - 64 years","Value",8019
"2024","Hinckley and Bosworth","E07000132","Total","Aged 65 - 69 years","Value",6750
"2024","Hinckley and Bosworth","E07000132","Total","Aged 70 - 74 years","Value",6521
"2024","Hinckley and Bosworth","E07000132","Total","Aged 75 - 79 years","Value",6279
"2024","Hinckley and Bosworth","E07000132","Total","Aged 80 - 84 years","Value",3842
"2024","Hinckley and Bosworth","E07000132","Total","Aged 85 and over","Value",3293
"2024","Melton","E07000133","Total","All ages","Value",53922
"2024","Melton","E07000133","Total","Aged under 1 year","Value",410
"2024","Melton","E07000133","Total","Aged 1 - 4 years","Value",1981
"2024","Melton","E07000133","Total","Aged 5 - 9 years","Value",2814
"2024","Melton","E07000133","Total","Aged 10 - 14 years","Value",3277
"2024","Melton","E07000133","Total","Aged 15 - 19 years","Value",2776
"2024","Melton","E07000133","Total","Aged 20 - 24 years","Value",2130
"2024","Melton","E07000133","Total","Aged 25 - 29 years","Value",2662
"2024","Melton","E07000133","Total","Aged 30 - 34 years","Value",2948
"2024","Melton","E07000133","Total","Aged 35 - 39 years","Value",3102
"2024","Melton","E07000133","Total","Aged 40 - 44 years","Value",3214
"2024","Melton","E07000133","Total","Aged 45 - 49 years","Value",2973
"2024","Melton","E07000133","Total","Aged 50 - 54 years","Value",3775
"2024","Melton","E07000133","Total","Aged 55 - 59 years","Value",4494
"2024","Melton","E07000133","Total","Aged 60 - 64 years","Value",4259
"2024","Melton","E07000133","Total","Aged 65 - 69 years","Value",3500
"2024","Melton","E07000133","Total","Aged 70 - 74 years","Value",3188
"2024","Melton","E07000133","Total","Aged 75 - 79 years","Value",3049
"2024","Melton","E07000133","Total","Aged 80 - 84 years","Value",1842
"2024","Melton","E07000133","Total","Aged 85 and over","Value",1528
"2024","North West Leicestershire","E07000134","Total","All ages","Value",111876
"2024","North West Leicestershire","E07000134","Total","Aged under 1 year","Value",1036
"2024","North West Leicestershire","E07000134","Total","Aged 1 - 4 years","Value",4615
"2024","North West Leicestershire","E07000134","Total","Aged 5 - 9 years","Value",6273
"2024","North West Leicestershire","E07000134","Total","Aged 10 - 14 years","Value",6473
"2024","North West Leicestershire","E07000134","Total","Aged 15 - 19 years","Value",5780
"2024","North West Leicestershire","E07000134","Total","Aged 20 - 24 years","Value",5662
"2024","North West Leicestershire","E07000134","Total","Aged 25 - 29 years","Value",6651
"2024","North West Leicestershire","E07000134","Total","Aged 30 - 34 years","Value",7858
"2024","North West Leicestershire","E07000134","Total","Aged 35 - 39 years","Value",7627
"2024","North West Leicestershire","E07000134","Total","Aged 40 - 44 years","Value",7158
"2024","North West Leicestershire","E07000134","Total","Aged 45 - 49 years","Value",6544
"2024","North West Leicestershire","E07000134","Total","Aged 50 - 54 years","Value",7989
"2024","North West Leicestershire","E07000134","Total","Aged 55 - 59 years","Value",8251
"2024","North West Leicestershire","E07000134","Total","Aged 60 - 64 years","Value",7411
"2024","North West Leicestershire","E07000134","Total","Aged 65 - 69 years","Value",6068
"2024","North West Leicestershire","E07000134","Total","Aged 70 - 74 years","Value",5544
"2024","North West Leicestershire","E07000134","Total","Aged 75 - 79 years","Value",5349
"2024","North West Leicestershire","E07000134","Total","Aged 80 - 84 years","Value",3133
"2024","North West Leicestershire","E07000134","Total","Aged 85 and over","Value",2454
"2024","Oadby and Wigston","E07000135","Total","All ages","Value",61293
"2024","Oadby and Wigston","E07000135","Total","Aged under 1 year","Value",538
"2024","Oadby and Wigston","E07000135","Total","Aged 1 - 4 years","Value",2559
"2024","Oadby and Wigston","E07000135","Total","Aged 5 - 9 years","Value",3761
"2024","Oadby and Wigston","E07000135","Total","Aged 10 - 14 years","Value",3991
"2024","Oadby and Wigston","E07000135","Total","Aged 15 - 19 years","Value",4556
"2024","Oadby and Wigston","E07000135","Total","Aged 20 - 24 years","Value",3265
"2024","Oadby and Wigston","E07000135","Total","Aged 25 - 29 years","Value",3301
"2024","Oadby and Wigston","E07000135","Total","Aged 30 - 34 years","Value",3746
"2024","Oadby and Wigston","E07000135","Total","Aged 35 - 39 years","Value",4071
"2024","Oadby and Wigston","E07000135","Total","Aged 40 - 44 years","Value",4075
"2024","Oadby and Wigston","E07000135","Total","Aged 45 - 49 years","Value",3577
"2024","Oadby and Wigston","E07000135","Total","Aged 50 - 54 years","Value",3621
"2024","Oadby and Wigston","E07000135","Total","Aged 55 - 59 years","Value",3823
"2024","Oadby and Wigston","E07000135","Total","Aged 60 - 64 years","Value",3777
"2024","Oadby and Wigston","E07000135","Total","Aged 65 - 69 years","Value",3139
"2024","Oadby and Wigston","E07000135","Total","Aged 70 - 74 years","Value",2848
"2024","Oadby and Wigston","E07000135","Total","Aged 75 - 79 years","Value",2732
"2024","Oadby and Wigston","E07000135","Total","Aged 80 - 84 years","Value",1863
"2024","Oadby and Wigston","E07000135","Total","Aged 85 and over","Value",2050
"2024","Boston","E07000136","Total","All ages","Value",72288
"2024","Boston","E07000136","Total","Aged under 1 year","Value",672
"2024","Boston","E07000136","Total","Aged 1 - 4 years","Value",3087
"2024","Boston","E07000136","Total","Aged 5 - 9 years","Value",4181
"2024","Boston","E07000136","Total","Aged 10 - 14 years","Value",4525
"2024","Boston","E07000136","Total","Aged 15 - 19 years","Value",4106
"2024","Boston","E07000136","Total","Aged 20 - 24 years","Value",3277
"2024","Boston","E07000136","Total","Aged 25 - 29 years","Value",3992
"2024","Boston","E07000136","Total","Aged 30 - 34 years","Value",4700
"2024","Boston","E07000136","Total","Aged 35 - 39 years","Value",5011
"2024","Boston","E07000136","Total","Aged 40 - 44 years","Value",4695
"2024","Boston","E07000136","Total","Aged 45 - 49 years","Value",4274
"2024","Boston","E07000136","Total","Aged 50 - 54 years","Value",4867
"2024","Boston","E07000136","Total","Aged 55 - 59 years","Value",5013
"2024","Boston","E07000136","Total","Aged 60 - 64 years","Value",4751
"2024","Boston","E07000136","Total","Aged 65 - 69 years","Value",4078
"2024","Boston","E07000136","Total","Aged 70 - 74 years","Value",3569
"2024","Boston","E07000136","Total","Aged 75 - 79 years","Value",3342
"2024","Boston","E07000136","Total","Aged 80 - 84 years","Value",2127
"2024","Boston","E07000136","Total","Aged 85 and over","Value",2021
"2024","East Lindsey","E07000137","Total","All ages","Value",145345
"2024","East Lindsey","E07000137","Total","Aged under 1 year","Value",933
"2024","East Lindsey","E07000137","Total","Aged 1 - 4 years","Value",4338
"2024","East Lindsey","E07000137","Total","Aged 5 - 9 years","Value",6372
"2024","East Lindsey","E07000137","Total","Aged 10 - 14 years","Value",7264
"2024","East Lindsey","E07000137","Total","Aged 15 - 19 years","Value",6737
"2024","East Lindsey","E07000137","Total","Aged 20 - 24 years","Value",5541
"2024","East Lindsey","E07000137","Total","Aged 25 - 29 years","Value",6450
"2024","East Lindsey","E07000137","Total","Aged 30 - 34 years","Value",6899
"2024","East Lindsey","E07000137","Total","Aged 35 - 39 years","Value",6858
"2024","East Lindsey","E07000137","Total","Aged 40 - 44 years","Value",6655
"2024","East Lindsey","E07000137","Total","Aged 45 - 49 years","Value",6574
"2024","East Lindsey","E07000137","Total","Aged 50 - 54 years","Value",9640
"2024","East Lindsey","E07000137","Total","Aged 55 - 59 years","Value",11886
"2024","East Lindsey","E07000137","Total","Aged 60 - 64 years","Value",13214
"2024","East Lindsey","E07000137","Total","Aged 65 - 69 years","Value",12296
"2024","East Lindsey","E07000137","Total","Aged 70 - 74 years","Value",11107
"2024","East Lindsey","E07000137","Total","Aged 75 - 79 years","Value",10739
"2024","East Lindsey","E07000137","Total","Aged 80 - 84 years","Value",6526
"2024","East Lindsey","E07000137","Total","Aged 85 and over","Value",5316
"2024","Lincoln","E07000138","Total","All ages","Value",104939
"2024","Lincoln","E07000138","Total","Aged under 1 year","Value",975
"2024","Lincoln","E07000138","Total","Aged 1 - 4 years","Value",3945
"2024","Lincoln","E07000138","Total","Aged 5 - 9 years","Value",5343
"2024","Lincoln","E07000138","Total","Aged 10 - 14 years","Value",5247
"2024","Lincoln","E07000138","Total","Aged 15 - 19 years","Value",8799
"2024","Lincoln","E07000138","Total","Aged 20 - 24 years","Value",12496
"2024","Lincoln","E07000138","Total","Aged 25 - 29 years","Value",7429
"2024","Lincoln","E07000138","Total","Aged 30 - 34 years","Value",8357
"2024","Lincoln","E07000138","Total","Aged 35 - 39 years","Value",7763
"2024","Lincoln","E07000138","Total","Aged 40 - 44 years","Value",6509
"2024","Lincoln","E07000138","Total","Aged 45 - 49 years","Value",5294
"2024","Lincoln","E07000138","Total","Aged 50 - 54 years","Value",5596
"2024","Lincoln","E07000138","Total","Aged 55 - 59 years","Value",5659
"2024","Lincoln","E07000138","Total","Aged 60 - 64 years","Value",5584
"2024","Lincoln","E07000138","Total","Aged 65 - 69 years","Value",4309
"2024","Lincoln","E07000138","Total","Aged 70 - 74 years","Value",3793
"2024","Lincoln","E07000138","Total","Aged 75 - 79 years","Value",3396
"2024","Lincoln","E07000138","Total","Aged 80 - 84 years","Value",2169
"2024","Lincoln","E07000138","Total","Aged 85 and over","Value",2276
"2024","North Kesteven","E07000139","Total","All ages","Value",122346
"2024","North Kesteven","E07000139","Total","Aged under 1 year","Value",913
"2024","North Kesteven","E07000139","Total","Aged 1 - 4 years","Value",4283
"2024","North Kesteven","E07000139","Total","Aged 5 - 9 years","Value",6521
"2024","North Kesteven","E07000139","Total","Aged 10 - 14 years","Value",7227
"2024","North Kesteven","E07000139","Total","Aged 15 - 19 years","Value",6238
"2024","North Kesteven","E07000139","Total","Aged 20 - 24 years","Value",5440
"2024","North Kesteven","E07000139","Total","Aged 25 - 29 years","Value",6655
"2024","North Kesteven","E07000139","Total","Aged 30 - 34 years","Value",7169
"2024","North Kesteven","E07000139","Total","Aged 35 - 39 years","Value",7640
"2024","North Kesteven","E07000139","Total","Aged 40 - 44 years","Value",7299
"2024","North Kesteven","E07000139","Total","Aged 45 - 49 years","Value",6673
"2024","North Kesteven","E07000139","Total","Aged 50 - 54 years","Value",8446
"2024","North Kesteven","E07000139","Total","Aged 55 - 59 years","Value",9430
"2024","North Kesteven","E07000139","Total","Aged 60 - 64 years","Value",9062
"2024","North Kesteven","E07000139","Total","Aged 65 - 69 years","Value",7297
"2024","North Kesteven","E07000139","Total","Aged 70 - 74 years","Value",6788
"2024","North Kesteven","E07000139","Total","Aged 75 - 79 years","Value",6925
"2024","North Kesteven","E07000139","Total","Aged 80 - 84 years","Value",4534
"2024","North Kesteven","E07000139","Total","Aged 85 and over","Value",3806
"2024","South Holland","E07000140","Total","All ages","Value",99638
"2024","South Holland","E07000140","Total","Aged under 1 year","Value",829
"2024","South Holland","E07000140","Total","Aged 1 - 4 years","Value",3873
"2024","South Holland","E07000140","Total","Aged 5 - 9 years","Value",5439
"2024","South Holland","E07000140","Total","Aged 10 - 14 years","Value",5663
"2024","South Holland","E07000140","Total","Aged 15 - 19 years","Value",4880
"2024","South Holland","E07000140","Total","Aged 20 - 24 years","Value",4106
"2024","South Holland","E07000140","Total","Aged 25 - 29 years","Value",5298
"2024","South Holland","E07000140","Total","Aged 30 - 34 years","Value",6003
"2024","South Holland","E07000140","Total","Aged 35 - 39 years","Value",6381
"2024","South Holland","E07000140","Total","Aged 40 - 44 years","Value",5929
"2024","South Holland","E07000140","Total","Aged 45 - 49 years","Value",5637
"2024","South Holland","E07000140","Total","Aged 50 - 54 years","Value",6778
"2024","South Holland","E07000140","Total","Aged 55 - 59 years","Value",7462
"2024","South Holland","E07000140","Total","Aged 60 - 64 years","Value",7277
"2024","South Holland","E07000140","Total","Aged 65 - 69 years","Value",6094
"2024","South Holland","E07000140","Total","Aged 70 - 74 years","Value",5512
"2024","South Holland","E07000140","Total","Aged 75 - 79 years","Value",5555
"2024","South Holland","E07000140","Total","Aged 80 - 84 years","Value",3543
"2024","South Holland","E07000140","Total","Aged 85 and over","Value",3379
"2024","South Kesteven","E07000141","Total","All ages","Value",147049
"2024","South Kesteven","E07000141","Total","Aged under 1 year","Value",1120
"2024","South Kesteven","E07000141","Total","Aged 1 - 4 years","Value",5366
"2024","South Kesteven","E07000141","Total","Aged 5 - 9 years","Value",8082
"2024","South Kesteven","E07000141","Total","Aged 10 - 14 years","Value",8901
"2024","South Kesteven","E07000141","Total","Aged 15 - 19 years","Value",8000
"2024","South Kesteven","E07000141","Total","Aged 20 - 24 years","Value",5577
"2024","South Kesteven","E07000141","Total","Aged 25 - 29 years","Value",7644
"2024","South Kesteven","E07000141","Total","Aged 30 - 34 years","Value",8387
"2024","South Kesteven","E07000141","Total","Aged 35 - 39 years","Value",8940
"2024","South Kesteven","E07000141","Total","Aged 40 - 44 years","Value",9117
"2024","South Kesteven","E07000141","Total","Aged 45 - 49 years","Value",8584
"2024","South Kesteven","E07000141","Total","Aged 50 - 54 years","Value",10365
"2024","South Kesteven","E07000141","Total","Aged 55 - 59 years","Value",11185
"2024","South Kesteven","E07000141","Total","Aged 60 - 64 years","Value",10545
"2024","South Kesteven","E07000141","Total","Aged 65 - 69 years","Value",8973
"2024","South Kesteven","E07000141","Total","Aged 70 - 74 years","Value",8354
"2024","South Kesteven","E07000141","Total","Aged 75 - 79 years","Value",8249
"2024","South Kesteven","E07000141","Total","Aged 80 - 84 years","Value",5108
"2024","South Kesteven","E07000141","Total","Aged 85 and over","Value",4552
"2024","West Lindsey","E07000142","Total","All ages","Value",98928
"2024","West Lindsey","E07000142","Total","Aged under 1 year","Value",711
"2024","West Lindsey","E07000142","Total","Aged 1 - 4 years","Value",3428
"2024","West Lindsey","E07000142","Total","Aged 5 - 9 years","Value",5267
"2024","West Lindsey","E07000142","Total","Aged 10 - 14 years","Value",5796
"2024","West Lindsey","E07000142","Total","Aged 15 - 19 years","Value",4958
"2024","West Lindsey","E07000142","Total","Aged 20 - 24 years","Value",3820
"2024","West Lindsey","E07000142","Total","Aged 25 - 29 years","Value",4923
"2024","West Lindsey","E07000142","Total","Aged 30 - 34 years","Value",5451
"2024","West Lindsey","E07000142","Total","Aged 35 - 39 years","Value",5719
"2024","West Lindsey","E07000142","Total","Aged 40 - 44 years","Value",5578
"2024","West Lindsey","E07000142","Total","Aged 45 - 49 years","Value",5368
"2024","West Lindsey","E07000142","Total","Aged 50 - 54 years","Value",6607
"2024","West Lindsey","E07000142","Total","Aged 55 - 59 years","Value",7917
"2024","West Lindsey","E07000142","Total","Aged 60 - 64 years","Value",7785
"2024","West Lindsey","E07000142","Total","Aged 65 - 69 years","Value",6820
"2024","West Lindsey","E07000142","Total","Aged 70 - 74 years","Value",6076
"2024","West Lindsey","E07000142","Total","Aged 75 - 79 years","Value",5937
"2024","West Lindsey","E07000142","Total","Aged 80 - 84 years","Value",3792
"2024","West Lindsey","E07000142","Total","Aged 85 and over","Value",2975
"2024","Ashfield","E07000170","Total","All ages","Value",129210
"2024","Ashfield","E07000170","Total","Aged under 1 year","Value",1210
"2024","Ashfield","E07000170","Total","Aged 1 - 4 years","Value",5399
"2024","Ashfield","E07000170","Total","Aged 5 - 9 years","Value",7501
"2024","Ashfield","E07000170","Total","Aged 10 - 14 years","Value",8073
"2024","Ashfield","E07000170","Total","Aged 15 - 19 years","Value",7158
"2024","Ashfield","E07000170","Total","Aged 20 - 24 years","Value",5973
"2024","Ashfield","E07000170","Total","Aged 25 - 29 years","Value",7694
"2024","Ashfield","E07000170","Total","Aged 30 - 34 years","Value",8840
"2024","Ashfield","E07000170","Total","Aged 35 - 39 years","Value",9041
"2024","Ashfield","E07000170","Total","Aged 40 - 44 years","Value",8028
"2024","Ashfield","E07000170","Total","Aged 45 - 49 years","Value",7374
"2024","Ashfield","E07000170","Total","Aged 50 - 54 years","Value",8810
"2024","Ashfield","E07000170","Total","Aged 55 - 59 years","Value",9448
"2024","Ashfield","E07000170","Total","Aged 60 - 64 years","Value",8631
"2024","Ashfield","E07000170","Total","Aged 65 - 69 years","Value",6812
"2024","Ashfield","E07000170","Total","Aged 70 - 74 years","Value",6204
"2024","Ashfield","E07000170","Total","Aged 75 - 79 years","Value",5835
"2024","Ashfield","E07000170","Total","Aged 80 - 84 years","Value",3973
"2024","Ashfield","E07000170","Total","Aged 85 and over","Value",3206
"2024","Bassetlaw","E07000171","Total","All ages","Value",124742
"2024","Bassetlaw","E07000171","Total","Aged under 1 year","Value",1189
"2024","Bassetlaw","E07000171","Total","Aged 1 - 4 years","Value",5086
"2024","Bassetlaw","E07000171","Total","Aged 5 - 9 years","Value",6881
"2024","Bassetlaw","E07000171","Total","Aged 10 - 14 years","Value",7179
"2024","Bassetlaw","E07000171","Total","Aged 15 - 19 years","Value",6407
"2024","Bassetlaw","E07000171","Total","Aged 20 - 24 years","Value",5218
"2024","Bassetlaw","E07000171","Total","Aged 25 - 29 years","Value",7202
"2024","Bassetlaw","E07000171","Total","Aged 30 - 34 years","Value",8077
"2024","Bassetlaw","E07000171","Total","Aged 35 - 39 years","Value",7998
"2024","Bassetlaw","E07000171","Total","Aged 40 - 44 years","Value",7416
"2024","Bassetlaw","E07000171","Total","Aged 45 - 49 years","Value",7010
"2024","Bassetlaw","E07000171","Total","Aged 50 - 54 years","Value",8477
"2024","Bassetlaw","E07000171","Total","Aged 55 - 59 years","Value",9546
"2024","Bassetlaw","E07000171","Total","Aged 60 - 64 years","Value",9011
"2024","Bassetlaw","E07000171","Total","Aged 65 - 69 years","Value",7462
"2024","Bassetlaw","E07000171","Total","Aged 70 - 74 years","Value",6555
"2024","Bassetlaw","E07000171","Total","Aged 75 - 79 years","Value",6474
"2024","Bassetlaw","E07000171","Total","Aged 80 - 84 years","Value",4002
"2024","Bassetlaw","E07000171","Total","Aged 85 and over","Value",3552
"2024","Broxtowe","E07000172","Total","All ages","Value",114124
"2024","Broxtowe","E07000172","Total","Aged under 1 year","Value",950
"2024","Broxtowe","E07000172","Total","Aged 1 - 4 years","Value",4193
"2024","Broxtowe","E07000172","Total","Aged 5 - 9 years","Value",5959
"2024","Broxtowe","E07000172","Total","Aged 10 - 14 years","Value",6451
"2024","Broxtowe","E07000172","Total","Aged 15 - 19 years","Value",6225
"2024","Broxtowe","E07000172","Total","Aged 20 - 24 years","Value",7314
"2024","Broxtowe","E07000172","Total","Aged 25 - 29 years","Value",7053
"2024","Broxtowe","E07000172","Total","Aged 30 - 34 years","Value",7641
"2024","Broxtowe","E07000172","Total","Aged 35 - 39 years","Value",7661
"2024","Broxtowe","E07000172","Total","Aged 40 - 44 years","Value",7026
"2024","Broxtowe","E07000172","Total","Aged 45 - 49 years","Value",6468
"2024","Broxtowe","E07000172","Total","Aged 50 - 54 years","Value",7101
"2024","Broxtowe","E07000172","Total","Aged 55 - 59 years","Value",7880
"2024","Broxtowe","E07000172","Total","Aged 60 - 64 years","Value",7343
"2024","Broxtowe","E07000172","Total","Aged 65 - 69 years","Value",6166
"2024","Broxtowe","E07000172","Total","Aged 70 - 74 years","Value",5788
"2024","Broxtowe","E07000172","Total","Aged 75 - 79 years","Value",5886
"2024","Broxtowe","E07000172","Total","Aged 80 - 84 years","Value",3623
"2024","Broxtowe","E07000172","Total","Aged 85 and over","Value",3396
"2024","Gedling","E07000173","Total","All ages","Value",119996
"2024","Gedling","E07000173","Total","Aged under 1 year","Value",1057
"2024","Gedling","E07000173","Total","Aged 1 - 4 years","Value",4604
"2024","Gedling","E07000173","Total","Aged 5 - 9 years","Value",6752
"2024","Gedling","E07000173","Total","Aged 10 - 14 years","Value",7162
"2024","Gedling","E07000173","Total","Aged 15 - 19 years","Value",6286
"2024","Gedling","E07000173","Total","Aged 20 - 24 years","Value",4919
"2024","Gedling","E07000173","Total","Aged 25 - 29 years","Value",6647
"2024","Gedling","E07000173","Total","Aged 30 - 34 years","Value",8076
"2024","Gedling","E07000173","Total","Aged 35 - 39 years","Value",8359
"2024","Gedling","E07000173","Total","Aged 40 - 44 years","Value",7924
"2024","Gedling","E07000173","Total","Aged 45 - 49 years","Value",7043
"2024","Gedling","E07000173","Total","Aged 50 - 54 years","Value",8155
"2024","Gedling","E07000173","Total","Aged 55 - 59 years","Value",8641
"2024","Gedling","E07000173","Total","Aged 60 - 64 years","Value",8190
"2024","Gedling","E07000173","Total","Aged 65 - 69 years","Value",6643
"2024","Gedling","E07000173","Total","Aged 70 - 74 years","Value",6283
"2024","Gedling","E07000173","Total","Aged 75 - 79 years","Value",5973
"2024","Gedling","E07000173","Total","Aged 80 - 84 years","Value",3720
"2024","Gedling","E07000173","Total","Aged 85 and over","Value",3562
"2024","Mansfield","E07000174","Total","All ages","Value",113291
"2024","Mansfield","E07000174","Total","Aged under 1 year","Value",1038
"2024","Mansfield","E07000174","Total","Aged 1 - 4 years","Value",4858
"2024","Mansfield","E07000174","Total","Aged 5 - 9 years","Value",6673
"2024","Mansfield","E07000174","Total","Aged 10 - 14 years","Value",7020
"2024","Mansfield","E07000174","Total","Aged 15 - 19 years","Value",6075
"2024","Mansfield","E07000174","Total","Aged 20 - 24 years","Value",4954
"2024","Mansfield","E07000174","Total","Aged 25 - 29 years","Value",6505
"2024","Mansfield","E07000174","Total","Aged 30 - 34 years","Value",8228
"2024","Mansfield","E07000174","Total","Aged 35 - 39 years","Value",8276
"2024","Mansfield","E07000174","Total","Aged 40 - 44 years","Value",7643
"2024","Mansfield","E07000174","Total","Aged 45 - 49 years","Value",6369
"2024","Mansfield","E07000174","Total","Aged 50 - 54 years","Value",7245
"2024","Mansfield","E07000174","Total","Aged 55 - 59 years","Value",8130
"2024","Mansfield","E07000174","Total","Aged 60 - 64 years","Value",7760
"2024","Mansfield","E07000174","Total","Aged 65 - 69 years","Value",6377
"2024","Mansfield","E07000174","Total","Aged 70 - 74 years","Value",5402
"2024","Mansfield","E07000174","Total","Aged 75 - 79 years","Value",4877
"2024","Mansfield","E07000174","Total","Aged 80 - 84 years","Value",3142
"2024","Mansfield","E07000174","Total","Aged 85 and over","Value",2719
"2024","Newark and Sherwood","E07000175","Total","All ages","Value",127863
"2024","Newark and Sherwood","E07000175","Total","Aged under 1 year","Value",1107
"2024","Newark and Sherwood","E07000175","Total","Aged 1 - 4 years","Value",4969
"2024","Newark and Sherwood","E07000175","Total","Aged 5 - 9 years","Value",6816
"2024","Newark and Sherwood","E07000175","Total","Aged 10 - 14 years","Value",7312
"2024","Newark and Sherwood","E07000175","Total","Aged 15 - 19 years","Value",6661
"2024","Newark and Sherwood","E07000175","Total","Aged 20 - 24 years","Value",5675
"2024","Newark and Sherwood","E07000175","Total","Aged 25 - 29 years","Value",7064
"2024","Newark and Sherwood","E07000175","Total","Aged 30 - 34 years","Value",8109
"2024","Newark and Sherwood","E07000175","Total","Aged 35 - 39 years","Value",8268
"2024","Newark and Sherwood","E07000175","Total","Aged 40 - 44 years","Value",7702
"2024","Newark and Sherwood","E07000175","Total","Aged 45 - 49 years","Value",7151
"2024","Newark and Sherwood","E07000175","Total","Aged 50 - 54 years","Value",8659
"2024","Newark and Sherwood","E07000175","Total","Aged 55 - 59 years","Value",9681
"2024","Newark and Sherwood","E07000175","Total","Aged 60 - 64 years","Value",9141
"2024","Newark and Sherwood","E07000175","Total","Aged 65 - 69 years","Value",7852
"2024","Newark and Sherwood","E07000175","Total","Aged 70 - 74 years","Value",7029
"2024","Newark and Sherwood","E07000175","Total","Aged 75 - 79 years","Value",6783
"2024","Newark and Sherwood","E07000175","Total","Aged 80 - 84 years","Value",4189
"2024","Newark and Sherwood","E07000175","Total","Aged 85 and over","Value",3695
"2024","Rushcliffe","E07000176","Total","All ages","Value",126124
"2024","Rushcliffe","E07000176","Total","Aged under 1 year","Value",995
"2024","Rushcliffe","E07000176","Total","Aged 1 - 4 years","Value",4848
"2024","Rushcliffe","E07000176","Total","Aged 5 - 9 years","Value",7284
"2024","Rushcliffe","E07000176","Total","Aged 10 - 14 years","Value",7984
"2024","Rushcliffe","E07000176","Total","Aged 15 - 19 years","Value",6950
"2024","Rushcliffe","E07000176","Total","Aged 20 - 24 years","Value",6198
"2024","Rushcliffe","E07000176","Total","Aged 25 - 29 years","Value",6576
"2024","Rushcliffe","E07000176","Total","Aged 30 - 34 years","Value",7334
"2024","Rushcliffe","E07000176","Total","Aged 35 - 39 years","Value",7799
"2024","Rushcliffe","E07000176","Total","Aged 40 - 44 years","Value",8531
"2024","Rushcliffe","E07000176","Total","Aged 45 - 49 years","Value",8057
"2024","Rushcliffe","E07000176","Total","Aged 50 - 54 years","Value",8514
"2024","Rushcliffe","E07000176","Total","Aged 55 - 59 years","Value",8869
"2024","Rushcliffe","E07000176","Total","Aged 60 - 64 years","Value",8264
"2024","Rushcliffe","E07000176","Total","Aged 65 - 69 years","Value",6909
"2024","Rushcliffe","E07000176","Total","Aged 70 - 74 years","Value",6456
"2024","Rushcliffe","E07000176","Total","Aged 75 - 79 years","Value",6306
"2024","Rushcliffe","E07000176","Total","Aged 80 - 84 years","Value",4123
"2024","Rushcliffe","E07000176","Total","Aged 85 and over","Value",4127
"2024","Herefordshire, County of","E06000019","Total","All ages","Value",192067
"2024","Herefordshire, County of","E06000019","Total","Aged under 1 year","Value",1591
"2024","Herefordshire, County of","E06000019","Total","Aged 1 - 4 years","Value",6699
"2024","Herefordshire, County of","E06000019","Total","Aged 5 - 9 years","Value",9400
"2024","Herefordshire, County of","E06000019","Total","Aged 10 - 14 years","Value",10363
"2024","Herefordshire, County of","E06000019","Total","Aged 15 - 19 years","Value",9382
"2024","Herefordshire, County of","E06000019","Total","Aged 20 - 24 years","Value",7464
"2024","Herefordshire, County of","E06000019","Total","Aged 25 - 29 years","Value",9436
"2024","Herefordshire, County of","E06000019","Total","Aged 30 - 34 years","Value",10897
"2024","Herefordshire, County of","E06000019","Total","Aged 35 - 39 years","Value",11413
"2024","Herefordshire, County of","E06000019","Total","Aged 40 - 44 years","Value",11045
"2024","Herefordshire, County of","E06000019","Total","Aged 45 - 49 years","Value",10231
"2024","Herefordshire, County of","E06000019","Total","Aged 50 - 54 years","Value",12503
"2024","Herefordshire, County of","E06000019","Total","Aged 55 - 59 years","Value",14947
"2024","Herefordshire, County of","E06000019","Total","Aged 60 - 64 years","Value",14914
"2024","Herefordshire, County of","E06000019","Total","Aged 65 - 69 years","Value",13413
"2024","Herefordshire, County of","E06000019","Total","Aged 70 - 74 years","Value",12183
"2024","Herefordshire, County of","E06000019","Total","Aged 75 - 79 years","Value",11700
"2024","Herefordshire, County of","E06000019","Total","Aged 80 - 84 years","Value",7446
"2024","Herefordshire, County of","E06000019","Total","Aged 85 and over","Value",7040
"2024","Telford and Wrekin","E06000020","Total","All ages","Value",196090
"2024","Telford and Wrekin","E06000020","Total","Aged under 1 year","Value",1939
"2024","Telford and Wrekin","E06000020","Total","Aged 1 - 4 years","Value",8844
"2024","Telford and Wrekin","E06000020","Total","Aged 5 - 9 years","Value",12124
"2024","Telford and Wrekin","E06000020","Total","Aged 10 - 14 years","Value",13245
"2024","Telford and Wrekin","E06000020","Total","Aged 15 - 19 years","Value",12083
"2024","Telford and Wrekin","E06000020","Total","Aged 20 - 24 years","Value",10560
"2024","Telford and Wrekin","E06000020","Total","Aged 25 - 29 years","Value",11873
"2024","Telford and Wrekin","E06000020","Total","Aged 30 - 34 years","Value",13567
"2024","Telford and Wrekin","E06000020","Total","Aged 35 - 39 years","Value",14081
"2024","Telford and Wrekin","E06000020","Total","Aged 40 - 44 years","Value",12814
"2024","Telford and Wrekin","E06000020","Total","Aged 45 - 49 years","Value",11434
"2024","Telford and Wrekin","E06000020","Total","Aged 50 - 54 years","Value",13151
"2024","Telford and Wrekin","E06000020","Total","Aged 55 - 59 years","Value",13446
"2024","Telford and Wrekin","E06000020","Total","Aged 60 - 64 years","Value",11865
"2024","Telford and Wrekin","E06000020","Total","Aged 65 - 69 years","Value",9626
"2024","Telford and Wrekin","E06000020","Total","Aged 70 - 74 years","Value",8714
"2024","Telford and Wrekin","E06000020","Total","Aged 75 - 79 years","Value",7717
"2024","Telford and Wrekin","E06000020","Total","Aged 80 - 84 years","Value",4954
"2024","Telford and Wrekin","E06000020","Total","Aged 85 and over","Value",4053
"2024","Stoke-on-Trent","E06000021","Total","All ages","Value",270010
"2024","Stoke-on-Trent","E06000021","Total","Aged under 1 year","Value",3207
"2024","Stoke-on-Trent","E06000021","Total","Aged 1 - 4 years","Value",13133
"2024","Stoke-on-Trent","E06000021","Total","Aged 5 - 9 years","Value",16936
"2024","Stoke-on-Trent","E06000021","Total","Aged 10 - 14 years","Value",17868
"2024","Stoke-on-Trent","E06000021","Total","Aged 15 - 19 years","Value",17090
"2024","Stoke-on-Trent","E06000021","Total","Aged 20 - 24 years","Value",16786
"2024","Stoke-on-Trent","E06000021","Total","Aged 25 - 29 years","Value",18220
"2024","Stoke-on-Trent","E06000021","Total","Aged 30 - 34 years","Value",20014
"2024","Stoke-on-Trent","E06000021","Total","Aged 35 - 39 years","Value",20039
"2024","Stoke-on-Trent","E06000021","Total","Aged 40 - 44 years","Value",17765
"2024","Stoke-on-Trent","E06000021","Total","Aged 45 - 49 years","Value",14909
"2024","Stoke-on-Trent","E06000021","Total","Aged 50 - 54 years","Value",16243
"2024","Stoke-on-Trent","E06000021","Total","Aged 55 - 59 years","Value",16488
"2024","Stoke-on-Trent","E06000021","Total","Aged 60 - 64 years","Value",15176
"2024","Stoke-on-Trent","E06000021","Total","Aged 65 - 69 years","Value",13058
"2024","Stoke-on-Trent","E06000021","Total","Aged 70 - 74 years","Value",10890
"2024","Stoke-on-Trent","E06000021","Total","Aged 75 - 79 years","Value",10088
"2024","Stoke-on-Trent","E06000021","Total","Aged 80 - 84 years","Value",6375
"2024","Stoke-on-Trent","E06000021","Total","Aged 85 and over","Value",5725
"2024","Shropshire","E06000051","Total","All ages","Value",331751
"2024","Shropshire","E06000051","Total","Aged under 1 year","Value",2475
"2024","Shropshire","E06000051","Total","Aged 1 - 4 years","Value",11550
"2024","Shropshire","E06000051","Total","Aged 5 - 9 years","Value",16275
"2024","Shropshire","E06000051","Total","Aged 10 - 14 years","Value",17909
"2024","Shropshire","E06000051","Total","Aged 15 - 19 years","Value",17436
"2024","Shropshire","E06000051","Total","Aged 20 - 24 years","Value",13790
"2024","Shropshire","E06000051","Total","Aged 25 - 29 years","Value",16451
"2024","Shropshire","E06000051","Total","Aged 30 - 34 years","Value",18528
"2024","Shropshire","E06000051","Total","Aged 35 - 39 years","Value",19145
"2024","Shropshire","E06000051","Total","Aged 40 - 44 years","Value",18120
"2024","Shropshire","E06000051","Total","Aged 45 - 49 years","Value",17287
"2024","Shropshire","E06000051","Total","Aged 50 - 54 years","Value",22502
"2024","Shropshire","E06000051","Total","Aged 55 - 59 years","Value",26224
"2024","Shropshire","E06000051","Total","Aged 60 - 64 years","Value",25928
"2024","Shropshire","E06000051","Total","Aged 65 - 69 years","Value",22279
"2024","Shropshire","E06000051","Total","Aged 70 - 74 years","Value",20369
"2024","Shropshire","E06000051","Total","Aged 75 - 79 years","Value",20045
"2024","Shropshire","E06000051","Total","Aged 80 - 84 years","Value",13293
"2024","Shropshire","E06000051","Total","Aged 85 and over","Value",12145
"2024","Cannock Chase","E07000192","Total","All ages","Value",103955
"2024","Cannock Chase","E07000192","Total","Aged under 1 year","Value",945
"2024","Cannock Chase","E07000192","Total","Aged 1 - 4 years","Value",4372
"2024","Cannock Chase","E07000192","Total","Aged 5 - 9 years","Value",5793
"2024","Cannock Chase","E07000192","Total","Aged 10 - 14 years","Value",6046
"2024","Cannock Chase","E07000192","Total","Aged 15 - 19 years","Value",5481
"2024","Cannock Chase","E07000192","Total","Aged 20 - 24 years","Value",4810
"2024","Cannock Chase","E07000192","Total","Aged 25 - 29 years","Value",6734
"2024","Cannock Chase","E07000192","Total","Aged 30 - 34 years","Value",7666
"2024","Cannock Chase","E07000192","Total","Aged 35 - 39 years","Value",7226
"2024","Cannock Chase","E07000192","Total","Aged 40 - 44 years","Value",6542
"2024","Cannock Chase","E07000192","Total","Aged 45 - 49 years","Value",5472
"2024","Cannock Chase","E07000192","Total","Aged 50 - 54 years","Value",7248
"2024","Cannock Chase","E07000192","Total","Aged 55 - 59 years","Value",7798
"2024","Cannock Chase","E07000192","Total","Aged 60 - 64 years","Value",6944
"2024","Cannock Chase","E07000192","Total","Aged 65 - 69 years","Value",5668
"2024","Cannock Chase","E07000192","Total","Aged 70 - 74 years","Value",4948
"2024","Cannock Chase","E07000192","Total","Aged 75 - 79 years","Value",4641
"2024","Cannock Chase","E07000192","Total","Aged 80 - 84 years","Value",2973
"2024","Cannock Chase","E07000192","Total","Aged 85 and over","Value",2648
"2024","East Staffordshire","E07000193","Total","All ages","Value",130069
"2024","East Staffordshire","E07000193","Total","Aged under 1 year","Value",1323
"2024","East Staffordshire","E07000193","Total","Aged 1 - 4 years","Value",5937
"2024","East Staffordshire","E07000193","Total","Aged 5 - 9 years","Value",7697
"2024","East Staffordshire","E07000193","Total","Aged 10 - 14 years","Value",8156
"2024","East Staffordshire","E07000193","Total","Aged 15 - 19 years","Value",7304
"2024","East Staffordshire","E07000193","Total","Aged 20 - 24 years","Value",6171
"2024","East Staffordshire","E07000193","Total","Aged 25 - 29 years","Value",7836
"2024","East Staffordshire","E07000193","Total","Aged 30 - 34 years","Value",9240
"2024","East Staffordshire","E07000193","Total","Aged 35 - 39 years","Value",9148
"2024","East Staffordshire","E07000193","Total","Aged 40 - 44 years","Value",8468
"2024","East Staffordshire","E07000193","Total","Aged 45 - 49 years","Value",7486
"2024","East Staffordshire","E07000193","Total","Aged 50 - 54 years","Value",8529
"2024","East Staffordshire","E07000193","Total","Aged 55 - 59 years","Value",9291
"2024","East Staffordshire","E07000193","Total","Aged 60 - 64 years","Value",8408
"2024","East Staffordshire","E07000193","Total","Aged 65 - 69 years","Value",6967
"2024","East Staffordshire","E07000193","Total","Aged 70 - 74 years","Value",5917
"2024","East Staffordshire","E07000193","Total","Aged 75 - 79 years","Value",5420
"2024","East Staffordshire","E07000193","Total","Aged 80 - 84 years","Value",3633
"2024","East Staffordshire","E07000193","Total","Aged 85 and over","Value",3138
"2024","Lichfield","E07000194","Total","All ages","Value",111710
"2024","Lichfield","E07000194","Total","Aged under 1 year","Value",961
"2024","Lichfield","E07000194","Total","Aged 1 - 4 years","Value",4290
"2024","Lichfield","E07000194","Total","Aged 5 - 9 years","Value",5909
"2024","Lichfield","E07000194","Total","Aged 10 - 14 years","Value",6275
"2024","Lichfield","E07000194","Total","Aged 15 - 19 years","Value",5668
"2024","Lichfield","E07000194","Total","Aged 20 - 24 years","Value",4953
"2024","Lichfield","E07000194","Total","Aged 25 - 29 years","Value",6078
"2024","Lichfield","E07000194","Total","Aged 30 - 34 years","Value",7116
"2024","Lichfield","E07000194","Total","Aged 35 - 39 years","Value",6837
"2024","Lichfield","E07000194","Total","Aged 40 - 44 years","Value",6619
"2024","Lichfield","E07000194","Total","Aged 45 - 49 years","Value",6461
"2024","Lichfield","E07000194","Total","Aged 50 - 54 years","Value",7678
"2024","Lichfield","E07000194","Total","Aged 55 - 59 years","Value",8330
"2024","Lichfield","E07000194","Total","Aged 60 - 64 years","Value",7606
"2024","Lichfield","E07000194","Total","Aged 65 - 69 years","Value",6410
"2024","Lichfield","E07000194","Total","Aged 70 - 74 years","Value",6051
"2024","Lichfield","E07000194","Total","Aged 75 - 79 years","Value",6486
"2024","Lichfield","E07000194","Total","Aged 80 - 84 years","Value",4448
"2024","Lichfield","E07000194","Total","Aged 85 and over","Value",3534
"2024","Newcastle-under-Lyme","E07000195","Total","All ages","Value",127474
"2024","Newcastle-under-Lyme","E07000195","Total","Aged under 1 year","Value",1013
"2024","Newcastle-under-Lyme","E07000195","Total","Aged 1 - 4 years","Value",4781
"2024","Newcastle-under-Lyme","E07000195","Total","Aged 5 - 9 years","Value",6477
"2024","Newcastle-under-Lyme","E07000195","Total","Aged 10 - 14 years","Value",6805
"2024","Newcastle-under-Lyme","E07000195","Total","Aged 15 - 19 years","Value",8150
"2024","Newcastle-under-Lyme","E07000195","Total","Aged 20 - 24 years","Value",9557
"2024","Newcastle-under-Lyme","E07000195","Total","Aged 25 - 29 years","Value",6964
"2024","Newcastle-under-Lyme","E07000195","Total","Aged 30 - 34 years","Value",7758
"2024","Newcastle-under-Lyme","E07000195","Total","Aged 35 - 39 years","Value",8074
"2024","Newcastle-under-Lyme","E07000195","Total","Aged 40 - 44 years","Value",7469
"2024","Newcastle-under-Lyme","E07000195","Total","Aged 45 - 49 years","Value",7036
"2024","Newcastle-under-Lyme","E07000195","Total","Aged 50 - 54 years","Value",8306
"2024","Newcastle-under-Lyme","E07000195","Total","Aged 55 - 59 years","Value",8776
"2024","Newcastle-under-Lyme","E07000195","Total","Aged 60 - 64 years","Value",8525
"2024","Newcastle-under-Lyme","E07000195","Total","Aged 65 - 69 years","Value",7247
"2024","Newcastle-under-Lyme","E07000195","Total","Aged 70 - 74 years","Value",6474
"2024","Newcastle-under-Lyme","E07000195","Total","Aged 75 - 79 years","Value",6252
"2024","Newcastle-under-Lyme","E07000195","Total","Aged 80 - 84 years","Value",3984
"2024","Newcastle-under-Lyme","E07000195","Total","Aged 85 and over","Value",3826
"2024","South Staffordshire","E07000196","Total","All ages","Value",114174
"2024","South Staffordshire","E07000196","Total","Aged under 1 year","Value",793
"2024","South Staffordshire","E07000196","Total","Aged 1 - 4 years","Value",4084
"2024","South Staffordshire","E07000196","Total","Aged 5 - 9 years","Value",5721
"2024","South Staffordshire","E07000196","Total","Aged 10 - 14 years","Value",6133
"2024","South Staffordshire","E07000196","Total","Aged 15 - 19 years","Value",5524
"2024","South Staffordshire","E07000196","Total","Aged 20 - 24 years","Value",4735
"2024","South Staffordshire","E07000196","Total","Aged 25 - 29 years","Value",6080
"2024","South Staffordshire","E07000196","Total","Aged 30 - 34 years","Value",6650
"2024","South Staffordshire","E07000196","Total","Aged 35 - 39 years","Value",6909
"2024","South Staffordshire","E07000196","Total","Aged 40 - 44 years","Value",6651
"2024","South Staffordshire","E07000196","Total","Aged 45 - 49 years","Value",6106
"2024","South Staffordshire","E07000196","Total","Aged 50 - 54 years","Value",7705
"2024","South Staffordshire","E07000196","Total","Aged 55 - 59 years","Value",8824
"2024","South Staffordshire","E07000196","Total","Aged 60 - 64 years","Value",8657
"2024","South Staffordshire","E07000196","Total","Aged 65 - 69 years","Value",7425
"2024","South Staffordshire","E07000196","Total","Aged 70 - 74 years","Value",6712
"2024","South Staffordshire","E07000196","Total","Aged 75 - 79 years","Value",6608
"2024","South Staffordshire","E07000196","Total","Aged 80 - 84 years","Value",4731
"2024","South Staffordshire","E07000196","Total","Aged 85 and over","Value",4126
"2024","Stafford","E07000197","Total","All ages","Value",141610
"2024","Stafford","E07000197","Total","Aged under 1 year","Value",1194
"2024","Stafford","E07000197","Total","Aged 1 - 4 years","Value",5428
"2024","Stafford","E07000197","Total","Aged 5 - 9 years","Value",7533
"2024","Stafford","E07000197","Total","Aged 10 - 14 years","Value",7887
"2024","Stafford","E07000197","Total","Aged 15 - 19 years","Value",7176
"2024","Stafford","E07000197","Total","Aged 20 - 24 years","Value",5706
"2024","Stafford","E07000197","Total","Aged 25 - 29 years","Value",7942
"2024","Stafford","E07000197","Total","Aged 30 - 34 years","Value",9221
"2024","Stafford","E07000197","Total","Aged 35 - 39 years","Value",9318
"2024","Stafford","E07000197","Total","Aged 40 - 44 years","Value",8863
"2024","Stafford","E07000197","Total","Aged 45 - 49 years","Value",7916
"2024","Stafford","E07000197","Total","Aged 50 - 54 years","Value",9762
"2024","Stafford","E07000197","Total","Aged 55 - 59 years","Value",10595
"2024","Stafford","E07000197","Total","Aged 60 - 64 years","Value",9957
"2024","Stafford","E07000197","Total","Aged 65 - 69 years","Value",8345
"2024","Stafford","E07000197","Total","Aged 70 - 74 years","Value",7642
"2024","Stafford","E07000197","Total","Aged 75 - 79 years","Value",7497
"2024","Stafford","E07000197","Total","Aged 80 - 84 years","Value",5115
"2024","Stafford","E07000197","Total","Aged 85 and over","Value",4513
"2024","Staffordshire Moorlands","E07000198","Total","All ages","Value",96528
"2024","Staffordshire Moorlands","E07000198","Total","Aged under 1 year","Value",695
"2024","Staffordshire Moorlands","E07000198","Total","Aged 1 - 4 years","Value",3181
"2024","Staffordshire Moorlands","E07000198","Total","Aged 5 - 9 years","Value",4642
"2024","Staffordshire Moorlands","E07000198","Total","Aged 10 - 14 years","Value",5251
"2024","Staffordshire Moorlands","E07000198","Total","Aged 15 - 19 years","Value",4952
"2024","Staffordshire Moorlands","E07000198","Total","Aged 20 - 24 years","Value",3848
"2024","Staffordshire Moorlands","E07000198","Total","Aged 25 - 29 years","Value",4564
"2024","Staffordshire Moorlands","E07000198","Total","Aged 30 - 34 years","Value",4999
"2024","Staffordshire Moorlands","E07000198","Total","Aged 35 - 39 years","Value",5349
"2024","Staffordshire Moorlands","E07000198","Total","Aged 40 - 44 years","Value",5262
"2024","Staffordshire Moorlands","E07000198","Total","Aged 45 - 49 years","Value",5215
"2024","Staffordshire Moorlands","E07000198","Total","Aged 50 - 54 years","Value",6985
"2024","Staffordshire Moorlands","E07000198","Total","Aged 55 - 59 years","Value",7851
"2024","Staffordshire Moorlands","E07000198","Total","Aged 60 - 64 years","Value",7523
"2024","Staffordshire Moorlands","E07000198","Total","Aged 65 - 69 years","Value",6520
"2024","Staffordshire Moorlands","E07000198","Total","Aged 70 - 74 years","Value",6163
"2024","Staffordshire Moorlands","E07000198","Total","Aged 75 - 79 years","Value",6190
"2024","Staffordshire Moorlands","E07000198","Total","Aged 80 - 84 years","Value",3943
"2024","Staffordshire Moorlands","E07000198","Total","Aged 85 and over","Value",3395
"2024","Tamworth","E07000199","Total","All ages","Value",80877
"2024","Tamworth","E07000199","Total","Aged under 1 year","Value",746
"2024","Tamworth","E07000199","Total","Aged 1 - 4 years","Value",3643
"2024","Tamworth","E07000199","Total","Aged 5 - 9 years","Value",4754
"2024","Tamworth","E07000199","Total","Aged 10 - 14 years","Value",4893
"2024","Tamworth","E07000199","Total","Aged 15 - 19 years","Value",4541
"2024","Tamworth","E07000199","Total","Aged 20 - 24 years","Value",3756
"2024","Tamworth","E07000199","Total","Aged 25 - 29 years","Value",5015
"2024","Tamworth","E07000199","Total","Aged 30 - 34 years","Value",6077
"2024","Tamworth","E07000199","Total","Aged 35 - 39 years","Value",5813
"2024","Tamworth","E07000199","Total","Aged 40 - 44 years","Value",5290
"2024","Tamworth","E07000199","Total","Aged 45 - 49 years","Value",4597
"2024","Tamworth","E07000199","Total","Aged 50 - 54 years","Value",5527
"2024","Tamworth","E07000199","Total","Aged 55 - 59 years","Value",5620
"2024","Tamworth","E07000199","Total","Aged 60 - 64 years","Value",4881
"2024","Tamworth","E07000199","Total","Aged 65 - 69 years","Value",4317
"2024","Tamworth","E07000199","Total","Aged 70 - 74 years","Value",3965
"2024","Tamworth","E07000199","Total","Aged 75 - 79 years","Value",3596
"2024","Tamworth","E07000199","Total","Aged 80 - 84 years","Value",2146
"2024","Tamworth","E07000199","Total","Aged 85 and over","Value",1700
"2024","North Warwickshire","E07000218","Total","All ages","Value",67045
"2024","North Warwickshire","E07000218","Total","Aged under 1 year","Value",598
"2024","North Warwickshire","E07000218","Total","Aged 1 - 4 years","Value",2773
"2024","North Warwickshire","E07000218","Total","Aged 5 - 9 years","Value",3637
"2024","North Warwickshire","E07000218","Total","Aged 10 - 14 years","Value",3909
"2024","North Warwickshire","E07000218","Total","Aged 15 - 19 years","Value",3388
"2024","North Warwickshire","E07000218","Total","Aged 20 - 24 years","Value",2949
"2024","North Warwickshire","E07000218","Total","Aged 25 - 29 years","Value",3690
"2024","North Warwickshire","E07000218","Total","Aged 30 - 34 years","Value",4340
"2024","North Warwickshire","E07000218","Total","Aged 35 - 39 years","Value",4330
"2024","North Warwickshire","E07000218","Total","Aged 40 - 44 years","Value",3928
"2024","North Warwickshire","E07000218","Total","Aged 45 - 49 years","Value",3714
"2024","North Warwickshire","E07000218","Total","Aged 50 - 54 years","Value",4642
"2024","North Warwickshire","E07000218","Total","Aged 55 - 59 years","Value",5327
"2024","North Warwickshire","E07000218","Total","Aged 60 - 64 years","Value",4798
"2024","North Warwickshire","E07000218","Total","Aged 65 - 69 years","Value",3926
"2024","North Warwickshire","E07000218","Total","Aged 70 - 74 years","Value",3506
"2024","North Warwickshire","E07000218","Total","Aged 75 - 79 years","Value",3417
"2024","North Warwickshire","E07000218","Total","Aged 80 - 84 years","Value",2206
"2024","North Warwickshire","E07000218","Total","Aged 85 and over","Value",1967
"2024","Nuneaton and Bedworth","E07000219","Total","All ages","Value",141554
"2024","Nuneaton and Bedworth","E07000219","Total","Aged under 1 year","Value",1502
"2024","Nuneaton and Bedworth","E07000219","Total","Aged 1 - 4 years","Value",6654
"2024","Nuneaton and Bedworth","E07000219","Total","Aged 5 - 9 years","Value",8686
"2024","Nuneaton and Bedworth","E07000219","Total","Aged 10 - 14 years","Value",8946
"2024","Nuneaton and Bedworth","E07000219","Total","Aged 15 - 19 years","Value",7773
"2024","Nuneaton and Bedworth","E07000219","Total","Aged 20 - 24 years","Value",6664
"2024","Nuneaton and Bedworth","E07000219","Total","Aged 25 - 29 years","Value",8817
"2024","Nuneaton and Bedworth","E07000219","Total","Aged 30 - 34 years","Value",10614
"2024","Nuneaton and Bedworth","E07000219","Total","Aged 35 - 39 years","Value",10368
"2024","Nuneaton and Bedworth","E07000219","Total","Aged 40 - 44 years","Value",9421
"2024","Nuneaton and Bedworth","E07000219","Total","Aged 45 - 49 years","Value",8080
"2024","Nuneaton and Bedworth","E07000219","Total","Aged 50 - 54 years","Value",9022
"2024","Nuneaton and Bedworth","E07000219","Total","Aged 55 - 59 years","Value",9681
"2024","Nuneaton and Bedworth","E07000219","Total","Aged 60 - 64 years","Value",8479
"2024","Nuneaton and Bedworth","E07000219","Total","Aged 65 - 69 years","Value",7211
"2024","Nuneaton and Bedworth","E07000219","Total","Aged 70 - 74 years","Value",6440
"2024","Nuneaton and Bedworth","E07000219","Total","Aged 75 - 79 years","Value",5991
"2024","Nuneaton and Bedworth","E07000219","Total","Aged 80 - 84 years","Value",3887
"2024","Nuneaton and Bedworth","E07000219","Total","Aged 85 and over","Value",3318
"2024","Rugby","E07000220","Total","All ages","Value",122666
"2024","Rugby","E07000220","Total","Aged under 1 year","Value",1169
"2024","Rugby","E07000220","Total","Aged 1 - 4 years","Value",5365
"2024","Rugby","E07000220","Total","Aged 5 - 9 years","Value",7715
"2024","Rugby","E07000220","Total","Aged 10 - 14 years","Value",8182
"2024","Rugby","E07000220","Total","Aged 15 - 19 years","Value",7236
"2024","Rugby","E07000220","Total","Aged 20 - 24 years","Value",5185
"2024","Rugby","E07000220","Total","Aged 25 - 29 years","Value",7218
"2024","Rugby","E07000220","Total","Aged 30 - 34 years","Value",8880
"2024","Rugby","E07000220","Total","Aged 35 - 39 years","Value",9616
"2024","Rugby","E07000220","Total","Aged 40 - 44 years","Value",9089
"2024","Rugby","E07000220","Total","Aged 45 - 49 years","Value",7838
"2024","Rugby","E07000220","Total","Aged 50 - 54 years","Value",8133
"2024","Rugby","E07000220","Total","Aged 55 - 59 years","Value",7916
"2024","Rugby","E07000220","Total","Aged 60 - 64 years","Value",7318
"2024","Rugby","E07000220","Total","Aged 65 - 69 years","Value",5431
"2024","Rugby","E07000220","Total","Aged 70 - 74 years","Value",4918
"2024","Rugby","E07000220","Total","Aged 75 - 79 years","Value",4930
"2024","Rugby","E07000220","Total","Aged 80 - 84 years","Value",3402
"2024","Rugby","E07000220","Total","Aged 85 and over","Value",3125
"2024","Stratford-on-Avon","E07000221","Total","All ages","Value",146196
"2024","Stratford-on-Avon","E07000221","Total","Aged under 1 year","Value",1211
"2024","Stratford-on-Avon","E07000221","Total","Aged 1 - 4 years","Value",5468
"2024","Stratford-on-Avon","E07000221","Total","Aged 5 - 9 years","Value",7567
"2024","Stratford-on-Avon","E07000221","Total","Aged 10 - 14 years","Value",7986
"2024","Stratford-on-Avon","E07000221","Total","Aged 15 - 19 years","Value",7161
"2024","Stratford-on-Avon","E07000221","Total","Aged 20 - 24 years","Value",5364
"2024","Stratford-on-Avon","E07000221","Total","Aged 25 - 29 years","Value",7172
"2024","Stratford-on-Avon","E07000221","Total","Aged 30 - 34 years","Value",8568
"2024","Stratford-on-Avon","E07000221","Total","Aged 35 - 39 years","Value",8927
"2024","Stratford-on-Avon","E07000221","Total","Aged 40 - 44 years","Value",8810
"2024","Stratford-on-Avon","E07000221","Total","Aged 45 - 49 years","Value",8597
"2024","Stratford-on-Avon","E07000221","Total","Aged 50 - 54 years","Value",10020
"2024","Stratford-on-Avon","E07000221","Total","Aged 55 - 59 years","Value",11270
"2024","Stratford-on-Avon","E07000221","Total","Aged 60 - 64 years","Value",10845
"2024","Stratford-on-Avon","E07000221","Total","Aged 65 - 69 years","Value",9215
"2024","Stratford-on-Avon","E07000221","Total","Aged 70 - 74 years","Value",8333
"2024","Stratford-on-Avon","E07000221","Total","Aged 75 - 79 years","Value",8624
"2024","Stratford-on-Avon","E07000221","Total","Aged 80 - 84 years","Value",5625
"2024","Stratford-on-Avon","E07000221","Total","Aged 85 and over","Value",5433
"2024","Warwick","E07000222","Total","All ages","Value",155541
"2024","Warwick","E07000222","Total","Aged under 1 year","Value",1378
"2024","Warwick","E07000222","Total","Aged 1 - 4 years","Value",6263
"2024","Warwick","E07000222","Total","Aged 5 - 9 years","Value",8609
"2024","Warwick","E07000222","Total","Aged 10 - 14 years","Value",8845
"2024","Warwick","E07000222","Total","Aged 15 - 19 years","Value",9170
"2024","Warwick","E07000222","Total","Aged 20 - 24 years","Value",11933
"2024","Warwick","E07000222","Total","Aged 25 - 29 years","Value",9167
"2024","Warwick","E07000222","Total","Aged 30 - 34 years","Value",10810
"2024","Warwick","E07000222","Total","Aged 35 - 39 years","Value",11303
"2024","Warwick","E07000222","Total","Aged 40 - 44 years","Value",10465
"2024","Warwick","E07000222","Total","Aged 45 - 49 years","Value",9492
"2024","Warwick","E07000222","Total","Aged 50 - 54 years","Value",9788
"2024","Warwick","E07000222","Total","Aged 55 - 59 years","Value",9778
"2024","Warwick","E07000222","Total","Aged 60 - 64 years","Value",9015
"2024","Warwick","E07000222","Total","Aged 65 - 69 years","Value",7289
"2024","Warwick","E07000222","Total","Aged 70 - 74 years","Value",6724
"2024","Warwick","E07000222","Total","Aged 75 - 79 years","Value",6594
"2024","Warwick","E07000222","Total","Aged 80 - 84 years","Value",4501
"2024","Warwick","E07000222","Total","Aged 85 and over","Value",4417
"2024","Bromsgrove","E07000234","Total","All ages","Value",101413
"2024","Bromsgrove","E07000234","Total","Aged under 1 year","Value",819
"2024","Bromsgrove","E07000234","Total","Aged 1 - 4 years","Value",3990
"2024","Bromsgrove","E07000234","Total","Aged 5 - 9 years","Value",5856
"2024","Bromsgrove","E07000234","Total","Aged 10 - 14 years","Value",6269
"2024","Bromsgrove","E07000234","Total","Aged 15 - 19 years","Value",5856
"2024","Bromsgrove","E07000234","Total","Aged 20 - 24 years","Value",4037
"2024","Bromsgrove","E07000234","Total","Aged 25 - 29 years","Value",4881
"2024","Bromsgrove","E07000234","Total","Aged 30 - 34 years","Value",5629
"2024","Bromsgrove","E07000234","Total","Aged 35 - 39 years","Value",6413
"2024","Bromsgrove","E07000234","Total","Aged 40 - 44 years","Value",6373
"2024","Bromsgrove","E07000234","Total","Aged 45 - 49 years","Value",6087
"2024","Bromsgrove","E07000234","Total","Aged 50 - 54 years","Value",6872
"2024","Bromsgrove","E07000234","Total","Aged 55 - 59 years","Value",7652
"2024","Bromsgrove","E07000234","Total","Aged 60 - 64 years","Value",6948
"2024","Bromsgrove","E07000234","Total","Aged 65 - 69 years","Value",5850
"2024","Bromsgrove","E07000234","Total","Aged 70 - 74 years","Value",5331
"2024","Bromsgrove","E07000234","Total","Aged 75 - 79 years","Value",5246
"2024","Bromsgrove","E07000234","Total","Aged 80 - 84 years","Value",3593
"2024","Bromsgrove","E07000234","Total","Aged 85 and over","Value",3711
"2024","Malvern Hills","E07000235","Total","All ages","Value",83262
"2024","Malvern Hills","E07000235","Total","Aged under 1 year","Value",588
"2024","Malvern Hills","E07000235","Total","Aged 1 - 4 years","Value",2551
"2024","Malvern Hills","E07000235","Total","Aged 5 - 9 years","Value",3877
"2024","Malvern Hills","E07000235","Total","Aged 10 - 14 years","Value",4627
"2024","Malvern Hills","E07000235","Total","Aged 15 - 19 years","Value",4696
"2024","Malvern Hills","E07000235","Total","Aged 20 - 24 years","Value",2996
"2024","Malvern Hills","E07000235","Total","Aged 25 - 29 years","Value",3879
"2024","Malvern Hills","E07000235","Total","Aged 30 - 34 years","Value",4032
"2024","Malvern Hills","E07000235","Total","Aged 35 - 39 years","Value",4249
"2024","Malvern Hills","E07000235","Total","Aged 40 - 44 years","Value",4362
"2024","Malvern Hills","E07000235","Total","Aged 45 - 49 years","Value",4560
"2024","Malvern Hills","E07000235","Total","Aged 50 - 54 years","Value",5635
"2024","Malvern Hills","E07000235","Total","Aged 55 - 59 years","Value",6627
"2024","Malvern Hills","E07000235","Total","Aged 60 - 64 years","Value",6669
"2024","Malvern Hills","E07000235","Total","Aged 65 - 69 years","Value",5874
"2024","Malvern Hills","E07000235","Total","Aged 70 - 74 years","Value",5453
"2024","Malvern Hills","E07000235","Total","Aged 75 - 79 years","Value",5436
"2024","Malvern Hills","E07000235","Total","Aged 80 - 84 years","Value",3674
"2024","Malvern Hills","E07000235","Total","Aged 85 and over","Value",3477
"2024","Redditch","E07000236","Total","All ages","Value",87728
"2024","Redditch","E07000236","Total","Aged under 1 year","Value",879
"2024","Redditch","E07000236","Total","Aged 1 - 4 years","Value",3891
"2024","Redditch","E07000236","Total","Aged 5 - 9 years","Value",5265
"2024","Redditch","E07000236","Total","Aged 10 - 14 years","Value",5429
"2024","Redditch","E07000236","Total","Aged 15 - 19 years","Value",4987
"2024","Redditch","E07000236","Total","Aged 20 - 24 years","Value",3956
"2024","Redditch","E07000236","Total","Aged 25 - 29 years","Value",5301
"2024","Redditch","E07000236","Total","Aged 30 - 34 years","Value",6410
"2024","Redditch","E07000236","Total","Aged 35 - 39 years","Value",6466
"2024","Redditch","E07000236","Total","Aged 40 - 44 years","Value",6273
"2024","Redditch","E07000236","Total","Aged 45 - 49 years","Value",5453
"2024","Redditch","E07000236","Total","Aged 50 - 54 years","Value",5615
"2024","Redditch","E07000236","Total","Aged 55 - 59 years","Value",5699
"2024","Redditch","E07000236","Total","Aged 60 - 64 years","Value",5195
"2024","Redditch","E07000236","Total","Aged 65 - 69 years","Value",4636
"2024","Redditch","E07000236","Total","Aged 70 - 74 years","Value",4536
"2024","Redditch","E07000236","Total","Aged 75 - 79 years","Value",3908
"2024","Redditch","E07000236","Total","Aged 80 - 84 years","Value",2121
"2024","Redditch","E07000236","Total","Aged 85 and over","Value",1708
"2024","Worcester","E07000237","Total","All ages","Value",106566
"2024","Worcester","E07000237","Total","Aged under 1 year","Value",974
"2024","Worcester","E07000237","Total","Aged 1 - 4 years","Value",4116
"2024","Worcester","E07000237","Total","Aged 5 - 9 years","Value",5727
"2024","Worcester","E07000237","Total","Aged 10 - 14 years","Value",6102
"2024","Worcester","E07000237","Total","Aged 15 - 19 years","Value",6442
"2024","Worcester","E07000237","Total","Aged 20 - 24 years","Value",7427
"2024","Worcester","E07000237","Total","Aged 25 - 29 years","Value",7072
"2024","Worcester","E07000237","Total","Aged 30 - 34 years","Value",8036
"2024","Worcester","E07000237","Total","Aged 35 - 39 years","Value",7467
"2024","Worcester","E07000237","Total","Aged 40 - 44 years","Value",6918
"2024","Worcester","E07000237","Total","Aged 45 - 49 years","Value",6360
"2024","Worcester","E07000237","Total","Aged 50 - 54 years","Value",6932
"2024","Worcester","E07000237","Total","Aged 55 - 59 years","Value",7104
"2024","Worcester","E07000237","Total","Aged 60 - 64 years","Value",6413
"2024","Worcester","E07000237","Total","Aged 65 - 69 years","Value",5145
"2024","Worcester","E07000237","Total","Aged 70 - 74 years","Value",4577
"2024","Worcester","E07000237","Total","Aged 75 - 79 years","Value",4270
"2024","Worcester","E07000237","Total","Aged 80 - 84 years","Value",2804
"2024","Worcester","E07000237","Total","Aged 85 and over","Value",2680
"2024","Wychavon","E07000238","Total","All ages","Value",138187
"2024","Wychavon","E07000238","Total","Aged under 1 year","Value",1073
"2024","Wychavon","E07000238","Total","Aged 1 - 4 years","Value",5091
"2024","Wychavon","E07000238","Total","Aged 5 - 9 years","Value",7142
"2024","Wychavon","E07000238","Total","Aged 10 - 14 years","Value",7489
"2024","Wychavon","E07000238","Total","Aged 15 - 19 years","Value",6863
"2024","Wychavon","E07000238","Total","Aged 20 - 24 years","Value",5448
"2024","Wychavon","E07000238","Total","Aged 25 - 29 years","Value",6895
"2024","Wychavon","E07000238","Total","Aged 30 - 34 years","Value",7772
"2024","Wychavon","E07000238","Total","Aged 35 - 39 years","Value",8566
"2024","Wychavon","E07000238","Total","Aged 40 - 44 years","Value",8023
"2024","Wychavon","E07000238","Total","Aged 45 - 49 years","Value",7758
"2024","Wychavon","E07000238","Total","Aged 50 - 54 years","Value",9486
"2024","Wychavon","E07000238","Total","Aged 55 - 59 years","Value",10827
"2024","Wychavon","E07000238","Total","Aged 60 - 64 years","Value",10289
"2024","Wychavon","E07000238","Total","Aged 65 - 69 years","Value",8844
"2024","Wychavon","E07000238","Total","Aged 70 - 74 years","Value",8290
"2024","Wychavon","E07000238","Total","Aged 75 - 79 years","Value",8219
"2024","Wychavon","E07000238","Total","Aged 80 - 84 years","Value",5244
"2024","Wychavon","E07000238","Total","Aged 85 and over","Value",4868
"2024","Wyre Forest","E07000239","Total","All ages","Value",103558
"2024","Wyre Forest","E07000239","Total","Aged under 1 year","Value",816
"2024","Wyre Forest","E07000239","Total","Aged 1 - 4 years","Value",3678
"2024","Wyre Forest","E07000239","Total","Aged 5 - 9 years","Value",5379
"2024","Wyre Forest","E07000239","Total","Aged 10 - 14 years","Value",5812
"2024","Wyre Forest","E07000239","Total","Aged 15 - 19 years","Value",5347
"2024","Wyre Forest","E07000239","Total","Aged 20 - 24 years","Value",4399
"2024","Wyre Forest","E07000239","Total","Aged 25 - 29 years","Value",5576
"2024","Wyre Forest","E07000239","Total","Aged 30 - 34 years","Value",6106
"2024","Wyre Forest","E07000239","Total","Aged 35 - 39 years","Value",6077
"2024","Wyre Forest","E07000239","Total","Aged 40 - 44 years","Value",5926
"2024","Wyre Forest","E07000239","Total","Aged 45 - 49 years","Value",5719
"2024","Wyre Forest","E07000239","Total","Aged 50 - 54 years","Value",7060
"2024","Wyre Forest","E07000239","Total","Aged 55 - 59 years","Value",7965
"2024","Wyre Forest","E07000239","Total","Aged 60 - 64 years","Value",7215
"2024","Wyre Forest","E07000239","Total","Aged 65 - 69 years","Value",6180
"2024","Wyre Forest","E07000239","Total","Aged 70 - 74 years","Value",6252
"2024","Wyre Forest","E07000239","Total","Aged 75 - 79 years","Value",6469
"2024","Wyre Forest","E07000239","Total","Aged 80 - 84 years","Value",4097
"2024","Wyre Forest","E07000239","Total","Aged 85 and over","Value",3485
"2024","Birmingham","E08000025","Total","All ages","Value",1182920
"2024","Birmingham","E08000025","Total","Aged under 1 year","Value",14627
"2024","Birmingham","E08000025","Total","Aged 1 - 4 years","Value",60067
"2024","Birmingham","E08000025","Total","Aged 5 - 9 years","Value",79333
"2024","Birmingham","E08000025","Total","Aged 10 - 14 years","Value",83451
"2024","Birmingham","E08000025","Total","Aged 15 - 19 years","Value",88566
"2024","Birmingham","E08000025","Total","Aged 20 - 24 years","Value",104767
"2024","Birmingham","E08000025","Total","Aged 25 - 29 years","Value",90222
"2024","Birmingham","E08000025","Total","Aged 30 - 34 years","Value",87559
"2024","Birmingham","E08000025","Total","Aged 35 - 39 years","Value",84442
"2024","Birmingham","E08000025","Total","Aged 40 - 44 years","Value",79753
"2024","Birmingham","E08000025","Total","Aged 45 - 49 years","Value",68605
"2024","Birmingham","E08000025","Total","Aged 50 - 54 years","Value",67025
"2024","Birmingham","E08000025","Total","Aged 55 - 59 years","Value",63986
"2024","Birmingham","E08000025","Total","Aged 60 - 64 years","Value",55818
"2024","Birmingham","E08000025","Total","Aged 65 - 69 years","Value",44567
"2024","Birmingham","E08000025","Total","Aged 70 - 74 years","Value",36928
"2024","Birmingham","E08000025","Total","Aged 75 - 79 years","Value",30259
"2024","Birmingham","E08000025","Total","Aged 80 - 84 years","Value",21062
"2024","Birmingham","E08000025","Total","Aged 85 and over","Value",21883
"2024","Coventry","E08000026","Total","All ages","Value",368707
"2024","Coventry","E08000026","Total","Aged under 1 year","Value",4249
"2024","Coventry","E08000026","Total","Aged 1 - 4 years","Value",17657
"2024","Coventry","E08000026","Total","Aged 5 - 9 years","Value",22564
"2024","Coventry","E08000026","Total","Aged 10 - 14 years","Value",23017
"2024","Coventry","E08000026","Total","Aged 15 - 19 years","Value",26371
"2024","Coventry","E08000026","Total","Aged 20 - 24 years","Value",34397
"2024","Coventry","E08000026","Total","Aged 25 - 29 years","Value",29510
"2024","Coventry","E08000026","Total","Aged 30 - 34 years","Value",28855
"2024","Coventry","E08000026","Total","Aged 35 - 39 years","Value",27524
"2024","Coventry","E08000026","Total","Aged 40 - 44 years","Value",24301
"2024","Coventry","E08000026","Total","Aged 45 - 49 years","Value",20735
"2024","Coventry","E08000026","Total","Aged 50 - 54 years","Value",20345
"2024","Coventry","E08000026","Total","Aged 55 - 59 years","Value",20111
"2024","Coventry","E08000026","Total","Aged 60 - 64 years","Value",17685
"2024","Coventry","E08000026","Total","Aged 65 - 69 years","Value",14122
"2024","Coventry","E08000026","Total","Aged 70 - 74 years","Value",11789
"2024","Coventry","E08000026","Total","Aged 75 - 79 years","Value",10661
"2024","Coventry","E08000026","Total","Aged 80 - 84 years","Value",7485
"2024","Coventry","E08000026","Total","Aged 85 and over","Value",7329
"2024","Dudley","E08000027","Total","All ages","Value",331239
"2024","Dudley","E08000027","Total","Aged under 1 year","Value",3464
"2024","Dudley","E08000027","Total","Aged 1 - 4 years","Value",14693
"2024","Dudley","E08000027","Total","Aged 5 - 9 years","Value",19734
"2024","Dudley","E08000027","Total","Aged 10 - 14 years","Value",20895
"2024","Dudley","E08000027","Total","Aged 15 - 19 years","Value",18652
"2024","Dudley","E08000027","Total","Aged 20 - 24 years","Value",16738
"2024","Dudley","E08000027","Total","Aged 25 - 29 years","Value",20421
"2024","Dudley","E08000027","Total","Aged 30 - 34 years","Value",22893
"2024","Dudley","E08000027","Total","Aged 35 - 39 years","Value",22081
"2024","Dudley","E08000027","Total","Aged 40 - 44 years","Value",20943
"2024","Dudley","E08000027","Total","Aged 45 - 49 years","Value",18669
"2024","Dudley","E08000027","Total","Aged 50 - 54 years","Value",21782
"2024","Dudley","E08000027","Total","Aged 55 - 59 years","Value",22775
"2024","Dudley","E08000027","Total","Aged 60 - 64 years","Value",20313
"2024","Dudley","E08000027","Total","Aged 65 - 69 years","Value",17153
"2024","Dudley","E08000027","Total","Aged 70 - 74 years","Value",15602
"2024","Dudley","E08000027","Total","Aged 75 - 79 years","Value",14748
"2024","Dudley","E08000027","Total","Aged 80 - 84 years","Value",10365
"2024","Dudley","E08000027","Total","Aged 85 and over","Value",9318
"2024","Sandwell","E08000028","Total","All ages","Value",353270
"2024","Sandwell","E08000028","Total","Aged under 1 year","Value",4582
"2024","Sandwell","E08000028","Total","Aged 1 - 4 years","Value",18225
"2024","Sandwell","E08000028","Total","Aged 5 - 9 years","Value",24183
"2024","Sandwell","E08000028","Total","Aged 10 - 14 years","Value",25486
"2024","Sandwell","E08000028","Total","Aged 15 - 19 years","Value",23349
"2024","Sandwell","E08000028","Total","Aged 20 - 24 years","Value",21946
"2024","Sandwell","E08000028","Total","Aged 25 - 29 years","Value",24212
"2024","Sandwell","E08000028","Total","Aged 30 - 34 years","Value",25501
"2024","Sandwell","E08000028","Total","Aged 35 - 39 years","Value",25883
"2024","Sandwell","E08000028","Total","Aged 40 - 44 years","Value",24600
"2024","Sandwell","E08000028","Total","Aged 45 - 49 years","Value",21876
"2024","Sandwell","E08000028","Total","Aged 50 - 54 years","Value",22234
"2024","Sandwell","E08000028","Total","Aged 55 - 59 years","Value",21457
"2024","Sandwell","E08000028","Total","Aged 60 - 64 years","Value",18553
"2024","Sandwell","E08000028","Total","Aged 65 - 69 years","Value",14792
"2024","Sandwell","E08000028","Total","Aged 70 - 74 years","Value",12153
"2024","Sandwell","E08000028","Total","Aged 75 - 79 years","Value",10190
"2024","Sandwell","E08000028","Total","Aged 80 - 84 years","Value",7247
"2024","Sandwell","E08000028","Total","Aged 85 and over","Value",6801
"2024","Solihull","E08000029","Total","All ages","Value",220299
"2024","Solihull","E08000029","Total","Aged under 1 year","Value",1923
"2024","Solihull","E08000029","Total","Aged 1 - 4 years","Value",9298
"2024","Solihull","E08000029","Total","Aged 5 - 9 years","Value",13787
"2024","Solihull","E08000029","Total","Aged 10 - 14 years","Value",15131
"2024","Solihull","E08000029","Total","Aged 15 - 19 years","Value",12995
"2024","Solihull","E08000029","Total","Aged 20 - 24 years","Value",9786
"2024","Solihull","E08000029","Total","Aged 25 - 29 years","Value",11777
"2024","Solihull","E08000029","Total","Aged 30 - 34 years","Value",13020
"2024","Solihull","E08000029","Total","Aged 35 - 39 years","Value",14308
"2024","Solihull","E08000029","Total","Aged 40 - 44 years","Value",14142
"2024","Solihull","E08000029","Total","Aged 45 - 49 years","Value",13074
"2024","Solihull","E08000029","Total","Aged 50 - 54 years","Value",14611
"2024","Solihull","E08000029","Total","Aged 55 - 59 years","Value",15396
"2024","Solihull","E08000029","Total","Aged 60 - 64 years","Value",13913
"2024","Solihull","E08000029","Total","Aged 65 - 69 years","Value",11416
"2024","Solihull","E08000029","Total","Aged 70 - 74 years","Value",10480
"2024","Solihull","E08000029","Total","Aged 75 - 79 years","Value",10879
"2024","Solihull","E08000029","Total","Aged 80 - 84 years","Value",7147
"2024","Solihull","E08000029","Total","Aged 85 and over","Value",7216
"2024","Walsall","E08000030","Total","All ages","Value",294626
"2024","Walsall","E08000030","Total","Aged under 1 year","Value",3484
"2024","Walsall","E08000030","Total","Aged 1 - 4 years","Value",14992
"2024","Walsall","E08000030","Total","Aged 5 - 9 years","Value",19877
"2024","Walsall","E08000030","Total","Aged 10 - 14 years","Value",20495
"2024","Walsall","E08000030","Total","Aged 15 - 19 years","Value",18770
"2024","Walsall","E08000030","Total","Aged 20 - 24 years","Value",16546
"2024","Walsall","E08000030","Total","Aged 25 - 29 years","Value",18867
"2024","Walsall","E08000030","Total","Aged 30 - 34 years","Value",20309
"2024","Walsall","E08000030","Total","Aged 35 - 39 years","Value",20956
"2024","Walsall","E08000030","Total","Aged 40 - 44 years","Value",19765
"2024","Walsall","E08000030","Total","Aged 45 - 49 years","Value",16704
"2024","Walsall","E08000030","Total","Aged 50 - 54 years","Value",18191
"2024","Walsall","E08000030","Total","Aged 55 - 59 years","Value",18317
"2024","Walsall","E08000030","Total","Aged 60 - 64 years","Value",16730
"2024","Walsall","E08000030","Total","Aged 65 - 69 years","Value",13617
"2024","Walsall","E08000030","Total","Aged 70 - 74 years","Value",11452
"2024","Walsall","E08000030","Total","Aged 75 - 79 years","Value",10644
"2024","Walsall","E08000030","Total","Aged 80 - 84 years","Value",7658
"2024","Walsall","E08000030","Total","Aged 85 and over","Value",7252
"2024","Wolverhampton","E08000031","Total","All ages","Value",280541
"2024","Wolverhampton","E08000031","Total","Aged under 1 year","Value",3511
"2024","Wolverhampton","E08000031","Total","Aged 1 - 4 years","Value",14409
"2024","Wolverhampton","E08000031","Total","Aged 5 - 9 years","Value",18539
"2024","Wolverhampton","E08000031","Total","Aged 10 - 14 years","Value",19340
"2024","Wolverhampton","E08000031","Total","Aged 15 - 19 years","Value",17752
"2024","Wolverhampton","E08000031","Total","Aged 20 - 24 years","Value",16144
"2024","Wolverhampton","E08000031","Total","Aged 25 - 29 years","Value",18925
"2024","Wolverhampton","E08000031","Total","Aged 30 - 34 years","Value",20722
"2024","Wolverhampton","E08000031","Total","Aged 35 - 39 years","Value",20243
"2024","Wolverhampton","E08000031","Total","Aged 40 - 44 years","Value",19294
"2024","Wolverhampton","E08000031","Total","Aged 45 - 49 years","Value",16875
"2024","Wolverhampton","E08000031","Total","Aged 50 - 54 years","Value",17571
"2024","Wolverhampton","E08000031","Total","Aged 55 - 59 years","Value",16975
"2024","Wolverhampton","E08000031","Total","Aged 60 - 64 years","Value",15170
"2024","Wolverhampton","E08000031","Total","Aged 65 - 69 years","Value",12575
"2024","Wolverhampton","E08000031","Total","Aged 70 - 74 years","Value",10789
"2024","Wolverhampton","E08000031","Total","Aged 75 - 79 years","Value",8861
"2024","Wolverhampton","E08000031","Total","Aged 80 - 84 years","Value",6352
"2024","Wolverhampton","E08000031","Total","Aged 85 and over","Value",6494
"2024","Peterborough","E06000031","Total","All ages","Value",224152
"2024","Peterborough","E06000031","Total","Aged under 1 year","Value",2597
"2024","Peterborough","E06000031","Total","Aged 1 - 4 years","Value",11758
"2024","Peterborough","E06000031","Total","Aged 5 - 9 years","Value",15879
"2024","Peterborough","E06000031","Total","Aged 10 - 14 years","Value",16651
"2024","Peterborough","E06000031","Total","Aged 15 - 19 years","Value",14201
"2024","Peterborough","E06000031","Total","Aged 20 - 24 years","Value",11225
"2024","Peterborough","E06000031","Total","Aged 25 - 29 years","Value",14612
"2024","Peterborough","E06000031","Total","Aged 30 - 34 years","Value",17390
"2024","Peterborough","E06000031","Total","Aged 35 - 39 years","Value",18353
"2024","Peterborough","E06000031","Total","Aged 40 - 44 years","Value",17205
"2024","Peterborough","E06000031","Total","Aged 45 - 49 years","Value",14346
"2024","Peterborough","E06000031","Total","Aged 50 - 54 years","Value",13544
"2024","Peterborough","E06000031","Total","Aged 55 - 59 years","Value",12879
"2024","Peterborough","E06000031","Total","Aged 60 - 64 years","Value",11210
"2024","Peterborough","E06000031","Total","Aged 65 - 69 years","Value",9079
"2024","Peterborough","E06000031","Total","Aged 70 - 74 years","Value",7748
"2024","Peterborough","E06000031","Total","Aged 75 - 79 years","Value",6860
"2024","Peterborough","E06000031","Total","Aged 80 - 84 years","Value",4291
"2024","Peterborough","E06000031","Total","Aged 85 and over","Value",4324
"2024","Luton","E06000032","Total","All ages","Value",238047
"2024","Luton","E06000032","Total","Aged under 1 year","Value",3713
"2024","Luton","E06000032","Total","Aged 1 - 4 years","Value",13672
"2024","Luton","E06000032","Total","Aged 5 - 9 years","Value",16584
"2024","Luton","E06000032","Total","Aged 10 - 14 years","Value",16477
"2024","Luton","E06000032","Total","Aged 15 - 19 years","Value",15680
"2024","Luton","E06000032","Total","Aged 20 - 24 years","Value",16454
"2024","Luton","E06000032","Total","Aged 25 - 29 years","Value",21411
"2024","Luton","E06000032","Total","Aged 30 - 34 years","Value",18801
"2024","Luton","E06000032","Total","Aged 35 - 39 years","Value",18786
"2024","Luton","E06000032","Total","Aged 40 - 44 years","Value",17633
"2024","Luton","E06000032","Total","Aged 45 - 49 years","Value",14874
"2024","Luton","E06000032","Total","Aged 50 - 54 years","Value",13411
"2024","Luton","E06000032","Total","Aged 55 - 59 years","Value",12492
"2024","Luton","E06000032","Total","Aged 60 - 64 years","Value",10813
"2024","Luton","E06000032","Total","Aged 65 - 69 years","Value",8235
"2024","Luton","E06000032","Total","Aged 70 - 74 years","Value",6368
"2024","Luton","E06000032","Total","Aged 75 - 79 years","Value",5215
"2024","Luton","E06000032","Total","Aged 80 - 84 years","Value",3488
"2024","Luton","E06000032","Total","Aged 85 and over","Value",3940
"2024","Southend-on-Sea","E06000033","Total","All ages","Value",184503
"2024","Southend-on-Sea","E06000033","Total","Aged under 1 year","Value",1797
"2024","Southend-on-Sea","E06000033","Total","Aged 1 - 4 years","Value",7960
"2024","Southend-on-Sea","E06000033","Total","Aged 5 - 9 years","Value",11060
"2024","Southend-on-Sea","E06000033","Total","Aged 10 - 14 years","Value",11643
"2024","Southend-on-Sea","E06000033","Total","Aged 15 - 19 years","Value",9929
"2024","Southend-on-Sea","E06000033","Total","Aged 20 - 24 years","Value",8531
"2024","Southend-on-Sea","E06000033","Total","Aged 25 - 29 years","Value",11205
"2024","Southend-on-Sea","E06000033","Total","Aged 30 - 34 years","Value",12424
"2024","Southend-on-Sea","E06000033","Total","Aged 35 - 39 years","Value",12854
"2024","Southend-on-Sea","E06000033","Total","Aged 40 - 44 years","Value",13055
"2024","Southend-on-Sea","E06000033","Total","Aged 45 - 49 years","Value",11958
"2024","Southend-on-Sea","E06000033","Total","Aged 50 - 54 years","Value",12440
"2024","Southend-on-Sea","E06000033","Total","Aged 55 - 59 years","Value",12311
"2024","Southend-on-Sea","E06000033","Total","Aged 60 - 64 years","Value",11435
"2024","Southend-on-Sea","E06000033","Total","Aged 65 - 69 years","Value",9243
"2024","Southend-on-Sea","E06000033","Total","Aged 70 - 74 years","Value",8128
"2024","Southend-on-Sea","E06000033","Total","Aged 75 - 79 years","Value",8140
"2024","Southend-on-Sea","E06000033","Total","Aged 80 - 84 years","Value",5114
"2024","Southend-on-Sea","E06000033","Total","Aged 85 and over","Value",5276
"2024","Thurrock","E06000034","Total","All ages","Value",181287
"2024","Thurrock","E06000034","Total","Aged under 1 year","Value",2159
"2024","Thurrock","E06000034","Total","Aged 1 - 4 years","Value",9969
"2024","Thurrock","E06000034","Total","Aged 5 - 9 years","Value",13112
"2024","Thurrock","E06000034","Total","Aged 10 - 14 years","Value",12688
"2024","Thurrock","E06000034","Total","Aged 15 - 19 years","Value",11624
"2024","Thurrock","E06000034","Total","Aged 20 - 24 years","Value",9436
"2024","Thurrock","E06000034","Total","Aged 25 - 29 years","Value",11217
"2024","Thurrock","E06000034","Total","Aged 30 - 34 years","Value",13812
"2024","Thurrock","E06000034","Total","Aged 35 - 39 years","Value",15134
"2024","Thurrock","E06000034","Total","Aged 40 - 44 years","Value",13842
"2024","Thurrock","E06000034","Total","Aged 45 - 49 years","Value",11975
"2024","Thurrock","E06000034","Total","Aged 50 - 54 years","Value",11319
"2024","Thurrock","E06000034","Total","Aged 55 - 59 years","Value",11137
"2024","Thurrock","E06000034","Total","Aged 60 - 64 years","Value",9261
"2024","Thurrock","E06000034","Total","Aged 65 - 69 years","Value",6934
"2024","Thurrock","E06000034","Total","Aged 70 - 74 years","Value",6022
"2024","Thurrock","E06000034","Total","Aged 75 - 79 years","Value",5465
"2024","Thurrock","E06000034","Total","Aged 80 - 84 years","Value",3199
"2024","Thurrock","E06000034","Total","Aged 85 and over","Value",2982
"2024","Bedford","E06000055","Total","All ages","Value",194881
"2024","Bedford","E06000055","Total","Aged under 1 year","Value",2133
"2024","Bedford","E06000055","Total","Aged 1 - 4 years","Value",9051
"2024","Bedford","E06000055","Total","Aged 5 - 9 years","Value",12333
"2024","Bedford","E06000055","Total","Aged 10 - 14 years","Value",12651
"2024","Bedford","E06000055","Total","Aged 15 - 19 years","Value",11406
"2024","Bedford","E06000055","Total","Aged 20 - 24 years","Value",9515
"2024","Bedford","E06000055","Total","Aged 25 - 29 years","Value",11938
"2024","Bedford","E06000055","Total","Aged 30 - 34 years","Value",13988
"2024","Bedford","E06000055","Total","Aged 35 - 39 years","Value",14825
"2024","Bedford","E06000055","Total","Aged 40 - 44 years","Value",14263
"2024","Bedford","E06000055","Total","Aged 45 - 49 years","Value",12756
"2024","Bedford","E06000055","Total","Aged 50 - 54 years","Value",12726
"2024","Bedford","E06000055","Total","Aged 55 - 59 years","Value",12755
"2024","Bedford","E06000055","Total","Aged 60 - 64 years","Value",11100
"2024","Bedford","E06000055","Total","Aged 65 - 69 years","Value",9154
"2024","Bedford","E06000055","Total","Aged 70 - 74 years","Value",7678
"2024","Bedford","E06000055","Total","Aged 75 - 79 years","Value",7226
"2024","Bedford","E06000055","Total","Aged 80 - 84 years","Value",4649
"2024","Bedford","E06000055","Total","Aged 85 and over","Value",4734
"2024","Central Bedfordshire","E06000056","Total","All ages","Value",316062
"2024","Central Bedfordshire","E06000056","Total","Aged under 1 year","Value",3596
"2024","Central Bedfordshire","E06000056","Total","Aged 1 - 4 years","Value",15787
"2024","Central Bedfordshire","E06000056","Total","Aged 5 - 9 years","Value",19850
"2024","Central Bedfordshire","E06000056","Total","Aged 10 - 14 years","Value",19470
"2024","Central Bedfordshire","E06000056","Total","Aged 15 - 19 years","Value",16688
"2024","Central Bedfordshire","E06000056","Total","Aged 20 - 24 years","Value",13468
"2024","Central Bedfordshire","E06000056","Total","Aged 25 - 29 years","Value",18389
"2024","Central Bedfordshire","E06000056","Total","Aged 30 - 34 years","Value",23316
"2024","Central Bedfordshire","E06000056","Total","Aged 35 - 39 years","Value",24553
"2024","Central Bedfordshire","E06000056","Total","Aged 40 - 44 years","Value",22449
"2024","Central Bedfordshire","E06000056","Total","Aged 45 - 49 years","Value",19636
"2024","Central Bedfordshire","E06000056","Total","Aged 50 - 54 years","Value",20333
"2024","Central Bedfordshire","E06000056","Total","Aged 55 - 59 years","Value",21181
"2024","Central Bedfordshire","E06000056","Total","Aged 60 - 64 years","Value",19652
"2024","Central Bedfordshire","E06000056","Total","Aged 65 - 69 years","Value",15910
"2024","Central Bedfordshire","E06000056","Total","Aged 70 - 74 years","Value",13531
"2024","Central Bedfordshire","E06000056","Total","Aged 75 - 79 years","Value",12975
"2024","Central Bedfordshire","E06000056","Total","Aged 80 - 84 years","Value",8026
"2024","Central Bedfordshire","E06000056","Total","Aged 85 and over","Value",7252
"2024","Cambridge","E07000008","Total","All ages","Value",151666
"2024","Cambridge","E07000008","Total","Aged under 1 year","Value",1201
"2024","Cambridge","E07000008","Total","Aged 1 - 4 years","Value",4988
"2024","Cambridge","E07000008","Total","Aged 5 - 9 years","Value",6542
"2024","Cambridge","E07000008","Total","Aged 10 - 14 years","Value",7027
"2024","Cambridge","E07000008","Total","Aged 15 - 19 years","Value",11451
"2024","Cambridge","E07000008","Total","Aged 20 - 24 years","Value",22545
"2024","Cambridge","E07000008","Total","Aged 25 - 29 years","Value",17253
"2024","Cambridge","E07000008","Total","Aged 30 - 34 years","Value",13492
"2024","Cambridge","E07000008","Total","Aged 35 - 39 years","Value",11022
"2024","Cambridge","E07000008","Total","Aged 40 - 44 years","Value",9543
"2024","Cambridge","E07000008","Total","Aged 45 - 49 years","Value",8255
"2024","Cambridge","E07000008","Total","Aged 50 - 54 years","Value",7789
"2024","Cambridge","E07000008","Total","Aged 55 - 59 years","Value",7248
"2024","Cambridge","E07000008","Total","Aged 60 - 64 years","Value",5868
"2024","Cambridge","E07000008","Total","Aged 65 - 69 years","Value",4750
"2024","Cambridge","E07000008","Total","Aged 70 - 74 years","Value",4082
"2024","Cambridge","E07000008","Total","Aged 75 - 79 years","Value",3625
"2024","Cambridge","E07000008","Total","Aged 80 - 84 years","Value",2436
"2024","Cambridge","E07000008","Total","Aged 85 and over","Value",2549
"2024","East Cambridgeshire","E07000009","Total","All ages","Value",93197
"2024","East Cambridgeshire","E07000009","Total","Aged under 1 year","Value",878
"2024","East Cambridgeshire","E07000009","Total","Aged 1 - 4 years","Value",3863
"2024","East Cambridgeshire","E07000009","Total","Aged 5 - 9 years","Value",5248
"2024","East Cambridgeshire","E07000009","Total","Aged 10 - 14 years","Value",5703
"2024","East Cambridgeshire","E07000009","Total","Aged 15 - 19 years","Value",5160
"2024","East Cambridgeshire","E07000009","Total","Aged 20 - 24 years","Value",3601
"2024","East Cambridgeshire","E07000009","Total","Aged 25 - 29 years","Value",4904
"2024","East Cambridgeshire","E07000009","Total","Aged 30 - 34 years","Value",5910
"2024","East Cambridgeshire","E07000009","Total","Aged 35 - 39 years","Value",6417
"2024","East Cambridgeshire","E07000009","Total","Aged 40 - 44 years","Value",6453
"2024","East Cambridgeshire","E07000009","Total","Aged 45 - 49 years","Value",6134
"2024","East Cambridgeshire","E07000009","Total","Aged 50 - 54 years","Value",6612
"2024","East Cambridgeshire","E07000009","Total","Aged 55 - 59 years","Value",6528
"2024","East Cambridgeshire","E07000009","Total","Aged 60 - 64 years","Value",6088
"2024","East Cambridgeshire","E07000009","Total","Aged 65 - 69 years","Value",5077
"2024","East Cambridgeshire","E07000009","Total","Aged 70 - 74 years","Value",4657
"2024","East Cambridgeshire","E07000009","Total","Aged 75 - 79 years","Value",4535
"2024","East Cambridgeshire","E07000009","Total","Aged 80 - 84 years","Value",2746
"2024","East Cambridgeshire","E07000009","Total","Aged 85 and over","Value",2683
"2024","Fenland","E07000010","Total","All ages","Value",105442
"2024","Fenland","E07000010","Total","Aged under 1 year","Value",985
"2024","Fenland","E07000010","Total","Aged 1 - 4 years","Value",4360
"2024","Fenland","E07000010","Total","Aged 5 - 9 years","Value",5746
"2024","Fenland","E07000010","Total","Aged 10 - 14 years","Value",5958
"2024","Fenland","E07000010","Total","Aged 15 - 19 years","Value",5254
"2024","Fenland","E07000010","Total","Aged 20 - 24 years","Value",4573
"2024","Fenland","E07000010","Total","Aged 25 - 29 years","Value",6002
"2024","Fenland","E07000010","Total","Aged 30 - 34 years","Value",6852
"2024","Fenland","E07000010","Total","Aged 35 - 39 years","Value",6870
"2024","Fenland","E07000010","Total","Aged 40 - 44 years","Value",6306
"2024","Fenland","E07000010","Total","Aged 45 - 49 years","Value",5845
"2024","Fenland","E07000010","Total","Aged 50 - 54 years","Value",6886
"2024","Fenland","E07000010","Total","Aged 55 - 59 years","Value",7707
"2024","Fenland","E07000010","Total","Aged 60 - 64 years","Value",7461
"2024","Fenland","E07000010","Total","Aged 65 - 69 years","Value",6320
"2024","Fenland","E07000010","Total","Aged 70 - 74 years","Value",5920
"2024","Fenland","E07000010","Total","Aged 75 - 79 years","Value",5599
"2024","Fenland","E07000010","Total","Aged 80 - 84 years","Value",3462
"2024","Fenland","E07000010","Total","Aged 85 and over","Value",3336
"2024","Huntingdonshire","E07000011","Total","All ages","Value",190370
"2024","Huntingdonshire","E07000011","Total","Aged under 1 year","Value",1748
"2024","Huntingdonshire","E07000011","Total","Aged 1 - 4 years","Value",8094
"2024","Huntingdonshire","E07000011","Total","Aged 5 - 9 years","Value",11037
"2024","Huntingdonshire","E07000011","Total","Aged 10 - 14 years","Value",11288
"2024","Huntingdonshire","E07000011","Total","Aged 15 - 19 years","Value",9743
"2024","Huntingdonshire","E07000011","Total","Aged 20 - 24 years","Value",8008
"2024","Huntingdonshire","E07000011","Total","Aged 25 - 29 years","Value",11006
"2024","Huntingdonshire","E07000011","Total","Aged 30 - 34 years","Value",12977
"2024","Huntingdonshire","E07000011","Total","Aged 35 - 39 years","Value",13772
"2024","Huntingdonshire","E07000011","Total","Aged 40 - 44 years","Value",12848
"2024","Huntingdonshire","E07000011","Total","Aged 45 - 49 years","Value",11737
"2024","Huntingdonshire","E07000011","Total","Aged 50 - 54 years","Value",13070
"2024","Huntingdonshire","E07000011","Total","Aged 55 - 59 years","Value",13414
"2024","Huntingdonshire","E07000011","Total","Aged 60 - 64 years","Value",12451
"2024","Huntingdonshire","E07000011","Total","Aged 65 - 69 years","Value",10287
"2024","Huntingdonshire","E07000011","Total","Aged 70 - 74 years","Value",9054
"2024","Huntingdonshire","E07000011","Total","Aged 75 - 79 years","Value",9139
"2024","Huntingdonshire","E07000011","Total","Aged 80 - 84 years","Value",5739
"2024","Huntingdonshire","E07000011","Total","Aged 85 and over","Value",4958
"2024","South Cambridgeshire","E07000012","Total","All ages","Value",172543
"2024","South Cambridgeshire","E07000012","Total","Aged under 1 year","Value",1683
"2024","South Cambridgeshire","E07000012","Total","Aged 1 - 4 years","Value",7323
"2024","South Cambridgeshire","E07000012","Total","Aged 5 - 9 years","Value",10829
"2024","South Cambridgeshire","E07000012","Total","Aged 10 - 14 years","Value",11742
"2024","South Cambridgeshire","E07000012","Total","Aged 15 - 19 years","Value",9773
"2024","South Cambridgeshire","E07000012","Total","Aged 20 - 24 years","Value",6396
"2024","South Cambridgeshire","E07000012","Total","Aged 25 - 29 years","Value",8327
"2024","South Cambridgeshire","E07000012","Total","Aged 30 - 34 years","Value",10460
"2024","South Cambridgeshire","E07000012","Total","Aged 35 - 39 years","Value",12509
"2024","South Cambridgeshire","E07000012","Total","Aged 40 - 44 years","Value",12836
"2024","South Cambridgeshire","E07000012","Total","Aged 45 - 49 years","Value",12396
"2024","South Cambridgeshire","E07000012","Total","Aged 50 - 54 years","Value",12356
"2024","South Cambridgeshire","E07000012","Total","Aged 55 - 59 years","Value",11278
"2024","South Cambridgeshire","E07000012","Total","Aged 60 - 64 years","Value",10296
"2024","South Cambridgeshire","E07000012","Total","Aged 65 - 69 years","Value",8613
"2024","South Cambridgeshire","E07000012","Total","Aged 70 - 74 years","Value",7793
"2024","South Cambridgeshire","E07000012","Total","Aged 75 - 79 years","Value",7884
"2024","South Cambridgeshire","E07000012","Total","Aged 80 - 84 years","Value",4993
"2024","South Cambridgeshire","E07000012","Total","Aged 85 and over","Value",5056
"2024","Basildon","E07000066","Total","All ages","Value",192810
"2024","Basildon","E07000066","Total","Aged under 1 year","Value",2178
"2024","Basildon","E07000066","Total","Aged 1 - 4 years","Value",9857
"2024","Basildon","E07000066","Total","Aged 5 - 9 years","Value",13139
"2024","Basildon","E07000066","Total","Aged 10 - 14 years","Value",12620
"2024","Basildon","E07000066","Total","Aged 15 - 19 years","Value",11164
"2024","Basildon","E07000066","Total","Aged 20 - 24 years","Value",9073
"2024","Basildon","E07000066","Total","Aged 25 - 29 years","Value",11794
"2024","Basildon","E07000066","Total","Aged 30 - 34 years","Value",14296
"2024","Basildon","E07000066","Total","Aged 35 - 39 years","Value",15065
"2024","Basildon","E07000066","Total","Aged 40 - 44 years","Value",13082
"2024","Basildon","E07000066","Total","Aged 45 - 49 years","Value",11698
"2024","Basildon","E07000066","Total","Aged 50 - 54 years","Value",12063
"2024","Basildon","E07000066","Total","Aged 55 - 59 years","Value",12452
"2024","Basildon","E07000066","Total","Aged 60 - 64 years","Value",11183
"2024","Basildon","E07000066","Total","Aged 65 - 69 years","Value",9047
"2024","Basildon","E07000066","Total","Aged 70 - 74 years","Value",7552
"2024","Basildon","E07000066","Total","Aged 75 - 79 years","Value",7604
"2024","Basildon","E07000066","Total","Aged 80 - 84 years","Value",4514
"2024","Basildon","E07000066","Total","Aged 85 and over","Value",4429
"2024","Braintree","E07000067","Total","All ages","Value",163745
"2024","Braintree","E07000067","Total","Aged under 1 year","Value",1609
"2024","Braintree","E07000067","Total","Aged 1 - 4 years","Value",7036
"2024","Braintree","E07000067","Total","Aged 5 - 9 years","Value",9574
"2024","Braintree","E07000067","Total","Aged 10 - 14 years","Value",9686
"2024","Braintree","E07000067","Total","Aged 15 - 19 years","Value",8756
"2024","Braintree","E07000067","Total","Aged 20 - 24 years","Value",7030
"2024","Braintree","E07000067","Total","Aged 25 - 29 years","Value",9427
"2024","Braintree","E07000067","Total","Aged 30 - 34 years","Value",11357
"2024","Braintree","E07000067","Total","Aged 35 - 39 years","Value",11125
"2024","Braintree","E07000067","Total","Aged 40 - 44 years","Value",10322
"2024","Braintree","E07000067","Total","Aged 45 - 49 years","Value",9849
"2024","Braintree","E07000067","Total","Aged 50 - 54 years","Value",11316
"2024","Braintree","E07000067","Total","Aged 55 - 59 years","Value",11937
"2024","Braintree","E07000067","Total","Aged 60 - 64 years","Value",10427
"2024","Braintree","E07000067","Total","Aged 65 - 69 years","Value",8782
"2024","Braintree","E07000067","Total","Aged 70 - 74 years","Value",7869
"2024","Braintree","E07000067","Total","Aged 75 - 79 years","Value",8109
"2024","Braintree","E07000067","Total","Aged 80 - 84 years","Value",4983
"2024","Braintree","E07000067","Total","Aged 85 and over","Value",4551
"2024","Brentwood","E07000068","Total","All ages","Value",78959
"2024","Brentwood","E07000068","Total","Aged under 1 year","Value",861
"2024","Brentwood","E07000068","Total","Aged 1 - 4 years","Value",3591
"2024","Brentwood","E07000068","Total","Aged 5 - 9 years","Value",4739
"2024","Brentwood","E07000068","Total","Aged 10 - 14 years","Value",4764
"2024","Brentwood","E07000068","Total","Aged 15 - 19 years","Value",4123
"2024","Brentwood","E07000068","Total","Aged 20 - 24 years","Value",3238
"2024","Brentwood","E07000068","Total","Aged 25 - 29 years","Value",4513
"2024","Brentwood","E07000068","Total","Aged 30 - 34 years","Value",5540
"2024","Brentwood","E07000068","Total","Aged 35 - 39 years","Value",5575
"2024","Brentwood","E07000068","Total","Aged 40 - 44 years","Value",5439
"2024","Brentwood","E07000068","Total","Aged 45 - 49 years","Value",4948
"2024","Brentwood","E07000068","Total","Aged 50 - 54 years","Value",5098
"2024","Brentwood","E07000068","Total","Aged 55 - 59 years","Value",5499
"2024","Brentwood","E07000068","Total","Aged 60 - 64 years","Value",5030
"2024","Brentwood","E07000068","Total","Aged 65 - 69 years","Value",3940
"2024","Brentwood","E07000068","Total","Aged 70 - 74 years","Value",3457
"2024","Brentwood","E07000068","Total","Aged 75 - 79 years","Value",3551
"2024","Brentwood","E07000068","Total","Aged 80 - 84 years","Value",2308
"2024","Brentwood","E07000068","Total","Aged 85 and over","Value",2745
"2024","Castle Point","E07000069","Total","All ages","Value",90121
"2024","Castle Point","E07000069","Total","Aged under 1 year","Value",798
"2024","Castle Point","E07000069","Total","Aged 1 - 4 years","Value",3541
"2024","Castle Point","E07000069","Total","Aged 5 - 9 years","Value",4860
"2024","Castle Point","E07000069","Total","Aged 10 - 14 years","Value",5215
"2024","Castle Point","E07000069","Total","Aged 15 - 19 years","Value",4745
"2024","Castle Point","E07000069","Total","Aged 20 - 24 years","Value",3977
"2024","Castle Point","E07000069","Total","Aged 25 - 29 years","Value",4826
"2024","Castle Point","E07000069","Total","Aged 30 - 34 years","Value",5002
"2024","Castle Point","E07000069","Total","Aged 35 - 39 years","Value",5302
"2024","Castle Point","E07000069","Total","Aged 40 - 44 years","Value",5174
"2024","Castle Point","E07000069","Total","Aged 45 - 49 years","Value",4917
"2024","Castle Point","E07000069","Total","Aged 50 - 54 years","Value",5745
"2024","Castle Point","E07000069","Total","Aged 55 - 59 years","Value",6561
"2024","Castle Point","E07000069","Total","Aged 60 - 64 years","Value",6081
"2024","Castle Point","E07000069","Total","Aged 65 - 69 years","Value",5338
"2024","Castle Point","E07000069","Total","Aged 70 - 74 years","Value",5247
"2024","Castle Point","E07000069","Total","Aged 75 - 79 years","Value",5845
"2024","Castle Point","E07000069","Total","Aged 80 - 84 years","Value",3630
"2024","Castle Point","E07000069","Total","Aged 85 and over","Value",3317
"2024","Chelmsford","E07000070","Total","All ages","Value",188328
"2024","Chelmsford","E07000070","Total","Aged under 1 year","Value",1813
"2024","Chelmsford","E07000070","Total","Aged 1 - 4 years","Value",8168
"2024","Chelmsford","E07000070","Total","Aged 5 - 9 years","Value",11466
"2024","Chelmsford","E07000070","Total","Aged 10 - 14 years","Value",11725
"2024","Chelmsford","E07000070","Total","Aged 15 - 19 years","Value",10437
"2024","Chelmsford","E07000070","Total","Aged 20 - 24 years","Value",9112
"2024","Chelmsford","E07000070","Total","Aged 25 - 29 years","Value",11382
"2024","Chelmsford","E07000070","Total","Aged 30 - 34 years","Value",12965
"2024","Chelmsford","E07000070","Total","Aged 35 - 39 years","Value",13382
"2024","Chelmsford","E07000070","Total","Aged 40 - 44 years","Value",13254
"2024","Chelmsford","E07000070","Total","Aged 45 - 49 years","Value",12155
"2024","Chelmsford","E07000070","Total","Aged 50 - 54 years","Value",12693
"2024","Chelmsford","E07000070","Total","Aged 55 - 59 years","Value",12351
"2024","Chelmsford","E07000070","Total","Aged 60 - 64 years","Value",11036
"2024","Chelmsford","E07000070","Total","Aged 65 - 69 years","Value",9279
"2024","Chelmsford","E07000070","Total","Aged 70 - 74 years","Value",8099
"2024","Chelmsford","E07000070","Total","Aged 75 - 79 years","Value",8586
"2024","Chelmsford","E07000070","Total","Aged 80 - 84 years","Value",5225
"2024","Chelmsford","E07000070","Total","Aged 85 and over","Value",5200
"2024","Colchester","E07000071","Total","All ages","Value",199730
"2024","Colchester","E07000071","Total","Aged under 1 year","Value",2025
"2024","Colchester","E07000071","Total","Aged 1 - 4 years","Value",8616
"2024","Colchester","E07000071","Total","Aged 5 - 9 years","Value",12065
"2024","Colchester","E07000071","Total","Aged 10 - 14 years","Value",12624
"2024","Colchester","E07000071","Total","Aged 15 - 19 years","Value",12075
"2024","Colchester","E07000071","Total","Aged 20 - 24 years","Value",12566
"2024","Colchester","E07000071","Total","Aged 25 - 29 years","Value",12273
"2024","Colchester","E07000071","Total","Aged 30 - 34 years","Value",14233
"2024","Colchester","E07000071","Total","Aged 35 - 39 years","Value",14560
"2024","Colchester","E07000071","Total","Aged 40 - 44 years","Value",13756
"2024","Colchester","E07000071","Total","Aged 45 - 49 years","Value",12387
"2024","Colchester","E07000071","Total","Aged 50 - 54 years","Value",12593
"2024","Colchester","E07000071","Total","Aged 55 - 59 years","Value",12728
"2024","Colchester","E07000071","Total","Aged 60 - 64 years","Value",11022
"2024","Colchester","E07000071","Total","Aged 65 - 69 years","Value",8986
"2024","Colchester","E07000071","Total","Aged 70 - 74 years","Value",8290
"2024","Colchester","E07000071","Total","Aged 75 - 79 years","Value",8644
"2024","Colchester","E07000071","Total","Aged 80 - 84 years","Value",5284
"2024","Colchester","E07000071","Total","Aged 85 and over","Value",5003
"2024","Epping Forest","E07000072","Total","All ages","Value",137184
"2024","Epping Forest","E07000072","Total","Aged under 1 year","Value",1391
"2024","Epping Forest","E07000072","Total","Aged 1 - 4 years","Value",6414
"2024","Epping Forest","E07000072","Total","Aged 5 - 9 years","Value",7984
"2024","Epping Forest","E07000072","Total","Aged 10 - 14 years","Value",7890
"2024","Epping Forest","E07000072","Total","Aged 15 - 19 years","Value",7407
"2024","Epping Forest","E07000072","Total","Aged 20 - 24 years","Value",6585
"2024","Epping Forest","E07000072","Total","Aged 25 - 29 years","Value",7496
"2024","Epping Forest","E07000072","Total","Aged 30 - 34 years","Value",8440
"2024","Epping Forest","E07000072","Total","Aged 35 - 39 years","Value",9316
"2024","Epping Forest","E07000072","Total","Aged 40 - 44 years","Value",9609
"2024","Epping Forest","E07000072","Total","Aged 45 - 49 years","Value",8808
"2024","Epping Forest","E07000072","Total","Aged 50 - 54 years","Value",9222
"2024","Epping Forest","E07000072","Total","Aged 55 - 59 years","Value",9927
"2024","Epping Forest","E07000072","Total","Aged 60 - 64 years","Value",8914
"2024","Epping Forest","E07000072","Total","Aged 65 - 69 years","Value",7108
"2024","Epping Forest","E07000072","Total","Aged 70 - 74 years","Value",6117
"2024","Epping Forest","E07000072","Total","Aged 75 - 79 years","Value",6258
"2024","Epping Forest","E07000072","Total","Aged 80 - 84 years","Value",4013
"2024","Epping Forest","E07000072","Total","Aged 85 and over","Value",4285
"2024","Harlow","E07000073","Total","All ages","Value",98130
"2024","Harlow","E07000073","Total","Aged under 1 year","Value",1294
"2024","Harlow","E07000073","Total","Aged 1 - 4 years","Value",5323
"2024","Harlow","E07000073","Total","Aged 5 - 9 years","Value",6797
"2024","Harlow","E07000073","Total","Aged 10 - 14 years","Value",6773
"2024","Harlow","E07000073","Total","Aged 15 - 19 years","Value",5878
"2024","Harlow","E07000073","Total","Aged 20 - 24 years","Value",4661
"2024","Harlow","E07000073","Total","Aged 25 - 29 years","Value",6278
"2024","Harlow","E07000073","Total","Aged 30 - 34 years","Value",8150
"2024","Harlow","E07000073","Total","Aged 35 - 39 years","Value",8426
"2024","Harlow","E07000073","Total","Aged 40 - 44 years","Value",7581
"2024","Harlow","E07000073","Total","Aged 45 - 49 years","Value",6103
"2024","Harlow","E07000073","Total","Aged 50 - 54 years","Value",5639
"2024","Harlow","E07000073","Total","Aged 55 - 59 years","Value",5704
"2024","Harlow","E07000073","Total","Aged 60 - 64 years","Value",5369
"2024","Harlow","E07000073","Total","Aged 65 - 69 years","Value",4376
"2024","Harlow","E07000073","Total","Aged 70 - 74 years","Value",3346
"2024","Harlow","E07000073","Total","Aged 75 - 79 years","Value",2747
"2024","Harlow","E07000073","Total","Aged 80 - 84 years","Value",1773
"2024","Harlow","E07000073","Total","Aged 85 and over","Value",1912
"2024","Maldon","E07000074","Total","All ages","Value",69039
"2024","Maldon","E07000074","Total","Aged under 1 year","Value",571
"2024","Maldon","E07000074","Total","Aged 1 - 4 years","Value",2560
"2024","Maldon","E07000074","Total","Aged 5 - 9 years","Value",3560
"2024","Maldon","E07000074","Total","Aged 10 - 14 years","Value",3704
"2024","Maldon","E07000074","Total","Aged 15 - 19 years","Value",3380
"2024","Maldon","E07000074","Total","Aged 20 - 24 years","Value",2884
"2024","Maldon","E07000074","Total","Aged 25 - 29 years","Value",3462
"2024","Maldon","E07000074","Total","Aged 30 - 34 years","Value",3775
"2024","Maldon","E07000074","Total","Aged 35 - 39 years","Value",3884
"2024","Maldon","E07000074","Total","Aged 40 - 44 years","Value",3769
"2024","Maldon","E07000074","Total","Aged 45 - 49 years","Value",3807
"2024","Maldon","E07000074","Total","Aged 50 - 54 years","Value",4742
"2024","Maldon","E07000074","Total","Aged 55 - 59 years","Value",5757
"2024","Maldon","E07000074","Total","Aged 60 - 64 years","Value",5197
"2024","Maldon","E07000074","Total","Aged 65 - 69 years","Value",4585
"2024","Maldon","E07000074","Total","Aged 70 - 74 years","Value",4107
"2024","Maldon","E07000074","Total","Aged 75 - 79 years","Value",4347
"2024","Maldon","E07000074","Total","Aged 80 - 84 years","Value",2549
"2024","Maldon","E07000074","Total","Aged 85 and over","Value",2399
"2024","Rochford","E07000075","Total","All ages","Value",89521
"2024","Rochford","E07000075","Total","Aged under 1 year","Value",814
"2024","Rochford","E07000075","Total","Aged 1 - 4 years","Value",3701
"2024","Rochford","E07000075","Total","Aged 5 - 9 years","Value",4935
"2024","Rochford","E07000075","Total","Aged 10 - 14 years","Value",5336
"2024","Rochford","E07000075","Total","Aged 15 - 19 years","Value",4944
"2024","Rochford","E07000075","Total","Aged 20 - 24 years","Value",4040
"2024","Rochford","E07000075","Total","Aged 25 - 29 years","Value",4723
"2024","Rochford","E07000075","Total","Aged 30 - 34 years","Value",5194
"2024","Rochford","E07000075","Total","Aged 35 - 39 years","Value",5446
"2024","Rochford","E07000075","Total","Aged 40 - 44 years","Value",5540
"2024","Rochford","E07000075","Total","Aged 45 - 49 years","Value",5243
"2024","Rochford","E07000075","Total","Aged 50 - 54 years","Value",6123
"2024","Rochford","E07000075","Total","Aged 55 - 59 years","Value",6644
"2024","Rochford","E07000075","Total","Aged 60 - 64 years","Value",6032
"2024","Rochford","E07000075","Total","Aged 65 - 69 years","Value",5081
"2024","Rochford","E07000075","Total","Aged 70 - 74 years","Value",4611
"2024","Rochford","E07000075","Total","Aged 75 - 79 years","Value",5124
"2024","Rochford","E07000075","Total","Aged 80 - 84 years","Value",3129
"2024","Rochford","E07000075","Total","Aged 85 and over","Value",2861
"2024","Tendring","E07000076","Total","All ages","Value",156408
"2024","Tendring","E07000076","Total","Aged under 1 year","Value",1220
"2024","Tendring","E07000076","Total","Aged 1 - 4 years","Value",5744
"2024","Tendring","E07000076","Total","Aged 5 - 9 years","Value",7771
"2024","Tendring","E07000076","Total","Aged 10 - 14 years","Value",8377
"2024","Tendring","E07000076","Total","Aged 15 - 19 years","Value",7382
"2024","Tendring","E07000076","Total","Aged 20 - 24 years","Value",6345
"2024","Tendring","E07000076","Total","Aged 25 - 29 years","Value",7628
"2024","Tendring","E07000076","Total","Aged 30 - 34 years","Value",8376
"2024","Tendring","E07000076","Total","Aged 35 - 39 years","Value",8433
"2024","Tendring","E07000076","Total","Aged 40 - 44 years","Value",7739
"2024","Tendring","E07000076","Total","Aged 45 - 49 years","Value",7685
"2024","Tendring","E07000076","Total","Aged 50 - 54 years","Value",9475
"2024","Tendring","E07000076","Total","Aged 55 - 59 years","Value",11675
"2024","Tendring","E07000076","Total","Aged 60 - 64 years","Value",12188
"2024","Tendring","E07000076","Total","Aged 65 - 69 years","Value",11172
"2024","Tendring","E07000076","Total","Aged 70 - 74 years","Value",10633
"2024","Tendring","E07000076","Total","Aged 75 - 79 years","Value",11217
"2024","Tendring","E07000076","Total","Aged 80 - 84 years","Value",6869
"2024","Tendring","E07000076","Total","Aged 85 and over","Value",6479
"2024","Uttlesford","E07000077","Total","All ages","Value",94953
"2024","Uttlesford","E07000077","Total","Aged under 1 year","Value",848
"2024","Uttlesford","E07000077","Total","Aged 1 - 4 years","Value",4023
"2024","Uttlesford","E07000077","Total","Aged 5 - 9 years","Value",5843
"2024","Uttlesford","E07000077","Total","Aged 10 - 14 years","Value",6140
"2024","Uttlesford","E07000077","Total","Aged 15 - 19 years","Value",5340
"2024","Uttlesford","E07000077","Total","Aged 20 - 24 years","Value",3895
"2024","Uttlesford","E07000077","Total","Aged 25 - 29 years","Value",4338
"2024","Uttlesford","E07000077","Total","Aged 30 - 34 years","Value",5140
"2024","Uttlesford","E07000077","Total","Aged 35 - 39 years","Value",6094
"2024","Uttlesford","E07000077","Total","Aged 40 - 44 years","Value",6320
"2024","Uttlesford","E07000077","Total","Aged 45 - 49 years","Value",6057
"2024","Uttlesford","E07000077","Total","Aged 50 - 54 years","Value",6945
"2024","Uttlesford","E07000077","Total","Aged 55 - 59 years","Value",7020
"2024","Uttlesford","E07000077","Total","Aged 60 - 64 years","Value",6613
"2024","Uttlesford","E07000077","Total","Aged 65 - 69 years","Value",5341
"2024","Uttlesford","E07000077","Total","Aged 70 - 74 years","Value",4639
"2024","Uttlesford","E07000077","Total","Aged 75 - 79 years","Value",4541
"2024","Uttlesford","E07000077","Total","Aged 80 - 84 years","Value",2954
"2024","Uttlesford","E07000077","Total","Aged 85 and over","Value",2862
"2024","Broxbourne","E07000095","Total","All ages","Value",101886
"2024","Broxbourne","E07000095","Total","Aged under 1 year","Value",1101
"2024","Broxbourne","E07000095","Total","Aged 1 - 4 years","Value",4853
"2024","Broxbourne","E07000095","Total","Aged 5 - 9 years","Value",6512
"2024","Broxbourne","E07000095","Total","Aged 10 - 14 years","Value",6495
"2024","Broxbourne","E07000095","Total","Aged 15 - 19 years","Value",5930
"2024","Broxbourne","E07000095","Total","Aged 20 - 24 years","Value",5018
"2024","Broxbourne","E07000095","Total","Aged 25 - 29 years","Value",5989
"2024","Broxbourne","E07000095","Total","Aged 30 - 34 years","Value",7067
"2024","Broxbourne","E07000095","Total","Aged 35 - 39 years","Value",7661
"2024","Broxbourne","E07000095","Total","Aged 40 - 44 years","Value",7370
"2024","Broxbourne","E07000095","Total","Aged 45 - 49 years","Value",6538
"2024","Broxbourne","E07000095","Total","Aged 50 - 54 years","Value",6681
"2024","Broxbourne","E07000095","Total","Aged 55 - 59 years","Value",6924
"2024","Broxbourne","E07000095","Total","Aged 60 - 64 years","Value",5998
"2024","Broxbourne","E07000095","Total","Aged 65 - 69 years","Value",4662
"2024","Broxbourne","E07000095","Total","Aged 70 - 74 years","Value",3929
"2024","Broxbourne","E07000095","Total","Aged 75 - 79 years","Value",3933
"2024","Broxbourne","E07000095","Total","Aged 80 - 84 years","Value",2579
"2024","Broxbourne","E07000095","Total","Aged 85 and over","Value",2646
"2024","Dacorum","E07000096","Total","All ages","Value",161139
"2024","Dacorum","E07000096","Total","Aged under 1 year","Value",1758
"2024","Dacorum","E07000096","Total","Aged 1 - 4 years","Value",7633
"2024","Dacorum","E07000096","Total","Aged 5 - 9 years","Value",10355
"2024","Dacorum","E07000096","Total","Aged 10 - 14 years","Value",10436
"2024","Dacorum","E07000096","Total","Aged 15 - 19 years","Value",9108
"2024","Dacorum","E07000096","Total","Aged 20 - 24 years","Value",6719
"2024","Dacorum","E07000096","Total","Aged 25 - 29 years","Value",9070
"2024","Dacorum","E07000096","Total","Aged 30 - 34 years","Value",11379
"2024","Dacorum","E07000096","Total","Aged 35 - 39 years","Value",12278
"2024","Dacorum","E07000096","Total","Aged 40 - 44 years","Value",11886
"2024","Dacorum","E07000096","Total","Aged 45 - 49 years","Value",10745
"2024","Dacorum","E07000096","Total","Aged 50 - 54 years","Value",10734
"2024","Dacorum","E07000096","Total","Aged 55 - 59 years","Value",10645
"2024","Dacorum","E07000096","Total","Aged 60 - 64 years","Value",9674
"2024","Dacorum","E07000096","Total","Aged 65 - 69 years","Value",8013
"2024","Dacorum","E07000096","Total","Aged 70 - 74 years","Value",6517
"2024","Dacorum","E07000096","Total","Aged 75 - 79 years","Value",6070
"2024","Dacorum","E07000096","Total","Aged 80 - 84 years","Value",3925
"2024","Dacorum","E07000096","Total","Aged 85 and over","Value",4194
"2024","Hertsmere","E07000098","Total","All ages","Value",109993
"2024","Hertsmere","E07000098","Total","Aged under 1 year","Value",1089
"2024","Hertsmere","E07000098","Total","Aged 1 - 4 years","Value",4919
"2024","Hertsmere","E07000098","Total","Aged 5 - 9 years","Value",6924
"2024","Hertsmere","E07000098","Total","Aged 10 - 14 years","Value",7192
"2024","Hertsmere","E07000098","Total","Aged 15 - 19 years","Value",6343
"2024","Hertsmere","E07000098","Total","Aged 20 - 24 years","Value",5144
"2024","Hertsmere","E07000098","Total","Aged 25 - 29 years","Value",6262
"2024","Hertsmere","E07000098","Total","Aged 30 - 34 years","Value",6685
"2024","Hertsmere","E07000098","Total","Aged 35 - 39 years","Value",7417
"2024","Hertsmere","E07000098","Total","Aged 40 - 44 years","Value",8199
"2024","Hertsmere","E07000098","Total","Aged 45 - 49 years","Value",7869
"2024","Hertsmere","E07000098","Total","Aged 50 - 54 years","Value",7358
"2024","Hertsmere","E07000098","Total","Aged 55 - 59 years","Value",7434
"2024","Hertsmere","E07000098","Total","Aged 60 - 64 years","Value",6646
"2024","Hertsmere","E07000098","Total","Aged 65 - 69 years","Value",5330
"2024","Hertsmere","E07000098","Total","Aged 70 - 74 years","Value",4500
"2024","Hertsmere","E07000098","Total","Aged 75 - 79 years","Value",4475
"2024","Hertsmere","E07000098","Total","Aged 80 - 84 years","Value",2929
"2024","Hertsmere","E07000098","Total","Aged 85 and over","Value",3278
"2024","North Hertfordshire","E07000099","Total","All ages","Value",136818
"2024","North Hertfordshire","E07000099","Total","Aged under 1 year","Value",1294
"2024","North Hertfordshire","E07000099","Total","Aged 1 - 4 years","Value",6039
"2024","North Hertfordshire","E07000099","Total","Aged 5 - 9 years","Value",8041
"2024","North Hertfordshire","E07000099","Total","Aged 10 - 14 years","Value",8605
"2024","North Hertfordshire","E07000099","Total","Aged 15 - 19 years","Value",7125
"2024","North Hertfordshire","E07000099","Total","Aged 20 - 24 years","Value",5461
"2024","North Hertfordshire","E07000099","Total","Aged 25 - 29 years","Value",7858
"2024","North Hertfordshire","E07000099","Total","Aged 30 - 34 years","Value",9379
"2024","North Hertfordshire","E07000099","Total","Aged 35 - 39 years","Value",9616
"2024","North Hertfordshire","E07000099","Total","Aged 40 - 44 years","Value",9632
"2024","North Hertfordshire","E07000099","Total","Aged 45 - 49 years","Value",9137
"2024","North Hertfordshire","E07000099","Total","Aged 50 - 54 years","Value",9331
"2024","North Hertfordshire","E07000099","Total","Aged 55 - 59 years","Value",9322
"2024","North Hertfordshire","E07000099","Total","Aged 60 - 64 years","Value",8447
"2024","North Hertfordshire","E07000099","Total","Aged 65 - 69 years","Value",6993
"2024","North Hertfordshire","E07000099","Total","Aged 70 - 74 years","Value",6141
"2024","North Hertfordshire","E07000099","Total","Aged 75 - 79 years","Value",5985
"2024","North Hertfordshire","E07000099","Total","Aged 80 - 84 years","Value",3987
"2024","North Hertfordshire","E07000099","Total","Aged 85 and over","Value",4425
"2024","Three Rivers","E07000102","Total","All ages","Value",95575
"2024","Three Rivers","E07000102","Total","Aged under 1 year","Value",832
"2024","Three Rivers","E07000102","Total","Aged 1 - 4 years","Value",3902
"2024","Three Rivers","E07000102","Total","Aged 5 - 9 years","Value",5766
"2024","Three Rivers","E07000102","Total","Aged 10 - 14 years","Value",6724
"2024","Three Rivers","E07000102","Total","Aged 15 - 19 years","Value",5852
"2024","Three Rivers","E07000102","Total","Aged 20 - 24 years","Value",4298
"2024","Three Rivers","E07000102","Total","Aged 25 - 29 years","Value",4969
"2024","Three Rivers","E07000102","Total","Aged 30 - 34 years","Value",5375
"2024","Three Rivers","E07000102","Total","Aged 35 - 39 years","Value",6266
"2024","Three Rivers","E07000102","Total","Aged 40 - 44 years","Value",7183
"2024","Three Rivers","E07000102","Total","Aged 45 - 49 years","Value",7142
"2024","Three Rivers","E07000102","Total","Aged 50 - 54 years","Value",6857
"2024","Three Rivers","E07000102","Total","Aged 55 - 59 years","Value",6636
"2024","Three Rivers","E07000102","Total","Aged 60 - 64 years","Value",5924
"2024","Three Rivers","E07000102","Total","Aged 65 - 69 years","Value",4818
"2024","Three Rivers","E07000102","Total","Aged 70 - 74 years","Value",3974
"2024","Three Rivers","E07000102","Total","Aged 75 - 79 years","Value",3885
"2024","Three Rivers","E07000102","Total","Aged 80 - 84 years","Value",2491
"2024","Three Rivers","E07000102","Total","Aged 85 and over","Value",2681
"2024","Watford","E07000103","Total","All ages","Value",106799
"2024","Watford","E07000103","Total","Aged under 1 year","Value",1304
"2024","Watford","E07000103","Total","Aged 1 - 4 years","Value",5605
"2024","Watford","E07000103","Total","Aged 5 - 9 years","Value",6915
"2024","Watford","E07000103","Total","Aged 10 - 14 years","Value",6984
"2024","Watford","E07000103","Total","Aged 15 - 19 years","Value",5913
"2024","Watford","E07000103","Total","Aged 20 - 24 years","Value",5315
"2024","Watford","E07000103","Total","Aged 25 - 29 years","Value",7859
"2024","Watford","E07000103","Total","Aged 30 - 34 years","Value",9155
"2024","Watford","E07000103","Total","Aged 35 - 39 years","Value",9266
"2024","Watford","E07000103","Total","Aged 40 - 44 years","Value",8943
"2024","Watford","E07000103","Total","Aged 45 - 49 years","Value",7725
"2024","Watford","E07000103","Total","Aged 50 - 54 years","Value",6860
"2024","Watford","E07000103","Total","Aged 55 - 59 years","Value",5998
"2024","Watford","E07000103","Total","Aged 60 - 64 years","Value",5053
"2024","Watford","E07000103","Total","Aged 65 - 69 years","Value",3869
"2024","Watford","E07000103","Total","Aged 70 - 74 years","Value",3172
"2024","Watford","E07000103","Total","Aged 75 - 79 years","Value",2876
"2024","Watford","E07000103","Total","Aged 80 - 84 years","Value",1900
"2024","Watford","E07000103","Total","Aged 85 and over","Value",2087
"2024","Breckland","E07000143","Total","All ages","Value",146784
"2024","Breckland","E07000143","Total","Aged under 1 year","Value",1190
"2024","Breckland","E07000143","Total","Aged 1 - 4 years","Value",5413
"2024","Breckland","E07000143","Total","Aged 5 - 9 years","Value",7579
"2024","Breckland","E07000143","Total","Aged 10 - 14 years","Value",8106
"2024","Breckland","E07000143","Total","Aged 15 - 19 years","Value",7357
"2024","Breckland","E07000143","Total","Aged 20 - 24 years","Value",6057
"2024","Breckland","E07000143","Total","Aged 25 - 29 years","Value",8034
"2024","Breckland","E07000143","Total","Aged 30 - 34 years","Value",8842
"2024","Breckland","E07000143","Total","Aged 35 - 39 years","Value",8837
"2024","Breckland","E07000143","Total","Aged 40 - 44 years","Value",8350
"2024","Breckland","E07000143","Total","Aged 45 - 49 years","Value",7795
"2024","Breckland","E07000143","Total","Aged 50 - 54 years","Value",9759
"2024","Breckland","E07000143","Total","Aged 55 - 59 years","Value",10966
"2024","Breckland","E07000143","Total","Aged 60 - 64 years","Value",10813
"2024","Breckland","E07000143","Total","Aged 65 - 69 years","Value",9307
"2024","Breckland","E07000143","Total","Aged 70 - 74 years","Value",8740
"2024","Breckland","E07000143","Total","Aged 75 - 79 years","Value",8952
"2024","Breckland","E07000143","Total","Aged 80 - 84 years","Value",5550
"2024","Breckland","E07000143","Total","Aged 85 and over","Value",5137
"2024","Broadland","E07000144","Total","All ages","Value",137892
"2024","Broadland","E07000144","Total","Aged under 1 year","Value",1014
"2024","Broadland","E07000144","Total","Aged 1 - 4 years","Value",4766
"2024","Broadland","E07000144","Total","Aged 5 - 9 years","Value",7188
"2024","Broadland","E07000144","Total","Aged 10 - 14 years","Value",7581
"2024","Broadland","E07000144","Total","Aged 15 - 19 years","Value",6832
"2024","Broadland","E07000144","Total","Aged 20 - 24 years","Value",5335
"2024","Broadland","E07000144","Total","Aged 25 - 29 years","Value",6696
"2024","Broadland","E07000144","Total","Aged 30 - 34 years","Value",7803
"2024","Broadland","E07000144","Total","Aged 35 - 39 years","Value",8386
"2024","Broadland","E07000144","Total","Aged 40 - 44 years","Value",8381
"2024","Broadland","E07000144","Total","Aged 45 - 49 years","Value",7889
"2024","Broadland","E07000144","Total","Aged 50 - 54 years","Value",9581
"2024","Broadland","E07000144","Total","Aged 55 - 59 years","Value",10518
"2024","Broadland","E07000144","Total","Aged 60 - 64 years","Value",9866
"2024","Broadland","E07000144","Total","Aged 65 - 69 years","Value",8627
"2024","Broadland","E07000144","Total","Aged 70 - 74 years","Value",8179
"2024","Broadland","E07000144","Total","Aged 75 - 79 years","Value",8562
"2024","Broadland","E07000144","Total","Aged 80 - 84 years","Value",5327
"2024","Broadland","E07000144","Total","Aged 85 and over","Value",5361
"2024","Great Yarmouth","E07000145","Total","All ages","Value",100666
"2024","Great Yarmouth","E07000145","Total","Aged under 1 year","Value",895
"2024","Great Yarmouth","E07000145","Total","Aged 1 - 4 years","Value",3853
"2024","Great Yarmouth","E07000145","Total","Aged 5 - 9 years","Value",5376
"2024","Great Yarmouth","E07000145","Total","Aged 10 - 14 years","Value",5744
"2024","Great Yarmouth","E07000145","Total","Aged 15 - 19 years","Value",5366
"2024","Great Yarmouth","E07000145","Total","Aged 20 - 24 years","Value",4574
"2024","Great Yarmouth","E07000145","Total","Aged 25 - 29 years","Value",5437
"2024","Great Yarmouth","E07000145","Total","Aged 30 - 34 years","Value",5931
"2024","Great Yarmouth","E07000145","Total","Aged 35 - 39 years","Value",5917
"2024","Great Yarmouth","E07000145","Total","Aged 40 - 44 years","Value",5674
"2024","Great Yarmouth","E07000145","Total","Aged 45 - 49 years","Value",5379
"2024","Great Yarmouth","E07000145","Total","Aged 50 - 54 years","Value",6614
"2024","Great Yarmouth","E07000145","Total","Aged 55 - 59 years","Value",7522
"2024","Great Yarmouth","E07000145","Total","Aged 60 - 64 years","Value",7373
"2024","Great Yarmouth","E07000145","Total","Aged 65 - 69 years","Value",6624
"2024","Great Yarmouth","E07000145","Total","Aged 70 - 74 years","Value",5922
"2024","Great Yarmouth","E07000145","Total","Aged 75 - 79 years","Value",5884
"2024","Great Yarmouth","E07000145","Total","Aged 80 - 84 years","Value",3556
"2024","Great Yarmouth","E07000145","Total","Aged 85 and over","Value",3025
"2024","King's Lynn and West Norfolk","E07000146","Total","All ages","Value",156192
"2024","King's Lynn and West Norfolk","E07000146","Total","Aged under 1 year","Value",1283
"2024","King's Lynn and West Norfolk","E07000146","Total","Aged 1 - 4 years","Value",5717
"2024","King's Lynn and West Norfolk","E07000146","Total","Aged 5 - 9 years","Value",8130
"2024","King's Lynn and West Norfolk","E07000146","Total","Aged 10 - 14 years","Value",8516
"2024","King's Lynn and West Norfolk","E07000146","Total","Aged 15 - 19 years","Value",7626
"2024","King's Lynn and West Norfolk","E07000146","Total","Aged 20 - 24 years","Value",6357
"2024","King's Lynn and West Norfolk","E07000146","Total","Aged 25 - 29 years","Value",8023
"2024","King's Lynn and West Norfolk","E07000146","Total","Aged 30 - 34 years","Value",8979
"2024","King's Lynn and West Norfolk","E07000146","Total","Aged 35 - 39 years","Value",9536
"2024","King's Lynn and West Norfolk","E07000146","Total","Aged 40 - 44 years","Value",8617
"2024","King's Lynn and West Norfolk","E07000146","Total","Aged 45 - 49 years","Value",8157
"2024","King's Lynn and West Norfolk","E07000146","Total","Aged 50 - 54 years","Value",10251
"2024","King's Lynn and West Norfolk","E07000146","Total","Aged 55 - 59 years","Value",11612
"2024","King's Lynn and West Norfolk","E07000146","Total","Aged 60 - 64 years","Value",11737
"2024","King's Lynn and West Norfolk","E07000146","Total","Aged 65 - 69 years","Value",10410
"2024","King's Lynn and West Norfolk","E07000146","Total","Aged 70 - 74 years","Value",9510
"2024","King's Lynn and West Norfolk","E07000146","Total","Aged 75 - 79 years","Value",9718
"2024","King's Lynn and West Norfolk","E07000146","Total","Aged 80 - 84 years","Value",6145
"2024","King's Lynn and West Norfolk","E07000146","Total","Aged 85 and over","Value",5868
"2024","North Norfolk","E07000147","Total","All ages","Value",103431
"2024","North Norfolk","E07000147","Total","Aged under 1 year","Value",573
"2024","North Norfolk","E07000147","Total","Aged 1 - 4 years","Value",2613
"2024","North Norfolk","E07000147","Total","Aged 5 - 9 years","Value",4217
"2024","North Norfolk","E07000147","Total","Aged 10 - 14 years","Value",4957
"2024","North Norfolk","E07000147","Total","Aged 15 - 19 years","Value",4738
"2024","North Norfolk","E07000147","Total","Aged 20 - 24 years","Value",3436
"2024","North Norfolk","E07000147","Total","Aged 25 - 29 years","Value",4207
"2024","North Norfolk","E07000147","Total","Aged 30 - 34 years","Value",4352
"2024","North Norfolk","E07000147","Total","Aged 35 - 39 years","Value",4945
"2024","North Norfolk","E07000147","Total","Aged 40 - 44 years","Value",4770
"2024","North Norfolk","E07000147","Total","Aged 45 - 49 years","Value",4896
"2024","North Norfolk","E07000147","Total","Aged 50 - 54 years","Value",6495
"2024","North Norfolk","E07000147","Total","Aged 55 - 59 years","Value",8032
"2024","North Norfolk","E07000147","Total","Aged 60 - 64 years","Value",8988
"2024","North Norfolk","E07000147","Total","Aged 65 - 69 years","Value",8902
"2024","North Norfolk","E07000147","Total","Aged 70 - 74 years","Value",8415
"2024","North Norfolk","E07000147","Total","Aged 75 - 79 years","Value",8498
"2024","North Norfolk","E07000147","Total","Aged 80 - 84 years","Value",5239
"2024","North Norfolk","E07000147","Total","Aged 85 and over","Value",5158
"2024","Norwich","E07000148","Total","All ages","Value",147119
"2024","Norwich","E07000148","Total","Aged under 1 year","Value",1345
"2024","Norwich","E07000148","Total","Aged 1 - 4 years","Value",5272
"2024","Norwich","E07000148","Total","Aged 5 - 9 years","Value",7185
"2024","Norwich","E07000148","Total","Aged 10 - 14 years","Value",7537
"2024","Norwich","E07000148","Total","Aged 15 - 19 years","Value",9724
"2024","Norwich","E07000148","Total","Aged 20 - 24 years","Value",17426
"2024","Norwich","E07000148","Total","Aged 25 - 29 years","Value",12354
"2024","Norwich","E07000148","Total","Aged 30 - 34 years","Value",12493
"2024","Norwich","E07000148","Total","Aged 35 - 39 years","Value",11020
"2024","Norwich","E07000148","Total","Aged 40 - 44 years","Value",9650
"2024","Norwich","E07000148","Total","Aged 45 - 49 years","Value",8188
"2024","Norwich","E07000148","Total","Aged 50 - 54 years","Value",8012
"2024","Norwich","E07000148","Total","Aged 55 - 59 years","Value",7816
"2024","Norwich","E07000148","Total","Aged 60 - 64 years","Value",7028
"2024","Norwich","E07000148","Total","Aged 65 - 69 years","Value",5784
"2024","Norwich","E07000148","Total","Aged 70 - 74 years","Value",5207
"2024","Norwich","E07000148","Total","Aged 75 - 79 years","Value",4836
"2024","Norwich","E07000148","Total","Aged 80 - 84 years","Value",3105
"2024","Norwich","E07000148","Total","Aged 85 and over","Value",3137
"2024","South Norfolk","E07000149","Total","All ages","Value",148384
"2024","South Norfolk","E07000149","Total","Aged under 1 year","Value",1180
"2024","South Norfolk","E07000149","Total","Aged 1 - 4 years","Value",5573
"2024","South Norfolk","E07000149","Total","Aged 5 - 9 years","Value",8318
"2024","South Norfolk","E07000149","Total","Aged 10 - 14 years","Value",8979
"2024","South Norfolk","E07000149","Total","Aged 15 - 19 years","Value",7571
"2024","South Norfolk","E07000149","Total","Aged 20 - 24 years","Value",5389
"2024","South Norfolk","E07000149","Total","Aged 25 - 29 years","Value",7225
"2024","South Norfolk","E07000149","Total","Aged 30 - 34 years","Value",8552
"2024","South Norfolk","E07000149","Total","Aged 35 - 39 years","Value",9411
"2024","South Norfolk","E07000149","Total","Aged 40 - 44 years","Value",9433
"2024","South Norfolk","E07000149","Total","Aged 45 - 49 years","Value",8722
"2024","South Norfolk","E07000149","Total","Aged 50 - 54 years","Value",10114
"2024","South Norfolk","E07000149","Total","Aged 55 - 59 years","Value",10688
"2024","South Norfolk","E07000149","Total","Aged 60 - 64 years","Value",10353
"2024","South Norfolk","E07000149","Total","Aged 65 - 69 years","Value",9135
"2024","South Norfolk","E07000149","Total","Aged 70 - 74 years","Value",8414
"2024","South Norfolk","E07000149","Total","Aged 75 - 79 years","Value",8667
"2024","South Norfolk","E07000149","Total","Aged 80 - 84 years","Value",5493
"2024","South Norfolk","E07000149","Total","Aged 85 and over","Value",5167
"2024","Babergh","E07000200","Total","All ages","Value",96906
"2024","Babergh","E07000200","Total","Aged under 1 year","Value",731
"2024","Babergh","E07000200","Total","Aged 1 - 4 years","Value",3464
"2024","Babergh","E07000200","Total","Aged 5 - 9 years","Value",4777
"2024","Babergh","E07000200","Total","Aged 10 - 14 years","Value",5345
"2024","Babergh","E07000200","Total","Aged 15 - 19 years","Value",5049
"2024","Babergh","E07000200","Total","Aged 20 - 24 years","Value",3760
"2024","Babergh","E07000200","Total","Aged 25 - 29 years","Value",4642
"2024","Babergh","E07000200","Total","Aged 30 - 34 years","Value",5193
"2024","Babergh","E07000200","Total","Aged 35 - 39 years","Value",5404
"2024","Babergh","E07000200","Total","Aged 40 - 44 years","Value",5451
"2024","Babergh","E07000200","Total","Aged 45 - 49 years","Value",5390
"2024","Babergh","E07000200","Total","Aged 50 - 54 years","Value",6630
"2024","Babergh","E07000200","Total","Aged 55 - 59 years","Value",7502
"2024","Babergh","E07000200","Total","Aged 60 - 64 years","Value",7199
"2024","Babergh","E07000200","Total","Aged 65 - 69 years","Value",6335
"2024","Babergh","E07000200","Total","Aged 70 - 74 years","Value",6008
"2024","Babergh","E07000200","Total","Aged 75 - 79 years","Value",6320
"2024","Babergh","E07000200","Total","Aged 80 - 84 years","Value",4026
"2024","Babergh","E07000200","Total","Aged 85 and over","Value",3680
"2024","Ipswich","E07000202","Total","All ages","Value",140042
"2024","Ipswich","E07000202","Total","Aged under 1 year","Value",1527
"2024","Ipswich","E07000202","Total","Aged 1 - 4 years","Value",6503
"2024","Ipswich","E07000202","Total","Aged 5 - 9 years","Value",9008
"2024","Ipswich","E07000202","Total","Aged 10 - 14 years","Value",9158
"2024","Ipswich","E07000202","Total","Aged 15 - 19 years","Value",8520
"2024","Ipswich","E07000202","Total","Aged 20 - 24 years","Value",7155
"2024","Ipswich","E07000202","Total","Aged 25 - 29 years","Value",9001
"2024","Ipswich","E07000202","Total","Aged 30 - 34 years","Value",10587
"2024","Ipswich","E07000202","Total","Aged 35 - 39 years","Value",10581
"2024","Ipswich","E07000202","Total","Aged 40 - 44 years","Value",9919
"2024","Ipswich","E07000202","Total","Aged 45 - 49 years","Value",8727
"2024","Ipswich","E07000202","Total","Aged 50 - 54 years","Value",9067
"2024","Ipswich","E07000202","Total","Aged 55 - 59 years","Value",8599
"2024","Ipswich","E07000202","Total","Aged 60 - 64 years","Value",7645
"2024","Ipswich","E07000202","Total","Aged 65 - 69 years","Value",6613
"2024","Ipswich","E07000202","Total","Aged 70 - 74 years","Value",5653
"2024","Ipswich","E07000202","Total","Aged 75 - 79 years","Value",5112
"2024","Ipswich","E07000202","Total","Aged 80 - 84 years","Value",3121
"2024","Ipswich","E07000202","Total","Aged 85 and over","Value",3546
"2024","Mid Suffolk","E07000203","Total","All ages","Value",110775
"2024","Mid Suffolk","E07000203","Total","Aged under 1 year","Value",848
"2024","Mid Suffolk","E07000203","Total","Aged 1 - 4 years","Value",4114
"2024","Mid Suffolk","E07000203","Total","Aged 5 - 9 years","Value",5368
"2024","Mid Suffolk","E07000203","Total","Aged 10 - 14 years","Value",6039
"2024","Mid Suffolk","E07000203","Total","Aged 15 - 19 years","Value",5536
"2024","Mid Suffolk","E07000203","Total","Aged 20 - 24 years","Value",4671
"2024","Mid Suffolk","E07000203","Total","Aged 25 - 29 years","Value",6120
"2024","Mid Suffolk","E07000203","Total","Aged 30 - 34 years","Value",6339
"2024","Mid Suffolk","E07000203","Total","Aged 35 - 39 years","Value",6529
"2024","Mid Suffolk","E07000203","Total","Aged 40 - 44 years","Value",6310
"2024","Mid Suffolk","E07000203","Total","Aged 45 - 49 years","Value",6033
"2024","Mid Suffolk","E07000203","Total","Aged 50 - 54 years","Value",7411
"2024","Mid Suffolk","E07000203","Total","Aged 55 - 59 years","Value",8628
"2024","Mid Suffolk","E07000203","Total","Aged 60 - 64 years","Value",8368
"2024","Mid Suffolk","E07000203","Total","Aged 65 - 69 years","Value",7348
"2024","Mid Suffolk","E07000203","Total","Aged 70 - 74 years","Value",6740
"2024","Mid Suffolk","E07000203","Total","Aged 75 - 79 years","Value",6760
"2024","Mid Suffolk","E07000203","Total","Aged 80 - 84 years","Value",4077
"2024","Mid Suffolk","E07000203","Total","Aged 85 and over","Value",3536
"2024","St Albans","E07000240","Total","All ages","Value",150722
"2024","St Albans","E07000240","Total","Aged under 1 year","Value",1381
"2024","St Albans","E07000240","Total","Aged 1 - 4 years","Value",6516
"2024","St Albans","E07000240","Total","Aged 5 - 9 years","Value",10110
"2024","St Albans","E07000240","Total","Aged 10 - 14 years","Value",11336
"2024","St Albans","E07000240","Total","Aged 15 - 19 years","Value",9368
"2024","St Albans","E07000240","Total","Aged 20 - 24 years","Value",5523
"2024","St Albans","E07000240","Total","Aged 25 - 29 years","Value",7675
"2024","St Albans","E07000240","Total","Aged 30 - 34 years","Value",8473
"2024","St Albans","E07000240","Total","Aged 35 - 39 years","Value",9660
"2024","St Albans","E07000240","Total","Aged 40 - 44 years","Value",11282
"2024","St Albans","E07000240","Total","Aged 45 - 49 years","Value",11916
"2024","St Albans","E07000240","Total","Aged 50 - 54 years","Value",11546
"2024","St Albans","E07000240","Total","Aged 55 - 59 years","Value",10497
"2024","St Albans","E07000240","Total","Aged 60 - 64 years","Value",8744
"2024","St Albans","E07000240","Total","Aged 65 - 69 years","Value",6737
"2024","St Albans","E07000240","Total","Aged 70 - 74 years","Value",6024
"2024","St Albans","E07000240","Total","Aged 75 - 79 years","Value",5836
"2024","St Albans","E07000240","Total","Aged 80 - 84 years","Value",3781
"2024","St Albans","E07000240","Total","Aged 85 and over","Value",4317
"2024","Welwyn Hatfield","E07000241","Total","All ages","Value",123051
"2024","Welwyn Hatfield","E07000241","Total","Aged under 1 year","Value",1191
"2024","Welwyn Hatfield","E07000241","Total","Aged 1 - 4 years","Value",5286
"2024","Welwyn Hatfield","E07000241","Total","Aged 5 - 9 years","Value",7198
"2024","Welwyn Hatfield","E07000241","Total","Aged 10 - 14 years","Value",7408
"2024","Welwyn Hatfield","E07000241","Total","Aged 15 - 19 years","Value",7485
"2024","Welwyn Hatfield","E07000241","Total","Aged 20 - 24 years","Value",9603
"2024","Welwyn Hatfield","E07000241","Total","Aged 25 - 29 years","Value",8572
"2024","Welwyn Hatfield","E07000241","Total","Aged 30 - 34 years","Value",8624
"2024","Welwyn Hatfield","E07000241","Total","Aged 35 - 39 years","Value",9128
"2024","Welwyn Hatfield","E07000241","Total","Aged 40 - 44 years","Value",8952
"2024","Welwyn Hatfield","E07000241","Total","Aged 45 - 49 years","Value",7776
"2024","Welwyn Hatfield","E07000241","Total","Aged 50 - 54 years","Value",7502
"2024","Welwyn Hatfield","E07000241","Total","Aged 55 - 59 years","Value",7491
"2024","Welwyn Hatfield","E07000241","Total","Aged 60 - 64 years","Value",6901
"2024","Welwyn Hatfield","E07000241","Total","Aged 65 - 69 years","Value",5519
"2024","Welwyn Hatfield","E07000241","Total","Aged 70 - 74 years","Value",4355
"2024","Welwyn Hatfield","E07000241","Total","Aged 75 - 79 years","Value",4116
"2024","Welwyn Hatfield","E07000241","Total","Aged 80 - 84 years","Value",2792
"2024","Welwyn Hatfield","E07000241","Total","Aged 85 and over","Value",3152
"2024","East Hertfordshire","E07000242","Total","All ages","Value",156766
"2024","East Hertfordshire","E07000242","Total","Aged under 1 year","Value",1584
"2024","East Hertfordshire","E07000242","Total","Aged 1 - 4 years","Value",6919
"2024","East Hertfordshire","E07000242","Total","Aged 5 - 9 years","Value",9240
"2024","East Hertfordshire","E07000242","Total","Aged 10 - 14 years","Value",10171
"2024","East Hertfordshire","E07000242","Total","Aged 15 - 19 years","Value",8962
"2024","East Hertfordshire","E07000242","Total","Aged 20 - 24 years","Value",6387
"2024","East Hertfordshire","E07000242","Total","Aged 25 - 29 years","Value",8807
"2024","East Hertfordshire","E07000242","Total","Aged 30 - 34 years","Value",10526
"2024","East Hertfordshire","E07000242","Total","Aged 35 - 39 years","Value",10684
"2024","East Hertfordshire","E07000242","Total","Aged 40 - 44 years","Value",10719
"2024","East Hertfordshire","E07000242","Total","Aged 45 - 49 years","Value",10460
"2024","East Hertfordshire","E07000242","Total","Aged 50 - 54 years","Value",11224
"2024","East Hertfordshire","E07000242","Total","Aged 55 - 59 years","Value",11298
"2024","East Hertfordshire","E07000242","Total","Aged 60 - 64 years","Value",10010
"2024","East Hertfordshire","E07000242","Total","Aged 65 - 69 years","Value",7987
"2024","East Hertfordshire","E07000242","Total","Aged 70 - 74 years","Value",6687
"2024","East Hertfordshire","E07000242","Total","Aged 75 - 79 years","Value",6668
"2024","East Hertfordshire","E07000242","Total","Aged 80 - 84 years","Value",4122
"2024","East Hertfordshire","E07000242","Total","Aged 85 and over","Value",4311
"2024","Stevenage","E07000243","Total","All ages","Value",91234
"2024","Stevenage","E07000243","Total","Aged under 1 year","Value",966
"2024","Stevenage","E07000243","Total","Aged 1 - 4 years","Value",4312
"2024","Stevenage","E07000243","Total","Aged 5 - 9 years","Value",5784
"2024","Stevenage","E07000243","Total","Aged 10 - 14 years","Value",6116
"2024","Stevenage","E07000243","Total","Aged 15 - 19 years","Value",5127
"2024","Stevenage","E07000243","Total","Aged 20 - 24 years","Value",4601
"2024","Stevenage","E07000243","Total","Aged 25 - 29 years","Value",5833
"2024","Stevenage","E07000243","Total","Aged 30 - 34 years","Value",7417
"2024","Stevenage","E07000243","Total","Aged 35 - 39 years","Value",7576
"2024","Stevenage","E07000243","Total","Aged 40 - 44 years","Value",6667
"2024","Stevenage","E07000243","Total","Aged 45 - 49 years","Value",5425
"2024","Stevenage","E07000243","Total","Aged 50 - 54 years","Value",5535
"2024","Stevenage","E07000243","Total","Aged 55 - 59 years","Value",5980
"2024","Stevenage","E07000243","Total","Aged 60 - 64 years","Value",5492
"2024","Stevenage","E07000243","Total","Aged 65 - 69 years","Value",4275
"2024","Stevenage","E07000243","Total","Aged 70 - 74 years","Value",3197
"2024","Stevenage","E07000243","Total","Aged 75 - 79 years","Value",2979
"2024","Stevenage","E07000243","Total","Aged 80 - 84 years","Value",1897
"2024","Stevenage","E07000243","Total","Aged 85 and over","Value",2055
"2024","East Suffolk","E07000244","Total","All ages","Value",249581
"2024","East Suffolk","E07000244","Total","Aged under 1 year","Value",1703
"2024","East Suffolk","E07000244","Total","Aged 1 - 4 years","Value",8039
"2024","East Suffolk","E07000244","Total","Aged 5 - 9 years","Value",12154
"2024","East Suffolk","E07000244","Total","Aged 10 - 14 years","Value",13672
"2024","East Suffolk","E07000244","Total","Aged 15 - 19 years","Value",12870
"2024","East Suffolk","E07000244","Total","Aged 20 - 24 years","Value",9955
"2024","East Suffolk","E07000244","Total","Aged 25 - 29 years","Value",11761
"2024","East Suffolk","E07000244","Total","Aged 30 - 34 years","Value",12374
"2024","East Suffolk","E07000244","Total","Aged 35 - 39 years","Value",13335
"2024","East Suffolk","E07000244","Total","Aged 40 - 44 years","Value",13316
"2024","East Suffolk","E07000244","Total","Aged 45 - 49 years","Value",13025
"2024","East Suffolk","E07000244","Total","Aged 50 - 54 years","Value",16497
"2024","East Suffolk","E07000244","Total","Aged 55 - 59 years","Value",19062
"2024","East Suffolk","E07000244","Total","Aged 60 - 64 years","Value",19235
"2024","East Suffolk","E07000244","Total","Aged 65 - 69 years","Value",17535
"2024","East Suffolk","E07000244","Total","Aged 70 - 74 years","Value",16791
"2024","East Suffolk","E07000244","Total","Aged 75 - 79 years","Value",17128
"2024","East Suffolk","E07000244","Total","Aged 80 - 84 years","Value",10540
"2024","East Suffolk","E07000244","Total","Aged 85 and over","Value",10589
"2024","West Suffolk","E07000245","Total","All ages","Value",188197
"2024","West Suffolk","E07000245","Total","Aged under 1 year","Value",1755
"2024","West Suffolk","E07000245","Total","Aged 1 - 4 years","Value",8474
"2024","West Suffolk","E07000245","Total","Aged 5 - 9 years","Value",10801
"2024","West Suffolk","E07000245","Total","Aged 10 - 14 years","Value",10821
"2024","West Suffolk","E07000245","Total","Aged 15 - 19 years","Value",9292
"2024","West Suffolk","E07000245","Total","Aged 20 - 24 years","Value",9868
"2024","West Suffolk","E07000245","Total","Aged 25 - 29 years","Value",12634
"2024","West Suffolk","E07000245","Total","Aged 30 - 34 years","Value",13674
"2024","West Suffolk","E07000245","Total","Aged 35 - 39 years","Value",12952
"2024","West Suffolk","E07000245","Total","Aged 40 - 44 years","Value",11699
"2024","West Suffolk","E07000245","Total","Aged 45 - 49 years","Value",10363
"2024","West Suffolk","E07000245","Total","Aged 50 - 54 years","Value",11779
"2024","West Suffolk","E07000245","Total","Aged 55 - 59 years","Value",12614
"2024","West Suffolk","E07000245","Total","Aged 60 - 64 years","Value",11799
"2024","West Suffolk","E07000245","Total","Aged 65 - 69 years","Value",9554
"2024","West Suffolk","E07000245","Total","Aged 70 - 74 years","Value",9010
"2024","West Suffolk","E07000245","Total","Aged 75 - 79 years","Value",9297
"2024","West Suffolk","E07000245","Total","Aged 80 - 84 years","Value",6022
"2024","West Suffolk","E07000245","Total","Aged 85 and over","Value",5789
"2024","City of London","E09000001","Total","All ages","Value",15497
"2024","City of London","E09000001","Total","Aged under 1 year","Value",56
"2024","City of London","E09000001","Total","Aged 1 - 4 years","Value",195
"2024","City of London","E09000001","Total","Aged 5 - 9 years","Value",174
"2024","City of London","E09000001","Total","Aged 10 - 14 years","Value",207
"2024","City of London","E09000001","Total","Aged 15 - 19 years","Value",423
"2024","City of London","E09000001","Total","Aged 20 - 24 years","Value",2217
"2024","City of London","E09000001","Total","Aged 25 - 29 years","Value",2946
"2024","City of London","E09000001","Total","Aged 30 - 34 years","Value",2496
"2024","City of London","E09000001","Total","Aged 35 - 39 years","Value",1566
"2024","City of London","E09000001","Total","Aged 40 - 44 years","Value",1087
"2024","City of London","E09000001","Total","Aged 45 - 49 years","Value",783
"2024","City of London","E09000001","Total","Aged 50 - 54 years","Value",743
"2024","City of London","E09000001","Total","Aged 55 - 59 years","Value",660
"2024","City of London","E09000001","Total","Aged 60 - 64 years","Value",538
"2024","City of London","E09000001","Total","Aged 65 - 69 years","Value",471
"2024","City of London","E09000001","Total","Aged 70 - 74 years","Value",318
"2024","City of London","E09000001","Total","Aged 75 - 79 years","Value",306
"2024","City of London","E09000001","Total","Aged 80 - 84 years","Value",164
"2024","City of London","E09000001","Total","Aged 85 and over","Value",147
"2024","Barking and Dagenham","E09000002","Total","All ages","Value",234866
"2024","Barking and Dagenham","E09000002","Total","Aged under 1 year","Value",3529
"2024","Barking and Dagenham","E09000002","Total","Aged 1 - 4 years","Value",14290
"2024","Barking and Dagenham","E09000002","Total","Aged 5 - 9 years","Value",18158
"2024","Barking and Dagenham","E09000002","Total","Aged 10 - 14 years","Value",17949
"2024","Barking and Dagenham","E09000002","Total","Aged 15 - 19 years","Value",17135
"2024","Barking and Dagenham","E09000002","Total","Aged 20 - 24 years","Value",15378
"2024","Barking and Dagenham","E09000002","Total","Aged 25 - 29 years","Value",18857
"2024","Barking and Dagenham","E09000002","Total","Aged 30 - 34 years","Value",18892
"2024","Barking and Dagenham","E09000002","Total","Aged 35 - 39 years","Value",19746
"2024","Barking and Dagenham","E09000002","Total","Aged 40 - 44 years","Value",18797
"2024","Barking and Dagenham","E09000002","Total","Aged 45 - 49 years","Value",15897
"2024","Barking and Dagenham","E09000002","Total","Aged 50 - 54 years","Value",14298
"2024","Barking and Dagenham","E09000002","Total","Aged 55 - 59 years","Value",12360
"2024","Barking and Dagenham","E09000002","Total","Aged 60 - 64 years","Value",9453
"2024","Barking and Dagenham","E09000002","Total","Aged 65 - 69 years","Value",6856
"2024","Barking and Dagenham","E09000002","Total","Aged 70 - 74 years","Value",4714
"2024","Barking and Dagenham","E09000002","Total","Aged 75 - 79 years","Value",3742
"2024","Barking and Dagenham","E09000002","Total","Aged 80 - 84 years","Value",2364
"2024","Barking and Dagenham","E09000002","Total","Aged 85 and over","Value",2451
"2024","Barnet","E09000003","Total","All ages","Value",406198
"2024","Barnet","E09000003","Total","Aged under 1 year","Value",4577
"2024","Barnet","E09000003","Total","Aged 1 - 4 years","Value",19537
"2024","Barnet","E09000003","Total","Aged 5 - 9 years","Value",25310
"2024","Barnet","E09000003","Total","Aged 10 - 14 years","Value",26668
"2024","Barnet","E09000003","Total","Aged 15 - 19 years","Value",23304
"2024","Barnet","E09000003","Total","Aged 20 - 24 years","Value",22434
"2024","Barnet","E09000003","Total","Aged 25 - 29 years","Value",30253
"2024","Barnet","E09000003","Total","Aged 30 - 34 years","Value",30132
"2024","Barnet","E09000003","Total","Aged 35 - 39 years","Value",30740
"2024","Barnet","E09000003","Total","Aged 40 - 44 years","Value",31424
"2024","Barnet","E09000003","Total","Aged 45 - 49 years","Value",29128
"2024","Barnet","E09000003","Total","Aged 50 - 54 years","Value",26870
"2024","Barnet","E09000003","Total","Aged 55 - 59 years","Value",24147
"2024","Barnet","E09000003","Total","Aged 60 - 64 years","Value",20735
"2024","Barnet","E09000003","Total","Aged 65 - 69 years","Value",16946
"2024","Barnet","E09000003","Total","Aged 70 - 74 years","Value",14009
"2024","Barnet","E09000003","Total","Aged 75 - 79 years","Value",12458
"2024","Barnet","E09000003","Total","Aged 80 - 84 years","Value",8231
"2024","Barnet","E09000003","Total","Aged 85 and over","Value",9295
"2024","Bexley","E09000004","Total","All ages","Value",256288
"2024","Bexley","E09000004","Total","Aged under 1 year","Value",2640
"2024","Bexley","E09000004","Total","Aged 1 - 4 years","Value",12127
"2024","Bexley","E09000004","Total","Aged 5 - 9 years","Value",16285
"2024","Bexley","E09000004","Total","Aged 10 - 14 years","Value",16908
"2024","Bexley","E09000004","Total","Aged 15 - 19 years","Value",15291
"2024","Bexley","E09000004","Total","Aged 20 - 24 years","Value",13938
"2024","Bexley","E09000004","Total","Aged 25 - 29 years","Value",15534
"2024","Bexley","E09000004","Total","Aged 30 - 34 years","Value",17843
"2024","Bexley","E09000004","Total","Aged 35 - 39 years","Value",19323
"2024","Bexley","E09000004","Total","Aged 40 - 44 years","Value",19153
"2024","Bexley","E09000004","Total","Aged 45 - 49 years","Value",16749
"2024","Bexley","E09000004","Total","Aged 50 - 54 years","Value",16370
"2024","Bexley","E09000004","Total","Aged 55 - 59 years","Value",16570
"2024","Bexley","E09000004","Total","Aged 60 - 64 years","Value",14932
"2024","Bexley","E09000004","Total","Aged 65 - 69 years","Value",11565
"2024","Bexley","E09000004","Total","Aged 70 - 74 years","Value",9569
"2024","Bexley","E09000004","Total","Aged 75 - 79 years","Value",9076
"2024","Bexley","E09000004","Total","Aged 80 - 84 years","Value",6027
"2024","Bexley","E09000004","Total","Aged 85 and over","Value",6388
"2024","Brent","E09000005","Total","All ages","Value",355398
"2024","Brent","E09000005","Total","Aged under 1 year","Value",4315
"2024","Brent","E09000005","Total","Aged 1 - 4 years","Value",16640
"2024","Brent","E09000005","Total","Aged 5 - 9 years","Value",19273
"2024","Brent","E09000005","Total","Aged 10 - 14 years","Value",19710
"2024","Brent","E09000005","Total","Aged 15 - 19 years","Value",21141
"2024","Brent","E09000005","Total","Aged 20 - 24 years","Value",29843
"2024","Brent","E09000005","Total","Aged 25 - 29 years","Value",35008
"2024","Brent","E09000005","Total","Aged 30 - 34 years","Value",30093
"2024","Brent","E09000005","Total","Aged 35 - 39 years","Value",27043
"2024","Brent","E09000005","Total","Aged 40 - 44 years","Value",25340
"2024","Brent","E09000005","Total","Aged 45 - 49 years","Value",23074
"2024","Brent","E09000005","Total","Aged 50 - 54 years","Value",21642
"2024","Brent","E09000005","Total","Aged 55 - 59 years","Value",21185
"2024","Brent","E09000005","Total","Aged 60 - 64 years","Value",17918
"2024","Brent","E09000005","Total","Aged 65 - 69 years","Value",14001
"2024","Brent","E09000005","Total","Aged 70 - 74 years","Value",10403
"2024","Brent","E09000005","Total","Aged 75 - 79 years","Value",7610
"2024","Brent","E09000005","Total","Aged 80 - 84 years","Value",5386
"2024","Brent","E09000005","Total","Aged 85 and over","Value",5773
"2024","Bromley","E09000006","Total","All ages","Value",334641
"2024","Bromley","E09000006","Total","Aged under 1 year","Value",3397
"2024","Bromley","E09000006","Total","Aged 1 - 4 years","Value",15111
"2024","Bromley","E09000006","Total","Aged 5 - 9 years","Value",20430
"2024","Bromley","E09000006","Total","Aged 10 - 14 years","Value",21307
"2024","Bromley","E09000006","Total","Aged 15 - 19 years","Value",18202
"2024","Bromley","E09000006","Total","Aged 20 - 24 years","Value",13908
"2024","Bromley","E09000006","Total","Aged 25 - 29 years","Value",18079
"2024","Bromley","E09000006","Total","Aged 30 - 34 years","Value",21646
"2024","Bromley","E09000006","Total","Aged 35 - 39 years","Value",25292
"2024","Bromley","E09000006","Total","Aged 40 - 44 years","Value",26188
"2024","Bromley","E09000006","Total","Aged 45 - 49 years","Value",24523
"2024","Bromley","E09000006","Total","Aged 50 - 54 years","Value",23334
"2024","Bromley","E09000006","Total","Aged 55 - 59 years","Value",22785
"2024","Bromley","E09000006","Total","Aged 60 - 64 years","Value",20105
"2024","Bromley","E09000006","Total","Aged 65 - 69 years","Value",15576
"2024","Bromley","E09000006","Total","Aged 70 - 74 years","Value",13254
"2024","Bromley","E09000006","Total","Aged 75 - 79 years","Value",13624
"2024","Bromley","E09000006","Total","Aged 80 - 84 years","Value",8598
"2024","Bromley","E09000006","Total","Aged 85 and over","Value",9282
"2024","Camden","E09000007","Total","All ages","Value",220558
"2024","Camden","E09000007","Total","Aged under 1 year","Value",1962
"2024","Camden","E09000007","Total","Aged 1 - 4 years","Value",7601
"2024","Camden","E09000007","Total","Aged 5 - 9 years","Value",9061
"2024","Camden","E09000007","Total","Aged 10 - 14 years","Value",9570
"2024","Camden","E09000007","Total","Aged 15 - 19 years","Value",14218
"2024","Camden","E09000007","Total","Aged 20 - 24 years","Value",27333
"2024","Camden","E09000007","Total","Aged 25 - 29 years","Value",24619
"2024","Camden","E09000007","Total","Aged 30 - 34 years","Value",20456
"2024","Camden","E09000007","Total","Aged 35 - 39 years","Value",16275
"2024","Camden","E09000007","Total","Aged 40 - 44 years","Value",13763
"2024","Camden","E09000007","Total","Aged 45 - 49 years","Value",13366
"2024","Camden","E09000007","Total","Aged 50 - 54 years","Value",13001
"2024","Camden","E09000007","Total","Aged 55 - 59 years","Value",12462
"2024","Camden","E09000007","Total","Aged 60 - 64 years","Value",10453
"2024","Camden","E09000007","Total","Aged 65 - 69 years","Value",7750
"2024","Camden","E09000007","Total","Aged 70 - 74 years","Value",6296
"2024","Camden","E09000007","Total","Aged 75 - 79 years","Value",5580
"2024","Camden","E09000007","Total","Aged 80 - 84 years","Value",3535
"2024","Camden","E09000007","Total","Aged 85 and over","Value",3257
"2024","Croydon","E09000008","Total","All ages","Value",408636
"2024","Croydon","E09000008","Total","Aged under 1 year","Value",5049
"2024","Croydon","E09000008","Total","Aged 1 - 4 years","Value",20430
"2024","Croydon","E09000008","Total","Aged 5 - 9 years","Value",25194
"2024","Croydon","E09000008","Total","Aged 10 - 14 years","Value",25507
"2024","Croydon","E09000008","Total","Aged 15 - 19 years","Value",24079
"2024","Croydon","E09000008","Total","Aged 20 - 24 years","Value",21660
"2024","Croydon","E09000008","Total","Aged 25 - 29 years","Value",30385
"2024","Croydon","E09000008","Total","Aged 30 - 34 years","Value",33059
"2024","Croydon","E09000008","Total","Aged 35 - 39 years","Value",33244
"2024","Croydon","E09000008","Total","Aged 40 - 44 years","Value",30924
"2024","Croydon","E09000008","Total","Aged 45 - 49 years","Value",27418
"2024","Croydon","E09000008","Total","Aged 50 - 54 years","Value",25322
"2024","Croydon","E09000008","Total","Aged 55 - 59 years","Value",26266
"2024","Croydon","E09000008","Total","Aged 60 - 64 years","Value",23161
"2024","Croydon","E09000008","Total","Aged 65 - 69 years","Value",17003
"2024","Croydon","E09000008","Total","Aged 70 - 74 years","Value",13209
"2024","Croydon","E09000008","Total","Aged 75 - 79 years","Value",11430
"2024","Croydon","E09000008","Total","Aged 80 - 84 years","Value",7502
"2024","Croydon","E09000008","Total","Aged 85 and over","Value",7794
"2024","Ealing","E09000009","Total","All ages","Value",387680
"2024","Ealing","E09000009","Total","Aged under 1 year","Value",4597
"2024","Ealing","E09000009","Total","Aged 1 - 4 years","Value",17252
"2024","Ealing","E09000009","Total","Aged 5 - 9 years","Value",21220
"2024","Ealing","E09000009","Total","Aged 10 - 14 years","Value",22762
"2024","Ealing","E09000009","Total","Aged 15 - 19 years","Value",22986
"2024","Ealing","E09000009","Total","Aged 20 - 24 years","Value",28130
"2024","Ealing","E09000009","Total","Aged 25 - 29 years","Value",33947
"2024","Ealing","E09000009","Total","Aged 30 - 34 years","Value",32405
"2024","Ealing","E09000009","Total","Aged 35 - 39 years","Value",30529
"2024","Ealing","E09000009","Total","Aged 40 - 44 years","Value",30013
"2024","Ealing","E09000009","Total","Aged 45 - 49 years","Value",27523
"2024","Ealing","E09000009","Total","Aged 50 - 54 years","Value",25015
"2024","Ealing","E09000009","Total","Aged 55 - 59 years","Value",23153
"2024","Ealing","E09000009","Total","Aged 60 - 64 years","Value",19318
"2024","Ealing","E09000009","Total","Aged 65 - 69 years","Value",15319
"2024","Ealing","E09000009","Total","Aged 70 - 74 years","Value",11795
"2024","Ealing","E09000009","Total","Aged 75 - 79 years","Value",9435
"2024","Ealing","E09000009","Total","Aged 80 - 84 years","Value",6182
"2024","Ealing","E09000009","Total","Aged 85 and over","Value",6099
"2024","Enfield","E09000010","Total","All ages","Value",331421
"2024","Enfield","E09000010","Total","Aged under 1 year","Value",3751
"2024","Enfield","E09000010","Total","Aged 1 - 4 years","Value",16332
"2024","Enfield","E09000010","Total","Aged 5 - 9 years","Value",21708
"2024","Enfield","E09000010","Total","Aged 10 - 14 years","Value",22916
"2024","Enfield","E09000010","Total","Aged 15 - 19 years","Value",22384
"2024","Enfield","E09000010","Total","Aged 20 - 24 years","Value",18905
"2024","Enfield","E09000010","Total","Aged 25 - 29 years","Value",22290
"2024","Enfield","E09000010","Total","Aged 30 - 34 years","Value",21306
"2024","Enfield","E09000010","Total","Aged 35 - 39 years","Value",23586
"2024","Enfield","E09000010","Total","Aged 40 - 44 years","Value",24121
"2024","Enfield","E09000010","Total","Aged 45 - 49 years","Value",23007
"2024","Enfield","E09000010","Total","Aged 50 - 54 years","Value",22617
"2024","Enfield","E09000010","Total","Aged 55 - 59 years","Value",21382
"2024","Enfield","E09000010","Total","Aged 60 - 64 years","Value",18743
"2024","Enfield","E09000010","Total","Aged 65 - 69 years","Value",14266
"2024","Enfield","E09000010","Total","Aged 70 - 74 years","Value",11040
"2024","Enfield","E09000010","Total","Aged 75 - 79 years","Value",9411
"2024","Enfield","E09000010","Total","Aged 80 - 84 years","Value",6497
"2024","Enfield","E09000010","Total","Aged 85 and over","Value",7159
"2024","Greenwich","E09000011","Total","All ages","Value",301259
"2024","Greenwich","E09000011","Total","Aged under 1 year","Value",3529
"2024","Greenwich","E09000011","Total","Aged 1 - 4 years","Value",14812
"2024","Greenwich","E09000011","Total","Aged 5 - 9 years","Value",17587
"2024","Greenwich","E09000011","Total","Aged 10 - 14 years","Value",17632
"2024","Greenwich","E09000011","Total","Aged 15 - 19 years","Value",17088
"2024","Greenwich","E09000011","Total","Aged 20 - 24 years","Value",19881
"2024","Greenwich","E09000011","Total","Aged 25 - 29 years","Value",27218
"2024","Greenwich","E09000011","Total","Aged 30 - 34 years","Value",29173
"2024","Greenwich","E09000011","Total","Aged 35 - 39 years","Value",27161
"2024","Greenwich","E09000011","Total","Aged 40 - 44 years","Value",24325
"2024","Greenwich","E09000011","Total","Aged 45 - 49 years","Value",20529
"2024","Greenwich","E09000011","Total","Aged 50 - 54 years","Value",18365
"2024","Greenwich","E09000011","Total","Aged 55 - 59 years","Value",17150
"2024","Greenwich","E09000011","Total","Aged 60 - 64 years","Value",14281
"2024","Greenwich","E09000011","Total","Aged 65 - 69 years","Value",10432
"2024","Greenwich","E09000011","Total","Aged 70 - 74 years","Value",7728
"2024","Greenwich","E09000011","Total","Aged 75 - 79 years","Value",6553
"2024","Greenwich","E09000011","Total","Aged 80 - 84 years","Value",4109
"2024","Greenwich","E09000011","Total","Aged 85 and over","Value",3706
"2024","Hackney","E09000012","Total","All ages","Value",268651
"2024","Hackney","E09000012","Total","Aged under 1 year","Value",3532
"2024","Hackney","E09000012","Total","Aged 1 - 4 years","Value",12740
"2024","Hackney","E09000012","Total","Aged 5 - 9 years","Value",14121
"2024","Hackney","E09000012","Total","Aged 10 - 14 years","Value",14226
"2024","Hackney","E09000012","Total","Aged 15 - 19 years","Value",14403
"2024","Hackney","E09000012","Total","Aged 20 - 24 years","Value",19654
"2024","Hackney","E09000012","Total","Aged 25 - 29 years","Value",36414
"2024","Hackney","E09000012","Total","Aged 30 - 34 years","Value",33545
"2024","Hackney","E09000012","Total","Aged 35 - 39 years","Value",23669
"2024","Hackney","E09000012","Total","Aged 40 - 44 years","Value",18401
"2024","Hackney","E09000012","Total","Aged 45 - 49 years","Value",15661
"2024","Hackney","E09000012","Total","Aged 50 - 54 years","Value",14234
"2024","Hackney","E09000012","Total","Aged 55 - 59 years","Value",13805
"2024","Hackney","E09000012","Total","Aged 60 - 64 years","Value",11516
"2024","Hackney","E09000012","Total","Aged 65 - 69 years","Value",8380
"2024","Hackney","E09000012","Total","Aged 70 - 74 years","Value",5563
"2024","Hackney","E09000012","Total","Aged 75 - 79 years","Value",4083
"2024","Hackney","E09000012","Total","Aged 80 - 84 years","Value",2467
"2024","Hackney","E09000012","Total","Aged 85 and over","Value",2237
"2024","Hammersmith and Fulham","E09000013","Total","All ages","Value",190803
"2024","Hammersmith and Fulham","E09000013","Total","Aged under 1 year","Value",2048
"2024","Hammersmith and Fulham","E09000013","Total","Aged 1 - 4 years","Value",7311
"2024","Hammersmith and Fulham","E09000013","Total","Aged 5 - 9 years","Value",8258
"2024","Hammersmith and Fulham","E09000013","Total","Aged 10 - 14 years","Value",8424
"2024","Hammersmith and Fulham","E09000013","Total","Aged 15 - 19 years","Value",7943
"2024","Hammersmith and Fulham","E09000013","Total","Aged 20 - 24 years","Value",18821
"2024","Hammersmith and Fulham","E09000013","Total","Aged 25 - 29 years","Value",26364
"2024","Hammersmith and Fulham","E09000013","Total","Aged 30 - 34 years","Value",19401
"2024","Hammersmith and Fulham","E09000013","Total","Aged 35 - 39 years","Value",15248
"2024","Hammersmith and Fulham","E09000013","Total","Aged 40 - 44 years","Value",12383
"2024","Hammersmith and Fulham","E09000013","Total","Aged 45 - 49 years","Value",11814
"2024","Hammersmith and Fulham","E09000013","Total","Aged 50 - 54 years","Value",11935
"2024","Hammersmith and Fulham","E09000013","Total","Aged 55 - 59 years","Value",11260
"2024","Hammersmith and Fulham","E09000013","Total","Aged 60 - 64 years","Value",8884
"2024","Hammersmith and Fulham","E09000013","Total","Aged 65 - 69 years","Value",6383
"2024","Hammersmith and Fulham","E09000013","Total","Aged 70 - 74 years","Value",5091
"2024","Hammersmith and Fulham","E09000013","Total","Aged 75 - 79 years","Value",4153
"2024","Hammersmith and Fulham","E09000013","Total","Aged 80 - 84 years","Value",2712
"2024","Hammersmith and Fulham","E09000013","Total","Aged 85 and over","Value",2370
"2024","Haringey","E09000014","Total","All ages","Value",268524
"2024","Haringey","E09000014","Total","Aged under 1 year","Value",3070
"2024","Haringey","E09000014","Total","Aged 1 - 4 years","Value",11762
"2024","Haringey","E09000014","Total","Aged 5 - 9 years","Value",14087
"2024","Haringey","E09000014","Total","Aged 10 - 14 years","Value",14512
"2024","Haringey","E09000014","Total","Aged 15 - 19 years","Value",14171
"2024","Haringey","E09000014","Total","Aged 20 - 24 years","Value",17388
"2024","Haringey","E09000014","Total","Aged 25 - 29 years","Value",25277
"2024","Haringey","E09000014","Total","Aged 30 - 34 years","Value",25729
"2024","Haringey","E09000014","Total","Aged 35 - 39 years","Value",23447
"2024","Haringey","E09000014","Total","Aged 40 - 44 years","Value",20953
"2024","Haringey","E09000014","Total","Aged 45 - 49 years","Value",18984
"2024","Haringey","E09000014","Total","Aged 50 - 54 years","Value",18068
"2024","Haringey","E09000014","Total","Aged 55 - 59 years","Value",17163
"2024","Haringey","E09000014","Total","Aged 60 - 64 years","Value",13895
"2024","Haringey","E09000014","Total","Aged 65 - 69 years","Value",9796
"2024","Haringey","E09000014","Total","Aged 70 - 74 years","Value",7413
"2024","Haringey","E09000014","Total","Aged 75 - 79 years","Value",5707
"2024","Haringey","E09000014","Total","Aged 80 - 84 years","Value",3649
"2024","Haringey","E09000014","Total","Aged 85 and over","Value",3453
"2024","Harrow","E09000015","Total","All ages","Value",270987
"2024","Harrow","E09000015","Total","Aged under 1 year","Value",3130
"2024","Harrow","E09000015","Total","Aged 1 - 4 years","Value",13044
"2024","Harrow","E09000015","Total","Aged 5 - 9 years","Value",16030
"2024","Harrow","E09000015","Total","Aged 10 - 14 years","Value",16339
"2024","Harrow","E09000015","Total","Aged 15 - 19 years","Value",15663
"2024","Harrow","E09000015","Total","Aged 20 - 24 years","Value",15890
"2024","Harrow","E09000015","Total","Aged 25 - 29 years","Value",21989
"2024","Harrow","E09000015","Total","Aged 30 - 34 years","Value",20386
"2024","Harrow","E09000015","Total","Aged 35 - 39 years","Value",21231
"2024","Harrow","E09000015","Total","Aged 40 - 44 years","Value",20244
"2024","Harrow","E09000015","Total","Aged 45 - 49 years","Value",18359
"2024","Harrow","E09000015","Total","Aged 50 - 54 years","Value",16190
"2024","Harrow","E09000015","Total","Aged 55 - 59 years","Value",15284
"2024","Harrow","E09000015","Total","Aged 60 - 64 years","Value",14428
"2024","Harrow","E09000015","Total","Aged 65 - 69 years","Value",12436
"2024","Harrow","E09000015","Total","Aged 70 - 74 years","Value",10120
"2024","Harrow","E09000015","Total","Aged 75 - 79 years","Value",8399
"2024","Harrow","E09000015","Total","Aged 80 - 84 years","Value",5664
"2024","Harrow","E09000015","Total","Aged 85 and over","Value",6161
"2024","Havering","E09000016","Total","All ages","Value",277042
"2024","Havering","E09000016","Total","Aged under 1 year","Value",3307
"2024","Havering","E09000016","Total","Aged 1 - 4 years","Value",13874
"2024","Havering","E09000016","Total","Aged 5 - 9 years","Value",18466
"2024","Havering","E09000016","Total","Aged 10 - 14 years","Value",17365
"2024","Havering","E09000016","Total","Aged 15 - 19 years","Value",15548
"2024","Havering","E09000016","Total","Aged 20 - 24 years","Value",14033
"2024","Havering","E09000016","Total","Aged 25 - 29 years","Value",18016
"2024","Havering","E09000016","Total","Aged 30 - 34 years","Value",19980
"2024","Havering","E09000016","Total","Aged 35 - 39 years","Value",21848
"2024","Havering","E09000016","Total","Aged 40 - 44 years","Value",20392
"2024","Havering","E09000016","Total","Aged 45 - 49 years","Value",17214
"2024","Havering","E09000016","Total","Aged 50 - 54 years","Value",16523
"2024","Havering","E09000016","Total","Aged 55 - 59 years","Value",16989
"2024","Havering","E09000016","Total","Aged 60 - 64 years","Value",15560
"2024","Havering","E09000016","Total","Aged 65 - 69 years","Value",12819
"2024","Havering","E09000016","Total","Aged 70 - 74 years","Value",10799
"2024","Havering","E09000016","Total","Aged 75 - 79 years","Value",10389
"2024","Havering","E09000016","Total","Aged 80 - 84 years","Value",6620
"2024","Havering","E09000016","Total","Aged 85 and over","Value",7300
"2024","Hillingdon","E09000017","Total","All ages","Value",327886
"2024","Hillingdon","E09000017","Total","Aged under 1 year","Value",4161
"2024","Hillingdon","E09000017","Total","Aged 1 - 4 years","Value",16718
"2024","Hillingdon","E09000017","Total","Aged 5 - 9 years","Value",20641
"2024","Hillingdon","E09000017","Total","Aged 10 - 14 years","Value",20182
"2024","Hillingdon","E09000017","Total","Aged 15 - 19 years","Value",19788
"2024","Hillingdon","E09000017","Total","Aged 20 - 24 years","Value",23200
"2024","Hillingdon","E09000017","Total","Aged 25 - 29 years","Value",25491
"2024","Hillingdon","E09000017","Total","Aged 30 - 34 years","Value",25739
"2024","Hillingdon","E09000017","Total","Aged 35 - 39 years","Value",26173
"2024","Hillingdon","E09000017","Total","Aged 40 - 44 years","Value",25508
"2024","Hillingdon","E09000017","Total","Aged 45 - 49 years","Value",21739
"2024","Hillingdon","E09000017","Total","Aged 50 - 54 years","Value",20114
"2024","Hillingdon","E09000017","Total","Aged 55 - 59 years","Value",18681
"2024","Hillingdon","E09000017","Total","Aged 60 - 64 years","Value",16385
"2024","Hillingdon","E09000017","Total","Aged 65 - 69 years","Value",12768
"2024","Hillingdon","E09000017","Total","Aged 70 - 74 years","Value",9929
"2024","Hillingdon","E09000017","Total","Aged 75 - 79 years","Value",8753
"2024","Hillingdon","E09000017","Total","Aged 80 - 84 years","Value",5718
"2024","Hillingdon","E09000017","Total","Aged 85 and over","Value",6198
"2024","Hounslow","E09000018","Total","All ages","Value",300047
"2024","Hounslow","E09000018","Total","Aged under 1 year","Value",3674
"2024","Hounslow","E09000018","Total","Aged 1 - 4 years","Value",14107
"2024","Hounslow","E09000018","Total","Aged 5 - 9 years","Value",17918
"2024","Hounslow","E09000018","Total","Aged 10 - 14 years","Value",18550
"2024","Hounslow","E09000018","Total","Aged 15 - 19 years","Value",17517
"2024","Hounslow","E09000018","Total","Aged 20 - 24 years","Value",18688
"2024","Hounslow","E09000018","Total","Aged 25 - 29 years","Value",24602
"2024","Hounslow","E09000018","Total","Aged 30 - 34 years","Value",23713
"2024","Hounslow","E09000018","Total","Aged 35 - 39 years","Value",25472
"2024","Hounslow","E09000018","Total","Aged 40 - 44 years","Value",24436
"2024","Hounslow","E09000018","Total","Aged 45 - 49 years","Value",22098
"2024","Hounslow","E09000018","Total","Aged 50 - 54 years","Value",20021
"2024","Hounslow","E09000018","Total","Aged 55 - 59 years","Value",17639
"2024","Hounslow","E09000018","Total","Aged 60 - 64 years","Value",14799
"2024","Hounslow","E09000018","Total","Aged 65 - 69 years","Value",11389
"2024","Hounslow","E09000018","Total","Aged 70 - 74 years","Value",9153
"2024","Hounslow","E09000018","Total","Aged 75 - 79 years","Value",7211
"2024","Hounslow","E09000018","Total","Aged 80 - 84 years","Value",4602
"2024","Hounslow","E09000018","Total","Aged 85 and over","Value",4458
"2024","Islington","E09000019","Total","All ages","Value",226183
"2024","Islington","E09000019","Total","Aged under 1 year","Value",2261
"2024","Islington","E09000019","Total","Aged 1 - 4 years","Value",8323
"2024","Islington","E09000019","Total","Aged 5 - 9 years","Value",9437
"2024","Islington","E09000019","Total","Aged 10 - 14 years","Value",9355
"2024","Islington","E09000019","Total","Aged 15 - 19 years","Value",11509
"2024","Islington","E09000019","Total","Aged 20 - 24 years","Value",22873
"2024","Islington","E09000019","Total","Aged 25 - 29 years","Value",31864
"2024","Islington","E09000019","Total","Aged 30 - 34 years","Value",28260
"2024","Islington","E09000019","Total","Aged 35 - 39 years","Value",19227
"2024","Islington","E09000019","Total","Aged 40 - 44 years","Value",14585
"2024","Islington","E09000019","Total","Aged 45 - 49 years","Value",12344
"2024","Islington","E09000019","Total","Aged 50 - 54 years","Value",11946
"2024","Islington","E09000019","Total","Aged 55 - 59 years","Value",12099
"2024","Islington","E09000019","Total","Aged 60 - 64 years","Value",10363
"2024","Islington","E09000019","Total","Aged 65 - 69 years","Value",7148
"2024","Islington","E09000019","Total","Aged 70 - 74 years","Value",5342
"2024","Islington","E09000019","Total","Aged 75 - 79 years","Value",4312
"2024","Islington","E09000019","Total","Aged 80 - 84 years","Value",2581
"2024","Islington","E09000019","Total","Aged 85 and over","Value",2354
"2024","Kensington and Chelsea","E09000020","Total","All ages","Value",147255
"2024","Kensington and Chelsea","E09000020","Total","Aged under 1 year","Value",1294
"2024","Kensington and Chelsea","E09000020","Total","Aged 1 - 4 years","Value",5052
"2024","Kensington and Chelsea","E09000020","Total","Aged 5 - 9 years","Value",6044
"2024","Kensington and Chelsea","E09000020","Total","Aged 10 - 14 years","Value",5785
"2024","Kensington and Chelsea","E09000020","Total","Aged 15 - 19 years","Value",5631
"2024","Kensington and Chelsea","E09000020","Total","Aged 20 - 24 years","Value",12811
"2024","Kensington and Chelsea","E09000020","Total","Aged 25 - 29 years","Value",15951
"2024","Kensington and Chelsea","E09000020","Total","Aged 30 - 34 years","Value",12274
"2024","Kensington and Chelsea","E09000020","Total","Aged 35 - 39 years","Value",10549
"2024","Kensington and Chelsea","E09000020","Total","Aged 40 - 44 years","Value",9488
"2024","Kensington and Chelsea","E09000020","Total","Aged 45 - 49 years","Value",9153
"2024","Kensington and Chelsea","E09000020","Total","Aged 50 - 54 years","Value",10303
"2024","Kensington and Chelsea","E09000020","Total","Aged 55 - 59 years","Value",10836
"2024","Kensington and Chelsea","E09000020","Total","Aged 60 - 64 years","Value",9457
"2024","Kensington and Chelsea","E09000020","Total","Aged 65 - 69 years","Value",6715
"2024","Kensington and Chelsea","E09000020","Total","Aged 70 - 74 years","Value",5295
"2024","Kensington and Chelsea","E09000020","Total","Aged 75 - 79 years","Value",4705
"2024","Kensington and Chelsea","E09000020","Total","Aged 80 - 84 years","Value",3147
"2024","Kensington and Chelsea","E09000020","Total","Aged 85 and over","Value",2765
"2024","Kingston upon Thames","E09000021","Total","All ages","Value",172964
"2024","Kingston upon Thames","E09000021","Total","Aged under 1 year","Value",1665
"2024","Kingston upon Thames","E09000021","Total","Aged 1 - 4 years","Value",7216
"2024","Kingston upon Thames","E09000021","Total","Aged 5 - 9 years","Value",10230
"2024","Kingston upon Thames","E09000021","Total","Aged 10 - 14 years","Value",10996
"2024","Kingston upon Thames","E09000021","Total","Aged 15 - 19 years","Value",10595
"2024","Kingston upon Thames","E09000021","Total","Aged 20 - 24 years","Value",11571
"2024","Kingston upon Thames","E09000021","Total","Aged 25 - 29 years","Value",11437
"2024","Kingston upon Thames","E09000021","Total","Aged 30 - 34 years","Value",12117
"2024","Kingston upon Thames","E09000021","Total","Aged 35 - 39 years","Value",13007
"2024","Kingston upon Thames","E09000021","Total","Aged 40 - 44 years","Value",13460
"2024","Kingston upon Thames","E09000021","Total","Aged 45 - 49 years","Value",13097
"2024","Kingston upon Thames","E09000021","Total","Aged 50 - 54 years","Value",12025
"2024","Kingston upon Thames","E09000021","Total","Aged 55 - 59 years","Value",10589
"2024","Kingston upon Thames","E09000021","Total","Aged 60 - 64 years","Value",8868
"2024","Kingston upon Thames","E09000021","Total","Aged 65 - 69 years","Value",7092
"2024","Kingston upon Thames","E09000021","Total","Aged 70 - 74 years","Value",6201
"2024","Kingston upon Thames","E09000021","Total","Aged 75 - 79 years","Value",5662
"2024","Kingston upon Thames","E09000021","Total","Aged 80 - 84 years","Value",3477
"2024","Kingston upon Thames","E09000021","Total","Aged 85 and over","Value",3659
"2024","Lambeth","E09000022","Total","All ages","Value",318864
"2024","Lambeth","E09000022","Total","Aged under 1 year","Value",3277
"2024","Lambeth","E09000022","Total","Aged 1 - 4 years","Value",11196
"2024","Lambeth","E09000022","Total","Aged 5 - 9 years","Value",13120
"2024","Lambeth","E09000022","Total","Aged 10 - 14 years","Value",13923
"2024","Lambeth","E09000022","Total","Aged 15 - 19 years","Value",14979
"2024","Lambeth","E09000022","Total","Aged 20 - 24 years","Value",26328
"2024","Lambeth","E09000022","Total","Aged 25 - 29 years","Value",50846
"2024","Lambeth","E09000022","Total","Aged 30 - 34 years","Value",36494
"2024","Lambeth","E09000022","Total","Aged 35 - 39 years","Value",24913
"2024","Lambeth","E09000022","Total","Aged 40 - 44 years","Value",20902
"2024","Lambeth","E09000022","Total","Aged 45 - 49 years","Value",19283
"2024","Lambeth","E09000022","Total","Aged 50 - 54 years","Value",19026
"2024","Lambeth","E09000022","Total","Aged 55 - 59 years","Value",18983
"2024","Lambeth","E09000022","Total","Aged 60 - 64 years","Value",15385
"2024","Lambeth","E09000022","Total","Aged 65 - 69 years","Value",10848
"2024","Lambeth","E09000022","Total","Aged 70 - 74 years","Value",7146
"2024","Lambeth","E09000022","Total","Aged 75 - 79 years","Value",5304
"2024","Lambeth","E09000022","Total","Aged 80 - 84 years","Value",3544
"2024","Lambeth","E09000022","Total","Aged 85 and over","Value",3367
"2024","Lewisham","E09000023","Total","All ages","Value",302432
"2024","Lewisham","E09000023","Total","Aged under 1 year","Value",3633
"2024","Lewisham","E09000023","Total","Aged 1 - 4 years","Value",13947
"2024","Lewisham","E09000023","Total","Aged 5 - 9 years","Value",16882
"2024","Lewisham","E09000023","Total","Aged 10 - 14 years","Value",16531
"2024","Lewisham","E09000023","Total","Aged 15 - 19 years","Value",15767
"2024","Lewisham","E09000023","Total","Aged 20 - 24 years","Value",19253
"2024","Lewisham","E09000023","Total","Aged 25 - 29 years","Value",27372
"2024","Lewisham","E09000023","Total","Aged 30 - 34 years","Value",31270
"2024","Lewisham","E09000023","Total","Aged 35 - 39 years","Value",27983
"2024","Lewisham","E09000023","Total","Aged 40 - 44 years","Value",23955
"2024","Lewisham","E09000023","Total","Aged 45 - 49 years","Value",20803
"2024","Lewisham","E09000023","Total","Aged 50 - 54 years","Value",19362
"2024","Lewisham","E09000023","Total","Aged 55 - 59 years","Value",18510
"2024","Lewisham","E09000023","Total","Aged 60 - 64 years","Value",15844
"2024","Lewisham","E09000023","Total","Aged 65 - 69 years","Value",10734
"2024","Lewisham","E09000023","Total","Aged 70 - 74 years","Value",7280
"2024","Lewisham","E09000023","Total","Aged 75 - 79 years","Value",5519
"2024","Lewisham","E09000023","Total","Aged 80 - 84 years","Value",3786
"2024","Lewisham","E09000023","Total","Aged 85 and over","Value",4001
"2024","Merton","E09000024","Total","All ages","Value",220020
"2024","Merton","E09000024","Total","Aged under 1 year","Value",2496
"2024","Merton","E09000024","Total","Aged 1 - 4 years","Value",10107
"2024","Merton","E09000024","Total","Aged 5 - 9 years","Value",13000
"2024","Merton","E09000024","Total","Aged 10 - 14 years","Value",12822
"2024","Merton","E09000024","Total","Aged 15 - 19 years","Value",11423
"2024","Merton","E09000024","Total","Aged 20 - 24 years","Value",11646
"2024","Merton","E09000024","Total","Aged 25 - 29 years","Value",18233
"2024","Merton","E09000024","Total","Aged 30 - 34 years","Value",18834
"2024","Merton","E09000024","Total","Aged 35 - 39 years","Value",18519
"2024","Merton","E09000024","Total","Aged 40 - 44 years","Value",18108
"2024","Merton","E09000024","Total","Aged 45 - 49 years","Value",16316
"2024","Merton","E09000024","Total","Aged 50 - 54 years","Value",14632
"2024","Merton","E09000024","Total","Aged 55 - 59 years","Value",13555
"2024","Merton","E09000024","Total","Aged 60 - 64 years","Value",11256
"2024","Merton","E09000024","Total","Aged 65 - 69 years","Value",8724
"2024","Merton","E09000024","Total","Aged 70 - 74 years","Value",6999
"2024","Merton","E09000024","Total","Aged 75 - 79 years","Value",5756
"2024","Merton","E09000024","Total","Aged 80 - 84 years","Value",3701
"2024","Merton","E09000024","Total","Aged 85 and over","Value",3893
"2024","Newham","E09000025","Total","All ages","Value",379479
"2024","Newham","E09000025","Total","Aged under 1 year","Value",5512
"2024","Newham","E09000025","Total","Aged 1 - 4 years","Value",19679
"2024","Newham","E09000025","Total","Aged 5 - 9 years","Value",21654
"2024","Newham","E09000025","Total","Aged 10 - 14 years","Value",21858
"2024","Newham","E09000025","Total","Aged 15 - 19 years","Value",22802
"2024","Newham","E09000025","Total","Aged 20 - 24 years","Value",36274
"2024","Newham","E09000025","Total","Aged 25 - 29 years","Value",47957
"2024","Newham","E09000025","Total","Aged 30 - 34 years","Value",37697
"2024","Newham","E09000025","Total","Aged 35 - 39 years","Value",33201
"2024","Newham","E09000025","Total","Aged 40 - 44 years","Value",28234
"2024","Newham","E09000025","Total","Aged 45 - 49 years","Value",23660
"2024","Newham","E09000025","Total","Aged 50 - 54 years","Value",20975
"2024","Newham","E09000025","Total","Aged 55 - 59 years","Value",17491
"2024","Newham","E09000025","Total","Aged 60 - 64 years","Value",14245
"2024","Newham","E09000025","Total","Aged 65 - 69 years","Value",10382
"2024","Newham","E09000025","Total","Aged 70 - 74 years","Value",7338
"2024","Newham","E09000025","Total","Aged 75 - 79 years","Value",4592
"2024","Newham","E09000025","Total","Aged 80 - 84 years","Value",2987
"2024","Newham","E09000025","Total","Aged 85 and over","Value",2941
"2024","Redbridge","E09000026","Total","All ages","Value",323006
"2024","Redbridge","E09000026","Total","Aged under 1 year","Value",4327
"2024","Redbridge","E09000026","Total","Aged 1 - 4 years","Value",17283
"2024","Redbridge","E09000026","Total","Aged 5 - 9 years","Value",21112
"2024","Redbridge","E09000026","Total","Aged 10 - 14 years","Value",20890
"2024","Redbridge","E09000026","Total","Aged 15 - 19 years","Value",20164
"2024","Redbridge","E09000026","Total","Aged 20 - 24 years","Value",21613
"2024","Redbridge","E09000026","Total","Aged 25 - 29 years","Value",27448
"2024","Redbridge","E09000026","Total","Aged 30 - 34 years","Value",24726
"2024","Redbridge","E09000026","Total","Aged 35 - 39 years","Value",24726
"2024","Redbridge","E09000026","Total","Aged 40 - 44 years","Value",25134
"2024","Redbridge","E09000026","Total","Aged 45 - 49 years","Value",22658
"2024","Redbridge","E09000026","Total","Aged 50 - 54 years","Value",19614
"2024","Redbridge","E09000026","Total","Aged 55 - 59 years","Value",17630
"2024","Redbridge","E09000026","Total","Aged 60 - 64 years","Value",15250
"2024","Redbridge","E09000026","Total","Aged 65 - 69 years","Value",12307
"2024","Redbridge","E09000026","Total","Aged 70 - 74 years","Value",9638
"2024","Redbridge","E09000026","Total","Aged 75 - 79 years","Value",7897
"2024","Redbridge","E09000026","Total","Aged 80 - 84 years","Value",5085
"2024","Redbridge","E09000026","Total","Aged 85 and over","Value",5504
"2024","Richmond upon Thames","E09000027","Total","All ages","Value",196975
"2024","Richmond upon Thames","E09000027","Total","Aged under 1 year","Value",1728
"2024","Richmond upon Thames","E09000027","Total","Aged 1 - 4 years","Value",8191
"2024","Richmond upon Thames","E09000027","Total","Aged 5 - 9 years","Value",12434
"2024","Richmond upon Thames","E09000027","Total","Aged 10 - 14 years","Value",13487
"2024","Richmond upon Thames","E09000027","Total","Aged 15 - 19 years","Value",11053
"2024","Richmond upon Thames","E09000027","Total","Aged 20 - 24 years","Value",8255
"2024","Richmond upon Thames","E09000027","Total","Aged 25 - 29 years","Value",10459
"2024","Richmond upon Thames","E09000027","Total","Aged 30 - 34 years","Value",11216
"2024","Richmond upon Thames","E09000027","Total","Aged 35 - 39 years","Value",13169
"2024","Richmond upon Thames","E09000027","Total","Aged 40 - 44 years","Value",15440
"2024","Richmond upon Thames","E09000027","Total","Aged 45 - 49 years","Value",16051
"2024","Richmond upon Thames","E09000027","Total","Aged 50 - 54 years","Value",15686
"2024","Richmond upon Thames","E09000027","Total","Aged 55 - 59 years","Value",14333
"2024","Richmond upon Thames","E09000027","Total","Aged 60 - 64 years","Value",11821
"2024","Richmond upon Thames","E09000027","Total","Aged 65 - 69 years","Value",8987
"2024","Richmond upon Thames","E09000027","Total","Aged 70 - 74 years","Value",7921
"2024","Richmond upon Thames","E09000027","Total","Aged 75 - 79 years","Value",7700
"2024","Richmond upon Thames","E09000027","Total","Aged 80 - 84 years","Value",4636
"2024","Richmond upon Thames","E09000027","Total","Aged 85 and over","Value",4408
"2024","Southwark","E09000028","Total","All ages","Value",317058
"2024","Southwark","E09000028","Total","Aged under 1 year","Value",3217
"2024","Southwark","E09000028","Total","Aged 1 - 4 years","Value",11851
"2024","Southwark","E09000028","Total","Aged 5 - 9 years","Value",14677
"2024","Southwark","E09000028","Total","Aged 10 - 14 years","Value",15173
"2024","Southwark","E09000028","Total","Aged 15 - 19 years","Value",17535
"2024","Southwark","E09000028","Total","Aged 20 - 24 years","Value",28794
"2024","Southwark","E09000028","Total","Aged 25 - 29 years","Value",39648
"2024","Southwark","E09000028","Total","Aged 30 - 34 years","Value",36843
"2024","Southwark","E09000028","Total","Aged 35 - 39 years","Value",26876
"2024","Southwark","E09000028","Total","Aged 40 - 44 years","Value",21945
"2024","Southwark","E09000028","Total","Aged 45 - 49 years","Value",19463
"2024","Southwark","E09000028","Total","Aged 50 - 54 years","Value",18675
"2024","Southwark","E09000028","Total","Aged 55 - 59 years","Value",18138
"2024","Southwark","E09000028","Total","Aged 60 - 64 years","Value",15407
"2024","Southwark","E09000028","Total","Aged 65 - 69 years","Value",10406
"2024","Southwark","E09000028","Total","Aged 70 - 74 years","Value",6790
"2024","Southwark","E09000028","Total","Aged 75 - 79 years","Value",5204
"2024","Southwark","E09000028","Total","Aged 80 - 84 years","Value",3247
"2024","Southwark","E09000028","Total","Aged 85 and over","Value",3169
"2024","Sutton","E09000029","Total","All ages","Value",213672
"2024","Sutton","E09000029","Total","Aged under 1 year","Value",2095
"2024","Sutton","E09000029","Total","Aged 1 - 4 years","Value",9594
"2024","Sutton","E09000029","Total","Aged 5 - 9 years","Value",14160
"2024","Sutton","E09000029","Total","Aged 10 - 14 years","Value",15532
"2024","Sutton","E09000029","Total","Aged 15 - 19 years","Value",12574
"2024","Sutton","E09000029","Total","Aged 20 - 24 years","Value",9362
"2024","Sutton","E09000029","Total","Aged 25 - 29 years","Value",12027
"2024","Sutton","E09000029","Total","Aged 30 - 34 years","Value",13877
"2024","Sutton","E09000029","Total","Aged 35 - 39 years","Value",16318
"2024","Sutton","E09000029","Total","Aged 40 - 44 years","Value",18216
"2024","Sutton","E09000029","Total","Aged 45 - 49 years","Value",16607
"2024","Sutton","E09000029","Total","Aged 50 - 54 years","Value",14847
"2024","Sutton","E09000029","Total","Aged 55 - 59 years","Value",13774
"2024","Sutton","E09000029","Total","Aged 60 - 64 years","Value",11734
"2024","Sutton","E09000029","Total","Aged 65 - 69 years","Value",9130
"2024","Sutton","E09000029","Total","Aged 70 - 74 years","Value",7554
"2024","Sutton","E09000029","Total","Aged 75 - 79 years","Value",7151
"2024","Sutton","E09000029","Total","Aged 80 - 84 years","Value",4451
"2024","Sutton","E09000029","Total","Aged 85 and over","Value",4669
"2024","Tower Hamlets","E09000030","Total","All ages","Value",336153
"2024","Tower Hamlets","E09000030","Total","Aged under 1 year","Value",4389
"2024","Tower Hamlets","E09000030","Total","Aged 1 - 4 years","Value",14335
"2024","Tower Hamlets","E09000030","Total","Aged 5 - 9 years","Value",16434
"2024","Tower Hamlets","E09000030","Total","Aged 10 - 14 years","Value",16586
"2024","Tower Hamlets","E09000030","Total","Aged 15 - 19 years","Value",19212
"2024","Tower Hamlets","E09000030","Total","Aged 20 - 24 years","Value",38435
"2024","Tower Hamlets","E09000030","Total","Aged 25 - 29 years","Value",52623
"2024","Tower Hamlets","E09000030","Total","Aged 30 - 34 years","Value",41944
"2024","Tower Hamlets","E09000030","Total","Aged 35 - 39 years","Value",31095
"2024","Tower Hamlets","E09000030","Total","Aged 40 - 44 years","Value",24368
"2024","Tower Hamlets","E09000030","Total","Aged 45 - 49 years","Value",19287
"2024","Tower Hamlets","E09000030","Total","Aged 50 - 54 years","Value",15456
"2024","Tower Hamlets","E09000030","Total","Aged 55 - 59 years","Value",12567
"2024","Tower Hamlets","E09000030","Total","Aged 60 - 64 years","Value",9775
"2024","Tower Hamlets","E09000030","Total","Aged 65 - 69 years","Value",7153
"2024","Tower Hamlets","E09000030","Total","Aged 70 - 74 years","Value",4949
"2024","Tower Hamlets","E09000030","Total","Aged 75 - 79 years","Value",3339
"2024","Tower Hamlets","E09000030","Total","Aged 80 - 84 years","Value",2099
"2024","Tower Hamlets","E09000030","Total","Aged 85 and over","Value",2107
"2024","Waltham Forest","E09000031","Total","All ages","Value",283782
"2024","Waltham Forest","E09000031","Total","Aged under 1 year","Value",3917
"2024","Waltham Forest","E09000031","Total","Aged 1 - 4 years","Value",14689
"2024","Waltham Forest","E09000031","Total","Aged 5 - 9 years","Value",16849
"2024","Waltham Forest","E09000031","Total","Aged 10 - 14 years","Value",16262
"2024","Waltham Forest","E09000031","Total","Aged 15 - 19 years","Value",15252
"2024","Waltham Forest","E09000031","Total","Aged 20 - 24 years","Value",16149
"2024","Waltham Forest","E09000031","Total","Aged 25 - 29 years","Value",22306
"2024","Waltham Forest","E09000031","Total","Aged 30 - 34 years","Value",27731
"2024","Waltham Forest","E09000031","Total","Aged 35 - 39 years","Value",28131
"2024","Waltham Forest","E09000031","Total","Aged 40 - 44 years","Value",24484
"2024","Waltham Forest","E09000031","Total","Aged 45 - 49 years","Value",20433
"2024","Waltham Forest","E09000031","Total","Aged 50 - 54 years","Value",17684
"2024","Waltham Forest","E09000031","Total","Aged 55 - 59 years","Value",16121
"2024","Waltham Forest","E09000031","Total","Aged 60 - 64 years","Value",13443
"2024","Waltham Forest","E09000031","Total","Aged 65 - 69 years","Value",9698
"2024","Waltham Forest","E09000031","Total","Aged 70 - 74 years","Value",7306
"2024","Waltham Forest","E09000031","Total","Aged 75 - 79 years","Value",5774
"2024","Waltham Forest","E09000031","Total","Aged 80 - 84 years","Value",3753
"2024","Waltham Forest","E09000031","Total","Aged 85 and over","Value",3800
"2024","Wandsworth","E09000032","Total","All ages","Value",339727
"2024","Wandsworth","E09000032","Total","Aged under 1 year","Value",3836
"2024","Wandsworth","E09000032","Total","Aged 1 - 4 years","Value",14078
"2024","Wandsworth","E09000032","Total","Aged 5 - 9 years","Value",15898
"2024","Wandsworth","E09000032","Total","Aged 10 - 14 years","Value",15226
"2024","Wandsworth","E09000032","Total","Aged 15 - 19 years","Value",13649
"2024","Wandsworth","E09000032","Total","Aged 20 - 24 years","Value",24423
"2024","Wandsworth","E09000032","Total","Aged 25 - 29 years","Value",54171
"2024","Wandsworth","E09000032","Total","Aged 30 - 34 years","Value",41666
"2024","Wandsworth","E09000032","Total","Aged 35 - 39 years","Value",28254
"2024","Wandsworth","E09000032","Total","Aged 40 - 44 years","Value",23553
"2024","Wandsworth","E09000032","Total","Aged 45 - 49 years","Value",20839
"2024","Wandsworth","E09000032","Total","Aged 50 - 54 years","Value",18904
"2024","Wandsworth","E09000032","Total","Aged 55 - 59 years","Value",17334
"2024","Wandsworth","E09000032","Total","Aged 60 - 64 years","Value",14080
"2024","Wandsworth","E09000032","Total","Aged 65 - 69 years","Value",9960
"2024","Wandsworth","E09000032","Total","Aged 70 - 74 years","Value",8102
"2024","Wandsworth","E09000032","Total","Aged 75 - 79 years","Value",6805
"2024","Wandsworth","E09000032","Total","Aged 80 - 84 years","Value",4451
"2024","Wandsworth","E09000032","Total","Aged 85 and over","Value",4498
"2024","Westminster","E09000033","Total","All ages","Value",215694
"2024","Westminster","E09000033","Total","Aged under 1 year","Value",1897
"2024","Westminster","E09000033","Total","Aged 1 - 4 years","Value",7154
"2024","Westminster","E09000033","Total","Aged 5 - 9 years","Value",7167
"2024","Westminster","E09000033","Total","Aged 10 - 14 years","Value",7459
"2024","Westminster","E09000033","Total","Aged 15 - 19 years","Value",10416
"2024","Westminster","E09000033","Total","Aged 20 - 24 years","Value",21774
"2024","Westminster","E09000033","Total","Aged 25 - 29 years","Value",27728
"2024","Westminster","E09000033","Total","Aged 30 - 34 years","Value",22589
"2024","Westminster","E09000033","Total","Aged 35 - 39 years","Value",16927
"2024","Westminster","E09000033","Total","Aged 40 - 44 years","Value",13743
"2024","Westminster","E09000033","Total","Aged 45 - 49 years","Value",13024
"2024","Westminster","E09000033","Total","Aged 50 - 54 years","Value",13761
"2024","Westminster","E09000033","Total","Aged 55 - 59 years","Value",14126
"2024","Westminster","E09000033","Total","Aged 60 - 64 years","Value",11144
"2024","Westminster","E09000033","Total","Aged 65 - 69 years","Value",8176
"2024","Westminster","E09000033","Total","Aged 70 - 74 years","Value",6381
"2024","Westminster","E09000033","Total","Aged 75 - 79 years","Value",5309
"2024","Westminster","E09000033","Total","Aged 80 - 84 years","Value",3492
"2024","Westminster","E09000033","Total","Aged 85 and over","Value",3427
"2024","Medway","E06000035","Total","All ages","Value",291691
"2024","Medway","E06000035","Total","Aged under 1 year","Value",3231
"2024","Medway","E06000035","Total","Aged 1 - 4 years","Value",14274
"2024","Medway","E06000035","Total","Aged 5 - 9 years","Value",19474
"2024","Medway","E06000035","Total","Aged 10 - 14 years","Value",19628
"2024","Medway","E06000035","Total","Aged 15 - 19 years","Value",17408
"2024","Medway","E06000035","Total","Aged 20 - 24 years","Value",14941
"2024","Medway","E06000035","Total","Aged 25 - 29 years","Value",18422
"2024","Medway","E06000035","Total","Aged 30 - 34 years","Value",21402
"2024","Medway","E06000035","Total","Aged 35 - 39 years","Value",22063
"2024","Medway","E06000035","Total","Aged 40 - 44 years","Value",20594
"2024","Medway","E06000035","Total","Aged 45 - 49 years","Value",18275
"2024","Medway","E06000035","Total","Aged 50 - 54 years","Value",18108
"2024","Medway","E06000035","Total","Aged 55 - 59 years","Value",18653
"2024","Medway","E06000035","Total","Aged 60 - 64 years","Value",16981
"2024","Medway","E06000035","Total","Aged 65 - 69 years","Value",13555
"2024","Medway","E06000035","Total","Aged 70 - 74 years","Value",11525
"2024","Medway","E06000035","Total","Aged 75 - 79 years","Value",10982
"2024","Medway","E06000035","Total","Aged 80 - 84 years","Value",6468
"2024","Medway","E06000035","Total","Aged 85 and over","Value",5707
"2024","Bracknell Forest","E06000036","Total","All ages","Value",130502
"2024","Bracknell Forest","E06000036","Total","Aged under 1 year","Value",1326
"2024","Bracknell Forest","E06000036","Total","Aged 1 - 4 years","Value",5966
"2024","Bracknell Forest","E06000036","Total","Aged 5 - 9 years","Value",7768
"2024","Bracknell Forest","E06000036","Total","Aged 10 - 14 years","Value",8543
"2024","Bracknell Forest","E06000036","Total","Aged 15 - 19 years","Value",8024
"2024","Bracknell Forest","E06000036","Total","Aged 20 - 24 years","Value",5810
"2024","Bracknell Forest","E06000036","Total","Aged 25 - 29 years","Value",8012
"2024","Bracknell Forest","E06000036","Total","Aged 30 - 34 years","Value",9619
"2024","Bracknell Forest","E06000036","Total","Aged 35 - 39 years","Value",10170
"2024","Bracknell Forest","E06000036","Total","Aged 40 - 44 years","Value",10175
"2024","Bracknell Forest","E06000036","Total","Aged 45 - 49 years","Value",8910
"2024","Bracknell Forest","E06000036","Total","Aged 50 - 54 years","Value",8976
"2024","Bracknell Forest","E06000036","Total","Aged 55 - 59 years","Value",8563
"2024","Bracknell Forest","E06000036","Total","Aged 60 - 64 years","Value",7663
"2024","Bracknell Forest","E06000036","Total","Aged 65 - 69 years","Value",6153
"2024","Bracknell Forest","E06000036","Total","Aged 70 - 74 years","Value",4962
"2024","Bracknell Forest","E06000036","Total","Aged 75 - 79 years","Value",4451
"2024","Bracknell Forest","E06000036","Total","Aged 80 - 84 years","Value",2683
"2024","Bracknell Forest","E06000036","Total","Aged 85 and over","Value",2728
"2024","West Berkshire","E06000037","Total","All ages","Value",164918
"2024","West Berkshire","E06000037","Total","Aged under 1 year","Value",1417
"2024","West Berkshire","E06000037","Total","Aged 1 - 4 years","Value",6628
"2024","West Berkshire","E06000037","Total","Aged 5 - 9 years","Value",9441
"2024","West Berkshire","E06000037","Total","Aged 10 - 14 years","Value",10852
"2024","West Berkshire","E06000037","Total","Aged 15 - 19 years","Value",9956
"2024","West Berkshire","E06000037","Total","Aged 20 - 24 years","Value",6818
"2024","West Berkshire","E06000037","Total","Aged 25 - 29 years","Value",8492
"2024","West Berkshire","E06000037","Total","Aged 30 - 34 years","Value",9970
"2024","West Berkshire","E06000037","Total","Aged 35 - 39 years","Value",10757
"2024","West Berkshire","E06000037","Total","Aged 40 - 44 years","Value",10796
"2024","West Berkshire","E06000037","Total","Aged 45 - 49 years","Value",10890
"2024","West Berkshire","E06000037","Total","Aged 50 - 54 years","Value",12060
"2024","West Berkshire","E06000037","Total","Aged 55 - 59 years","Value",12193
"2024","West Berkshire","E06000037","Total","Aged 60 - 64 years","Value",10918
"2024","West Berkshire","E06000037","Total","Aged 65 - 69 years","Value",9166
"2024","West Berkshire","E06000037","Total","Aged 70 - 74 years","Value",7835
"2024","West Berkshire","E06000037","Total","Aged 75 - 79 years","Value",7725
"2024","West Berkshire","E06000037","Total","Aged 80 - 84 years","Value",4720
"2024","West Berkshire","E06000037","Total","Aged 85 and over","Value",4284
"2024","Reading","E06000038","Total","All ages","Value",182809
"2024","Reading","E06000038","Total","Aged under 1 year","Value",2002
"2024","Reading","E06000038","Total","Aged 1 - 4 years","Value",8440
"2024","Reading","E06000038","Total","Aged 5 - 9 years","Value",10549
"2024","Reading","E06000038","Total","Aged 10 - 14 years","Value",10448
"2024","Reading","E06000038","Total","Aged 15 - 19 years","Value",11807
"2024","Reading","E06000038","Total","Aged 20 - 24 years","Value",15999
"2024","Reading","E06000038","Total","Aged 25 - 29 years","Value",15258
"2024","Reading","E06000038","Total","Aged 30 - 34 years","Value",16101
"2024","Reading","E06000038","Total","Aged 35 - 39 years","Value",15714
"2024","Reading","E06000038","Total","Aged 40 - 44 years","Value",14178
"2024","Reading","E06000038","Total","Aged 45 - 49 years","Value",11616
"2024","Reading","E06000038","Total","Aged 50 - 54 years","Value",10546
"2024","Reading","E06000038","Total","Aged 55 - 59 years","Value",9767
"2024","Reading","E06000038","Total","Aged 60 - 64 years","Value",8081
"2024","Reading","E06000038","Total","Aged 65 - 69 years","Value",6359
"2024","Reading","E06000038","Total","Aged 70 - 74 years","Value",5029
"2024","Reading","E06000038","Total","Aged 75 - 79 years","Value",4594
"2024","Reading","E06000038","Total","Aged 80 - 84 years","Value",3248
"2024","Reading","E06000038","Total","Aged 85 and over","Value",3073
"2024","Slough","E06000039","Total","All ages","Value",166739
"2024","Slough","E06000039","Total","Aged under 1 year","Value",2376
"2024","Slough","E06000039","Total","Aged 1 - 4 years","Value",9611
"2024","Slough","E06000039","Total","Aged 5 - 9 years","Value",12651
"2024","Slough","E06000039","Total","Aged 10 - 14 years","Value",13150
"2024","Slough","E06000039","Total","Aged 15 - 19 years","Value",11450
"2024","Slough","E06000039","Total","Aged 20 - 24 years","Value",9706
"2024","Slough","E06000039","Total","Aged 25 - 29 years","Value",12012
"2024","Slough","E06000039","Total","Aged 30 - 34 years","Value",12601
"2024","Slough","E06000039","Total","Aged 35 - 39 years","Value",14210
"2024","Slough","E06000039","Total","Aged 40 - 44 years","Value",14743
"2024","Slough","E06000039","Total","Aged 45 - 49 years","Value",12271
"2024","Slough","E06000039","Total","Aged 50 - 54 years","Value",10034
"2024","Slough","E06000039","Total","Aged 55 - 59 years","Value",8756
"2024","Slough","E06000039","Total","Aged 60 - 64 years","Value",6801
"2024","Slough","E06000039","Total","Aged 65 - 69 years","Value",5529
"2024","Slough","E06000039","Total","Aged 70 - 74 years","Value",4141
"2024","Slough","E06000039","Total","Aged 75 - 79 years","Value",2833
"2024","Slough","E06000039","Total","Aged 80 - 84 years","Value",1924
"2024","Slough","E06000039","Total","Aged 85 and over","Value",1940
"2024","Windsor and Maidenhead","E06000040","Total","All ages","Value",158760
"2024","Windsor and Maidenhead","E06000040","Total","Aged under 1 year","Value",1383
"2024","Windsor and Maidenhead","E06000040","Total","Aged 1 - 4 years","Value",6419
"2024","Windsor and Maidenhead","E06000040","Total","Aged 5 - 9 years","Value",9099
"2024","Windsor and Maidenhead","E06000040","Total","Aged 10 - 14 years","Value",10558
"2024","Windsor and Maidenhead","E06000040","Total","Aged 15 - 19 years","Value",10018
"2024","Windsor and Maidenhead","E06000040","Total","Aged 20 - 24 years","Value",6674
"2024","Windsor and Maidenhead","E06000040","Total","Aged 25 - 29 years","Value",8688
"2024","Windsor and Maidenhead","E06000040","Total","Aged 30 - 34 years","Value",9445
"2024","Windsor and Maidenhead","E06000040","Total","Aged 35 - 39 years","Value",10389
"2024","Windsor and Maidenhead","E06000040","Total","Aged 40 - 44 years","Value",11635
"2024","Windsor and Maidenhead","E06000040","Total","Aged 45 - 49 years","Value",11482
"2024","Windsor and Maidenhead","E06000040","Total","Aged 50 - 54 years","Value",11714
"2024","Windsor and Maidenhead","E06000040","Total","Aged 55 - 59 years","Value",11126
"2024","Windsor and Maidenhead","E06000040","Total","Aged 60 - 64 years","Value",9946
"2024","Windsor and Maidenhead","E06000040","Total","Aged 65 - 69 years","Value",7720
"2024","Windsor and Maidenhead","E06000040","Total","Aged 70 - 74 years","Value",6682
"2024","Windsor and Maidenhead","E06000040","Total","Aged 75 - 79 years","Value",6708
"2024","Windsor and Maidenhead","E06000040","Total","Aged 80 - 84 years","Value",4390
"2024","Windsor and Maidenhead","E06000040","Total","Aged 85 and over","Value",4684
"2024","Wokingham","E06000041","Total","All ages","Value",187433
"2024","Wokingham","E06000041","Total","Aged under 1 year","Value",1726
"2024","Wokingham","E06000041","Total","Aged 1 - 4 years","Value",7830
"2024","Wokingham","E06000041","Total","Aged 5 - 9 years","Value",12311
"2024","Wokingham","E06000041","Total","Aged 10 - 14 years","Value",14342
"2024","Wokingham","E06000041","Total","Aged 15 - 19 years","Value",11963
"2024","Wokingham","E06000041","Total","Aged 20 - 24 years","Value",7714
"2024","Wokingham","E06000041","Total","Aged 25 - 29 years","Value",9407
"2024","Wokingham","E06000041","Total","Aged 30 - 34 years","Value",10946
"2024","Wokingham","E06000041","Total","Aged 35 - 39 years","Value",13051
"2024","Wokingham","E06000041","Total","Aged 40 - 44 years","Value",14993
"2024","Wokingham","E06000041","Total","Aged 45 - 49 years","Value",14279
"2024","Wokingham","E06000041","Total","Aged 50 - 54 years","Value",13386
"2024","Wokingham","E06000041","Total","Aged 55 - 59 years","Value",12058
"2024","Wokingham","E06000041","Total","Aged 60 - 64 years","Value",10772
"2024","Wokingham","E06000041","Total","Aged 65 - 69 years","Value",8542
"2024","Wokingham","E06000041","Total","Aged 70 - 74 years","Value",7220
"2024","Wokingham","E06000041","Total","Aged 75 - 79 years","Value",7316
"2024","Wokingham","E06000041","Total","Aged 80 - 84 years","Value",4733
"2024","Wokingham","E06000041","Total","Aged 85 and over","Value",4844
"2024","Milton Keynes","E06000042","Total","All ages","Value",305806
"2024","Milton Keynes","E06000042","Total","Aged under 1 year","Value",3354
"2024","Milton Keynes","E06000042","Total","Aged 1 - 4 years","Value",14624
"2024","Milton Keynes","E06000042","Total","Aged 5 - 9 years","Value",20833
"2024","Milton Keynes","E06000042","Total","Aged 10 - 14 years","Value",21920
"2024","Milton Keynes","E06000042","Total","Aged 15 - 19 years","Value",18594
"2024","Milton Keynes","E06000042","Total","Aged 20 - 24 years","Value",14417
"2024","Milton Keynes","E06000042","Total","Aged 25 - 29 years","Value",19950
"2024","Milton Keynes","E06000042","Total","Aged 30 - 34 years","Value",23155
"2024","Milton Keynes","E06000042","Total","Aged 35 - 39 years","Value",25228
"2024","Milton Keynes","E06000042","Total","Aged 40 - 44 years","Value",24705
"2024","Milton Keynes","E06000042","Total","Aged 45 - 49 years","Value",21930
"2024","Milton Keynes","E06000042","Total","Aged 50 - 54 years","Value",19833
"2024","Milton Keynes","E06000042","Total","Aged 55 - 59 years","Value",18076
"2024","Milton Keynes","E06000042","Total","Aged 60 - 64 years","Value",15485
"2024","Milton Keynes","E06000042","Total","Aged 65 - 69 years","Value",13024
"2024","Milton Keynes","E06000042","Total","Aged 70 - 74 years","Value",11115
"2024","Milton Keynes","E06000042","Total","Aged 75 - 79 years","Value",9193
"2024","Milton Keynes","E06000042","Total","Aged 80 - 84 years","Value",5455
"2024","Milton Keynes","E06000042","Total","Aged 85 and over","Value",4915
"2024","Brighton and Hove","E06000043","Total","All ages","Value",285063
"2024","Brighton and Hove","E06000043","Total","Aged under 1 year","Value",2150
"2024","Brighton and Hove","E06000043","Total","Aged 1 - 4 years","Value",8976
"2024","Brighton and Hove","E06000043","Total","Aged 5 - 9 years","Value",12301
"2024","Brighton and Hove","E06000043","Total","Aged 10 - 14 years","Value",13669
"2024","Brighton and Hove","E06000043","Total","Aged 15 - 19 years","Value",19005
"2024","Brighton and Hove","E06000043","Total","Aged 20 - 24 years","Value",30733
"2024","Brighton and Hove","E06000043","Total","Aged 25 - 29 years","Value",21829
"2024","Brighton and Hove","E06000043","Total","Aged 30 - 34 years","Value",21777
"2024","Brighton and Hove","E06000043","Total","Aged 35 - 39 years","Value",19819
"2024","Brighton and Hove","E06000043","Total","Aged 40 - 44 years","Value",19381
"2024","Brighton and Hove","E06000043","Total","Aged 45 - 49 years","Value",18533
"2024","Brighton and Hove","E06000043","Total","Aged 50 - 54 years","Value",20502
"2024","Brighton and Hove","E06000043","Total","Aged 55 - 59 years","Value",19983
"2024","Brighton and Hove","E06000043","Total","Aged 60 - 64 years","Value",15629
"2024","Brighton and Hove","E06000043","Total","Aged 65 - 69 years","Value",11646
"2024","Brighton and Hove","E06000043","Total","Aged 70 - 74 years","Value",9524
"2024","Brighton and Hove","E06000043","Total","Aged 75 - 79 years","Value",8673
"2024","Brighton and Hove","E06000043","Total","Aged 80 - 84 years","Value",5395
"2024","Brighton and Hove","E06000043","Total","Aged 85 and over","Value",5538
"2024","Portsmouth","E06000044","Total","All ages","Value",212936
"2024","Portsmouth","E06000044","Total","Aged under 1 year","Value",2140
"2024","Portsmouth","E06000044","Total","Aged 1 - 4 years","Value",8988
"2024","Portsmouth","E06000044","Total","Aged 5 - 9 years","Value",11806
"2024","Portsmouth","E06000044","Total","Aged 10 - 14 years","Value",12188
"2024","Portsmouth","E06000044","Total","Aged 15 - 19 years","Value",13815
"2024","Portsmouth","E06000044","Total","Aged 20 - 24 years","Value",19941
"2024","Portsmouth","E06000044","Total","Aged 25 - 29 years","Value",15527
"2024","Portsmouth","E06000044","Total","Aged 30 - 34 years","Value",16820
"2024","Portsmouth","E06000044","Total","Aged 35 - 39 years","Value",16506
"2024","Portsmouth","E06000044","Total","Aged 40 - 44 years","Value",14390
"2024","Portsmouth","E06000044","Total","Aged 45 - 49 years","Value",12004
"2024","Portsmouth","E06000044","Total","Aged 50 - 54 years","Value",12425
"2024","Portsmouth","E06000044","Total","Aged 55 - 59 years","Value",12792
"2024","Portsmouth","E06000044","Total","Aged 60 - 64 years","Value",11468
"2024","Portsmouth","E06000044","Total","Aged 65 - 69 years","Value",9154
"2024","Portsmouth","E06000044","Total","Aged 70 - 74 years","Value",7421
"2024","Portsmouth","E06000044","Total","Aged 75 - 79 years","Value",7028
"2024","Portsmouth","E06000044","Total","Aged 80 - 84 years","Value",4209
"2024","Portsmouth","E06000044","Total","Aged 85 and over","Value",4314
"2024","Southampton","E06000045","Total","All ages","Value",260604
"2024","Southampton","E06000045","Total","Aged under 1 year","Value",2573
"2024","Southampton","E06000045","Total","Aged 1 - 4 years","Value",10798
"2024","Southampton","E06000045","Total","Aged 5 - 9 years","Value",13775
"2024","Southampton","E06000045","Total","Aged 10 - 14 years","Value",14151
"2024","Southampton","E06000045","Total","Aged 15 - 19 years","Value",18034
"2024","Southampton","E06000045","Total","Aged 20 - 24 years","Value",30712
"2024","Southampton","E06000045","Total","Aged 25 - 29 years","Value",21861
"2024","Southampton","E06000045","Total","Aged 30 - 34 years","Value",20876
"2024","Southampton","E06000045","Total","Aged 35 - 39 years","Value",19368
"2024","Southampton","E06000045","Total","Aged 40 - 44 years","Value",17689
"2024","Southampton","E06000045","Total","Aged 45 - 49 years","Value",15069
"2024","Southampton","E06000045","Total","Aged 50 - 54 years","Value",14187
"2024","Southampton","E06000045","Total","Aged 55 - 59 years","Value",13488
"2024","Southampton","E06000045","Total","Aged 60 - 64 years","Value",12299
"2024","Southampton","E06000045","Total","Aged 65 - 69 years","Value",10260
"2024","Southampton","E06000045","Total","Aged 70 - 74 years","Value",8605
"2024","Southampton","E06000045","Total","Aged 75 - 79 years","Value",7539
"2024","Southampton","E06000045","Total","Aged 80 - 84 years","Value",4785
"2024","Southampton","E06000045","Total","Aged 85 and over","Value",4535
"2024","Isle of Wight","E06000046","Total","All ages","Value",141356
"2024","Isle of Wight","E06000046","Total","Aged under 1 year","Value",929
"2024","Isle of Wight","E06000046","Total","Aged 1 - 4 years","Value",4336
"2024","Isle of Wight","E06000046","Total","Aged 5 - 9 years","Value",6448
"2024","Isle of Wight","E06000046","Total","Aged 10 - 14 years","Value",7198
"2024","Isle of Wight","E06000046","Total","Aged 15 - 19 years","Value",6771
"2024","Isle of Wight","E06000046","Total","Aged 20 - 24 years","Value",5239
"2024","Isle of Wight","E06000046","Total","Aged 25 - 29 years","Value",6444
"2024","Isle of Wight","E06000046","Total","Aged 30 - 34 years","Value",7092
"2024","Isle of Wight","E06000046","Total","Aged 35 - 39 years","Value",7568
"2024","Isle of Wight","E06000046","Total","Aged 40 - 44 years","Value",7378
"2024","Isle of Wight","E06000046","Total","Aged 45 - 49 years","Value",7283
"2024","Isle of Wight","E06000046","Total","Aged 50 - 54 years","Value",9078
"2024","Isle of Wight","E06000046","Total","Aged 55 - 59 years","Value",11215
"2024","Isle of Wight","E06000046","Total","Aged 60 - 64 years","Value",11481
"2024","Isle of Wight","E06000046","Total","Aged 65 - 69 years","Value",10651
"2024","Isle of Wight","E06000046","Total","Aged 70 - 74 years","Value",10058
"2024","Isle of Wight","E06000046","Total","Aged 75 - 79 years","Value",10187
"2024","Isle of Wight","E06000046","Total","Aged 80 - 84 years","Value",6336
"2024","Isle of Wight","E06000046","Total","Aged 85 and over","Value",5664
"2024","Buckinghamshire","E06000060","Total","All ages","Value",578432
"2024","Buckinghamshire","E06000060","Total","Aged under 1 year","Value",5696
"2024","Buckinghamshire","E06000060","Total","Aged 1 - 4 years","Value",25546
"2024","Buckinghamshire","E06000060","Total","Aged 5 - 9 years","Value",36237
"2024","Buckinghamshire","E06000060","Total","Aged 10 - 14 years","Value",39402
"2024","Buckinghamshire","E06000060","Total","Aged 15 - 19 years","Value",33914
"2024","Buckinghamshire","E06000060","Total","Aged 20 - 24 years","Value",24201
"2024","Buckinghamshire","E06000060","Total","Aged 25 - 29 years","Value",30117
"2024","Buckinghamshire","E06000060","Total","Aged 30 - 34 years","Value",35691
"2024","Buckinghamshire","E06000060","Total","Aged 35 - 39 years","Value",39956
"2024","Buckinghamshire","E06000060","Total","Aged 40 - 44 years","Value",41722
"2024","Buckinghamshire","E06000060","Total","Aged 45 - 49 years","Value",39141
"2024","Buckinghamshire","E06000060","Total","Aged 50 - 54 years","Value",39727
"2024","Buckinghamshire","E06000060","Total","Aged 55 - 59 years","Value",40157
"2024","Buckinghamshire","E06000060","Total","Aged 60 - 64 years","Value",36013
"2024","Buckinghamshire","E06000060","Total","Aged 65 - 69 years","Value",29259
"2024","Buckinghamshire","E06000060","Total","Aged 70 - 74 years","Value",24779
"2024","Buckinghamshire","E06000060","Total","Aged 75 - 79 years","Value",24228
"2024","Buckinghamshire","E06000060","Total","Aged 80 - 84 years","Value",16155
"2024","Buckinghamshire","E06000060","Total","Aged 85 and over","Value",16491
"2024","Eastbourne","E07000061","Total","All ages","Value",104271
"2024","Eastbourne","E07000061","Total","Aged under 1 year","Value",840
"2024","Eastbourne","E07000061","Total","Aged 1 - 4 years","Value",3635
"2024","Eastbourne","E07000061","Total","Aged 5 - 9 years","Value",5281
"2024","Eastbourne","E07000061","Total","Aged 10 - 14 years","Value",5925
"2024","Eastbourne","E07000061","Total","Aged 15 - 19 years","Value",5989
"2024","Eastbourne","E07000061","Total","Aged 20 - 24 years","Value",5034
"2024","Eastbourne","E07000061","Total","Aged 25 - 29 years","Value",5623
"2024","Eastbourne","E07000061","Total","Aged 30 - 34 years","Value",6174
"2024","Eastbourne","E07000061","Total","Aged 35 - 39 years","Value",6511
"2024","Eastbourne","E07000061","Total","Aged 40 - 44 years","Value",6489
"2024","Eastbourne","E07000061","Total","Aged 45 - 49 years","Value",5929
"2024","Eastbourne","E07000061","Total","Aged 50 - 54 years","Value",6574
"2024","Eastbourne","E07000061","Total","Aged 55 - 59 years","Value",7188
"2024","Eastbourne","E07000061","Total","Aged 60 - 64 years","Value",7023
"2024","Eastbourne","E07000061","Total","Aged 65 - 69 years","Value",6121
"2024","Eastbourne","E07000061","Total","Aged 70 - 74 years","Value",5800
"2024","Eastbourne","E07000061","Total","Aged 75 - 79 years","Value",6033
"2024","Eastbourne","E07000061","Total","Aged 80 - 84 years","Value",3831
"2024","Eastbourne","E07000061","Total","Aged 85 and over","Value",4271
"2024","Hastings","E07000062","Total","All ages","Value",91017
"2024","Hastings","E07000062","Total","Aged under 1 year","Value",800
"2024","Hastings","E07000062","Total","Aged 1 - 4 years","Value",3652
"2024","Hastings","E07000062","Total","Aged 5 - 9 years","Value",4961
"2024","Hastings","E07000062","Total","Aged 10 - 14 years","Value",5239
"2024","Hastings","E07000062","Total","Aged 15 - 19 years","Value",4990
"2024","Hastings","E07000062","Total","Aged 20 - 24 years","Value",3864
"2024","Hastings","E07000062","Total","Aged 25 - 29 years","Value",4979
"2024","Hastings","E07000062","Total","Aged 30 - 34 years","Value",5749
"2024","Hastings","E07000062","Total","Aged 35 - 39 years","Value",6298
"2024","Hastings","E07000062","Total","Aged 40 - 44 years","Value",6013
"2024","Hastings","E07000062","Total","Aged 45 - 49 years","Value",5421
"2024","Hastings","E07000062","Total","Aged 50 - 54 years","Value",6316
"2024","Hastings","E07000062","Total","Aged 55 - 59 years","Value",6951
"2024","Hastings","E07000062","Total","Aged 60 - 64 years","Value",6488
"2024","Hastings","E07000062","Total","Aged 65 - 69 years","Value",5287
"2024","Hastings","E07000062","Total","Aged 70 - 74 years","Value",4687
"2024","Hastings","E07000062","Total","Aged 75 - 79 years","Value",4350
"2024","Hastings","E07000062","Total","Aged 80 - 84 years","Value",2484
"2024","Hastings","E07000062","Total","Aged 85 and over","Value",2488
"2024","Lewes","E07000063","Total","All ages","Value",102323
"2024","Lewes","E07000063","Total","Aged under 1 year","Value",743
"2024","Lewes","E07000063","Total","Aged 1 - 4 years","Value",3433
"2024","Lewes","E07000063","Total","Aged 5 - 9 years","Value",5167
"2024","Lewes","E07000063","Total","Aged 10 - 14 years","Value",5982
"2024","Lewes","E07000063","Total","Aged 15 - 19 years","Value",5414
"2024","Lewes","E07000063","Total","Aged 20 - 24 years","Value",4059
"2024","Lewes","E07000063","Total","Aged 25 - 29 years","Value",4372
"2024","Lewes","E07000063","Total","Aged 30 - 34 years","Value",5127
"2024","Lewes","E07000063","Total","Aged 35 - 39 years","Value",5937
"2024","Lewes","E07000063","Total","Aged 40 - 44 years","Value",6206
"2024","Lewes","E07000063","Total","Aged 45 - 49 years","Value",6019
"2024","Lewes","E07000063","Total","Aged 50 - 54 years","Value",6998
"2024","Lewes","E07000063","Total","Aged 55 - 59 years","Value",7731
"2024","Lewes","E07000063","Total","Aged 60 - 64 years","Value",7389
"2024","Lewes","E07000063","Total","Aged 65 - 69 years","Value",6526
"2024","Lewes","E07000063","Total","Aged 70 - 74 years","Value",6283
"2024","Lewes","E07000063","Total","Aged 75 - 79 years","Value",6411
"2024","Lewes","E07000063","Total","Aged 80 - 84 years","Value",4199
"2024","Lewes","E07000063","Total","Aged 85 and over","Value",4327
"2024","Rother","E07000064","Total","All ages","Value",95947
"2024","Rother","E07000064","Total","Aged under 1 year","Value",655
"2024","Rother","E07000064","Total","Aged 1 - 4 years","Value",3036
"2024","Rother","E07000064","Total","Aged 5 - 9 years","Value",4326
"2024","Rother","E07000064","Total","Aged 10 - 14 years","Value",5021
"2024","Rother","E07000064","Total","Aged 15 - 19 years","Value",4801
"2024","Rother","E07000064","Total","Aged 20 - 24 years","Value",3263
"2024","Rother","E07000064","Total","Aged 25 - 29 years","Value",3988
"2024","Rother","E07000064","Total","Aged 30 - 34 years","Value",4425
"2024","Rother","E07000064","Total","Aged 35 - 39 years","Value",4582
"2024","Rother","E07000064","Total","Aged 40 - 44 years","Value",4631
"2024","Rother","E07000064","Total","Aged 45 - 49 years","Value",4585
"2024","Rother","E07000064","Total","Aged 50 - 54 years","Value",6024
"2024","Rother","E07000064","Total","Aged 55 - 59 years","Value",7378
"2024","Rother","E07000064","Total","Aged 60 - 64 years","Value",7829
"2024","Rother","E07000064","Total","Aged 65 - 69 years","Value",7158
"2024","Rother","E07000064","Total","Aged 70 - 74 years","Value",7115
"2024","Rother","E07000064","Total","Aged 75 - 79 years","Value",7594
"2024","Rother","E07000064","Total","Aged 80 - 84 years","Value",4796
"2024","Rother","E07000064","Total","Aged 85 and over","Value",4740
"2024","Wealden","E07000065","Total","All ages","Value",166776
"2024","Wealden","E07000065","Total","Aged under 1 year","Value",1350
"2024","Wealden","E07000065","Total","Aged 1 - 4 years","Value",6070
"2024","Wealden","E07000065","Total","Aged 5 - 9 years","Value",8753
"2024","Wealden","E07000065","Total","Aged 10 - 14 years","Value",9458
"2024","Wealden","E07000065","Total","Aged 15 - 19 years","Value",8756
"2024","Wealden","E07000065","Total","Aged 20 - 24 years","Value",6030
"2024","Wealden","E07000065","Total","Aged 25 - 29 years","Value",7431
"2024","Wealden","E07000065","Total","Aged 30 - 34 years","Value",8573
"2024","Wealden","E07000065","Total","Aged 35 - 39 years","Value",9262
"2024","Wealden","E07000065","Total","Aged 40 - 44 years","Value",9216
"2024","Wealden","E07000065","Total","Aged 45 - 49 years","Value",8995
"2024","Wealden","E07000065","Total","Aged 50 - 54 years","Value",11487
"2024","Wealden","E07000065","Total","Aged 55 - 59 years","Value",12980
"2024","Wealden","E07000065","Total","Aged 60 - 64 years","Value",12812
"2024","Wealden","E07000065","Total","Aged 65 - 69 years","Value",11220
"2024","Wealden","E07000065","Total","Aged 70 - 74 years","Value",10327
"2024","Wealden","E07000065","Total","Aged 75 - 79 years","Value",10758
"2024","Wealden","E07000065","Total","Aged 80 - 84 years","Value",6856
"2024","Wealden","E07000065","Total","Aged 85 and over","Value",6442
"2024","Basingstoke and Deane","E07000084","Total","All ages","Value",192965
"2024","Basingstoke and Deane","E07000084","Total","Aged under 1 year","Value",1986
"2024","Basingstoke and Deane","E07000084","Total","Aged 1 - 4 years","Value",8610
"2024","Basingstoke and Deane","E07000084","Total","Aged 5 - 9 years","Value",11625
"2024","Basingstoke and Deane","E07000084","Total","Aged 10 - 14 years","Value",11913
"2024","Basingstoke and Deane","E07000084","Total","Aged 15 - 19 years","Value",10014
"2024","Basingstoke and Deane","E07000084","Total","Aged 20 - 24 years","Value",8218
"2024","Basingstoke and Deane","E07000084","Total","Aged 25 - 29 years","Value",12153
"2024","Basingstoke and Deane","E07000084","Total","Aged 30 - 34 years","Value",14294
"2024","Basingstoke and Deane","E07000084","Total","Aged 35 - 39 years","Value",14821
"2024","Basingstoke and Deane","E07000084","Total","Aged 40 - 44 years","Value",13619
"2024","Basingstoke and Deane","E07000084","Total","Aged 45 - 49 years","Value",12573
"2024","Basingstoke and Deane","E07000084","Total","Aged 50 - 54 years","Value",13104
"2024","Basingstoke and Deane","E07000084","Total","Aged 55 - 59 years","Value",13427
"2024","Basingstoke and Deane","E07000084","Total","Aged 60 - 64 years","Value",11889
"2024","Basingstoke and Deane","E07000084","Total","Aged 65 - 69 years","Value",9109
"2024","Basingstoke and Deane","E07000084","Total","Aged 70 - 74 years","Value",8106
"2024","Basingstoke and Deane","E07000084","Total","Aged 75 - 79 years","Value",8005
"2024","Basingstoke and Deane","E07000084","Total","Aged 80 - 84 years","Value",4927
"2024","Basingstoke and Deane","E07000084","Total","Aged 85 and over","Value",4572
"2024","East Hampshire","E07000085","Total","All ages","Value",129865
"2024","East Hampshire","E07000085","Total","Aged under 1 year","Value",1001
"2024","East Hampshire","E07000085","Total","Aged 1 - 4 years","Value",4898
"2024","East Hampshire","E07000085","Total","Aged 5 - 9 years","Value",6974
"2024","East Hampshire","E07000085","Total","Aged 10 - 14 years","Value",7971
"2024","East Hampshire","E07000085","Total","Aged 15 - 19 years","Value",7148
"2024","East Hampshire","E07000085","Total","Aged 20 - 24 years","Value",4768
"2024","East Hampshire","E07000085","Total","Aged 25 - 29 years","Value",5979
"2024","East Hampshire","E07000085","Total","Aged 30 - 34 years","Value",7032
"2024","East Hampshire","E07000085","Total","Aged 35 - 39 years","Value",7647
"2024","East Hampshire","E07000085","Total","Aged 40 - 44 years","Value",7970
"2024","East Hampshire","E07000085","Total","Aged 45 - 49 years","Value",8044
"2024","East Hampshire","E07000085","Total","Aged 50 - 54 years","Value",9304
"2024","East Hampshire","E07000085","Total","Aged 55 - 59 years","Value",9813
"2024","East Hampshire","E07000085","Total","Aged 60 - 64 years","Value",9525
"2024","East Hampshire","E07000085","Total","Aged 65 - 69 years","Value",8150
"2024","East Hampshire","E07000085","Total","Aged 70 - 74 years","Value",6912
"2024","East Hampshire","E07000085","Total","Aged 75 - 79 years","Value",7259
"2024","East Hampshire","E07000085","Total","Aged 80 - 84 years","Value",4760
"2024","East Hampshire","E07000085","Total","Aged 85 and over","Value",4710
"2024","Eastleigh","E07000086","Total","All ages","Value",142678
"2024","Eastleigh","E07000086","Total","Aged under 1 year","Value",1292
"2024","Eastleigh","E07000086","Total","Aged 1 - 4 years","Value",6063
"2024","Eastleigh","E07000086","Total","Aged 5 - 9 years","Value",8544
"2024","Eastleigh","E07000086","Total","Aged 10 - 14 years","Value",9240
"2024","Eastleigh","E07000086","Total","Aged 15 - 19 years","Value",7821
"2024","Eastleigh","E07000086","Total","Aged 20 - 24 years","Value",6023
"2024","Eastleigh","E07000086","Total","Aged 25 - 29 years","Value",8153
"2024","Eastleigh","E07000086","Total","Aged 30 - 34 years","Value",9910
"2024","Eastleigh","E07000086","Total","Aged 35 - 39 years","Value",10374
"2024","Eastleigh","E07000086","Total","Aged 40 - 44 years","Value",9906
"2024","Eastleigh","E07000086","Total","Aged 45 - 49 years","Value",8910
"2024","Eastleigh","E07000086","Total","Aged 50 - 54 years","Value",9400
"2024","Eastleigh","E07000086","Total","Aged 55 - 59 years","Value",9448
"2024","Eastleigh","E07000086","Total","Aged 60 - 64 years","Value",8898
"2024","Eastleigh","E07000086","Total","Aged 65 - 69 years","Value",7457
"2024","Eastleigh","E07000086","Total","Aged 70 - 74 years","Value",6529
"2024","Eastleigh","E07000086","Total","Aged 75 - 79 years","Value",6366
"2024","Eastleigh","E07000086","Total","Aged 80 - 84 years","Value",4094
"2024","Eastleigh","E07000086","Total","Aged 85 and over","Value",4250
"2024","Fareham","E07000087","Total","All ages","Value",115208
"2024","Fareham","E07000087","Total","Aged under 1 year","Value",803
"2024","Fareham","E07000087","Total","Aged 1 - 4 years","Value",3931
"2024","Fareham","E07000087","Total","Aged 5 - 9 years","Value",5936
"2024","Fareham","E07000087","Total","Aged 10 - 14 years","Value",6485
"2024","Fareham","E07000087","Total","Aged 15 - 19 years","Value",5817
"2024","Fareham","E07000087","Total","Aged 20 - 24 years","Value",5136
"2024","Fareham","E07000087","Total","Aged 25 - 29 years","Value",5645
"2024","Fareham","E07000087","Total","Aged 30 - 34 years","Value",5936
"2024","Fareham","E07000087","Total","Aged 35 - 39 years","Value",7255
"2024","Fareham","E07000087","Total","Aged 40 - 44 years","Value",6917
"2024","Fareham","E07000087","Total","Aged 45 - 49 years","Value",6499
"2024","Fareham","E07000087","Total","Aged 50 - 54 years","Value",7668
"2024","Fareham","E07000087","Total","Aged 55 - 59 years","Value",8621
"2024","Fareham","E07000087","Total","Aged 60 - 64 years","Value",8592
"2024","Fareham","E07000087","Total","Aged 65 - 69 years","Value",7366
"2024","Fareham","E07000087","Total","Aged 70 - 74 years","Value",6369
"2024","Fareham","E07000087","Total","Aged 75 - 79 years","Value",6988
"2024","Fareham","E07000087","Total","Aged 80 - 84 years","Value",4534
"2024","Fareham","E07000087","Total","Aged 85 and over","Value",4710
"2024","Gosport","E07000088","Total","All ages","Value",82727
"2024","Gosport","E07000088","Total","Aged under 1 year","Value",752
"2024","Gosport","E07000088","Total","Aged 1 - 4 years","Value",3230
"2024","Gosport","E07000088","Total","Aged 5 - 9 years","Value",4473
"2024","Gosport","E07000088","Total","Aged 10 - 14 years","Value",4885
"2024","Gosport","E07000088","Total","Aged 15 - 19 years","Value",4723
"2024","Gosport","E07000088","Total","Aged 20 - 24 years","Value",4054
"2024","Gosport","E07000088","Total","Aged 25 - 29 years","Value",4747
"2024","Gosport","E07000088","Total","Aged 30 - 34 years","Value",5097
"2024","Gosport","E07000088","Total","Aged 35 - 39 years","Value",5252
"2024","Gosport","E07000088","Total","Aged 40 - 44 years","Value",5047
"2024","Gosport","E07000088","Total","Aged 45 - 49 years","Value",4455
"2024","Gosport","E07000088","Total","Aged 50 - 54 years","Value",5397
"2024","Gosport","E07000088","Total","Aged 55 - 59 years","Value",5947
"2024","Gosport","E07000088","Total","Aged 60 - 64 years","Value",5996
"2024","Gosport","E07000088","Total","Aged 65 - 69 years","Value",5060
"2024","Gosport","E07000088","Total","Aged 70 - 74 years","Value",4265
"2024","Gosport","E07000088","Total","Aged 75 - 79 years","Value",4452
"2024","Gosport","E07000088","Total","Aged 80 - 84 years","Value",2485
"2024","Gosport","E07000088","Total","Aged 85 and over","Value",2410
"2024","Hart","E07000089","Total","All ages","Value",103031
"2024","Hart","E07000089","Total","Aged under 1 year","Value",869
"2024","Hart","E07000089","Total","Aged 1 - 4 years","Value",4103
"2024","Hart","E07000089","Total","Aged 5 - 9 years","Value",6198
"2024","Hart","E07000089","Total","Aged 10 - 14 years","Value",6719
"2024","Hart","E07000089","Total","Aged 15 - 19 years","Value",5623
"2024","Hart","E07000089","Total","Aged 20 - 24 years","Value",4667
"2024","Hart","E07000089","Total","Aged 25 - 29 years","Value",5402
"2024","Hart","E07000089","Total","Aged 30 - 34 years","Value",6039
"2024","Hart","E07000089","Total","Aged 35 - 39 years","Value",6692
"2024","Hart","E07000089","Total","Aged 40 - 44 years","Value",7039
"2024","Hart","E07000089","Total","Aged 45 - 49 years","Value",6933
"2024","Hart","E07000089","Total","Aged 50 - 54 years","Value",7709
"2024","Hart","E07000089","Total","Aged 55 - 59 years","Value",7201
"2024","Hart","E07000089","Total","Aged 60 - 64 years","Value",6548
"2024","Hart","E07000089","Total","Aged 65 - 69 years","Value",5171
"2024","Hart","E07000089","Total","Aged 70 - 74 years","Value",4716
"2024","Hart","E07000089","Total","Aged 75 - 79 years","Value",4905
"2024","Hart","E07000089","Total","Aged 80 - 84 years","Value",3314
"2024","Hart","E07000089","Total","Aged 85 and over","Value",3183
"2024","Havant","E07000090","Total","All ages","Value",126794
"2024","Havant","E07000090","Total","Aged under 1 year","Value",1074
"2024","Havant","E07000090","Total","Aged 1 - 4 years","Value",4999
"2024","Havant","E07000090","Total","Aged 5 - 9 years","Value",6916
"2024","Havant","E07000090","Total","Aged 10 - 14 years","Value",7314
"2024","Havant","E07000090","Total","Aged 15 - 19 years","Value",6752
"2024","Havant","E07000090","Total","Aged 20 - 24 years","Value",5376
"2024","Havant","E07000090","Total","Aged 25 - 29 years","Value",6564
"2024","Havant","E07000090","Total","Aged 30 - 34 years","Value",7663
"2024","Havant","E07000090","Total","Aged 35 - 39 years","Value",7798
"2024","Havant","E07000090","Total","Aged 40 - 44 years","Value",7295
"2024","Havant","E07000090","Total","Aged 45 - 49 years","Value",6569
"2024","Havant","E07000090","Total","Aged 50 - 54 years","Value",7958
"2024","Havant","E07000090","Total","Aged 55 - 59 years","Value",9309
"2024","Havant","E07000090","Total","Aged 60 - 64 years","Value",9367
"2024","Havant","E07000090","Total","Aged 65 - 69 years","Value",8245
"2024","Havant","E07000090","Total","Aged 70 - 74 years","Value",7035
"2024","Havant","E07000090","Total","Aged 75 - 79 years","Value",7323
"2024","Havant","E07000090","Total","Aged 80 - 84 years","Value",4562
"2024","Havant","E07000090","Total","Aged 85 and over","Value",4675
"2024","New Forest","E07000091","Total","All ages","Value",175845
"2024","New Forest","E07000091","Total","Aged under 1 year","Value",1163
"2024","New Forest","E07000091","Total","Aged 1 - 4 years","Value",5448
"2024","New Forest","E07000091","Total","Aged 5 - 9 years","Value",8173
"2024","New Forest","E07000091","Total","Aged 10 - 14 years","Value",9448
"2024","New Forest","E07000091","Total","Aged 15 - 19 years","Value",8590
"2024","New Forest","E07000091","Total","Aged 20 - 24 years","Value",6499
"2024","New Forest","E07000091","Total","Aged 25 - 29 years","Value",7315
"2024","New Forest","E07000091","Total","Aged 30 - 34 years","Value",8212
"2024","New Forest","E07000091","Total","Aged 35 - 39 years","Value",9021
"2024","New Forest","E07000091","Total","Aged 40 - 44 years","Value",9226
"2024","New Forest","E07000091","Total","Aged 45 - 49 years","Value",9291
"2024","New Forest","E07000091","Total","Aged 50 - 54 years","Value",11350
"2024","New Forest","E07000091","Total","Aged 55 - 59 years","Value",13853
"2024","New Forest","E07000091","Total","Aged 60 - 64 years","Value",14026
"2024","New Forest","E07000091","Total","Aged 65 - 69 years","Value",12698
"2024","New Forest","E07000091","Total","Aged 70 - 74 years","Value",12167
"2024","New Forest","E07000091","Total","Aged 75 - 79 years","Value",12586
"2024","New Forest","E07000091","Total","Aged 80 - 84 years","Value",8182
"2024","New Forest","E07000091","Total","Aged 85 and over","Value",8597
"2024","Rushmoor","E07000092","Total","All ages","Value",105444
"2024","Rushmoor","E07000092","Total","Aged under 1 year","Value",1238
"2024","Rushmoor","E07000092","Total","Aged 1 - 4 years","Value",5090
"2024","Rushmoor","E07000092","Total","Aged 5 - 9 years","Value",6331
"2024","Rushmoor","E07000092","Total","Aged 10 - 14 years","Value",5866
"2024","Rushmoor","E07000092","Total","Aged 15 - 19 years","Value",5477
"2024","Rushmoor","E07000092","Total","Aged 20 - 24 years","Value",5699
"2024","Rushmoor","E07000092","Total","Aged 25 - 29 years","Value",7932
"2024","Rushmoor","E07000092","Total","Aged 30 - 34 years","Value",9222
"2024","Rushmoor","E07000092","Total","Aged 35 - 39 years","Value",9070
"2024","Rushmoor","E07000092","Total","Aged 40 - 44 years","Value",7713
"2024","Rushmoor","E07000092","Total","Aged 45 - 49 years","Value",6554
"2024","Rushmoor","E07000092","Total","Aged 50 - 54 years","Value",6640
"2024","Rushmoor","E07000092","Total","Aged 55 - 59 years","Value",6733
"2024","Rushmoor","E07000092","Total","Aged 60 - 64 years","Value",5741
"2024","Rushmoor","E07000092","Total","Aged 65 - 69 years","Value",4295
"2024","Rushmoor","E07000092","Total","Aged 70 - 74 years","Value",3707
"2024","Rushmoor","E07000092","Total","Aged 75 - 79 years","Value",3741
"2024","Rushmoor","E07000092","Total","Aged 80 - 84 years","Value",2414
"2024","Rushmoor","E07000092","Total","Aged 85 and over","Value",1981
"2024","Test Valley","E07000093","Total","All ages","Value",135169
"2024","Test Valley","E07000093","Total","Aged under 1 year","Value",1213
"2024","Test Valley","E07000093","Total","Aged 1 - 4 years","Value",5707
"2024","Test Valley","E07000093","Total","Aged 5 - 9 years","Value",7863
"2024","Test Valley","E07000093","Total","Aged 10 - 14 years","Value",8107
"2024","Test Valley","E07000093","Total","Aged 15 - 19 years","Value",7020
"2024","Test Valley","E07000093","Total","Aged 20 - 24 years","Value",5169
"2024","Test Valley","E07000093","Total","Aged 25 - 29 years","Value",7044
"2024","Test Valley","E07000093","Total","Aged 30 - 34 years","Value",8626
"2024","Test Valley","E07000093","Total","Aged 35 - 39 years","Value",9276
"2024","Test Valley","E07000093","Total","Aged 40 - 44 years","Value",8900
"2024","Test Valley","E07000093","Total","Aged 45 - 49 years","Value",8419
"2024","Test Valley","E07000093","Total","Aged 50 - 54 years","Value",9338
"2024","Test Valley","E07000093","Total","Aged 55 - 59 years","Value",9685
"2024","Test Valley","E07000093","Total","Aged 60 - 64 years","Value",9043
"2024","Test Valley","E07000093","Total","Aged 65 - 69 years","Value",7602
"2024","Test Valley","E07000093","Total","Aged 70 - 74 years","Value",6608
"2024","Test Valley","E07000093","Total","Aged 75 - 79 years","Value",6860
"2024","Test Valley","E07000093","Total","Aged 80 - 84 years","Value",4424
"2024","Test Valley","E07000093","Total","Aged 85 and over","Value",4265
"2024","Winchester","E07000094","Total","All ages","Value",135444
"2024","Winchester","E07000094","Total","Aged under 1 year","Value",1192
"2024","Winchester","E07000094","Total","Aged 1 - 4 years","Value",5307
"2024","Winchester","E07000094","Total","Aged 5 - 9 years","Value",7540
"2024","Winchester","E07000094","Total","Aged 10 - 14 years","Value",8501
"2024","Winchester","E07000094","Total","Aged 15 - 19 years","Value",9165
"2024","Winchester","E07000094","Total","Aged 20 - 24 years","Value",8779
"2024","Winchester","E07000094","Total","Aged 25 - 29 years","Value",6806
"2024","Winchester","E07000094","Total","Aged 30 - 34 years","Value",7536
"2024","Winchester","E07000094","Total","Aged 35 - 39 years","Value",8389
"2024","Winchester","E07000094","Total","Aged 40 - 44 years","Value",8364
"2024","Winchester","E07000094","Total","Aged 45 - 49 years","Value",8489
"2024","Winchester","E07000094","Total","Aged 50 - 54 years","Value",9000
"2024","Winchester","E07000094","Total","Aged 55 - 59 years","Value",9153
"2024","Winchester","E07000094","Total","Aged 60 - 64 years","Value",8612
"2024","Winchester","E07000094","Total","Aged 65 - 69 years","Value",7226
"2024","Winchester","E07000094","Total","Aged 70 - 74 years","Value",6354
"2024","Winchester","E07000094","Total","Aged 75 - 79 years","Value",6430
"2024","Winchester","E07000094","Total","Aged 80 - 84 years","Value",4183
"2024","Winchester","E07000094","Total","Aged 85 and over","Value",4418
"2024","Ashford","E07000105","Total","All ages","Value",140812
"2024","Ashford","E07000105","Total","Aged under 1 year","Value",1416
"2024","Ashford","E07000105","Total","Aged 1 - 4 years","Value",6210
"2024","Ashford","E07000105","Total","Aged 5 - 9 years","Value",8716
"2024","Ashford","E07000105","Total","Aged 10 - 14 years","Value",9074
"2024","Ashford","E07000105","Total","Aged 15 - 19 years","Value",7920
"2024","Ashford","E07000105","Total","Aged 20 - 24 years","Value",6086
"2024","Ashford","E07000105","Total","Aged 25 - 29 years","Value",8291
"2024","Ashford","E07000105","Total","Aged 30 - 34 years","Value",9553
"2024","Ashford","E07000105","Total","Aged 35 - 39 years","Value",9790
"2024","Ashford","E07000105","Total","Aged 40 - 44 years","Value",9072
"2024","Ashford","E07000105","Total","Aged 45 - 49 years","Value",8580
"2024","Ashford","E07000105","Total","Aged 50 - 54 years","Value",9331
"2024","Ashford","E07000105","Total","Aged 55 - 59 years","Value",10077
"2024","Ashford","E07000105","Total","Aged 60 - 64 years","Value",8892
"2024","Ashford","E07000105","Total","Aged 65 - 69 years","Value",7061
"2024","Ashford","E07000105","Total","Aged 70 - 74 years","Value",6374
"2024","Ashford","E07000105","Total","Aged 75 - 79 years","Value",6605
"2024","Ashford","E07000105","Total","Aged 80 - 84 years","Value",4196
"2024","Ashford","E07000105","Total","Aged 85 and over","Value",3568
"2024","Canterbury","E07000106","Total","All ages","Value",162372
"2024","Canterbury","E07000106","Total","Aged under 1 year","Value",1191
"2024","Canterbury","E07000106","Total","Aged 1 - 4 years","Value",5682
"2024","Canterbury","E07000106","Total","Aged 5 - 9 years","Value",8008
"2024","Canterbury","E07000106","Total","Aged 10 - 14 years","Value",8935
"2024","Canterbury","E07000106","Total","Aged 15 - 19 years","Value",12525
"2024","Canterbury","E07000106","Total","Aged 20 - 24 years","Value",14120
"2024","Canterbury","E07000106","Total","Aged 25 - 29 years","Value",8296
"2024","Canterbury","E07000106","Total","Aged 30 - 34 years","Value",9202
"2024","Canterbury","E07000106","Total","Aged 35 - 39 years","Value",9593
"2024","Canterbury","E07000106","Total","Aged 40 - 44 years","Value",9473
"2024","Canterbury","E07000106","Total","Aged 45 - 49 years","Value",8689
"2024","Canterbury","E07000106","Total","Aged 50 - 54 years","Value",9826
"2024","Canterbury","E07000106","Total","Aged 55 - 59 years","Value",10443
"2024","Canterbury","E07000106","Total","Aged 60 - 64 years","Value",10025
"2024","Canterbury","E07000106","Total","Aged 65 - 69 years","Value",9128
"2024","Canterbury","E07000106","Total","Aged 70 - 74 years","Value",8378
"2024","Canterbury","E07000106","Total","Aged 75 - 79 years","Value",8531
"2024","Canterbury","E07000106","Total","Aged 80 - 84 years","Value",5223
"2024","Canterbury","E07000106","Total","Aged 85 and over","Value",5104
"2024","Dartford","E07000107","Total","All ages","Value",124594
"2024","Dartford","E07000107","Total","Aged under 1 year","Value",1534
"2024","Dartford","E07000107","Total","Aged 1 - 4 years","Value",6842
"2024","Dartford","E07000107","Total","Aged 5 - 9 years","Value",9004
"2024","Dartford","E07000107","Total","Aged 10 - 14 years","Value",9249
"2024","Dartford","E07000107","Total","Aged 15 - 19 years","Value",7062
"2024","Dartford","E07000107","Total","Aged 20 - 24 years","Value",5295
"2024","Dartford","E07000107","Total","Aged 25 - 29 years","Value",7878
"2024","Dartford","E07000107","Total","Aged 30 - 34 years","Value",10013
"2024","Dartford","E07000107","Total","Aged 35 - 39 years","Value",11090
"2024","Dartford","E07000107","Total","Aged 40 - 44 years","Value",10141
"2024","Dartford","E07000107","Total","Aged 45 - 49 years","Value",8584
"2024","Dartford","E07000107","Total","Aged 50 - 54 years","Value",7646
"2024","Dartford","E07000107","Total","Aged 55 - 59 years","Value",7470
"2024","Dartford","E07000107","Total","Aged 60 - 64 years","Value",6010
"2024","Dartford","E07000107","Total","Aged 65 - 69 years","Value",4675
"2024","Dartford","E07000107","Total","Aged 70 - 74 years","Value",3788
"2024","Dartford","E07000107","Total","Aged 75 - 79 years","Value",3639
"2024","Dartford","E07000107","Total","Aged 80 - 84 years","Value",2298
"2024","Dartford","E07000107","Total","Aged 85 and over","Value",2376
"2024","Dover","E07000108","Total","All ages","Value",119805
"2024","Dover","E07000108","Total","Aged under 1 year","Value",998
"2024","Dover","E07000108","Total","Aged 1 - 4 years","Value",4563
"2024","Dover","E07000108","Total","Aged 5 - 9 years","Value",6418
"2024","Dover","E07000108","Total","Aged 10 - 14 years","Value",7074
"2024","Dover","E07000108","Total","Aged 15 - 19 years","Value",6409
"2024","Dover","E07000108","Total","Aged 20 - 24 years","Value",4862
"2024","Dover","E07000108","Total","Aged 25 - 29 years","Value",6413
"2024","Dover","E07000108","Total","Aged 30 - 34 years","Value",7256
"2024","Dover","E07000108","Total","Aged 35 - 39 years","Value",7438
"2024","Dover","E07000108","Total","Aged 40 - 44 years","Value",6968
"2024","Dover","E07000108","Total","Aged 45 - 49 years","Value",6391
"2024","Dover","E07000108","Total","Aged 50 - 54 years","Value",7566
"2024","Dover","E07000108","Total","Aged 55 - 59 years","Value",8770
"2024","Dover","E07000108","Total","Aged 60 - 64 years","Value",8805
"2024","Dover","E07000108","Total","Aged 65 - 69 years","Value",8001
"2024","Dover","E07000108","Total","Aged 70 - 74 years","Value",7018
"2024","Dover","E07000108","Total","Aged 75 - 79 years","Value",6915
"2024","Dover","E07000108","Total","Aged 80 - 84 years","Value",4202
"2024","Dover","E07000108","Total","Aged 85 and over","Value",3738
"2024","Gravesham","E07000109","Total","All ages","Value",110715
"2024","Gravesham","E07000109","Total","Aged under 1 year","Value",1290
"2024","Gravesham","E07000109","Total","Aged 1 - 4 years","Value",5602
"2024","Gravesham","E07000109","Total","Aged 5 - 9 years","Value",7298
"2024","Gravesham","E07000109","Total","Aged 10 - 14 years","Value",7737
"2024","Gravesham","E07000109","Total","Aged 15 - 19 years","Value",6721
"2024","Gravesham","E07000109","Total","Aged 20 - 24 years","Value",5492
"2024","Gravesham","E07000109","Total","Aged 25 - 29 years","Value",6817
"2024","Gravesham","E07000109","Total","Aged 30 - 34 years","Value",7936
"2024","Gravesham","E07000109","Total","Aged 35 - 39 years","Value",8189
"2024","Gravesham","E07000109","Total","Aged 40 - 44 years","Value",7764
"2024","Gravesham","E07000109","Total","Aged 45 - 49 years","Value",6752
"2024","Gravesham","E07000109","Total","Aged 50 - 54 years","Value",7042
"2024","Gravesham","E07000109","Total","Aged 55 - 59 years","Value",7030
"2024","Gravesham","E07000109","Total","Aged 60 - 64 years","Value",6311
"2024","Gravesham","E07000109","Total","Aged 65 - 69 years","Value",5099
"2024","Gravesham","E07000109","Total","Aged 70 - 74 years","Value",4239
"2024","Gravesham","E07000109","Total","Aged 75 - 79 years","Value",4180
"2024","Gravesham","E07000109","Total","Aged 80 - 84 years","Value",2653
"2024","Gravesham","E07000109","Total","Aged 85 and over","Value",2563
"2024","Maidstone","E07000110","Total","All ages","Value",189189
"2024","Maidstone","E07000110","Total","Aged under 1 year","Value",1874
"2024","Maidstone","E07000110","Total","Aged 1 - 4 years","Value",8741
"2024","Maidstone","E07000110","Total","Aged 5 - 9 years","Value",11968
"2024","Maidstone","E07000110","Total","Aged 10 - 14 years","Value",11873
"2024","Maidstone","E07000110","Total","Aged 15 - 19 years","Value",9871
"2024","Maidstone","E07000110","Total","Aged 20 - 24 years","Value",8404
"2024","Maidstone","E07000110","Total","Aged 25 - 29 years","Value",11501
"2024","Maidstone","E07000110","Total","Aged 30 - 34 years","Value",13602
"2024","Maidstone","E07000110","Total","Aged 35 - 39 years","Value",14062
"2024","Maidstone","E07000110","Total","Aged 40 - 44 years","Value",13409
"2024","Maidstone","E07000110","Total","Aged 45 - 49 years","Value",11772
"2024","Maidstone","E07000110","Total","Aged 50 - 54 years","Value",12604
"2024","Maidstone","E07000110","Total","Aged 55 - 59 years","Value",12674
"2024","Maidstone","E07000110","Total","Aged 60 - 64 years","Value",11068
"2024","Maidstone","E07000110","Total","Aged 65 - 69 years","Value",9224
"2024","Maidstone","E07000110","Total","Aged 70 - 74 years","Value",7969
"2024","Maidstone","E07000110","Total","Aged 75 - 79 years","Value",8399
"2024","Maidstone","E07000110","Total","Aged 80 - 84 years","Value",5151
"2024","Maidstone","E07000110","Total","Aged 85 and over","Value",5023
"2024","Sevenoaks","E07000111","Total","All ages","Value",122650
"2024","Sevenoaks","E07000111","Total","Aged under 1 year","Value",1151
"2024","Sevenoaks","E07000111","Total","Aged 1 - 4 years","Value",5349
"2024","Sevenoaks","E07000111","Total","Aged 5 - 9 years","Value",7667
"2024","Sevenoaks","E07000111","Total","Aged 10 - 14 years","Value",8066
"2024","Sevenoaks","E07000111","Total","Aged 15 - 19 years","Value",7192
"2024","Sevenoaks","E07000111","Total","Aged 20 - 24 years","Value",4483
"2024","Sevenoaks","E07000111","Total","Aged 25 - 29 years","Value",5668
"2024","Sevenoaks","E07000111","Total","Aged 30 - 34 years","Value",6598
"2024","Sevenoaks","E07000111","Total","Aged 35 - 39 years","Value",7764
"2024","Sevenoaks","E07000111","Total","Aged 40 - 44 years","Value",8029
"2024","Sevenoaks","E07000111","Total","Aged 45 - 49 years","Value",8004
"2024","Sevenoaks","E07000111","Total","Aged 50 - 54 years","Value",8510
"2024","Sevenoaks","E07000111","Total","Aged 55 - 59 years","Value",8884
"2024","Sevenoaks","E07000111","Total","Aged 60 - 64 years","Value",7993
"2024","Sevenoaks","E07000111","Total","Aged 65 - 69 years","Value",6634
"2024","Sevenoaks","E07000111","Total","Aged 70 - 74 years","Value",6107
"2024","Sevenoaks","E07000111","Total","Aged 75 - 79 years","Value",6263
"2024","Sevenoaks","E07000111","Total","Aged 80 - 84 years","Value",3916
"2024","Sevenoaks","E07000111","Total","Aged 85 and over","Value",4372
"2024","Folkestone and Hythe","E07000112","Total","All ages","Value",111908
"2024","Folkestone and Hythe","E07000112","Total","Aged under 1 year","Value",952
"2024","Folkestone and Hythe","E07000112","Total","Aged 1 - 4 years","Value",4166
"2024","Folkestone and Hythe","E07000112","Total","Aged 5 - 9 years","Value",5668
"2024","Folkestone and Hythe","E07000112","Total","Aged 10 - 14 years","Value",6256
"2024","Folkestone and Hythe","E07000112","Total","Aged 15 - 19 years","Value",5774
"2024","Folkestone and Hythe","E07000112","Total","Aged 20 - 24 years","Value",4450
"2024","Folkestone and Hythe","E07000112","Total","Aged 25 - 29 years","Value",5612
"2024","Folkestone and Hythe","E07000112","Total","Aged 30 - 34 years","Value",6475
"2024","Folkestone and Hythe","E07000112","Total","Aged 35 - 39 years","Value",6627
"2024","Folkestone and Hythe","E07000112","Total","Aged 40 - 44 years","Value",6639
"2024","Folkestone and Hythe","E07000112","Total","Aged 45 - 49 years","Value",6252
"2024","Folkestone and Hythe","E07000112","Total","Aged 50 - 54 years","Value",7362
"2024","Folkestone and Hythe","E07000112","Total","Aged 55 - 59 years","Value",8466
"2024","Folkestone and Hythe","E07000112","Total","Aged 60 - 64 years","Value",8195
"2024","Folkestone and Hythe","E07000112","Total","Aged 65 - 69 years","Value",7158
"2024","Folkestone and Hythe","E07000112","Total","Aged 70 - 74 years","Value",6839
"2024","Folkestone and Hythe","E07000112","Total","Aged 75 - 79 years","Value",7049
"2024","Folkestone and Hythe","E07000112","Total","Aged 80 - 84 years","Value",4180
"2024","Folkestone and Hythe","E07000112","Total","Aged 85 and over","Value",3788
"2024","Swale","E07000113","Total","All ages","Value",158754
"2024","Swale","E07000113","Total","Aged under 1 year","Value",1573
"2024","Swale","E07000113","Total","Aged 1 - 4 years","Value",7151
"2024","Swale","E07000113","Total","Aged 5 - 9 years","Value",10024
"2024","Swale","E07000113","Total","Aged 10 - 14 years","Value",10242
"2024","Swale","E07000113","Total","Aged 15 - 19 years","Value",8939
"2024","Swale","E07000113","Total","Aged 20 - 24 years","Value",7373
"2024","Swale","E07000113","Total","Aged 25 - 29 years","Value",9497
"2024","Swale","E07000113","Total","Aged 30 - 34 years","Value",10893
"2024","Swale","E07000113","Total","Aged 35 - 39 years","Value",11247
"2024","Swale","E07000113","Total","Aged 40 - 44 years","Value",10546
"2024","Swale","E07000113","Total","Aged 45 - 49 years","Value",9242
"2024","Swale","E07000113","Total","Aged 50 - 54 years","Value",10199
"2024","Swale","E07000113","Total","Aged 55 - 59 years","Value",11056
"2024","Swale","E07000113","Total","Aged 60 - 64 years","Value",10274
"2024","Swale","E07000113","Total","Aged 65 - 69 years","Value",8285
"2024","Swale","E07000113","Total","Aged 70 - 74 years","Value",7155
"2024","Swale","E07000113","Total","Aged 75 - 79 years","Value",7127
"2024","Swale","E07000113","Total","Aged 80 - 84 years","Value",4312
"2024","Swale","E07000113","Total","Aged 85 and over","Value",3619
"2024","Thanet","E07000114","Total","All ages","Value",142158
"2024","Thanet","E07000114","Total","Aged under 1 year","Value",1278
"2024","Thanet","E07000114","Total","Aged 1 - 4 years","Value",5914
"2024","Thanet","E07000114","Total","Aged 5 - 9 years","Value",7930
"2024","Thanet","E07000114","Total","Aged 10 - 14 years","Value",8294
"2024","Thanet","E07000114","Total","Aged 15 - 19 years","Value",7589
"2024","Thanet","E07000114","Total","Aged 20 - 24 years","Value",5934
"2024","Thanet","E07000114","Total","Aged 25 - 29 years","Value",7355
"2024","Thanet","E07000114","Total","Aged 30 - 34 years","Value",8753
"2024","Thanet","E07000114","Total","Aged 35 - 39 years","Value",9189
"2024","Thanet","E07000114","Total","Aged 40 - 44 years","Value",8699
"2024","Thanet","E07000114","Total","Aged 45 - 49 years","Value",8087
"2024","Thanet","E07000114","Total","Aged 50 - 54 years","Value",9091
"2024","Thanet","E07000114","Total","Aged 55 - 59 years","Value",9992
"2024","Thanet","E07000114","Total","Aged 60 - 64 years","Value",9856
"2024","Thanet","E07000114","Total","Aged 65 - 69 years","Value",8684
"2024","Thanet","E07000114","Total","Aged 70 - 74 years","Value",8167
"2024","Thanet","E07000114","Total","Aged 75 - 79 years","Value",8068
"2024","Thanet","E07000114","Total","Aged 80 - 84 years","Value",4908
"2024","Thanet","E07000114","Total","Aged 85 and over","Value",4370
"2024","Tonbridge and Malling","E07000115","Total","All ages","Value",136685
"2024","Tonbridge and Malling","E07000115","Total","Aged under 1 year","Value",1284
"2024","Tonbridge and Malling","E07000115","Total","Aged 1 - 4 years","Value",6107
"2024","Tonbridge and Malling","E07000115","Total","Aged 5 - 9 years","Value",8659
"2024","Tonbridge and Malling","E07000115","Total","Aged 10 - 14 years","Value",9217
"2024","Tonbridge and Malling","E07000115","Total","Aged 15 - 19 years","Value",8004
"2024","Tonbridge and Malling","E07000115","Total","Aged 20 - 24 years","Value",5490
"2024","Tonbridge and Malling","E07000115","Total","Aged 25 - 29 years","Value",7043
"2024","Tonbridge and Malling","E07000115","Total","Aged 30 - 34 years","Value",8825
"2024","Tonbridge and Malling","E07000115","Total","Aged 35 - 39 years","Value",9294
"2024","Tonbridge and Malling","E07000115","Total","Aged 40 - 44 years","Value",9310
"2024","Tonbridge and Malling","E07000115","Total","Aged 45 - 49 years","Value",9009
"2024","Tonbridge and Malling","E07000115","Total","Aged 50 - 54 years","Value",9655
"2024","Tonbridge and Malling","E07000115","Total","Aged 55 - 59 years","Value",9636
"2024","Tonbridge and Malling","E07000115","Total","Aged 60 - 64 years","Value",8480
"2024","Tonbridge and Malling","E07000115","Total","Aged 65 - 69 years","Value",6915
"2024","Tonbridge and Malling","E07000115","Total","Aged 70 - 74 years","Value",5927
"2024","Tonbridge and Malling","E07000115","Total","Aged 75 - 79 years","Value",6075
"2024","Tonbridge and Malling","E07000115","Total","Aged 80 - 84 years","Value",3970
"2024","Tonbridge and Malling","E07000115","Total","Aged 85 and over","Value",3785
"2024","Tunbridge Wells","E07000116","Total","All ages","Value",119435
"2024","Tunbridge Wells","E07000116","Total","Aged under 1 year","Value",1111
"2024","Tunbridge Wells","E07000116","Total","Aged 1 - 4 years","Value",5068
"2024","Tunbridge Wells","E07000116","Total","Aged 5 - 9 years","Value",7377
"2024","Tunbridge Wells","E07000116","Total","Aged 10 - 14 years","Value",8367
"2024","Tunbridge Wells","E07000116","Total","Aged 15 - 19 years","Value",7218
"2024","Tunbridge Wells","E07000116","Total","Aged 20 - 24 years","Value",4110
"2024","Tunbridge Wells","E07000116","Total","Aged 25 - 29 years","Value",5887
"2024","Tunbridge Wells","E07000116","Total","Aged 30 - 34 years","Value",6843
"2024","Tunbridge Wells","E07000116","Total","Aged 35 - 39 years","Value",7887
"2024","Tunbridge Wells","E07000116","Total","Aged 40 - 44 years","Value",8416
"2024","Tunbridge Wells","E07000116","Total","Aged 45 - 49 years","Value",8283
"2024","Tunbridge Wells","E07000116","Total","Aged 50 - 54 years","Value",8755
"2024","Tunbridge Wells","E07000116","Total","Aged 55 - 59 years","Value",8801
"2024","Tunbridge Wells","E07000116","Total","Aged 60 - 64 years","Value",7197
"2024","Tunbridge Wells","E07000116","Total","Aged 65 - 69 years","Value",6024
"2024","Tunbridge Wells","E07000116","Total","Aged 70 - 74 years","Value",5256
"2024","Tunbridge Wells","E07000116","Total","Aged 75 - 79 years","Value",5365
"2024","Tunbridge Wells","E07000116","Total","Aged 80 - 84 years","Value",3592
"2024","Tunbridge Wells","E07000116","Total","Aged 85 and over","Value",3878
"2024","Cherwell","E07000177","Total","All ages","Value",170734
"2024","Cherwell","E07000177","Total","Aged under 1 year","Value",1797
"2024","Cherwell","E07000177","Total","Aged 1 - 4 years","Value",7976
"2024","Cherwell","E07000177","Total","Aged 5 - 9 years","Value",10200
"2024","Cherwell","E07000177","Total","Aged 10 - 14 years","Value",10109
"2024","Cherwell","E07000177","Total","Aged 15 - 19 years","Value",9325
"2024","Cherwell","E07000177","Total","Aged 20 - 24 years","Value",7439
"2024","Cherwell","E07000177","Total","Aged 25 - 29 years","Value",10689
"2024","Cherwell","E07000177","Total","Aged 30 - 34 years","Value",12987
"2024","Cherwell","E07000177","Total","Aged 35 - 39 years","Value",13441
"2024","Cherwell","E07000177","Total","Aged 40 - 44 years","Value",12418
"2024","Cherwell","E07000177","Total","Aged 45 - 49 years","Value",10841
"2024","Cherwell","E07000177","Total","Aged 50 - 54 years","Value",11152
"2024","Cherwell","E07000177","Total","Aged 55 - 59 years","Value",11680
"2024","Cherwell","E07000177","Total","Aged 60 - 64 years","Value",10350
"2024","Cherwell","E07000177","Total","Aged 65 - 69 years","Value",8121
"2024","Cherwell","E07000177","Total","Aged 70 - 74 years","Value",7060
"2024","Cherwell","E07000177","Total","Aged 75 - 79 years","Value",6646
"2024","Cherwell","E07000177","Total","Aged 80 - 84 years","Value",4270
"2024","Cherwell","E07000177","Total","Aged 85 and over","Value",4233
"2024","Oxford","E07000178","Total","All ages","Value",167827
"2024","Oxford","E07000178","Total","Aged under 1 year","Value",1469
"2024","Oxford","E07000178","Total","Aged 1 - 4 years","Value",5721
"2024","Oxford","E07000178","Total","Aged 5 - 9 years","Value",7515
"2024","Oxford","E07000178","Total","Aged 10 - 14 years","Value",8614
"2024","Oxford","E07000178","Total","Aged 15 - 19 years","Value",14674
"2024","Oxford","E07000178","Total","Aged 20 - 24 years","Value",25332
"2024","Oxford","E07000178","Total","Aged 25 - 29 years","Value",15703
"2024","Oxford","E07000178","Total","Aged 30 - 34 years","Value",13273
"2024","Oxford","E07000178","Total","Aged 35 - 39 years","Value",11780
"2024","Oxford","E07000178","Total","Aged 40 - 44 years","Value",10463
"2024","Oxford","E07000178","Total","Aged 45 - 49 years","Value",8870
"2024","Oxford","E07000178","Total","Aged 50 - 54 years","Value",8705
"2024","Oxford","E07000178","Total","Aged 55 - 59 years","Value",8330
"2024","Oxford","E07000178","Total","Aged 60 - 64 years","Value",7289
"2024","Oxford","E07000178","Total","Aged 65 - 69 years","Value",5574
"2024","Oxford","E07000178","Total","Aged 70 - 74 years","Value",4747
"2024","Oxford","E07000178","Total","Aged 75 - 79 years","Value",4059
"2024","Oxford","E07000178","Total","Aged 80 - 84 years","Value",2772
"2024","Oxford","E07000178","Total","Aged 85 and over","Value",2937
"2024","South Oxfordshire","E07000179","Total","All ages","Value",156315
"2024","South Oxfordshire","E07000179","Total","Aged under 1 year","Value",1463
"2024","South Oxfordshire","E07000179","Total","Aged 1 - 4 years","Value",6581
"2024","South Oxfordshire","E07000179","Total","Aged 5 - 9 years","Value",9039
"2024","South Oxfordshire","E07000179","Total","Aged 10 - 14 years","Value",9423
"2024","South Oxfordshire","E07000179","Total","Aged 15 - 19 years","Value",8375
"2024","South Oxfordshire","E07000179","Total","Aged 20 - 24 years","Value",6062
"2024","South Oxfordshire","E07000179","Total","Aged 25 - 29 years","Value",8347
"2024","South Oxfordshire","E07000179","Total","Aged 30 - 34 years","Value",9945
"2024","South Oxfordshire","E07000179","Total","Aged 35 - 39 years","Value",10440
"2024","South Oxfordshire","E07000179","Total","Aged 40 - 44 years","Value",10595
"2024","South Oxfordshire","E07000179","Total","Aged 45 - 49 years","Value",10014
"2024","South Oxfordshire","E07000179","Total","Aged 50 - 54 years","Value",11094
"2024","South Oxfordshire","E07000179","Total","Aged 55 - 59 years","Value",11619
"2024","South Oxfordshire","E07000179","Total","Aged 60 - 64 years","Value",10128
"2024","South Oxfordshire","E07000179","Total","Aged 65 - 69 years","Value",8210
"2024","South Oxfordshire","E07000179","Total","Aged 70 - 74 years","Value",7446
"2024","South Oxfordshire","E07000179","Total","Aged 75 - 79 years","Value",7423
"2024","South Oxfordshire","E07000179","Total","Aged 80 - 84 years","Value",5075
"2024","South Oxfordshire","E07000179","Total","Aged 85 and over","Value",5036
"2024","Vale of White Horse","E07000180","Total","All ages","Value",149421
"2024","Vale of White Horse","E07000180","Total","Aged under 1 year","Value",1461
"2024","Vale of White Horse","E07000180","Total","Aged 1 - 4 years","Value",6900
"2024","Vale of White Horse","E07000180","Total","Aged 5 - 9 years","Value",9033
"2024","Vale of White Horse","E07000180","Total","Aged 10 - 14 years","Value",9524
"2024","Vale of White Horse","E07000180","Total","Aged 15 - 19 years","Value",8462
"2024","Vale of White Horse","E07000180","Total","Aged 20 - 24 years","Value",6203
"2024","Vale of White Horse","E07000180","Total","Aged 25 - 29 years","Value",8479
"2024","Vale of White Horse","E07000180","Total","Aged 30 - 34 years","Value",10315
"2024","Vale of White Horse","E07000180","Total","Aged 35 - 39 years","Value",10817
"2024","Vale of White Horse","E07000180","Total","Aged 40 - 44 years","Value",10375
"2024","Vale of White Horse","E07000180","Total","Aged 45 - 49 years","Value",9386
"2024","Vale of White Horse","E07000180","Total","Aged 50 - 54 years","Value",9531
"2024","Vale of White Horse","E07000180","Total","Aged 55 - 59 years","Value",9878
"2024","Vale of White Horse","E07000180","Total","Aged 60 - 64 years","Value",9106
"2024","Vale of White Horse","E07000180","Total","Aged 65 - 69 years","Value",7660
"2024","Vale of White Horse","E07000180","Total","Aged 70 - 74 years","Value",6792
"2024","Vale of White Horse","E07000180","Total","Aged 75 - 79 years","Value",6748
"2024","Vale of White Horse","E07000180","Total","Aged 80 - 84 years","Value",4388
"2024","Vale of White Horse","E07000180","Total","Aged 85 and over","Value",4363
"2024","West Oxfordshire","E07000181","Total","All ages","Value",120826
"2024","West Oxfordshire","E07000181","Total","Aged under 1 year","Value",1111
"2024","West Oxfordshire","E07000181","Total","Aged 1 - 4 years","Value",4998
"2024","West Oxfordshire","E07000181","Total","Aged 5 - 9 years","Value",6488
"2024","West Oxfordshire","E07000181","Total","Aged 10 - 14 years","Value",7315
"2024","West Oxfordshire","E07000181","Total","Aged 15 - 19 years","Value",6332
"2024","West Oxfordshire","E07000181","Total","Aged 20 - 24 years","Value",5197
"2024","West Oxfordshire","E07000181","Total","Aged 25 - 29 years","Value",7041
"2024","West Oxfordshire","E07000181","Total","Aged 30 - 34 years","Value",7805
"2024","West Oxfordshire","E07000181","Total","Aged 35 - 39 years","Value",7887
"2024","West Oxfordshire","E07000181","Total","Aged 40 - 44 years","Value",7681
"2024","West Oxfordshire","E07000181","Total","Aged 45 - 49 years","Value",7110
"2024","West Oxfordshire","E07000181","Total","Aged 50 - 54 years","Value",8118
"2024","West Oxfordshire","E07000181","Total","Aged 55 - 59 years","Value",8401
"2024","West Oxfordshire","E07000181","Total","Aged 60 - 64 years","Value",8241
"2024","West Oxfordshire","E07000181","Total","Aged 65 - 69 years","Value",6811
"2024","West Oxfordshire","E07000181","Total","Aged 70 - 74 years","Value",6091
"2024","West Oxfordshire","E07000181","Total","Aged 75 - 79 years","Value",6103
"2024","West Oxfordshire","E07000181","Total","Aged 80 - 84 years","Value",3973
"2024","West Oxfordshire","E07000181","Total","Aged 85 and over","Value",4123
"2024","Elmbridge","E07000207","Total","All ages","Value",141985
"2024","Elmbridge","E07000207","Total","Aged under 1 year","Value",1325
"2024","Elmbridge","E07000207","Total","Aged 1 - 4 years","Value",6603
"2024","Elmbridge","E07000207","Total","Aged 5 - 9 years","Value",9327
"2024","Elmbridge","E07000207","Total","Aged 10 - 14 years","Value",10381
"2024","Elmbridge","E07000207","Total","Aged 15 - 19 years","Value",8297
"2024","Elmbridge","E07000207","Total","Aged 20 - 24 years","Value",4872
"2024","Elmbridge","E07000207","Total","Aged 25 - 29 years","Value",6136
"2024","Elmbridge","E07000207","Total","Aged 30 - 34 years","Value",7227
"2024","Elmbridge","E07000207","Total","Aged 35 - 39 years","Value",9133
"2024","Elmbridge","E07000207","Total","Aged 40 - 44 years","Value",11038
"2024","Elmbridge","E07000207","Total","Aged 45 - 49 years","Value",11674
"2024","Elmbridge","E07000207","Total","Aged 50 - 54 years","Value",11180
"2024","Elmbridge","E07000207","Total","Aged 55 - 59 years","Value",9902
"2024","Elmbridge","E07000207","Total","Aged 60 - 64 years","Value",8527
"2024","Elmbridge","E07000207","Total","Aged 65 - 69 years","Value",6580
"2024","Elmbridge","E07000207","Total","Aged 70 - 74 years","Value",5865
"2024","Elmbridge","E07000207","Total","Aged 75 - 79 years","Value",5662
"2024","Elmbridge","E07000207","Total","Aged 80 - 84 years","Value",3813
"2024","Elmbridge","E07000207","Total","Aged 85 and over","Value",4443
"2024","Epsom and Ewell","E07000208","Total","All ages","Value",83179
"2024","Epsom and Ewell","E07000208","Total","Aged under 1 year","Value",739
"2024","Epsom and Ewell","E07000208","Total","Aged 1 - 4 years","Value",3602
"2024","Epsom and Ewell","E07000208","Total","Aged 5 - 9 years","Value",5332
"2024","Epsom and Ewell","E07000208","Total","Aged 10 - 14 years","Value",5851
"2024","Epsom and Ewell","E07000208","Total","Aged 15 - 19 years","Value",5125
"2024","Epsom and Ewell","E07000208","Total","Aged 20 - 24 years","Value",4000
"2024","Epsom and Ewell","E07000208","Total","Aged 25 - 29 years","Value",4231
"2024","Epsom and Ewell","E07000208","Total","Aged 30 - 34 years","Value",4511
"2024","Epsom and Ewell","E07000208","Total","Aged 35 - 39 years","Value",5464
"2024","Epsom and Ewell","E07000208","Total","Aged 40 - 44 years","Value",6464
"2024","Epsom and Ewell","E07000208","Total","Aged 45 - 49 years","Value",6402
"2024","Epsom and Ewell","E07000208","Total","Aged 50 - 54 years","Value",5864
"2024","Epsom and Ewell","E07000208","Total","Aged 55 - 59 years","Value",5550
"2024","Epsom and Ewell","E07000208","Total","Aged 60 - 64 years","Value",4919
"2024","Epsom and Ewell","E07000208","Total","Aged 65 - 69 years","Value",3793
"2024","Epsom and Ewell","E07000208","Total","Aged 70 - 74 years","Value",3416
"2024","Epsom and Ewell","E07000208","Total","Aged 75 - 79 years","Value",3487
"2024","Epsom and Ewell","E07000208","Total","Aged 80 - 84 years","Value",2288
"2024","Epsom and Ewell","E07000208","Total","Aged 85 and over","Value",2141
"2024","Guildford","E07000209","Total","All ages","Value",151682
"2024","Guildford","E07000209","Total","Aged under 1 year","Value",1323
"2024","Guildford","E07000209","Total","Aged 1 - 4 years","Value",5705
"2024","Guildford","E07000209","Total","Aged 5 - 9 years","Value",7957
"2024","Guildford","E07000209","Total","Aged 10 - 14 years","Value",8756
"2024","Guildford","E07000209","Total","Aged 15 - 19 years","Value",10749
"2024","Guildford","E07000209","Total","Aged 20 - 24 years","Value",13990
"2024","Guildford","E07000209","Total","Aged 25 - 29 years","Value",10086
"2024","Guildford","E07000209","Total","Aged 30 - 34 years","Value",9628
"2024","Guildford","E07000209","Total","Aged 35 - 39 years","Value",9868
"2024","Guildford","E07000209","Total","Aged 40 - 44 years","Value",9769
"2024","Guildford","E07000209","Total","Aged 45 - 49 years","Value",9581
"2024","Guildford","E07000209","Total","Aged 50 - 54 years","Value",9790
"2024","Guildford","E07000209","Total","Aged 55 - 59 years","Value",9693
"2024","Guildford","E07000209","Total","Aged 60 - 64 years","Value",8682
"2024","Guildford","E07000209","Total","Aged 65 - 69 years","Value",6815
"2024","Guildford","E07000209","Total","Aged 70 - 74 years","Value",5930
"2024","Guildford","E07000209","Total","Aged 75 - 79 years","Value",5810
"2024","Guildford","E07000209","Total","Aged 80 - 84 years","Value",3693
"2024","Guildford","E07000209","Total","Aged 85 and over","Value",3857
"2024","Mole Valley","E07000210","Total","All ages","Value",88541
"2024","Mole Valley","E07000210","Total","Aged under 1 year","Value",635
"2024","Mole Valley","E07000210","Total","Aged 1 - 4 years","Value",3257
"2024","Mole Valley","E07000210","Total","Aged 5 - 9 years","Value",4655
"2024","Mole Valley","E07000210","Total","Aged 10 - 14 years","Value",5439
"2024","Mole Valley","E07000210","Total","Aged 15 - 19 years","Value",4999
"2024","Mole Valley","E07000210","Total","Aged 20 - 24 years","Value",3297
"2024","Mole Valley","E07000210","Total","Aged 25 - 29 years","Value",3945
"2024","Mole Valley","E07000210","Total","Aged 30 - 34 years","Value",4282
"2024","Mole Valley","E07000210","Total","Aged 35 - 39 years","Value",4850
"2024","Mole Valley","E07000210","Total","Aged 40 - 44 years","Value",5506
"2024","Mole Valley","E07000210","Total","Aged 45 - 49 years","Value",5907
"2024","Mole Valley","E07000210","Total","Aged 50 - 54 years","Value",6530
"2024","Mole Valley","E07000210","Total","Aged 55 - 59 years","Value",6895
"2024","Mole Valley","E07000210","Total","Aged 60 - 64 years","Value",6492
"2024","Mole Valley","E07000210","Total","Aged 65 - 69 years","Value",5375
"2024","Mole Valley","E07000210","Total","Aged 70 - 74 years","Value",4780
"2024","Mole Valley","E07000210","Total","Aged 75 - 79 years","Value",4880
"2024","Mole Valley","E07000210","Total","Aged 80 - 84 years","Value",3276
"2024","Mole Valley","E07000210","Total","Aged 85 and over","Value",3541
"2024","Reigate and Banstead","E07000211","Total","All ages","Value",158579
"2024","Reigate and Banstead","E07000211","Total","Aged under 1 year","Value",1647
"2024","Reigate and Banstead","E07000211","Total","Aged 1 - 4 years","Value",7340
"2024","Reigate and Banstead","E07000211","Total","Aged 5 - 9 years","Value",10030
"2024","Reigate and Banstead","E07000211","Total","Aged 10 - 14 years","Value",10442
"2024","Reigate and Banstead","E07000211","Total","Aged 15 - 19 years","Value",8815
"2024","Reigate and Banstead","E07000211","Total","Aged 20 - 24 years","Value",6385
"2024","Reigate and Banstead","E07000211","Total","Aged 25 - 29 years","Value",8711
"2024","Reigate and Banstead","E07000211","Total","Aged 30 - 34 years","Value",10751
"2024","Reigate and Banstead","E07000211","Total","Aged 35 - 39 years","Value",12061
"2024","Reigate and Banstead","E07000211","Total","Aged 40 - 44 years","Value",11822
"2024","Reigate and Banstead","E07000211","Total","Aged 45 - 49 years","Value",11215
"2024","Reigate and Banstead","E07000211","Total","Aged 50 - 54 years","Value",10757
"2024","Reigate and Banstead","E07000211","Total","Aged 55 - 59 years","Value",10426
"2024","Reigate and Banstead","E07000211","Total","Aged 60 - 64 years","Value",9234
"2024","Reigate and Banstead","E07000211","Total","Aged 65 - 69 years","Value",7481
"2024","Reigate and Banstead","E07000211","Total","Aged 70 - 74 years","Value",6407
"2024","Reigate and Banstead","E07000211","Total","Aged 75 - 79 years","Value",6423
"2024","Reigate and Banstead","E07000211","Total","Aged 80 - 84 years","Value",3993
"2024","Reigate and Banstead","E07000211","Total","Aged 85 and over","Value",4639
"2024","Runnymede","E07000212","Total","All ages","Value",92321
"2024","Runnymede","E07000212","Total","Aged under 1 year","Value",941
"2024","Runnymede","E07000212","Total","Aged 1 - 4 years","Value",3891
"2024","Runnymede","E07000212","Total","Aged 5 - 9 years","Value",5125
"2024","Runnymede","E07000212","Total","Aged 10 - 14 years","Value",4938
"2024","Runnymede","E07000212","Total","Aged 15 - 19 years","Value",7087
"2024","Runnymede","E07000212","Total","Aged 20 - 24 years","Value",8420
"2024","Runnymede","E07000212","Total","Aged 25 - 29 years","Value",4762
"2024","Runnymede","E07000212","Total","Aged 30 - 34 years","Value",5714
"2024","Runnymede","E07000212","Total","Aged 35 - 39 years","Value",6381
"2024","Runnymede","E07000212","Total","Aged 40 - 44 years","Value",6185
"2024","Runnymede","E07000212","Total","Aged 45 - 49 years","Value",5777
"2024","Runnymede","E07000212","Total","Aged 50 - 54 years","Value",6007
"2024","Runnymede","E07000212","Total","Aged 55 - 59 years","Value",5841
"2024","Runnymede","E07000212","Total","Aged 60 - 64 years","Value",5409
"2024","Runnymede","E07000212","Total","Aged 65 - 69 years","Value",4117
"2024","Runnymede","E07000212","Total","Aged 70 - 74 years","Value",3465
"2024","Runnymede","E07000212","Total","Aged 75 - 79 years","Value",3502
"2024","Runnymede","E07000212","Total","Aged 80 - 84 years","Value",2322
"2024","Runnymede","E07000212","Total","Aged 85 and over","Value",2437
"2024","Spelthorne","E07000213","Total","All ages","Value",106453
"2024","Spelthorne","E07000213","Total","Aged under 1 year","Value",1195
"2024","Spelthorne","E07000213","Total","Aged 1 - 4 years","Value",4983
"2024","Spelthorne","E07000213","Total","Aged 5 - 9 years","Value",6412
"2024","Spelthorne","E07000213","Total","Aged 10 - 14 years","Value",6493
"2024","Spelthorne","E07000213","Total","Aged 15 - 19 years","Value",5628
"2024","Spelthorne","E07000213","Total","Aged 20 - 24 years","Value",4957
"2024","Spelthorne","E07000213","Total","Aged 25 - 29 years","Value",6137
"2024","Spelthorne","E07000213","Total","Aged 30 - 34 years","Value",7196
"2024","Spelthorne","E07000213","Total","Aged 35 - 39 years","Value",8228
"2024","Spelthorne","E07000213","Total","Aged 40 - 44 years","Value",8151
"2024","Spelthorne","E07000213","Total","Aged 45 - 49 years","Value",7307
"2024","Spelthorne","E07000213","Total","Aged 50 - 54 years","Value",6991
"2024","Spelthorne","E07000213","Total","Aged 55 - 59 years","Value",7137
"2024","Spelthorne","E07000213","Total","Aged 60 - 64 years","Value",6438
"2024","Spelthorne","E07000213","Total","Aged 65 - 69 years","Value",4990
"2024","Spelthorne","E07000213","Total","Aged 70 - 74 years","Value",4142
"2024","Spelthorne","E07000213","Total","Aged 75 - 79 years","Value",4164
"2024","Spelthorne","E07000213","Total","Aged 80 - 84 years","Value",2859
"2024","Spelthorne","E07000213","Total","Aged 85 and over","Value",3045
"2024","Surrey Heath","E07000214","Total","All ages","Value",94276
"2024","Surrey Heath","E07000214","Total","Aged under 1 year","Value",833
"2024","Surrey Heath","E07000214","Total","Aged 1 - 4 years","Value",3836
"2024","Surrey Heath","E07000214","Total","Aged 5 - 9 years","Value",5319
"2024","Surrey Heath","E07000214","Total","Aged 10 - 14 years","Value",5958
"2024","Surrey Heath","E07000214","Total","Aged 15 - 19 years","Value",5296
"2024","Surrey Heath","E07000214","Total","Aged 20 - 24 years","Value",3951
"2024","Surrey Heath","E07000214","Total","Aged 25 - 29 years","Value",5219
"2024","Surrey Heath","E07000214","Total","Aged 30 - 34 years","Value",5644
"2024","Surrey Heath","E07000214","Total","Aged 35 - 39 years","Value",6161
"2024","Surrey Heath","E07000214","Total","Aged 40 - 44 years","Value",6661
"2024","Surrey Heath","E07000214","Total","Aged 45 - 49 years","Value",6491
"2024","Surrey Heath","E07000214","Total","Aged 50 - 54 years","Value",6785
"2024","Surrey Heath","E07000214","Total","Aged 55 - 59 years","Value",6744
"2024","Surrey Heath","E07000214","Total","Aged 60 - 64 years","Value",6084
"2024","Surrey Heath","E07000214","Total","Aged 65 - 69 years","Value",4828
"2024","Surrey Heath","E07000214","Total","Aged 70 - 74 years","Value",4053
"2024","Surrey Heath","E07000214","Total","Aged 75 - 79 years","Value",4234
"2024","Surrey Heath","E07000214","Total","Aged 80 - 84 years","Value",2928
"2024","Surrey Heath","E07000214","Total","Aged 85 and over","Value",3251
"2024","Tandridge","E07000215","Total","All ages","Value",90058
"2024","Tandridge","E07000215","Total","Aged under 1 year","Value",823
"2024","Tandridge","E07000215","Total","Aged 1 - 4 years","Value",4076
"2024","Tandridge","E07000215","Total","Aged 5 - 9 years","Value",5440
"2024","Tandridge","E07000215","Total","Aged 10 - 14 years","Value",5565
"2024","Tandridge","E07000215","Total","Aged 15 - 19 years","Value",5460
"2024","Tandridge","E07000215","Total","Aged 20 - 24 years","Value",3570
"2024","Tandridge","E07000215","Total","Aged 25 - 29 years","Value",4254
"2024","Tandridge","E07000215","Total","Aged 30 - 34 years","Value",4820
"2024","Tandridge","E07000215","Total","Aged 35 - 39 years","Value",5939
"2024","Tandridge","E07000215","Total","Aged 40 - 44 years","Value",6071
"2024","Tandridge","E07000215","Total","Aged 45 - 49 years","Value",5715
"2024","Tandridge","E07000215","Total","Aged 50 - 54 years","Value",6303
"2024","Tandridge","E07000215","Total","Aged 55 - 59 years","Value",6493
"2024","Tandridge","E07000215","Total","Aged 60 - 64 years","Value",6132
"2024","Tandridge","E07000215","Total","Aged 65 - 69 years","Value",4848
"2024","Tandridge","E07000215","Total","Aged 70 - 74 years","Value",4262
"2024","Tandridge","E07000215","Total","Aged 75 - 79 years","Value",4421
"2024","Tandridge","E07000215","Total","Aged 80 - 84 years","Value",2883
"2024","Tandridge","E07000215","Total","Aged 85 and over","Value",2983
"2024","Waverley","E07000216","Total","All ages","Value",134737
"2024","Waverley","E07000216","Total","Aged under 1 year","Value",1048
"2024","Waverley","E07000216","Total","Aged 1 - 4 years","Value",5432
"2024","Waverley","E07000216","Total","Aged 5 - 9 years","Value",7866
"2024","Waverley","E07000216","Total","Aged 10 - 14 years","Value",9040
"2024","Waverley","E07000216","Total","Aged 15 - 19 years","Value",9220
"2024","Waverley","E07000216","Total","Aged 20 - 24 years","Value",5312
"2024","Waverley","E07000216","Total","Aged 25 - 29 years","Value",5797
"2024","Waverley","E07000216","Total","Aged 30 - 34 years","Value",6760
"2024","Waverley","E07000216","Total","Aged 35 - 39 years","Value",8139
"2024","Waverley","E07000216","Total","Aged 40 - 44 years","Value",9103
"2024","Waverley","E07000216","Total","Aged 45 - 49 years","Value",9184
"2024","Waverley","E07000216","Total","Aged 50 - 54 years","Value",10077
"2024","Waverley","E07000216","Total","Aged 55 - 59 years","Value",9415
"2024","Waverley","E07000216","Total","Aged 60 - 64 years","Value",8431
"2024","Waverley","E07000216","Total","Aged 65 - 69 years","Value",7099
"2024","Waverley","E07000216","Total","Aged 70 - 74 years","Value",6388
"2024","Waverley","E07000216","Total","Aged 75 - 79 years","Value",6684
"2024","Waverley","E07000216","Total","Aged 80 - 84 years","Value",4656
"2024","Waverley","E07000216","Total","Aged 85 and over","Value",5086
"2024","Woking","E07000217","Total","All ages","Value",105981
"2024","Woking","E07000217","Total","Aged under 1 year","Value",1073
"2024","Woking","E07000217","Total","Aged 1 - 4 years","Value",4838
"2024","Woking","E07000217","Total","Aged 5 - 9 years","Value",6631
"2024","Woking","E07000217","Total","Aged 10 - 14 years","Value",6749
"2024","Woking","E07000217","Total","Aged 15 - 19 years","Value",5889
"2024","Woking","E07000217","Total","Aged 20 - 24 years","Value",4615
"2024","Woking","E07000217","Total","Aged 25 - 29 years","Value",6889
"2024","Woking","E07000217","Total","Aged 30 - 34 years","Value",7198
"2024","Woking","E07000217","Total","Aged 35 - 39 years","Value",8051
"2024","Woking","E07000217","Total","Aged 40 - 44 years","Value",8232
"2024","Woking","E07000217","Total","Aged 45 - 49 years","Value",7846
"2024","Woking","E07000217","Total","Aged 50 - 54 years","Value",7295
"2024","Woking","E07000217","Total","Aged 55 - 59 years","Value",6702
"2024","Woking","E07000217","Total","Aged 60 - 64 years","Value",5833
"2024","Woking","E07000217","Total","Aged 65 - 69 years","Value",4725
"2024","Woking","E07000217","Total","Aged 70 - 74 years","Value",4108
"2024","Woking","E07000217","Total","Aged 75 - 79 years","Value",3906
"2024","Woking","E07000217","Total","Aged 80 - 84 years","Value",2518
"2024","Woking","E07000217","Total","Aged 85 and over","Value",2883
"2024","Adur","E07000223","Total","All ages","Value",64736
"2024","Adur","E07000223","Total","Aged under 1 year","Value",487
"2024","Adur","E07000223","Total","Aged 1 - 4 years","Value",2362
"2024","Adur","E07000223","Total","Aged 5 - 9 years","Value",3677
"2024","Adur","E07000223","Total","Aged 10 - 14 years","Value",4148
"2024","Adur","E07000223","Total","Aged 15 - 19 years","Value",3592
"2024","Adur","E07000223","Total","Aged 20 - 24 years","Value",2413
"2024","Adur","E07000223","Total","Aged 25 - 29 years","Value",2795
"2024","Adur","E07000223","Total","Aged 30 - 34 years","Value",3535
"2024","Adur","E07000223","Total","Aged 35 - 39 years","Value",4080
"2024","Adur","E07000223","Total","Aged 40 - 44 years","Value",4237
"2024","Adur","E07000223","Total","Aged 45 - 49 years","Value",4212
"2024","Adur","E07000223","Total","Aged 50 - 54 years","Value",4680
"2024","Adur","E07000223","Total","Aged 55 - 59 years","Value",4560
"2024","Adur","E07000223","Total","Aged 60 - 64 years","Value",4302
"2024","Adur","E07000223","Total","Aged 65 - 69 years","Value",3683
"2024","Adur","E07000223","Total","Aged 70 - 74 years","Value",3484
"2024","Adur","E07000223","Total","Aged 75 - 79 years","Value",3724
"2024","Adur","E07000223","Total","Aged 80 - 84 years","Value",2427
"2024","Adur","E07000223","Total","Aged 85 and over","Value",2338
"2024","Arun","E07000224","Total","All ages","Value",170692
"2024","Arun","E07000224","Total","Aged under 1 year","Value",1206
"2024","Arun","E07000224","Total","Aged 1 - 4 years","Value",5769
"2024","Arun","E07000224","Total","Aged 5 - 9 years","Value",8223
"2024","Arun","E07000224","Total","Aged 10 - 14 years","Value",8692
"2024","Arun","E07000224","Total","Aged 15 - 19 years","Value",8083
"2024","Arun","E07000224","Total","Aged 20 - 24 years","Value",7133
"2024","Arun","E07000224","Total","Aged 25 - 29 years","Value",8173
"2024","Arun","E07000224","Total","Aged 30 - 34 years","Value",9741
"2024","Arun","E07000224","Total","Aged 35 - 39 years","Value",9978
"2024","Arun","E07000224","Total","Aged 40 - 44 years","Value",9578
"2024","Arun","E07000224","Total","Aged 45 - 49 years","Value",8845
"2024","Arun","E07000224","Total","Aged 50 - 54 years","Value",10737
"2024","Arun","E07000224","Total","Aged 55 - 59 years","Value",12456
"2024","Arun","E07000224","Total","Aged 60 - 64 years","Value",12472
"2024","Arun","E07000224","Total","Aged 65 - 69 years","Value",11533
"2024","Arun","E07000224","Total","Aged 70 - 74 years","Value",11069
"2024","Arun","E07000224","Total","Aged 75 - 79 years","Value",11887
"2024","Arun","E07000224","Total","Aged 80 - 84 years","Value",7561
"2024","Arun","E07000224","Total","Aged 85 and over","Value",7556
"2024","Chichester","E07000225","Total","All ages","Value",129206
"2024","Chichester","E07000225","Total","Aged under 1 year","Value",931
"2024","Chichester","E07000225","Total","Aged 1 - 4 years","Value",4519
"2024","Chichester","E07000225","Total","Aged 5 - 9 years","Value",6250
"2024","Chichester","E07000225","Total","Aged 10 - 14 years","Value",6799
"2024","Chichester","E07000225","Total","Aged 15 - 19 years","Value",7047
"2024","Chichester","E07000225","Total","Aged 20 - 24 years","Value",6711
"2024","Chichester","E07000225","Total","Aged 25 - 29 years","Value",5924
"2024","Chichester","E07000225","Total","Aged 30 - 34 years","Value",6897
"2024","Chichester","E07000225","Total","Aged 35 - 39 years","Value",7125
"2024","Chichester","E07000225","Total","Aged 40 - 44 years","Value",7133
"2024","Chichester","E07000225","Total","Aged 45 - 49 years","Value",6906
"2024","Chichester","E07000225","Total","Aged 50 - 54 years","Value",8026
"2024","Chichester","E07000225","Total","Aged 55 - 59 years","Value",9270
"2024","Chichester","E07000225","Total","Aged 60 - 64 years","Value",9730
"2024","Chichester","E07000225","Total","Aged 65 - 69 years","Value",8876
"2024","Chichester","E07000225","Total","Aged 70 - 74 years","Value",7946
"2024","Chichester","E07000225","Total","Aged 75 - 79 years","Value",8188
"2024","Chichester","E07000225","Total","Aged 80 - 84 years","Value",5496
"2024","Chichester","E07000225","Total","Aged 85 and over","Value",5432
"2024","Crawley","E07000226","Total","All ages","Value",123758
"2024","Crawley","E07000226","Total","Aged under 1 year","Value",1428
"2024","Crawley","E07000226","Total","Aged 1 - 4 years","Value",6261
"2024","Crawley","E07000226","Total","Aged 5 - 9 years","Value",8076
"2024","Crawley","E07000226","Total","Aged 10 - 14 years","Value",8454
"2024","Crawley","E07000226","Total","Aged 15 - 19 years","Value",7261
"2024","Crawley","E07000226","Total","Aged 20 - 24 years","Value",6308
"2024","Crawley","E07000226","Total","Aged 25 - 29 years","Value",8390
"2024","Crawley","E07000226","Total","Aged 30 - 34 years","Value",10339
"2024","Crawley","E07000226","Total","Aged 35 - 39 years","Value",10462
"2024","Crawley","E07000226","Total","Aged 40 - 44 years","Value",9971
"2024","Crawley","E07000226","Total","Aged 45 - 49 years","Value",8499
"2024","Crawley","E07000226","Total","Aged 50 - 54 years","Value",7740
"2024","Crawley","E07000226","Total","Aged 55 - 59 years","Value",7380
"2024","Crawley","E07000226","Total","Aged 60 - 64 years","Value",6407
"2024","Crawley","E07000226","Total","Aged 65 - 69 years","Value",5301
"2024","Crawley","E07000226","Total","Aged 70 - 74 years","Value",4011
"2024","Crawley","E07000226","Total","Aged 75 - 79 years","Value",3421
"2024","Crawley","E07000226","Total","Aged 80 - 84 years","Value",1899
"2024","Crawley","E07000226","Total","Aged 85 and over","Value",2150
"2024","Horsham","E07000227","Total","All ages","Value",151071
"2024","Horsham","E07000227","Total","Aged under 1 year","Value",1287
"2024","Horsham","E07000227","Total","Aged 1 - 4 years","Value",5956
"2024","Horsham","E07000227","Total","Aged 5 - 9 years","Value",8408
"2024","Horsham","E07000227","Total","Aged 10 - 14 years","Value",9372
"2024","Horsham","E07000227","Total","Aged 15 - 19 years","Value",8302
"2024","Horsham","E07000227","Total","Aged 20 - 24 years","Value",5184
"2024","Horsham","E07000227","Total","Aged 25 - 29 years","Value",7365
"2024","Horsham","E07000227","Total","Aged 30 - 34 years","Value",8512
"2024","Horsham","E07000227","Total","Aged 35 - 39 years","Value",9549
"2024","Horsham","E07000227","Total","Aged 40 - 44 years","Value",9656
"2024","Horsham","E07000227","Total","Aged 45 - 49 years","Value",9220
"2024","Horsham","E07000227","Total","Aged 50 - 54 years","Value",10294
"2024","Horsham","E07000227","Total","Aged 55 - 59 years","Value",11329
"2024","Horsham","E07000227","Total","Aged 60 - 64 years","Value",10700
"2024","Horsham","E07000227","Total","Aged 65 - 69 years","Value",9007
"2024","Horsham","E07000227","Total","Aged 70 - 74 years","Value",8162
"2024","Horsham","E07000227","Total","Aged 75 - 79 years","Value",8157
"2024","Horsham","E07000227","Total","Aged 80 - 84 years","Value",5303
"2024","Horsham","E07000227","Total","Aged 85 and over","Value",5308
"2024","Mid Sussex","E07000228","Total","All ages","Value",161122
"2024","Mid Sussex","E07000228","Total","Aged under 1 year","Value",1550
"2024","Mid Sussex","E07000228","Total","Aged 1 - 4 years","Value",7132
"2024","Mid Sussex","E07000228","Total","Aged 5 - 9 years","Value",9830
"2024","Mid Sussex","E07000228","Total","Aged 10 - 14 years","Value",10460
"2024","Mid Sussex","E07000228","Total","Aged 15 - 19 years","Value",8984
"2024","Mid Sussex","E07000228","Total","Aged 20 - 24 years","Value",5832
"2024","Mid Sussex","E07000228","Total","Aged 25 - 29 years","Value",8082
"2024","Mid Sussex","E07000228","Total","Aged 30 - 34 years","Value",9663
"2024","Mid Sussex","E07000228","Total","Aged 35 - 39 years","Value",11129
"2024","Mid Sussex","E07000228","Total","Aged 40 - 44 years","Value",11353
"2024","Mid Sussex","E07000228","Total","Aged 45 - 49 years","Value",10848
"2024","Mid Sussex","E07000228","Total","Aged 50 - 54 years","Value",11592
"2024","Mid Sussex","E07000228","Total","Aged 55 - 59 years","Value",11054
"2024","Mid Sussex","E07000228","Total","Aged 60 - 64 years","Value",9819
"2024","Mid Sussex","E07000228","Total","Aged 65 - 69 years","Value",8476
"2024","Mid Sussex","E07000228","Total","Aged 70 - 74 years","Value",7444
"2024","Mid Sussex","E07000228","Total","Aged 75 - 79 years","Value",7731
"2024","Mid Sussex","E07000228","Total","Aged 80 - 84 years","Value",5025
"2024","Mid Sussex","E07000228","Total","Aged 85 and over","Value",5118
"2024","Worthing","E07000229","Total","All ages","Value",113515
"2024","Worthing","E07000229","Total","Aged under 1 year","Value",911
"2024","Worthing","E07000229","Total","Aged 1 - 4 years","Value",4038
"2024","Worthing","E07000229","Total","Aged 5 - 9 years","Value",5935
"2024","Worthing","E07000229","Total","Aged 10 - 14 years","Value",6336
"2024","Worthing","E07000229","Total","Aged 15 - 19 years","Value",5865
"2024","Worthing","E07000229","Total","Aged 20 - 24 years","Value",4658
"2024","Worthing","E07000229","Total","Aged 25 - 29 years","Value",6110
"2024","Worthing","E07000229","Total","Aged 30 - 34 years","Value",7237
"2024","Worthing","E07000229","Total","Aged 35 - 39 years","Value",7696
"2024","Worthing","E07000229","Total","Aged 40 - 44 years","Value",7557
"2024","Worthing","E07000229","Total","Aged 45 - 49 years","Value",7275
"2024","Worthing","E07000229","Total","Aged 50 - 54 years","Value",7923
"2024","Worthing","E07000229","Total","Aged 55 - 59 years","Value",8273
"2024","Worthing","E07000229","Total","Aged 60 - 64 years","Value",7503
"2024","Worthing","E07000229","Total","Aged 65 - 69 years","Value",6275
"2024","Worthing","E07000229","Total","Aged 70 - 74 years","Value",5756
"2024","Worthing","E07000229","Total","Aged 75 - 79 years","Value",6077
"2024","Worthing","E07000229","Total","Aged 80 - 84 years","Value",3777
"2024","Worthing","E07000229","Total","Aged 85 and over","Value",4313
"2024","Bath and North East Somerset","E06000022","Total","All ages","Value",200539
"2024","Bath and North East Somerset","E06000022","Total","Aged under 1 year","Value",1558
"2024","Bath and North East Somerset","E06000022","Total","Aged 1 - 4 years","Value",7079
"2024","Bath and North East Somerset","E06000022","Total","Aged 5 - 9 years","Value",10009
"2024","Bath and North East Somerset","E06000022","Total","Aged 10 - 14 years","Value",10978
"2024","Bath and North East Somerset","E06000022","Total","Aged 15 - 19 years","Value",16099
"2024","Bath and North East Somerset","E06000022","Total","Aged 20 - 24 years","Value",22033
"2024","Bath and North East Somerset","E06000022","Total","Aged 25 - 29 years","Value",10495
"2024","Bath and North East Somerset","E06000022","Total","Aged 30 - 34 years","Value",11788
"2024","Bath and North East Somerset","E06000022","Total","Aged 35 - 39 years","Value",11910
"2024","Bath and North East Somerset","E06000022","Total","Aged 40 - 44 years","Value",11454
"2024","Bath and North East Somerset","E06000022","Total","Aged 45 - 49 years","Value",10881
"2024","Bath and North East Somerset","E06000022","Total","Aged 50 - 54 years","Value",12402
"2024","Bath and North East Somerset","E06000022","Total","Aged 55 - 59 years","Value",12633
"2024","Bath and North East Somerset","E06000022","Total","Aged 60 - 64 years","Value",11987
"2024","Bath and North East Somerset","E06000022","Total","Aged 65 - 69 years","Value",9881
"2024","Bath and North East Somerset","E06000022","Total","Aged 70 - 74 years","Value",8868
"2024","Bath and North East Somerset","E06000022","Total","Aged 75 - 79 years","Value",8936
"2024","Bath and North East Somerset","E06000022","Total","Aged 80 - 84 years","Value",5684
"2024","Bath and North East Somerset","E06000022","Total","Aged 85 and over","Value",5864
"2024","Bristol, City of","E06000023","Total","All ages","Value",494225
"2024","Bristol, City of","E06000023","Total","Aged under 1 year","Value",4974
"2024","Bristol, City of","E06000023","Total","Aged 1 - 4 years","Value",19520
"2024","Bristol, City of","E06000023","Total","Aged 5 - 9 years","Value",25051
"2024","Bristol, City of","E06000023","Total","Aged 10 - 14 years","Value",26212
"2024","Bristol, City of","E06000023","Total","Aged 15 - 19 years","Value",30175
"2024","Bristol, City of","E06000023","Total","Aged 20 - 24 years","Value",59329
"2024","Bristol, City of","E06000023","Total","Aged 25 - 29 years","Value",49337
"2024","Bristol, City of","E06000023","Total","Aged 30 - 34 years","Value",44709
"2024","Bristol, City of","E06000023","Total","Aged 35 - 39 years","Value",40264
"2024","Bristol, City of","E06000023","Total","Aged 40 - 44 years","Value",33372
"2024","Bristol, City of","E06000023","Total","Aged 45 - 49 years","Value",27433
"2024","Bristol, City of","E06000023","Total","Aged 50 - 54 years","Value",25154
"2024","Bristol, City of","E06000023","Total","Aged 55 - 59 years","Value",24668
"2024","Bristol, City of","E06000023","Total","Aged 60 - 64 years","Value",21568
"2024","Bristol, City of","E06000023","Total","Aged 65 - 69 years","Value",17554
"2024","Bristol, City of","E06000023","Total","Aged 70 - 74 years","Value",14847
"2024","Bristol, City of","E06000023","Total","Aged 75 - 79 years","Value",13072
"2024","Bristol, City of","E06000023","Total","Aged 80 - 84 years","Value",8457
"2024","Bristol, City of","E06000023","Total","Aged 85 and over","Value",8529
"2024","North Somerset","E06000024","Total","All ages","Value",224667
"2024","North Somerset","E06000024","Total","Aged under 1 year","Value",1907
"2024","North Somerset","E06000024","Total","Aged 1 - 4 years","Value",8607
"2024","North Somerset","E06000024","Total","Aged 5 - 9 years","Value",12375
"2024","North Somerset","E06000024","Total","Aged 10 - 14 years","Value",13452
"2024","North Somerset","E06000024","Total","Aged 15 - 19 years","Value",11918
"2024","North Somerset","E06000024","Total","Aged 20 - 24 years","Value",9378
"2024","North Somerset","E06000024","Total","Aged 25 - 29 years","Value",11199
"2024","North Somerset","E06000024","Total","Aged 30 - 34 years","Value",12952
"2024","North Somerset","E06000024","Total","Aged 35 - 39 years","Value",14190
"2024","North Somerset","E06000024","Total","Aged 40 - 44 years","Value",14804
"2024","North Somerset","E06000024","Total","Aged 45 - 49 years","Value",13774
"2024","North Somerset","E06000024","Total","Aged 50 - 54 years","Value",15164
"2024","North Somerset","E06000024","Total","Aged 55 - 59 years","Value",15835
"2024","North Somerset","E06000024","Total","Aged 60 - 64 years","Value",14939
"2024","North Somerset","E06000024","Total","Aged 65 - 69 years","Value",12880
"2024","North Somerset","E06000024","Total","Aged 70 - 74 years","Value",12219
"2024","North Somerset","E06000024","Total","Aged 75 - 79 years","Value",12957
"2024","North Somerset","E06000024","Total","Aged 80 - 84 years","Value",8260
"2024","North Somerset","E06000024","Total","Aged 85 and over","Value",7857
"2024","South Gloucestershire","E06000025","Total","All ages","Value",305766
"2024","South Gloucestershire","E06000025","Total","Aged under 1 year","Value",2900
"2024","South Gloucestershire","E06000025","Total","Aged 1 - 4 years","Value",12990
"2024","South Gloucestershire","E06000025","Total","Aged 5 - 9 years","Value",17836
"2024","South Gloucestershire","E06000025","Total","Aged 10 - 14 years","Value",17998
"2024","South Gloucestershire","E06000025","Total","Aged 15 - 19 years","Value",17457
"2024","South Gloucestershire","E06000025","Total","Aged 20 - 24 years","Value",19444
"2024","South Gloucestershire","E06000025","Total","Aged 25 - 29 years","Value",19926
"2024","South Gloucestershire","E06000025","Total","Aged 30 - 34 years","Value",22512
"2024","South Gloucestershire","E06000025","Total","Aged 35 - 39 years","Value",22365
"2024","South Gloucestershire","E06000025","Total","Aged 40 - 44 years","Value",20390
"2024","South Gloucestershire","E06000025","Total","Aged 45 - 49 years","Value",17819
"2024","South Gloucestershire","E06000025","Total","Aged 50 - 54 years","Value",18902
"2024","South Gloucestershire","E06000025","Total","Aged 55 - 59 years","Value",19857
"2024","South Gloucestershire","E06000025","Total","Aged 60 - 64 years","Value",18113
"2024","South Gloucestershire","E06000025","Total","Aged 65 - 69 years","Value",14381
"2024","South Gloucestershire","E06000025","Total","Aged 70 - 74 years","Value",12917
"2024","South Gloucestershire","E06000025","Total","Aged 75 - 79 years","Value",12798
"2024","South Gloucestershire","E06000025","Total","Aged 80 - 84 years","Value",8845
"2024","South Gloucestershire","E06000025","Total","Aged 85 and over","Value",8316
"2024","Plymouth","E06000026","Total","All ages","Value",271904
"2024","Plymouth","E06000026","Total","Aged under 1 year","Value",2332
"2024","Plymouth","E06000026","Total","Aged 1 - 4 years","Value",10232
"2024","Plymouth","E06000026","Total","Aged 5 - 9 years","Value",14345
"2024","Plymouth","E06000026","Total","Aged 10 - 14 years","Value",15608
"2024","Plymouth","E06000026","Total","Aged 15 - 19 years","Value",17205
"2024","Plymouth","E06000026","Total","Aged 20 - 24 years","Value",22332
"2024","Plymouth","E06000026","Total","Aged 25 - 29 years","Value",18091
"2024","Plymouth","E06000026","Total","Aged 30 - 34 years","Value",19061
"2024","Plymouth","E06000026","Total","Aged 35 - 39 years","Value",18715
"2024","Plymouth","E06000026","Total","Aged 40 - 44 years","Value",17456
"2024","Plymouth","E06000026","Total","Aged 45 - 49 years","Value",15034
"2024","Plymouth","E06000026","Total","Aged 50 - 54 years","Value",16359
"2024","Plymouth","E06000026","Total","Aged 55 - 59 years","Value",17356
"2024","Plymouth","E06000026","Total","Aged 60 - 64 years","Value",16309
"2024","Plymouth","E06000026","Total","Aged 65 - 69 years","Value",13841
"2024","Plymouth","E06000026","Total","Aged 70 - 74 years","Value",11926
"2024","Plymouth","E06000026","Total","Aged 75 - 79 years","Value",11708
"2024","Plymouth","E06000026","Total","Aged 80 - 84 years","Value",7156
"2024","Plymouth","E06000026","Total","Aged 85 and over","Value",6838
"2024","Torbay","E06000027","Total","All ages","Value",139862
"2024","Torbay","E06000027","Total","Aged under 1 year","Value",976
"2024","Torbay","E06000027","Total","Aged 1 - 4 years","Value",4398
"2024","Torbay","E06000027","Total","Aged 5 - 9 years","Value",6835
"2024","Torbay","E06000027","Total","Aged 10 - 14 years","Value",7813
"2024","Torbay","E06000027","Total","Aged 15 - 19 years","Value",7194
"2024","Torbay","E06000027","Total","Aged 20 - 24 years","Value",5387
"2024","Torbay","E06000027","Total","Aged 25 - 29 years","Value",6936
"2024","Torbay","E06000027","Total","Aged 30 - 34 years","Value",7824
"2024","Torbay","E06000027","Total","Aged 35 - 39 years","Value",7868
"2024","Torbay","E06000027","Total","Aged 40 - 44 years","Value",7819
"2024","Torbay","E06000027","Total","Aged 45 - 49 years","Value",7552
"2024","Torbay","E06000027","Total","Aged 50 - 54 years","Value",9352
"2024","Torbay","E06000027","Total","Aged 55 - 59 years","Value",10802
"2024","Torbay","E06000027","Total","Aged 60 - 64 years","Value",10712
"2024","Torbay","E06000027","Total","Aged 65 - 69 years","Value",9429
"2024","Torbay","E06000027","Total","Aged 70 - 74 years","Value",8707
"2024","Torbay","E06000027","Total","Aged 75 - 79 years","Value",8990
"2024","Torbay","E06000027","Total","Aged 80 - 84 years","Value",5728
"2024","Torbay","E06000027","Total","Aged 85 and over","Value",5540
"2024","Swindon","E06000030","Total","All ages","Value",243324
"2024","Swindon","E06000030","Total","Aged under 1 year","Value",2447
"2024","Swindon","E06000030","Total","Aged 1 - 4 years","Value",10847
"2024","Swindon","E06000030","Total","Aged 5 - 9 years","Value",15188
"2024","Swindon","E06000030","Total","Aged 10 - 14 years","Value",15881
"2024","Swindon","E06000030","Total","Aged 15 - 19 years","Value",13856
"2024","Swindon","E06000030","Total","Aged 20 - 24 years","Value",11331
"2024","Swindon","E06000030","Total","Aged 25 - 29 years","Value",15431
"2024","Swindon","E06000030","Total","Aged 30 - 34 years","Value",18109
"2024","Swindon","E06000030","Total","Aged 35 - 39 years","Value",18819
"2024","Swindon","E06000030","Total","Aged 40 - 44 years","Value",18043
"2024","Swindon","E06000030","Total","Aged 45 - 49 years","Value",15790
"2024","Swindon","E06000030","Total","Aged 50 - 54 years","Value",16555
"2024","Swindon","E06000030","Total","Aged 55 - 59 years","Value",16314
"2024","Swindon","E06000030","Total","Aged 60 - 64 years","Value",14793
"2024","Swindon","E06000030","Total","Aged 65 - 69 years","Value",11382
"2024","Swindon","E06000030","Total","Aged 70 - 74 years","Value",9597
"2024","Swindon","E06000030","Total","Aged 75 - 79 years","Value",8521
"2024","Swindon","E06000030","Total","Aged 80 - 84 years","Value",5268
"2024","Swindon","E06000030","Total","Aged 85 and over","Value",5152
"2024","Cornwall","E06000052","Total","All ages","Value",582205
"2024","Cornwall","E06000052","Total","Aged under 1 year","Value",4303
"2024","Cornwall","E06000052","Total","Aged 1 - 4 years","Value",20141
"2024","Cornwall","E06000052","Total","Aged 5 - 9 years","Value",29115
"2024","Cornwall","E06000052","Total","Aged 10 - 14 years","Value",32663
"2024","Cornwall","E06000052","Total","Aged 15 - 19 years","Value",31335
"2024","Cornwall","E06000052","Total","Aged 20 - 24 years","Value",27413
"2024","Cornwall","E06000052","Total","Aged 25 - 29 years","Value",26785
"2024","Cornwall","E06000052","Total","Aged 30 - 34 years","Value",31574
"2024","Cornwall","E06000052","Total","Aged 35 - 39 years","Value",33713
"2024","Cornwall","E06000052","Total","Aged 40 - 44 years","Value",33722
"2024","Cornwall","E06000052","Total","Aged 45 - 49 years","Value",31970
"2024","Cornwall","E06000052","Total","Aged 50 - 54 years","Value",39374
"2024","Cornwall","E06000052","Total","Aged 55 - 59 years","Value",44048
"2024","Cornwall","E06000052","Total","Aged 60 - 64 years","Value",43876
"2024","Cornwall","E06000052","Total","Aged 65 - 69 years","Value",39406
"2024","Cornwall","E06000052","Total","Aged 70 - 74 years","Value",36111
"2024","Cornwall","E06000052","Total","Aged 75 - 79 years","Value",35751
"2024","Cornwall","E06000052","Total","Aged 80 - 84 years","Value",21747
"2024","Cornwall","E06000052","Total","Aged 85 and over","Value",19158
"2024","Isles of Scilly","E06000053","Total","All ages","Value",2383
"2024","Isles of Scilly","E06000053","Total","Aged under 1 year","Value",16
"2024","Isles of Scilly","E06000053","Total","Aged 1 - 4 years","Value",70
"2024","Isles of Scilly","E06000053","Total","Aged 5 - 9 years","Value",112
"2024","Isles of Scilly","E06000053","Total","Aged 10 - 14 years","Value",100
"2024","Isles of Scilly","E06000053","Total","Aged 15 - 19 years","Value",85
"2024","Isles of Scilly","E06000053","Total","Aged 20 - 24 years","Value",192
"2024","Isles of Scilly","E06000053","Total","Aged 25 - 29 years","Value",171
"2024","Isles of Scilly","E06000053","Total","Aged 30 - 34 years","Value",116
"2024","Isles of Scilly","E06000053","Total","Aged 35 - 39 years","Value",150
"2024","Isles of Scilly","E06000053","Total","Aged 40 - 44 years","Value",155
"2024","Isles of Scilly","E06000053","Total","Aged 45 - 49 years","Value",133
"2024","Isles of Scilly","E06000053","Total","Aged 50 - 54 years","Value",136
"2024","Isles of Scilly","E06000053","Total","Aged 55 - 59 years","Value",185
"2024","Isles of Scilly","E06000053","Total","Aged 60 - 64 years","Value",157
"2024","Isles of Scilly","E06000053","Total","Aged 65 - 69 years","Value",112
"2024","Isles of Scilly","E06000053","Total","Aged 70 - 74 years","Value",139
"2024","Isles of Scilly","E06000053","Total","Aged 75 - 79 years","Value",151
"2024","Isles of Scilly","E06000053","Total","Aged 80 - 84 years","Value",104
"2024","Isles of Scilly","E06000053","Total","Aged 85 and over","Value",99
"2024","Wiltshire","E06000054","Total","All ages","Value",524001
"2024","Wiltshire","E06000054","Total","Aged under 1 year","Value",4388
"2024","Wiltshire","E06000054","Total","Aged 1 - 4 years","Value",19962
"2024","Wiltshire","E06000054","Total","Aged 5 - 9 years","Value",28900
"2024","Wiltshire","E06000054","Total","Aged 10 - 14 years","Value",31675
"2024","Wiltshire","E06000054","Total","Aged 15 - 19 years","Value",28867
"2024","Wiltshire","E06000054","Total","Aged 20 - 24 years","Value",22900
"2024","Wiltshire","E06000054","Total","Aged 25 - 29 years","Value",28507
"2024","Wiltshire","E06000054","Total","Aged 30 - 34 years","Value",31540
"2024","Wiltshire","E06000054","Total","Aged 35 - 39 years","Value",33268
"2024","Wiltshire","E06000054","Total","Aged 40 - 44 years","Value",32106
"2024","Wiltshire","E06000054","Total","Aged 45 - 49 years","Value",30044
"2024","Wiltshire","E06000054","Total","Aged 50 - 54 years","Value",35907
"2024","Wiltshire","E06000054","Total","Aged 55 - 59 years","Value",38443
"2024","Wiltshire","E06000054","Total","Aged 60 - 64 years","Value",36768
"2024","Wiltshire","E06000054","Total","Aged 65 - 69 years","Value",30970
"2024","Wiltshire","E06000054","Total","Aged 70 - 74 years","Value",27892
"2024","Wiltshire","E06000054","Total","Aged 75 - 79 years","Value",27444
"2024","Wiltshire","E06000054","Total","Aged 80 - 84 years","Value",17598
"2024","Wiltshire","E06000054","Total","Aged 85 and over","Value",16822
"2024","Bournemouth, Christchurch and Poole","E06000058","Total","All ages","Value",408009
"2024","Bournemouth, Christchurch and Poole","E06000058","Total","Aged under 1 year","Value",3202
"2024","Bournemouth, Christchurch and Poole","E06000058","Total","Aged 1 - 4 years","Value",14414
"2024","Bournemouth, Christchurch and Poole","E06000058","Total","Aged 5 - 9 years","Value",20571
"2024","Bournemouth, Christchurch and Poole","E06000058","Total","Aged 10 - 14 years","Value",22335
"2024","Bournemouth, Christchurch and Poole","E06000058","Total","Aged 15 - 19 years","Value",23807
"2024","Bournemouth, Christchurch and Poole","E06000058","Total","Aged 20 - 24 years","Value",28126
"2024","Bournemouth, Christchurch and Poole","E06000058","Total","Aged 25 - 29 years","Value",22966
"2024","Bournemouth, Christchurch and Poole","E06000058","Total","Aged 30 - 34 years","Value",25802
"2024","Bournemouth, Christchurch and Poole","E06000058","Total","Aged 35 - 39 years","Value",27192
"2024","Bournemouth, Christchurch and Poole","E06000058","Total","Aged 40 - 44 years","Value",27683
"2024","Bournemouth, Christchurch and Poole","E06000058","Total","Aged 45 - 49 years","Value",24810
"2024","Bournemouth, Christchurch and Poole","E06000058","Total","Aged 50 - 54 years","Value",25685
"2024","Bournemouth, Christchurch and Poole","E06000058","Total","Aged 55 - 59 years","Value",26860
"2024","Bournemouth, Christchurch and Poole","E06000058","Total","Aged 60 - 64 years","Value",25294
"2024","Bournemouth, Christchurch and Poole","E06000058","Total","Aged 65 - 69 years","Value",21802
"2024","Bournemouth, Christchurch and Poole","E06000058","Total","Aged 70 - 74 years","Value",20126
"2024","Bournemouth, Christchurch and Poole","E06000058","Total","Aged 75 - 79 years","Value",20463
"2024","Bournemouth, Christchurch and Poole","E06000058","Total","Aged 80 - 84 years","Value",12980
"2024","Bournemouth, Christchurch and Poole","E06000058","Total","Aged 85 and over","Value",13891
"2024","Dorset","E06000059","Total","All ages","Value",389341
"2024","Dorset","E06000059","Total","Aged under 1 year","Value",2609
"2024","Dorset","E06000059","Total","Aged 1 - 4 years","Value",12020
"2024","Dorset","E06000059","Total","Aged 5 - 9 years","Value",17811
"2024","Dorset","E06000059","Total","Aged 10 - 14 years","Value",20761
"2024","Dorset","E06000059","Total","Aged 15 - 19 years","Value",20523
"2024","Dorset","E06000059","Total","Aged 20 - 24 years","Value",14126
"2024","Dorset","E06000059","Total","Aged 25 - 29 years","Value",16670
"2024","Dorset","E06000059","Total","Aged 30 - 34 years","Value",18638
"2024","Dorset","E06000059","Total","Aged 35 - 39 years","Value",20675
"2024","Dorset","E06000059","Total","Aged 40 - 44 years","Value",20129
"2024","Dorset","E06000059","Total","Aged 45 - 49 years","Value",19724
"2024","Dorset","E06000059","Total","Aged 50 - 54 years","Value",24684
"2024","Dorset","E06000059","Total","Aged 55 - 59 years","Value",29678
"2024","Dorset","E06000059","Total","Aged 60 - 64 years","Value",31800
"2024","Dorset","E06000059","Total","Aged 65 - 69 years","Value",29245
"2024","Dorset","E06000059","Total","Aged 70 - 74 years","Value",27324
"2024","Dorset","E06000059","Total","Aged 75 - 79 years","Value",27928
"2024","Dorset","E06000059","Total","Aged 80 - 84 years","Value",17653
"2024","Dorset","E06000059","Total","Aged 85 and over","Value",17343
"2024","East Devon","E07000040","Total","All ages","Value",157986
"2024","East Devon","E07000040","Total","Aged under 1 year","Value",1162
"2024","East Devon","E07000040","Total","Aged 1 - 4 years","Value",5354
"2024","East Devon","E07000040","Total","Aged 5 - 9 years","Value",7760
"2024","East Devon","E07000040","Total","Aged 10 - 14 years","Value",8501
"2024","East Devon","E07000040","Total","Aged 15 - 19 years","Value",7554
"2024","East Devon","E07000040","Total","Aged 20 - 24 years","Value",5763
"2024","East Devon","E07000040","Total","Aged 25 - 29 years","Value",7285
"2024","East Devon","E07000040","Total","Aged 30 - 34 years","Value",8171
"2024","East Devon","E07000040","Total","Aged 35 - 39 years","Value",8499
"2024","East Devon","E07000040","Total","Aged 40 - 44 years","Value",8613
"2024","East Devon","E07000040","Total","Aged 45 - 49 years","Value",8250
"2024","East Devon","E07000040","Total","Aged 50 - 54 years","Value",10096
"2024","East Devon","E07000040","Total","Aged 55 - 59 years","Value",11497
"2024","East Devon","E07000040","Total","Aged 60 - 64 years","Value",11569
"2024","East Devon","E07000040","Total","Aged 65 - 69 years","Value",11071
"2024","East Devon","E07000040","Total","Aged 70 - 74 years","Value",10750
"2024","East Devon","E07000040","Total","Aged 75 - 79 years","Value",11282
"2024","East Devon","E07000040","Total","Aged 80 - 84 years","Value",7367
"2024","East Devon","E07000040","Total","Aged 85 and over","Value",7442
"2024","Exeter","E07000041","Total","All ages","Value",139007
"2024","Exeter","E07000041","Total","Aged under 1 year","Value",1111
"2024","Exeter","E07000041","Total","Aged 1 - 4 years","Value",4555
"2024","Exeter","E07000041","Total","Aged 5 - 9 years","Value",6270
"2024","Exeter","E07000041","Total","Aged 10 - 14 years","Value",6432
"2024","Exeter","E07000041","Total","Aged 15 - 19 years","Value",11106
"2024","Exeter","E07000041","Total","Aged 20 - 24 years","Value",21153
"2024","Exeter","E07000041","Total","Aged 25 - 29 years","Value",9295
"2024","Exeter","E07000041","Total","Aged 30 - 34 years","Value",9521
"2024","Exeter","E07000041","Total","Aged 35 - 39 years","Value",9330
"2024","Exeter","E07000041","Total","Aged 40 - 44 years","Value",8346
"2024","Exeter","E07000041","Total","Aged 45 - 49 years","Value",7232
"2024","Exeter","E07000041","Total","Aged 50 - 54 years","Value",7371
"2024","Exeter","E07000041","Total","Aged 55 - 59 years","Value",7729
"2024","Exeter","E07000041","Total","Aged 60 - 64 years","Value",6793
"2024","Exeter","E07000041","Total","Aged 65 - 69 years","Value",5700
"2024","Exeter","E07000041","Total","Aged 70 - 74 years","Value",5173
"2024","Exeter","E07000041","Total","Aged 75 - 79 years","Value",5007
"2024","Exeter","E07000041","Total","Aged 80 - 84 years","Value",3381
"2024","Exeter","E07000041","Total","Aged 85 and over","Value",3502
"2024","Mid Devon","E07000042","Total","All ages","Value",85102
"2024","Mid Devon","E07000042","Total","Aged under 1 year","Value",676
"2024","Mid Devon","E07000042","Total","Aged 1 - 4 years","Value",3008
"2024","Mid Devon","E07000042","Total","Aged 5 - 9 years","Value",4531
"2024","Mid Devon","E07000042","Total","Aged 10 - 14 years","Value",5222
"2024","Mid Devon","E07000042","Total","Aged 15 - 19 years","Value",5010
"2024","Mid Devon","E07000042","Total","Aged 20 - 24 years","Value",3201
"2024","Mid Devon","E07000042","Total","Aged 25 - 29 years","Value",3996
"2024","Mid Devon","E07000042","Total","Aged 30 - 34 years","Value",4513
"2024","Mid Devon","E07000042","Total","Aged 35 - 39 years","Value",4946
"2024","Mid Devon","E07000042","Total","Aged 40 - 44 years","Value",5043
"2024","Mid Devon","E07000042","Total","Aged 45 - 49 years","Value",4945
"2024","Mid Devon","E07000042","Total","Aged 50 - 54 years","Value",5921
"2024","Mid Devon","E07000042","Total","Aged 55 - 59 years","Value",6524
"2024","Mid Devon","E07000042","Total","Aged 60 - 64 years","Value",6320
"2024","Mid Devon","E07000042","Total","Aged 65 - 69 years","Value",5516
"2024","Mid Devon","E07000042","Total","Aged 70 - 74 years","Value",5074
"2024","Mid Devon","E07000042","Total","Aged 75 - 79 years","Value",4780
"2024","Mid Devon","E07000042","Total","Aged 80 - 84 years","Value",3087
"2024","Mid Devon","E07000042","Total","Aged 85 and over","Value",2789
"2024","North Devon","E07000043","Total","All ages","Value",101035
"2024","North Devon","E07000043","Total","Aged under 1 year","Value",773
"2024","North Devon","E07000043","Total","Aged 1 - 4 years","Value",3479
"2024","North Devon","E07000043","Total","Aged 5 - 9 years","Value",5180
"2024","North Devon","E07000043","Total","Aged 10 - 14 years","Value",5873
"2024","North Devon","E07000043","Total","Aged 15 - 19 years","Value",5345
"2024","North Devon","E07000043","Total","Aged 20 - 24 years","Value",3990
"2024","North Devon","E07000043","Total","Aged 25 - 29 years","Value",4823
"2024","North Devon","E07000043","Total","Aged 30 - 34 years","Value",5539
"2024","North Devon","E07000043","Total","Aged 35 - 39 years","Value",5618
"2024","North Devon","E07000043","Total","Aged 40 - 44 years","Value",5683
"2024","North Devon","E07000043","Total","Aged 45 - 49 years","Value",5489
"2024","North Devon","E07000043","Total","Aged 50 - 54 years","Value",6801
"2024","North Devon","E07000043","Total","Aged 55 - 59 years","Value",7668
"2024","North Devon","E07000043","Total","Aged 60 - 64 years","Value",7906
"2024","North Devon","E07000043","Total","Aged 65 - 69 years","Value",6843
"2024","North Devon","E07000043","Total","Aged 70 - 74 years","Value",6179
"2024","North Devon","E07000043","Total","Aged 75 - 79 years","Value",6254
"2024","North Devon","E07000043","Total","Aged 80 - 84 years","Value",3993
"2024","North Devon","E07000043","Total","Aged 85 and over","Value",3599
"2024","South Hams","E07000044","Total","All ages","Value",92054
"2024","South Hams","E07000044","Total","Aged under 1 year","Value",568
"2024","South Hams","E07000044","Total","Aged 1 - 4 years","Value",2891
"2024","South Hams","E07000044","Total","Aged 5 - 9 years","Value",4635
"2024","South Hams","E07000044","Total","Aged 10 - 14 years","Value",5206
"2024","South Hams","E07000044","Total","Aged 15 - 19 years","Value",4626
"2024","South Hams","E07000044","Total","Aged 20 - 24 years","Value",3159
"2024","South Hams","E07000044","Total","Aged 25 - 29 years","Value",3709
"2024","South Hams","E07000044","Total","Aged 30 - 34 years","Value",4375
"2024","South Hams","E07000044","Total","Aged 35 - 39 years","Value",4956
"2024","South Hams","E07000044","Total","Aged 40 - 44 years","Value",5127
"2024","South Hams","E07000044","Total","Aged 45 - 49 years","Value",5094
"2024","South Hams","E07000044","Total","Aged 50 - 54 years","Value",5996
"2024","South Hams","E07000044","Total","Aged 55 - 59 years","Value",7348
"2024","South Hams","E07000044","Total","Aged 60 - 64 years","Value",7660
"2024","South Hams","E07000044","Total","Aged 65 - 69 years","Value",6974
"2024","South Hams","E07000044","Total","Aged 70 - 74 years","Value",6267
"2024","South Hams","E07000044","Total","Aged 75 - 79 years","Value",6261
"2024","South Hams","E07000044","Total","Aged 80 - 84 years","Value",3738
"2024","South Hams","E07000044","Total","Aged 85 and over","Value",3464
"2024","Teignbridge","E07000045","Total","All ages","Value",138296
"2024","Teignbridge","E07000045","Total","Aged under 1 year","Value",959
"2024","Teignbridge","E07000045","Total","Aged 1 - 4 years","Value",4579
"2024","Teignbridge","E07000045","Total","Aged 5 - 9 years","Value",6826
"2024","Teignbridge","E07000045","Total","Aged 10 - 14 years","Value",7532
"2024","Teignbridge","E07000045","Total","Aged 15 - 19 years","Value",6636
"2024","Teignbridge","E07000045","Total","Aged 20 - 24 years","Value",4906
"2024","Teignbridge","E07000045","Total","Aged 25 - 29 years","Value",6452
"2024","Teignbridge","E07000045","Total","Aged 30 - 34 years","Value",7368
"2024","Teignbridge","E07000045","Total","Aged 35 - 39 years","Value",8009
"2024","Teignbridge","E07000045","Total","Aged 40 - 44 years","Value",7920
"2024","Teignbridge","E07000045","Total","Aged 45 - 49 years","Value",7448
"2024","Teignbridge","E07000045","Total","Aged 50 - 54 years","Value",9255
"2024","Teignbridge","E07000045","Total","Aged 55 - 59 years","Value",10704
"2024","Teignbridge","E07000045","Total","Aged 60 - 64 years","Value",11011
"2024","Teignbridge","E07000045","Total","Aged 65 - 69 years","Value",9733
"2024","Teignbridge","E07000045","Total","Aged 70 - 74 years","Value",9168
"2024","Teignbridge","E07000045","Total","Aged 75 - 79 years","Value",9007
"2024","Teignbridge","E07000045","Total","Aged 80 - 84 years","Value",5609
"2024","Teignbridge","E07000045","Total","Aged 85 and over","Value",5174
"2024","Torridge","E07000046","Total","All ages","Value",69714
"2024","Torridge","E07000046","Total","Aged under 1 year","Value",471
"2024","Torridge","E07000046","Total","Aged 1 - 4 years","Value",2219
"2024","Torridge","E07000046","Total","Aged 5 - 9 years","Value",3240
"2024","Torridge","E07000046","Total","Aged 10 - 14 years","Value",3904
"2024","Torridge","E07000046","Total","Aged 15 - 19 years","Value",3344
"2024","Torridge","E07000046","Total","Aged 20 - 24 years","Value",2447
"2024","Torridge","E07000046","Total","Aged 25 - 29 years","Value",3043
"2024","Torridge","E07000046","Total","Aged 30 - 34 years","Value",3382
"2024","Torridge","E07000046","Total","Aged 35 - 39 years","Value",3519
"2024","Torridge","E07000046","Total","Aged 40 - 44 years","Value",3406
"2024","Torridge","E07000046","Total","Aged 45 - 49 years","Value",3585
"2024","Torridge","E07000046","Total","Aged 50 - 54 years","Value",4805
"2024","Torridge","E07000046","Total","Aged 55 - 59 years","Value",5657
"2024","Torridge","E07000046","Total","Aged 60 - 64 years","Value",5934
"2024","Torridge","E07000046","Total","Aged 65 - 69 years","Value",5452
"2024","Torridge","E07000046","Total","Aged 70 - 74 years","Value",5036
"2024","Torridge","E07000046","Total","Aged 75 - 79 years","Value",4789
"2024","Torridge","E07000046","Total","Aged 80 - 84 years","Value",2907
"2024","Torridge","E07000046","Total","Aged 85 and over","Value",2574
"2024","West Devon","E07000047","Total","All ages","Value",58849
"2024","West Devon","E07000047","Total","Aged under 1 year","Value",395
"2024","West Devon","E07000047","Total","Aged 1 - 4 years","Value",1807
"2024","West Devon","E07000047","Total","Aged 5 - 9 years","Value",2629
"2024","West Devon","E07000047","Total","Aged 10 - 14 years","Value",3028
"2024","West Devon","E07000047","Total","Aged 15 - 19 years","Value",3117
"2024","West Devon","E07000047","Total","Aged 20 - 24 years","Value",2065
"2024","West Devon","E07000047","Total","Aged 25 - 29 years","Value",2353
"2024","West Devon","E07000047","Total","Aged 30 - 34 years","Value",2759
"2024","West Devon","E07000047","Total","Aged 35 - 39 years","Value",2899
"2024","West Devon","E07000047","Total","Aged 40 - 44 years","Value",3158
"2024","West Devon","E07000047","Total","Aged 45 - 49 years","Value",2973
"2024","West Devon","E07000047","Total","Aged 50 - 54 years","Value",3974
"2024","West Devon","E07000047","Total","Aged 55 - 59 years","Value",4894
"2024","West Devon","E07000047","Total","Aged 60 - 64 years","Value",5239
"2024","West Devon","E07000047","Total","Aged 65 - 69 years","Value",4525
"2024","West Devon","E07000047","Total","Aged 70 - 74 years","Value",4146
"2024","West Devon","E07000047","Total","Aged 75 - 79 years","Value",4022
"2024","West Devon","E07000047","Total","Aged 80 - 84 years","Value",2536
"2024","West Devon","E07000047","Total","Aged 85 and over","Value",2330
"2024","Cheltenham","E07000078","Total","All ages","Value",121461
"2024","Cheltenham","E07000078","Total","Aged under 1 year","Value",1037
"2024","Cheltenham","E07000078","Total","Aged 1 - 4 years","Value",4544
"2024","Cheltenham","E07000078","Total","Aged 5 - 9 years","Value",6434
"2024","Cheltenham","E07000078","Total","Aged 10 - 14 years","Value",7142
"2024","Cheltenham","E07000078","Total","Aged 15 - 19 years","Value",7351
"2024","Cheltenham","E07000078","Total","Aged 20 - 24 years","Value",7548
"2024","Cheltenham","E07000078","Total","Aged 25 - 29 years","Value",7886
"2024","Cheltenham","E07000078","Total","Aged 30 - 34 years","Value",8241
"2024","Cheltenham","E07000078","Total","Aged 35 - 39 years","Value",8359
"2024","Cheltenham","E07000078","Total","Aged 40 - 44 years","Value",8292
"2024","Cheltenham","E07000078","Total","Aged 45 - 49 years","Value",7414
"2024","Cheltenham","E07000078","Total","Aged 50 - 54 years","Value",7422
"2024","Cheltenham","E07000078","Total","Aged 55 - 59 years","Value",7960
"2024","Cheltenham","E07000078","Total","Aged 60 - 64 years","Value",7573
"2024","Cheltenham","E07000078","Total","Aged 65 - 69 years","Value",5932
"2024","Cheltenham","E07000078","Total","Aged 70 - 74 years","Value",5327
"2024","Cheltenham","E07000078","Total","Aged 75 - 79 years","Value",5373
"2024","Cheltenham","E07000078","Total","Aged 80 - 84 years","Value",3626
"2024","Cheltenham","E07000078","Total","Aged 85 and over","Value",4000
"2024","Cotswold","E07000079","Total","All ages","Value",91728
"2024","Cotswold","E07000079","Total","Aged under 1 year","Value",645
"2024","Cotswold","E07000079","Total","Aged 1 - 4 years","Value",3246
"2024","Cotswold","E07000079","Total","Aged 5 - 9 years","Value",4470
"2024","Cotswold","E07000079","Total","Aged 10 - 14 years","Value",4990
"2024","Cotswold","E07000079","Total","Aged 15 - 19 years","Value",4739
"2024","Cotswold","E07000079","Total","Aged 20 - 24 years","Value",3559
"2024","Cotswold","E07000079","Total","Aged 25 - 29 years","Value",3641
"2024","Cotswold","E07000079","Total","Aged 30 - 34 years","Value",4328
"2024","Cotswold","E07000079","Total","Aged 35 - 39 years","Value",4978
"2024","Cotswold","E07000079","Total","Aged 40 - 44 years","Value",5363
"2024","Cotswold","E07000079","Total","Aged 45 - 49 years","Value",5332
"2024","Cotswold","E07000079","Total","Aged 50 - 54 years","Value",6415
"2024","Cotswold","E07000079","Total","Aged 55 - 59 years","Value",7363
"2024","Cotswold","E07000079","Total","Aged 60 - 64 years","Value",7339
"2024","Cotswold","E07000079","Total","Aged 65 - 69 years","Value",6174
"2024","Cotswold","E07000079","Total","Aged 70 - 74 years","Value",5922
"2024","Cotswold","E07000079","Total","Aged 75 - 79 years","Value",5780
"2024","Cotswold","E07000079","Total","Aged 80 - 84 years","Value",3831
"2024","Cotswold","E07000079","Total","Aged 85 and over","Value",3613
"2024","Forest of Dean","E07000080","Total","All ages","Value",89848
"2024","Forest of Dean","E07000080","Total","Aged under 1 year","Value",759
"2024","Forest of Dean","E07000080","Total","Aged 1 - 4 years","Value",3299
"2024","Forest of Dean","E07000080","Total","Aged 5 - 9 years","Value",4485
"2024","Forest of Dean","E07000080","Total","Aged 10 - 14 years","Value",4879
"2024","Forest of Dean","E07000080","Total","Aged 15 - 19 years","Value",5084
"2024","Forest of Dean","E07000080","Total","Aged 20 - 24 years","Value",3762
"2024","Forest of Dean","E07000080","Total","Aged 25 - 29 years","Value",4318
"2024","Forest of Dean","E07000080","Total","Aged 30 - 34 years","Value",5035
"2024","Forest of Dean","E07000080","Total","Aged 35 - 39 years","Value",5211
"2024","Forest of Dean","E07000080","Total","Aged 40 - 44 years","Value",5007
"2024","Forest of Dean","E07000080","Total","Aged 45 - 49 years","Value",4579
"2024","Forest of Dean","E07000080","Total","Aged 50 - 54 years","Value",6071
"2024","Forest of Dean","E07000080","Total","Aged 55 - 59 years","Value",7256
"2024","Forest of Dean","E07000080","Total","Aged 60 - 64 years","Value",7054
"2024","Forest of Dean","E07000080","Total","Aged 65 - 69 years","Value",6017
"2024","Forest of Dean","E07000080","Total","Aged 70 - 74 years","Value",5597
"2024","Forest of Dean","E07000080","Total","Aged 75 - 79 years","Value",5256
"2024","Forest of Dean","E07000080","Total","Aged 80 - 84 years","Value",3392
"2024","Forest of Dean","E07000080","Total","Aged 85 and over","Value",2787
"2024","Gloucester","E07000081","Total","All ages","Value",137857
"2024","Gloucester","E07000081","Total","Aged under 1 year","Value",1469
"2024","Gloucester","E07000081","Total","Aged 1 - 4 years","Value",5876
"2024","Gloucester","E07000081","Total","Aged 5 - 9 years","Value",8285
"2024","Gloucester","E07000081","Total","Aged 10 - 14 years","Value",8721
"2024","Gloucester","E07000081","Total","Aged 15 - 19 years","Value",8169
"2024","Gloucester","E07000081","Total","Aged 20 - 24 years","Value",8680
"2024","Gloucester","E07000081","Total","Aged 25 - 29 years","Value",9167
"2024","Gloucester","E07000081","Total","Aged 30 - 34 years","Value",10209
"2024","Gloucester","E07000081","Total","Aged 35 - 39 years","Value",10247
"2024","Gloucester","E07000081","Total","Aged 40 - 44 years","Value",9639
"2024","Gloucester","E07000081","Total","Aged 45 - 49 years","Value",8060
"2024","Gloucester","E07000081","Total","Aged 50 - 54 years","Value",8448
"2024","Gloucester","E07000081","Total","Aged 55 - 59 years","Value",9094
"2024","Gloucester","E07000081","Total","Aged 60 - 64 years","Value",8321
"2024","Gloucester","E07000081","Total","Aged 65 - 69 years","Value",6583
"2024","Gloucester","E07000081","Total","Aged 70 - 74 years","Value",5398
"2024","Gloucester","E07000081","Total","Aged 75 - 79 years","Value",4997
"2024","Gloucester","E07000081","Total","Aged 80 - 84 years","Value",3331
"2024","Gloucester","E07000081","Total","Aged 85 and over","Value",3163
"2024","Stroud","E07000082","Total","All ages","Value",125507
"2024","Stroud","E07000082","Total","Aged under 1 year","Value",983
"2024","Stroud","E07000082","Total","Aged 1 - 4 years","Value",4640
"2024","Stroud","E07000082","Total","Aged 5 - 9 years","Value",6712
"2024","Stroud","E07000082","Total","Aged 10 - 14 years","Value",7482
"2024","Stroud","E07000082","Total","Aged 15 - 19 years","Value",6816
"2024","Stroud","E07000082","Total","Aged 20 - 24 years","Value",4637
"2024","Stroud","E07000082","Total","Aged 25 - 29 years","Value",5839
"2024","Stroud","E07000082","Total","Aged 30 - 34 years","Value",7182
"2024","Stroud","E07000082","Total","Aged 35 - 39 years","Value",7701
"2024","Stroud","E07000082","Total","Aged 40 - 44 years","Value",7840
"2024","Stroud","E07000082","Total","Aged 45 - 49 years","Value",7572
"2024","Stroud","E07000082","Total","Aged 50 - 54 years","Value",9077
"2024","Stroud","E07000082","Total","Aged 55 - 59 years","Value",9614
"2024","Stroud","E07000082","Total","Aged 60 - 64 years","Value",9282
"2024","Stroud","E07000082","Total","Aged 65 - 69 years","Value",7903
"2024","Stroud","E07000082","Total","Aged 70 - 74 years","Value",7218
"2024","Stroud","E07000082","Total","Aged 75 - 79 years","Value",6714
"2024","Stroud","E07000082","Total","Aged 80 - 84 years","Value",4277
"2024","Stroud","E07000082","Total","Aged 85 and over","Value",4018
"2024","Tewkesbury","E07000083","Total","All ages","Value",101708
"2024","Tewkesbury","E07000083","Total","Aged under 1 year","Value",984
"2024","Tewkesbury","E07000083","Total","Aged 1 - 4 years","Value",4406
"2024","Tewkesbury","E07000083","Total","Aged 5 - 9 years","Value",6202
"2024","Tewkesbury","E07000083","Total","Aged 10 - 14 years","Value",6344
"2024","Tewkesbury","E07000083","Total","Aged 15 - 19 years","Value",5121
"2024","Tewkesbury","E07000083","Total","Aged 20 - 24 years","Value",3843
"2024","Tewkesbury","E07000083","Total","Aged 25 - 29 years","Value",5568
"2024","Tewkesbury","E07000083","Total","Aged 30 - 34 years","Value",6791
"2024","Tewkesbury","E07000083","Total","Aged 35 - 39 years","Value",7081
"2024","Tewkesbury","E07000083","Total","Aged 40 - 44 years","Value",6748
"2024","Tewkesbury","E07000083","Total","Aged 45 - 49 years","Value",5855
"2024","Tewkesbury","E07000083","Total","Aged 50 - 54 years","Value",6436
"2024","Tewkesbury","E07000083","Total","Aged 55 - 59 years","Value",7112
"2024","Tewkesbury","E07000083","Total","Aged 60 - 64 years","Value",6777
"2024","Tewkesbury","E07000083","Total","Aged 65 - 69 years","Value",5713
"2024","Tewkesbury","E07000083","Total","Aged 70 - 74 years","Value",5259
"2024","Tewkesbury","E07000083","Total","Aged 75 - 79 years","Value",5048
"2024","Tewkesbury","E07000083","Total","Aged 80 - 84 years","Value",3440
"2024","Tewkesbury","E07000083","Total","Aged 85 and over","Value",2980
"2024","Somerset","E06000066","Total","All ages","Value",588173
"2024","Somerset","E06000066","Total","Aged under 1 year","Value",4686
"2024","Somerset","E06000066","Total","Aged 1 - 4 years","Value",21862
"2024","Somerset","E06000066","Total","Aged 5 - 9 years","Value",30494
"2024","Somerset","E06000066","Total","Aged 10 - 14 years","Value",33795
"2024","Somerset","E06000066","Total","Aged 15 - 19 years","Value",32206
"2024","Somerset","E06000066","Total","Aged 20 - 24 years","Value",23969
"2024","Somerset","E06000066","Total","Aged 25 - 29 years","Value",30160
"2024","Somerset","E06000066","Total","Aged 30 - 34 years","Value",34151
"2024","Somerset","E06000066","Total","Aged 35 - 39 years","Value",35526
"2024","Somerset","E06000066","Total","Aged 40 - 44 years","Value",33728
"2024","Somerset","E06000066","Total","Aged 45 - 49 years","Value",31661
"2024","Somerset","E06000066","Total","Aged 50 - 54 years","Value",38858
"2024","Somerset","E06000066","Total","Aged 55 - 59 years","Value",43976
"2024","Somerset","E06000066","Total","Aged 60 - 64 years","Value",42904
"2024","Somerset","E06000066","Total","Aged 65 - 69 years","Value",37539
"2024","Somerset","E06000066","Total","Aged 70 - 74 years","Value",35816
"2024","Somerset","E06000066","Total","Aged 75 - 79 years","Value",34459
"2024","Somerset","E06000066","Total","Aged 80 - 84 years","Value",21902
"2024","Somerset","E06000066","Total","Aged 85 and over","Value",20481
"2024","Isle of Anglesey","W06000001","Total","All ages","Value",68873
"2024","Isle of Anglesey","W06000001","Total","Aged under 1 year","Value",538
"2024","Isle of Anglesey","W06000001","Total","Aged 1 - 4 years","Value",2313
"2024","Isle of Anglesey","W06000001","Total","Aged 5 - 9 years","Value",3585
"2024","Isle of Anglesey","W06000001","Total","Aged 10 - 14 years","Value",4116
"2024","Isle of Anglesey","W06000001","Total","Aged 15 - 19 years","Value",3443
"2024","Isle of Anglesey","W06000001","Total","Aged 20 - 24 years","Value",2666
"2024","Isle of Anglesey","W06000001","Total","Aged 25 - 29 years","Value",3346
"2024","Isle of Anglesey","W06000001","Total","Aged 30 - 34 years","Value",3536
"2024","Isle of Anglesey","W06000001","Total","Aged 35 - 39 years","Value",3740
"2024","Isle of Anglesey","W06000001","Total","Aged 40 - 44 years","Value",3617
"2024","Isle of Anglesey","W06000001","Total","Aged 45 - 49 years","Value",3472
"2024","Isle of Anglesey","W06000001","Total","Aged 50 - 54 years","Value",4627
"2024","Isle of Anglesey","W06000001","Total","Aged 55 - 59 years","Value",5344
"2024","Isle of Anglesey","W06000001","Total","Aged 60 - 64 years","Value",5543
"2024","Isle of Anglesey","W06000001","Total","Aged 65 - 69 years","Value",4943
"2024","Isle of Anglesey","W06000001","Total","Aged 70 - 74 years","Value",4497
"2024","Isle of Anglesey","W06000001","Total","Aged 75 - 79 years","Value",4334
"2024","Isle of Anglesey","W06000001","Total","Aged 80 - 84 years","Value",2757
"2024","Isle of Anglesey","W06000001","Total","Aged 85 and over","Value",2456
"2024","Gwynedd","W06000002","Total","All ages","Value",120713
"2024","Gwynedd","W06000002","Total","Aged under 1 year","Value",973
"2024","Gwynedd","W06000002","Total","Aged 1 - 4 years","Value",4175
"2024","Gwynedd","W06000002","Total","Aged 5 - 9 years","Value",5797
"2024","Gwynedd","W06000002","Total","Aged 10 - 14 years","Value",6588
"2024","Gwynedd","W06000002","Total","Aged 15 - 19 years","Value",7183
"2024","Gwynedd","W06000002","Total","Aged 20 - 24 years","Value",8787
"2024","Gwynedd","W06000002","Total","Aged 25 - 29 years","Value",7099
"2024","Gwynedd","W06000002","Total","Aged 30 - 34 years","Value",7131
"2024","Gwynedd","W06000002","Total","Aged 35 - 39 years","Value",6916
"2024","Gwynedd","W06000002","Total","Aged 40 - 44 years","Value",6333
"2024","Gwynedd","W06000002","Total","Aged 45 - 49 years","Value",6016
"2024","Gwynedd","W06000002","Total","Aged 50 - 54 years","Value",7935
"2024","Gwynedd","W06000002","Total","Aged 55 - 59 years","Value",8703
"2024","Gwynedd","W06000002","Total","Aged 60 - 64 years","Value",8768
"2024","Gwynedd","W06000002","Total","Aged 65 - 69 years","Value",7527
"2024","Gwynedd","W06000002","Total","Aged 70 - 74 years","Value",6631
"2024","Gwynedd","W06000002","Total","Aged 75 - 79 years","Value",6257
"2024","Gwynedd","W06000002","Total","Aged 80 - 84 years","Value",4049
"2024","Gwynedd","W06000002","Total","Aged 85 and over","Value",3845
"2024","Conwy","W06000003","Total","All ages","Value",114435
"2024","Conwy","W06000003","Total","Aged under 1 year","Value",838
"2024","Conwy","W06000003","Total","Aged 1 - 4 years","Value",3898
"2024","Conwy","W06000003","Total","Aged 5 - 9 years","Value",5503
"2024","Conwy","W06000003","Total","Aged 10 - 14 years","Value",6295
"2024","Conwy","W06000003","Total","Aged 15 - 19 years","Value",5520
"2024","Conwy","W06000003","Total","Aged 20 - 24 years","Value",4311
"2024","Conwy","W06000003","Total","Aged 25 - 29 years","Value",5421
"2024","Conwy","W06000003","Total","Aged 30 - 34 years","Value",5968
"2024","Conwy","W06000003","Total","Aged 35 - 39 years","Value",6205
"2024","Conwy","W06000003","Total","Aged 40 - 44 years","Value",6150
"2024","Conwy","W06000003","Total","Aged 45 - 49 years","Value",5756
"2024","Conwy","W06000003","Total","Aged 50 - 54 years","Value",7638
"2024","Conwy","W06000003","Total","Aged 55 - 59 years","Value",8938
"2024","Conwy","W06000003","Total","Aged 60 - 64 years","Value",9342
"2024","Conwy","W06000003","Total","Aged 65 - 69 years","Value",8348
"2024","Conwy","W06000003","Total","Aged 70 - 74 years","Value",7769
"2024","Conwy","W06000003","Total","Aged 75 - 79 years","Value",7503
"2024","Conwy","W06000003","Total","Aged 80 - 84 years","Value",4597
"2024","Conwy","W06000003","Total","Aged 85 and over","Value",4435
"2024","Denbighshire","W06000004","Total","All ages","Value",97868
"2024","Denbighshire","W06000004","Total","Aged under 1 year","Value",832
"2024","Denbighshire","W06000004","Total","Aged 1 - 4 years","Value",3768
"2024","Denbighshire","W06000004","Total","Aged 5 - 9 years","Value",5342
"2024","Denbighshire","W06000004","Total","Aged 10 - 14 years","Value",5836
"2024","Denbighshire","W06000004","Total","Aged 15 - 19 years","Value",5372
"2024","Denbighshire","W06000004","Total","Aged 20 - 24 years","Value",4089
"2024","Denbighshire","W06000004","Total","Aged 25 - 29 years","Value",5125
"2024","Denbighshire","W06000004","Total","Aged 30 - 34 years","Value",5589
"2024","Denbighshire","W06000004","Total","Aged 35 - 39 years","Value",5497
"2024","Denbighshire","W06000004","Total","Aged 40 - 44 years","Value",5226
"2024","Denbighshire","W06000004","Total","Aged 45 - 49 years","Value",5172
"2024","Denbighshire","W06000004","Total","Aged 50 - 54 years","Value",6365
"2024","Denbighshire","W06000004","Total","Aged 55 - 59 years","Value",7416
"2024","Denbighshire","W06000004","Total","Aged 60 - 64 years","Value",7532
"2024","Denbighshire","W06000004","Total","Aged 65 - 69 years","Value",6335
"2024","Denbighshire","W06000004","Total","Aged 70 - 74 years","Value",5916
"2024","Denbighshire","W06000004","Total","Aged 75 - 79 years","Value",5653
"2024","Denbighshire","W06000004","Total","Aged 80 - 84 years","Value",3638
"2024","Denbighshire","W06000004","Total","Aged 85 and over","Value",3165
"2024","Flintshire","W06000005","Total","All ages","Value",155898
"2024","Flintshire","W06000005","Total","Aged under 1 year","Value",1376
"2024","Flintshire","W06000005","Total","Aged 1 - 4 years","Value",6008
"2024","Flintshire","W06000005","Total","Aged 5 - 9 years","Value",8203
"2024","Flintshire","W06000005","Total","Aged 10 - 14 years","Value",9277
"2024","Flintshire","W06000005","Total","Aged 15 - 19 years","Value",8612
"2024","Flintshire","W06000005","Total","Aged 20 - 24 years","Value",6690
"2024","Flintshire","W06000005","Total","Aged 25 - 29 years","Value",8619
"2024","Flintshire","W06000005","Total","Aged 30 - 34 years","Value",9780
"2024","Flintshire","W06000005","Total","Aged 35 - 39 years","Value",9945
"2024","Flintshire","W06000005","Total","Aged 40 - 44 years","Value",9656
"2024","Flintshire","W06000005","Total","Aged 45 - 49 years","Value",8921
"2024","Flintshire","W06000005","Total","Aged 50 - 54 years","Value",11161
"2024","Flintshire","W06000005","Total","Aged 55 - 59 years","Value",11970
"2024","Flintshire","W06000005","Total","Aged 60 - 64 years","Value",11112
"2024","Flintshire","W06000005","Total","Aged 65 - 69 years","Value",9093
"2024","Flintshire","W06000005","Total","Aged 70 - 74 years","Value",8332
"2024","Flintshire","W06000005","Total","Aged 75 - 79 years","Value",8143
"2024","Flintshire","W06000005","Total","Aged 80 - 84 years","Value",4842
"2024","Flintshire","W06000005","Total","Aged 85 and over","Value",4158
"2024","Wrexham","W06000006","Total","All ages","Value",137921
"2024","Wrexham","W06000006","Total","Aged under 1 year","Value",1235
"2024","Wrexham","W06000006","Total","Aged 1 - 4 years","Value",5382
"2024","Wrexham","W06000006","Total","Aged 5 - 9 years","Value",7585
"2024","Wrexham","W06000006","Total","Aged 10 - 14 years","Value",8494
"2024","Wrexham","W06000006","Total","Aged 15 - 19 years","Value",7823
"2024","Wrexham","W06000006","Total","Aged 20 - 24 years","Value",6825
"2024","Wrexham","W06000006","Total","Aged 25 - 29 years","Value",8237
"2024","Wrexham","W06000006","Total","Aged 30 - 34 years","Value",8812
"2024","Wrexham","W06000006","Total","Aged 35 - 39 years","Value",9225
"2024","Wrexham","W06000006","Total","Aged 40 - 44 years","Value",9007
"2024","Wrexham","W06000006","Total","Aged 45 - 49 years","Value",7967
"2024","Wrexham","W06000006","Total","Aged 50 - 54 years","Value",9598
"2024","Wrexham","W06000006","Total","Aged 55 - 59 years","Value",9826
"2024","Wrexham","W06000006","Total","Aged 60 - 64 years","Value",9095
"2024","Wrexham","W06000006","Total","Aged 65 - 69 years","Value",7674
"2024","Wrexham","W06000006","Total","Aged 70 - 74 years","Value",7028
"2024","Wrexham","W06000006","Total","Aged 75 - 79 years","Value",6399
"2024","Wrexham","W06000006","Total","Aged 80 - 84 years","Value",4129
"2024","Wrexham","W06000006","Total","Aged 85 and over","Value",3580
"2024","Ceredigion","W06000008","Total","All ages","Value",72726
"2024","Ceredigion","W06000008","Total","Aged under 1 year","Value",552
"2024","Ceredigion","W06000008","Total","Aged 1 - 4 years","Value",2146
"2024","Ceredigion","W06000008","Total","Aged 5 - 9 years","Value",3144
"2024","Ceredigion","W06000008","Total","Aged 10 - 14 years","Value",3511
"2024","Ceredigion","W06000008","Total","Aged 15 - 19 years","Value",4547
"2024","Ceredigion","W06000008","Total","Aged 20 - 24 years","Value",6861
"2024","Ceredigion","W06000008","Total","Aged 25 - 29 years","Value",3512
"2024","Ceredigion","W06000008","Total","Aged 30 - 34 years","Value",3579
"2024","Ceredigion","W06000008","Total","Aged 35 - 39 years","Value",3493
"2024","Ceredigion","W06000008","Total","Aged 40 - 44 years","Value",3436
"2024","Ceredigion","W06000008","Total","Aged 45 - 49 years","Value",3367
"2024","Ceredigion","W06000008","Total","Aged 50 - 54 years","Value",4337
"2024","Ceredigion","W06000008","Total","Aged 55 - 59 years","Value",5354
"2024","Ceredigion","W06000008","Total","Aged 60 - 64 years","Value",5688
"2024","Ceredigion","W06000008","Total","Aged 65 - 69 years","Value",5127
"2024","Ceredigion","W06000008","Total","Aged 70 - 74 years","Value",4663
"2024","Ceredigion","W06000008","Total","Aged 75 - 79 years","Value",4316
"2024","Ceredigion","W06000008","Total","Aged 80 - 84 years","Value",2762
"2024","Ceredigion","W06000008","Total","Aged 85 and over","Value",2331
"2024","Pembrokeshire","W06000009","Total","All ages","Value",125670
"2024","Pembrokeshire","W06000009","Total","Aged under 1 year","Value",964
"2024","Pembrokeshire","W06000009","Total","Aged 1 - 4 years","Value",4351
"2024","Pembrokeshire","W06000009","Total","Aged 5 - 9 years","Value",6433
"2024","Pembrokeshire","W06000009","Total","Aged 10 - 14 years","Value",7259
"2024","Pembrokeshire","W06000009","Total","Aged 15 - 19 years","Value",6540
"2024","Pembrokeshire","W06000009","Total","Aged 20 - 24 years","Value",5214
"2024","Pembrokeshire","W06000009","Total","Aged 25 - 29 years","Value",6151
"2024","Pembrokeshire","W06000009","Total","Aged 30 - 34 years","Value",6948
"2024","Pembrokeshire","W06000009","Total","Aged 35 - 39 years","Value",6952
"2024","Pembrokeshire","W06000009","Total","Aged 40 - 44 years","Value",6582
"2024","Pembrokeshire","W06000009","Total","Aged 45 - 49 years","Value",6356
"2024","Pembrokeshire","W06000009","Total","Aged 50 - 54 years","Value",8080
"2024","Pembrokeshire","W06000009","Total","Aged 55 - 59 years","Value",9632
"2024","Pembrokeshire","W06000009","Total","Aged 60 - 64 years","Value",10094
"2024","Pembrokeshire","W06000009","Total","Aged 65 - 69 years","Value",9051
"2024","Pembrokeshire","W06000009","Total","Aged 70 - 74 years","Value",8313
"2024","Pembrokeshire","W06000009","Total","Aged 75 - 79 years","Value",7545
"2024","Pembrokeshire","W06000009","Total","Aged 80 - 84 years","Value",4912
"2024","Pembrokeshire","W06000009","Total","Aged 85 and over","Value",4293
"2024","Carmarthenshire","W06000010","Total","All ages","Value",190346
"2024","Carmarthenshire","W06000010","Total","Aged under 1 year","Value",1536
"2024","Carmarthenshire","W06000010","Total","Aged 1 - 4 years","Value",6828
"2024","Carmarthenshire","W06000010","Total","Aged 5 - 9 years","Value",10128
"2024","Carmarthenshire","W06000010","Total","Aged 10 - 14 years","Value",11074
"2024","Carmarthenshire","W06000010","Total","Aged 15 - 19 years","Value",10232
"2024","Carmarthenshire","W06000010","Total","Aged 20 - 24 years","Value",8086
"2024","Carmarthenshire","W06000010","Total","Aged 25 - 29 years","Value",9602
"2024","Carmarthenshire","W06000010","Total","Aged 30 - 34 years","Value",10685
"2024","Carmarthenshire","W06000010","Total","Aged 35 - 39 years","Value",11246
"2024","Carmarthenshire","W06000010","Total","Aged 40 - 44 years","Value",11101
"2024","Carmarthenshire","W06000010","Total","Aged 45 - 49 years","Value",10365
"2024","Carmarthenshire","W06000010","Total","Aged 50 - 54 years","Value",12465
"2024","Carmarthenshire","W06000010","Total","Aged 55 - 59 years","Value",14457
"2024","Carmarthenshire","W06000010","Total","Aged 60 - 64 years","Value",14482
"2024","Carmarthenshire","W06000010","Total","Aged 65 - 69 years","Value",12968
"2024","Carmarthenshire","W06000010","Total","Aged 70 - 74 years","Value",11589
"2024","Carmarthenshire","W06000010","Total","Aged 75 - 79 years","Value",10680
"2024","Carmarthenshire","W06000010","Total","Aged 80 - 84 years","Value",6876
"2024","Carmarthenshire","W06000010","Total","Aged 85 and over","Value",5946
"2024","Swansea","W06000011","Total","All ages","Value",250594
"2024","Swansea","W06000011","Total","Aged under 1 year","Value",2072
"2024","Swansea","W06000011","Total","Aged 1 - 4 years","Value",9213
"2024","Swansea","W06000011","Total","Aged 5 - 9 years","Value",13260
"2024","Swansea","W06000011","Total","Aged 10 - 14 years","Value",14054
"2024","Swansea","W06000011","Total","Aged 15 - 19 years","Value",14701
"2024","Swansea","W06000011","Total","Aged 20 - 24 years","Value",21354
"2024","Swansea","W06000011","Total","Aged 25 - 29 years","Value",16522
"2024","Swansea","W06000011","Total","Aged 30 - 34 years","Value",16491
"2024","Swansea","W06000011","Total","Aged 35 - 39 years","Value",16608
"2024","Swansea","W06000011","Total","Aged 40 - 44 years","Value",15480
"2024","Swansea","W06000011","Total","Aged 45 - 49 years","Value",13693
"2024","Swansea","W06000011","Total","Aged 50 - 54 years","Value",14858
"2024","Swansea","W06000011","Total","Aged 55 - 59 years","Value",15963
"2024","Swansea","W06000011","Total","Aged 60 - 64 years","Value",15262
"2024","Swansea","W06000011","Total","Aged 65 - 69 years","Value",13568
"2024","Swansea","W06000011","Total","Aged 70 - 74 years","Value",11777
"2024","Swansea","W06000011","Total","Aged 75 - 79 years","Value",11392
"2024","Swansea","W06000011","Total","Aged 80 - 84 years","Value",7368
"2024","Swansea","W06000011","Total","Aged 85 and over","Value",6958
"2024","Neath Port Talbot","W06000012","Total","All ages","Value",142627
"2024","Neath Port Talbot","W06000012","Total","Aged under 1 year","Value",1248
"2024","Neath Port Talbot","W06000012","Total","Aged 1 - 4 years","Value",5220
"2024","Neath Port Talbot","W06000012","Total","Aged 5 - 9 years","Value",7765
"2024","Neath Port Talbot","W06000012","Total","Aged 10 - 14 years","Value",8429
"2024","Neath Port Talbot","W06000012","Total","Aged 15 - 19 years","Value",9190
"2024","Neath Port Talbot","W06000012","Total","Aged 20 - 24 years","Value",7293
"2024","Neath Port Talbot","W06000012","Total","Aged 25 - 29 years","Value",8028
"2024","Neath Port Talbot","W06000012","Total","Aged 30 - 34 years","Value",9039
"2024","Neath Port Talbot","W06000012","Total","Aged 35 - 39 years","Value",9146
"2024","Neath Port Talbot","W06000012","Total","Aged 40 - 44 years","Value",8797
"2024","Neath Port Talbot","W06000012","Total","Aged 45 - 49 years","Value",8074
"2024","Neath Port Talbot","W06000012","Total","Aged 50 - 54 years","Value",8899
"2024","Neath Port Talbot","W06000012","Total","Aged 55 - 59 years","Value",10077
"2024","Neath Port Talbot","W06000012","Total","Aged 60 - 64 years","Value",10121
"2024","Neath Port Talbot","W06000012","Total","Aged 65 - 69 years","Value",8698
"2024","Neath Port Talbot","W06000012","Total","Aged 70 - 74 years","Value",7717
"2024","Neath Port Talbot","W06000012","Total","Aged 75 - 79 years","Value",6830
"2024","Neath Port Talbot","W06000012","Total","Aged 80 - 84 years","Value",4267
"2024","Neath Port Talbot","W06000012","Total","Aged 85 and over","Value",3789
"2024","Bridgend","W06000013","Total","All ages","Value",147088
"2024","Bridgend","W06000013","Total","Aged under 1 year","Value",1267
"2024","Bridgend","W06000013","Total","Aged 1 - 4 years","Value",5576
"2024","Bridgend","W06000013","Total","Aged 5 - 9 years","Value",7970
"2024","Bridgend","W06000013","Total","Aged 10 - 14 years","Value",8842
"2024","Bridgend","W06000013","Total","Aged 15 - 19 years","Value",7674
"2024","Bridgend","W06000013","Total","Aged 20 - 24 years","Value",6874
"2024","Bridgend","W06000013","Total","Aged 25 - 29 years","Value",8635
"2024","Bridgend","W06000013","Total","Aged 30 - 34 years","Value",9686
"2024","Bridgend","W06000013","Total","Aged 35 - 39 years","Value",10120
"2024","Bridgend","W06000013","Total","Aged 40 - 44 years","Value",9167
"2024","Bridgend","W06000013","Total","Aged 45 - 49 years","Value",8424
"2024","Bridgend","W06000013","Total","Aged 50 - 54 years","Value",9951
"2024","Bridgend","W06000013","Total","Aged 55 - 59 years","Value",10767
"2024","Bridgend","W06000013","Total","Aged 60 - 64 years","Value",10310
"2024","Bridgend","W06000013","Total","Aged 65 - 69 years","Value",8429
"2024","Bridgend","W06000013","Total","Aged 70 - 74 years","Value",7607
"2024","Bridgend","W06000013","Total","Aged 75 - 79 years","Value",7110
"2024","Bridgend","W06000013","Total","Aged 80 - 84 years","Value",4616
"2024","Bridgend","W06000013","Total","Aged 85 and over","Value",4063
"2024","Vale of Glamorgan","W06000014","Total","All ages","Value",135311
"2024","Vale of Glamorgan","W06000014","Total","Aged under 1 year","Value",1123
"2024","Vale of Glamorgan","W06000014","Total","Aged 1 - 4 years","Value",5199
"2024","Vale of Glamorgan","W06000014","Total","Aged 5 - 9 years","Value",7929
"2024","Vale of Glamorgan","W06000014","Total","Aged 10 - 14 years","Value",8484
"2024","Vale of Glamorgan","W06000014","Total","Aged 15 - 19 years","Value",7522
"2024","Vale of Glamorgan","W06000014","Total","Aged 20 - 24 years","Value",5833
"2024","Vale of Glamorgan","W06000014","Total","Aged 25 - 29 years","Value",7077
"2024","Vale of Glamorgan","W06000014","Total","Aged 30 - 34 years","Value",7810
"2024","Vale of Glamorgan","W06000014","Total","Aged 35 - 39 years","Value",8976
"2024","Vale of Glamorgan","W06000014","Total","Aged 40 - 44 years","Value",8823
"2024","Vale of Glamorgan","W06000014","Total","Aged 45 - 49 years","Value",8007
"2024","Vale of Glamorgan","W06000014","Total","Aged 50 - 54 years","Value",8835
"2024","Vale of Glamorgan","W06000014","Total","Aged 55 - 59 years","Value",9379
"2024","Vale of Glamorgan","W06000014","Total","Aged 60 - 64 years","Value",9382
"2024","Vale of Glamorgan","W06000014","Total","Aged 65 - 69 years","Value",8326
"2024","Vale of Glamorgan","W06000014","Total","Aged 70 - 74 years","Value",7363
"2024","Vale of Glamorgan","W06000014","Total","Aged 75 - 79 years","Value",6877
"2024","Vale of Glamorgan","W06000014","Total","Aged 80 - 84 years","Value",4412
"2024","Vale of Glamorgan","W06000014","Total","Aged 85 and over","Value",3954
"2024","Cardiff","W06000015","Total","All ages","Value",382028
"2024","Cardiff","W06000015","Total","Aged under 1 year","Value",3572
"2024","Cardiff","W06000015","Total","Aged 1 - 4 years","Value",15069
"2024","Cardiff","W06000015","Total","Aged 5 - 9 years","Value",20732
"2024","Cardiff","W06000015","Total","Aged 10 - 14 years","Value",22132
"2024","Cardiff","W06000015","Total","Aged 15 - 19 years","Value",26271
"2024","Cardiff","W06000015","Total","Aged 20 - 24 years","Value",43986
"2024","Cardiff","W06000015","Total","Aged 25 - 29 years","Value",32939
"2024","Cardiff","W06000015","Total","Aged 30 - 34 years","Value",29130
"2024","Cardiff","W06000015","Total","Aged 35 - 39 years","Value",26863
"2024","Cardiff","W06000015","Total","Aged 40 - 44 years","Value",24798
"2024","Cardiff","W06000015","Total","Aged 45 - 49 years","Value",20914
"2024","Cardiff","W06000015","Total","Aged 50 - 54 years","Value",20254
"2024","Cardiff","W06000015","Total","Aged 55 - 59 years","Value",20240
"2024","Cardiff","W06000015","Total","Aged 60 - 64 years","Value",19021
"2024","Cardiff","W06000015","Total","Aged 65 - 69 years","Value",16006
"2024","Cardiff","W06000015","Total","Aged 70 - 74 years","Value",13641
"2024","Cardiff","W06000015","Total","Aged 75 - 79 years","Value",11697
"2024","Cardiff","W06000015","Total","Aged 80 - 84 years","Value",7271
"2024","Cardiff","W06000015","Total","Aged 85 and over","Value",7492
"2024","Rhondda Cynon Taf","W06000016","Total","All ages","Value",241793
"2024","Rhondda Cynon Taf","W06000016","Total","Aged under 1 year","Value",2154
"2024","Rhondda Cynon Taf","W06000016","Total","Aged 1 - 4 years","Value",9504
"2024","Rhondda Cynon Taf","W06000016","Total","Aged 5 - 9 years","Value",13438
"2024","Rhondda Cynon Taf","W06000016","Total","Aged 10 - 14 years","Value",14606
"2024","Rhondda Cynon Taf","W06000016","Total","Aged 15 - 19 years","Value",13624
"2024","Rhondda Cynon Taf","W06000016","Total","Aged 20 - 24 years","Value",13379
"2024","Rhondda Cynon Taf","W06000016","Total","Aged 25 - 29 years","Value",15615
"2024","Rhondda Cynon Taf","W06000016","Total","Aged 30 - 34 years","Value",16797
"2024","Rhondda Cynon Taf","W06000016","Total","Aged 35 - 39 years","Value",16767
"2024","Rhondda Cynon Taf","W06000016","Total","Aged 40 - 44 years","Value",15580
"2024","Rhondda Cynon Taf","W06000016","Total","Aged 45 - 49 years","Value",13355
"2024","Rhondda Cynon Taf","W06000016","Total","Aged 50 - 54 years","Value",15879
"2024","Rhondda Cynon Taf","W06000016","Total","Aged 55 - 59 years","Value",16815
"2024","Rhondda Cynon Taf","W06000016","Total","Aged 60 - 64 years","Value",15638
"2024","Rhondda Cynon Taf","W06000016","Total","Aged 65 - 69 years","Value",13317
"2024","Rhondda Cynon Taf","W06000016","Total","Aged 70 - 74 years","Value",11868
"2024","Rhondda Cynon Taf","W06000016","Total","Aged 75 - 79 years","Value",11247
"2024","Rhondda Cynon Taf","W06000016","Total","Aged 80 - 84 years","Value",6548
"2024","Rhondda Cynon Taf","W06000016","Total","Aged 85 and over","Value",5662
"2024","Caerphilly","W06000018","Total","All ages","Value",176232
"2024","Caerphilly","W06000018","Total","Aged under 1 year","Value",1527
"2024","Caerphilly","W06000018","Total","Aged 1 - 4 years","Value",6826
"2024","Caerphilly","W06000018","Total","Aged 5 - 9 years","Value",10090
"2024","Caerphilly","W06000018","Total","Aged 10 - 14 years","Value",10789
"2024","Caerphilly","W06000018","Total","Aged 15 - 19 years","Value",9791
"2024","Caerphilly","W06000018","Total","Aged 20 - 24 years","Value",8479
"2024","Caerphilly","W06000018","Total","Aged 25 - 29 years","Value",10553
"2024","Caerphilly","W06000018","Total","Aged 30 - 34 years","Value",11712
"2024","Caerphilly","W06000018","Total","Aged 35 - 39 years","Value",12020
"2024","Caerphilly","W06000018","Total","Aged 40 - 44 years","Value",11222
"2024","Caerphilly","W06000018","Total","Aged 45 - 49 years","Value",10046
"2024","Caerphilly","W06000018","Total","Aged 50 - 54 years","Value",11758
"2024","Caerphilly","W06000018","Total","Aged 55 - 59 years","Value",12781
"2024","Caerphilly","W06000018","Total","Aged 60 - 64 years","Value",11935
"2024","Caerphilly","W06000018","Total","Aged 65 - 69 years","Value",10040
"2024","Caerphilly","W06000018","Total","Aged 70 - 74 years","Value",9236
"2024","Caerphilly","W06000018","Total","Aged 75 - 79 years","Value",8335
"2024","Caerphilly","W06000018","Total","Aged 80 - 84 years","Value",5022
"2024","Caerphilly","W06000018","Total","Aged 85 and over","Value",4070
"2024","Blaenau Gwent","W06000019","Total","All ages","Value",67712
"2024","Blaenau Gwent","W06000019","Total","Aged under 1 year","Value",645
"2024","Blaenau Gwent","W06000019","Total","Aged 1 - 4 years","Value",2798
"2024","Blaenau Gwent","W06000019","Total","Aged 5 - 9 years","Value",3688
"2024","Blaenau Gwent","W06000019","Total","Aged 10 - 14 years","Value",3945
"2024","Blaenau Gwent","W06000019","Total","Aged 15 - 19 years","Value",3531
"2024","Blaenau Gwent","W06000019","Total","Aged 20 - 24 years","Value",3205
"2024","Blaenau Gwent","W06000019","Total","Aged 25 - 29 years","Value",4140
"2024","Blaenau Gwent","W06000019","Total","Aged 30 - 34 years","Value",4812
"2024","Blaenau Gwent","W06000019","Total","Aged 35 - 39 years","Value",4572
"2024","Blaenau Gwent","W06000019","Total","Aged 40 - 44 years","Value",4042
"2024","Blaenau Gwent","W06000019","Total","Aged 45 - 49 years","Value",3603
"2024","Blaenau Gwent","W06000019","Total","Aged 50 - 54 years","Value",4579
"2024","Blaenau Gwent","W06000019","Total","Aged 55 - 59 years","Value",5274
"2024","Blaenau Gwent","W06000019","Total","Aged 60 - 64 years","Value",4788
"2024","Blaenau Gwent","W06000019","Total","Aged 65 - 69 years","Value",3885
"2024","Blaenau Gwent","W06000019","Total","Aged 70 - 74 years","Value",3475
"2024","Blaenau Gwent","W06000019","Total","Aged 75 - 79 years","Value",3200
"2024","Blaenau Gwent","W06000019","Total","Aged 80 - 84 years","Value",1973
"2024","Blaenau Gwent","W06000019","Total","Aged 85 and over","Value",1557
"2024","Torfaen","W06000020","Total","All ages","Value",94034
"2024","Torfaen","W06000020","Total","Aged under 1 year","Value",925
"2024","Torfaen","W06000020","Total","Aged 1 - 4 years","Value",3918
"2024","Torfaen","W06000020","Total","Aged 5 - 9 years","Value",5350
"2024","Torfaen","W06000020","Total","Aged 10 - 14 years","Value",5788
"2024","Torfaen","W06000020","Total","Aged 15 - 19 years","Value",5382
"2024","Torfaen","W06000020","Total","Aged 20 - 24 years","Value",4305
"2024","Torfaen","W06000020","Total","Aged 25 - 29 years","Value",5745
"2024","Torfaen","W06000020","Total","Aged 30 - 34 years","Value",6414
"2024","Torfaen","W06000020","Total","Aged 35 - 39 years","Value",6487
"2024","Torfaen","W06000020","Total","Aged 40 - 44 years","Value",5743
"2024","Torfaen","W06000020","Total","Aged 45 - 49 years","Value",5054
"2024","Torfaen","W06000020","Total","Aged 50 - 54 years","Value",5923
"2024","Torfaen","W06000020","Total","Aged 55 - 59 years","Value",6607
"2024","Torfaen","W06000020","Total","Aged 60 - 64 years","Value",6428
"2024","Torfaen","W06000020","Total","Aged 65 - 69 years","Value",5305
"2024","Torfaen","W06000020","Total","Aged 70 - 74 years","Value",4913
"2024","Torfaen","W06000020","Total","Aged 75 - 79 years","Value",4385
"2024","Torfaen","W06000020","Total","Aged 80 - 84 years","Value",2828
"2024","Torfaen","W06000020","Total","Aged 85 and over","Value",2534
"2024","Monmouthshire","W06000021","Total","All ages","Value",95098
"2024","Monmouthshire","W06000021","Total","Aged under 1 year","Value",706
"2024","Monmouthshire","W06000021","Total","Aged 1 - 4 years","Value",3299
"2024","Monmouthshire","W06000021","Total","Aged 5 - 9 years","Value",4602
"2024","Monmouthshire","W06000021","Total","Aged 10 - 14 years","Value",5109
"2024","Monmouthshire","W06000021","Total","Aged 15 - 19 years","Value",4728
"2024","Monmouthshire","W06000021","Total","Aged 20 - 24 years","Value",3497
"2024","Monmouthshire","W06000021","Total","Aged 25 - 29 years","Value",4535
"2024","Monmouthshire","W06000021","Total","Aged 30 - 34 years","Value",5163
"2024","Monmouthshire","W06000021","Total","Aged 35 - 39 years","Value",5368
"2024","Monmouthshire","W06000021","Total","Aged 40 - 44 years","Value",5467
"2024","Monmouthshire","W06000021","Total","Aged 45 - 49 years","Value",5347
"2024","Monmouthshire","W06000021","Total","Aged 50 - 54 years","Value",6679
"2024","Monmouthshire","W06000021","Total","Aged 55 - 59 years","Value",7734
"2024","Monmouthshire","W06000021","Total","Aged 60 - 64 years","Value",7552
"2024","Monmouthshire","W06000021","Total","Aged 65 - 69 years","Value",6318
"2024","Monmouthshire","W06000021","Total","Aged 70 - 74 years","Value",6076
"2024","Monmouthshire","W06000021","Total","Aged 75 - 79 years","Value",5648
"2024","Monmouthshire","W06000021","Total","Aged 80 - 84 years","Value",3784
"2024","Monmouthshire","W06000021","Total","Aged 85 and over","Value",3486
"2024","Newport","W06000022","Total","All ages","Value",167405
"2024","Newport","W06000022","Total","Aged under 1 year","Value",1915
"2024","Newport","W06000022","Total","Aged 1 - 4 years","Value",8028
"2024","Newport","W06000022","Total","Aged 5 - 9 years","Value",10808
"2024","Newport","W06000022","Total","Aged 10 - 14 years","Value",10639
"2024","Newport","W06000022","Total","Aged 15 - 19 years","Value",9446
"2024","Newport","W06000022","Total","Aged 20 - 24 years","Value",8188
"2024","Newport","W06000022","Total","Aged 25 - 29 years","Value",11456
"2024","Newport","W06000022","Total","Aged 30 - 34 years","Value",13445
"2024","Newport","W06000022","Total","Aged 35 - 39 years","Value",13316
"2024","Newport","W06000022","Total","Aged 40 - 44 years","Value",11389
"2024","Newport","W06000022","Total","Aged 45 - 49 years","Value",9695
"2024","Newport","W06000022","Total","Aged 50 - 54 years","Value",10214
"2024","Newport","W06000022","Total","Aged 55 - 59 years","Value",10785
"2024","Newport","W06000022","Total","Aged 60 - 64 years","Value",9806
"2024","Newport","W06000022","Total","Aged 65 - 69 years","Value",7792
"2024","Newport","W06000022","Total","Aged 70 - 74 years","Value",6708
"2024","Newport","W06000022","Total","Aged 75 - 79 years","Value",6217
"2024","Newport","W06000022","Total","Aged 80 - 84 years","Value",3974
"2024","Newport","W06000022","Total","Aged 85 and over","Value",3584
"2024","Powys","W06000023","Total","All ages","Value",134855
"2024","Powys","W06000023","Total","Aged under 1 year","Value",948
"2024","Powys","W06000023","Total","Aged 1 - 4 years","Value",4380
"2024","Powys","W06000023","Total","Aged 5 - 9 years","Value",6516
"2024","Powys","W06000023","Total","Aged 10 - 14 years","Value",7095
"2024","Powys","W06000023","Total","Aged 15 - 19 years","Value",6506
"2024","Powys","W06000023","Total","Aged 20 - 24 years","Value",4967
"2024","Powys","W06000023","Total","Aged 25 - 29 years","Value",6423
"2024","Powys","W06000023","Total","Aged 30 - 34 years","Value",6928
"2024","Powys","W06000023","Total","Aged 35 - 39 years","Value",7054
"2024","Powys","W06000023","Total","Aged 40 - 44 years","Value",6874
"2024","Powys","W06000023","Total","Aged 45 - 49 years","Value",6980
"2024","Powys","W06000023","Total","Aged 50 - 54 years","Value",9002
"2024","Powys","W06000023","Total","Aged 55 - 59 years","Value",10846
"2024","Powys","W06000023","Total","Aged 60 - 64 years","Value",11227
"2024","Powys","W06000023","Total","Aged 65 - 69 years","Value",10221
"2024","Powys","W06000023","Total","Aged 70 - 74 years","Value",9452
"2024","Powys","W06000023","Total","Aged 75 - 79 years","Value",8688
"2024","Powys","W06000023","Total","Aged 80 - 84 years","Value",5694
"2024","Powys","W06000023","Total","Aged 85 and over","Value",5054
"2024","Merthyr Tydfil","W06000024","Total","All ages","Value",58722
"2024","Merthyr Tydfil","W06000024","Total","Aged under 1 year","Value",585
"2024","Merthyr Tydfil","W06000024","Total","Aged 1 - 4 years","Value",2484
"2024","Merthyr Tydfil","W06000024","Total","Aged 5 - 9 years","Value",3620
"2024","Merthyr Tydfil","W06000024","Total","Aged 10 - 14 years","Value",3600
"2024","Merthyr Tydfil","W06000024","Total","Aged 15 - 19 years","Value",3242
"2024","Merthyr Tydfil","W06000024","Total","Aged 20 - 24 years","Value",2842
"2024","Merthyr Tydfil","W06000024","Total","Aged 25 - 29 years","Value",3534
"2024","Merthyr Tydfil","W06000024","Total","Aged 30 - 34 years","Value",4041
"2024","Merthyr Tydfil","W06000024","Total","Aged 35 - 39 years","Value",4237
"2024","Merthyr Tydfil","W06000024","Total","Aged 40 - 44 years","Value",3850
"2024","Merthyr Tydfil","W06000024","Total","Aged 45 - 49 years","Value",3174
"2024","Merthyr Tydfil","W06000024","Total","Aged 50 - 54 years","Value",3701
"2024","Merthyr Tydfil","W06000024","Total","Aged 55 - 59 years","Value",4168
"2024","Merthyr Tydfil","W06000024","Total","Aged 60 - 64 years","Value",4067
"2024","Merthyr Tydfil","W06000024","Total","Aged 65 - 69 years","Value",3314
"2024","Merthyr Tydfil","W06000024","Total","Aged 70 - 74 years","Value",2900
"2024","Merthyr Tydfil","W06000024","Total","Aged 75 - 79 years","Value",2521
"2024","Merthyr Tydfil","W06000024","Total","Aged 80 - 84 years","Value",1523
"2024","Merthyr Tydfil","W06000024","Total","Aged 85 and over","Value",1319
"2024","Clackmannanshire","S12000005","Total","All ages","Value",51970
"2024","Clackmannanshire","S12000005","Total","Aged under 1 year","Value",439
"2024","Clackmannanshire","S12000005","Total","Aged 1 - 4 years","Value",1844
"2024","Clackmannanshire","S12000005","Total","Aged 5 - 9 years","Value",2621
"2024","Clackmannanshire","S12000005","Total","Aged 10 - 14 years","Value",3029
"2024","Clackmannanshire","S12000005","Total","Aged 15 - 19 years","Value",3023
"2024","Clackmannanshire","S12000005","Total","Aged 20 - 24 years","Value",2428
"2024","Clackmannanshire","S12000005","Total","Aged 25 - 29 years","Value",2772
"2024","Clackmannanshire","S12000005","Total","Aged 30 - 34 years","Value",3246
"2024","Clackmannanshire","S12000005","Total","Aged 35 - 39 years","Value",3219
"2024","Clackmannanshire","S12000005","Total","Aged 40 - 44 years","Value",3156
"2024","Clackmannanshire","S12000005","Total","Aged 45 - 49 years","Value",3079
"2024","Clackmannanshire","S12000005","Total","Aged 50 - 54 years","Value",3784
"2024","Clackmannanshire","S12000005","Total","Aged 55 - 59 years","Value",4217
"2024","Clackmannanshire","S12000005","Total","Aged 60 - 64 years","Value",3943
"2024","Clackmannanshire","S12000005","Total","Aged 65 - 69 years","Value",3260
"2024","Clackmannanshire","S12000005","Total","Aged 70 - 74 years","Value",2859
"2024","Clackmannanshire","S12000005","Total","Aged 75 - 79 years","Value",2563
"2024","Clackmannanshire","S12000005","Total","Aged 80 - 84 years","Value",1429
"2024","Clackmannanshire","S12000005","Total","Aged 85 and over","Value",1059
"2024","Dumfries and Galloway","S12000006","Total","All ages","Value",145930
"2024","Dumfries and Galloway","S12000006","Total","Aged under 1 year","Value",1110
"2024","Dumfries and Galloway","S12000006","Total","Aged 1 - 4 years","Value",4591
"2024","Dumfries and Galloway","S12000006","Total","Aged 5 - 9 years","Value",6726
"2024","Dumfries and Galloway","S12000006","Total","Aged 10 - 14 years","Value",7633
"2024","Dumfries and Galloway","S12000006","Total","Aged 15 - 19 years","Value",7714
"2024","Dumfries and Galloway","S12000006","Total","Aged 20 - 24 years","Value",5770
"2024","Dumfries and Galloway","S12000006","Total","Aged 25 - 29 years","Value",6697
"2024","Dumfries and Galloway","S12000006","Total","Aged 30 - 34 years","Value",7367
"2024","Dumfries and Galloway","S12000006","Total","Aged 35 - 39 years","Value",7682
"2024","Dumfries and Galloway","S12000006","Total","Aged 40 - 44 years","Value",7516
"2024","Dumfries and Galloway","S12000006","Total","Aged 45 - 49 years","Value",7381
"2024","Dumfries and Galloway","S12000006","Total","Aged 50 - 54 years","Value",9830
"2024","Dumfries and Galloway","S12000006","Total","Aged 55 - 59 years","Value",12196
"2024","Dumfries and Galloway","S12000006","Total","Aged 60 - 64 years","Value",12780
"2024","Dumfries and Galloway","S12000006","Total","Aged 65 - 69 years","Value",11240
"2024","Dumfries and Galloway","S12000006","Total","Aged 70 - 74 years","Value",9928
"2024","Dumfries and Galloway","S12000006","Total","Aged 75 - 79 years","Value",8966
"2024","Dumfries and Galloway","S12000006","Total","Aged 80 - 84 years","Value",5827
"2024","Dumfries and Galloway","S12000006","Total","Aged 85 and over","Value",4976
"2024","East Ayrshire","S12000008","Total","All ages","Value",121320
"2024","East Ayrshire","S12000008","Total","Aged under 1 year","Value",1073
"2024","East Ayrshire","S12000008","Total","Aged 1 - 4 years","Value",4486
"2024","East Ayrshire","S12000008","Total","Aged 5 - 9 years","Value",6427
"2024","East Ayrshire","S12000008","Total","Aged 10 - 14 years","Value",6858
"2024","East Ayrshire","S12000008","Total","Aged 15 - 19 years","Value",6525
"2024","East Ayrshire","S12000008","Total","Aged 20 - 24 years","Value",5928
"2024","East Ayrshire","S12000008","Total","Aged 25 - 29 years","Value",6184
"2024","East Ayrshire","S12000008","Total","Aged 30 - 34 years","Value",7429
"2024","East Ayrshire","S12000008","Total","Aged 35 - 39 years","Value",7494
"2024","East Ayrshire","S12000008","Total","Aged 40 - 44 years","Value",7308
"2024","East Ayrshire","S12000008","Total","Aged 45 - 49 years","Value",7006
"2024","East Ayrshire","S12000008","Total","Aged 50 - 54 years","Value",8593
"2024","East Ayrshire","S12000008","Total","Aged 55 - 59 years","Value",9916
"2024","East Ayrshire","S12000008","Total","Aged 60 - 64 years","Value",9164
"2024","East Ayrshire","S12000008","Total","Aged 65 - 69 years","Value",8029
"2024","East Ayrshire","S12000008","Total","Aged 70 - 74 years","Value",6752
"2024","East Ayrshire","S12000008","Total","Aged 75 - 79 years","Value",5858
"2024","East Ayrshire","S12000008","Total","Aged 80 - 84 years","Value",3462
"2024","East Ayrshire","S12000008","Total","Aged 85 and over","Value",2828
"2024","East Lothian","S12000010","Total","All ages","Value",115180
"2024","East Lothian","S12000010","Total","Aged under 1 year","Value",967
"2024","East Lothian","S12000010","Total","Aged 1 - 4 years","Value",4443
"2024","East Lothian","S12000010","Total","Aged 5 - 9 years","Value",6424
"2024","East Lothian","S12000010","Total","Aged 10 - 14 years","Value",6939
"2024","East Lothian","S12000010","Total","Aged 15 - 19 years","Value",6672
"2024","East Lothian","S12000010","Total","Aged 20 - 24 years","Value",5249
"2024","East Lothian","S12000010","Total","Aged 25 - 29 years","Value",5405
"2024","East Lothian","S12000010","Total","Aged 30 - 34 years","Value",6843
"2024","East Lothian","S12000010","Total","Aged 35 - 39 years","Value",7391
"2024","East Lothian","S12000010","Total","Aged 40 - 44 years","Value",7287
"2024","East Lothian","S12000010","Total","Aged 45 - 49 years","Value",7073
"2024","East Lothian","S12000010","Total","Aged 50 - 54 years","Value",8073
"2024","East Lothian","S12000010","Total","Aged 55 - 59 years","Value",8716
"2024","East Lothian","S12000010","Total","Aged 60 - 64 years","Value",8528
"2024","East Lothian","S12000010","Total","Aged 65 - 69 years","Value",7230
"2024","East Lothian","S12000010","Total","Aged 70 - 74 years","Value",5969
"2024","East Lothian","S12000010","Total","Aged 75 - 79 years","Value",5370
"2024","East Lothian","S12000010","Total","Aged 80 - 84 years","Value",3516
"2024","East Lothian","S12000010","Total","Aged 85 and over","Value",3085
"2024","East Renfrewshire","S12000011","Total","All ages","Value",99440
"2024","East Renfrewshire","S12000011","Total","Aged under 1 year","Value",823
"2024","East Renfrewshire","S12000011","Total","Aged 1 - 4 years","Value",3896
"2024","East Renfrewshire","S12000011","Total","Aged 5 - 9 years","Value",6424
"2024","East Renfrewshire","S12000011","Total","Aged 10 - 14 years","Value",7474
"2024","East Renfrewshire","S12000011","Total","Aged 15 - 19 years","Value",6300
"2024","East Renfrewshire","S12000011","Total","Aged 20 - 24 years","Value",4587
"2024","East Renfrewshire","S12000011","Total","Aged 25 - 29 years","Value",3901
"2024","East Renfrewshire","S12000011","Total","Aged 30 - 34 years","Value",4350
"2024","East Renfrewshire","S12000011","Total","Aged 35 - 39 years","Value",6084
"2024","East Renfrewshire","S12000011","Total","Aged 40 - 44 years","Value",6829
"2024","East Renfrewshire","S12000011","Total","Aged 45 - 49 years","Value",6651
"2024","East Renfrewshire","S12000011","Total","Aged 50 - 54 years","Value",6593
"2024","East Renfrewshire","S12000011","Total","Aged 55 - 59 years","Value",6853
"2024","East Renfrewshire","S12000011","Total","Aged 60 - 64 years","Value",6668
"2024","East Renfrewshire","S12000011","Total","Aged 65 - 69 years","Value",6154
"2024","East Renfrewshire","S12000011","Total","Aged 70 - 74 years","Value",5016
"2024","East Renfrewshire","S12000011","Total","Aged 75 - 79 years","Value",4502
"2024","East Renfrewshire","S12000011","Total","Aged 80 - 84 years","Value",3049
"2024","East Renfrewshire","S12000011","Total","Aged 85 and over","Value",3286
"2024","Na h-Eileanan Siar","S12000013","Total","All ages","Value",25930
"2024","Na h-Eileanan Siar","S12000013","Total","Aged under 1 year","Value",174
"2024","Na h-Eileanan Siar","S12000013","Total","Aged 1 - 4 years","Value",759
"2024","Na h-Eileanan Siar","S12000013","Total","Aged 5 - 9 years","Value",1205
"2024","Na h-Eileanan Siar","S12000013","Total","Aged 10 - 14 years","Value",1362
"2024","Na h-Eileanan Siar","S12000013","Total","Aged 15 - 19 years","Value",1303
"2024","Na h-Eileanan Siar","S12000013","Total","Aged 20 - 24 years","Value",903
"2024","Na h-Eileanan Siar","S12000013","Total","Aged 25 - 29 years","Value",1055
"2024","Na h-Eileanan Siar","S12000013","Total","Aged 30 - 34 years","Value",1212
"2024","Na h-Eileanan Siar","S12000013","Total","Aged 35 - 39 years","Value",1350
"2024","Na h-Eileanan Siar","S12000013","Total","Aged 40 - 44 years","Value",1409
"2024","Na h-Eileanan Siar","S12000013","Total","Aged 45 - 49 years","Value",1634
"2024","Na h-Eileanan Siar","S12000013","Total","Aged 50 - 54 years","Value",1929
"2024","Na h-Eileanan Siar","S12000013","Total","Aged 55 - 59 years","Value",2287
"2024","Na h-Eileanan Siar","S12000013","Total","Aged 60 - 64 years","Value",2214
"2024","Na h-Eileanan Siar","S12000013","Total","Aged 65 - 69 years","Value",1984
"2024","Na h-Eileanan Siar","S12000013","Total","Aged 70 - 74 years","Value",1741
"2024","Na h-Eileanan Siar","S12000013","Total","Aged 75 - 79 years","Value",1480
"2024","Na h-Eileanan Siar","S12000013","Total","Aged 80 - 84 years","Value",1034
"2024","Na h-Eileanan Siar","S12000013","Total","Aged 85 and over","Value",895
"2024","Falkirk","S12000014","Total","All ages","Value",159850
"2024","Falkirk","S12000014","Total","Aged under 1 year","Value",1329
"2024","Falkirk","S12000014","Total","Aged 1 - 4 years","Value",5858
"2024","Falkirk","S12000014","Total","Aged 5 - 9 years","Value",8280
"2024","Falkirk","S12000014","Total","Aged 10 - 14 years","Value",9185
"2024","Falkirk","S12000014","Total","Aged 15 - 19 years","Value",9056
"2024","Falkirk","S12000014","Total","Aged 20 - 24 years","Value",7934
"2024","Falkirk","S12000014","Total","Aged 25 - 29 years","Value",9103
"2024","Falkirk","S12000014","Total","Aged 30 - 34 years","Value",10513
"2024","Falkirk","S12000014","Total","Aged 35 - 39 years","Value",10240
"2024","Falkirk","S12000014","Total","Aged 40 - 44 years","Value",10469
"2024","Falkirk","S12000014","Total","Aged 45 - 49 years","Value",10071
"2024","Falkirk","S12000014","Total","Aged 50 - 54 years","Value",11765
"2024","Falkirk","S12000014","Total","Aged 55 - 59 years","Value",12426
"2024","Falkirk","S12000014","Total","Aged 60 - 64 years","Value",11535
"2024","Falkirk","S12000014","Total","Aged 65 - 69 years","Value",9428
"2024","Falkirk","S12000014","Total","Aged 70 - 74 years","Value",7952
"2024","Falkirk","S12000014","Total","Aged 75 - 79 years","Value",6948
"2024","Falkirk","S12000014","Total","Aged 80 - 84 years","Value",4206
"2024","Falkirk","S12000014","Total","Aged 85 and over","Value",3552
"2024","Highland","S12000017","Total","All ages","Value",237570
"2024","Highland","S12000017","Total","Aged under 1 year","Value",1850
"2024","Highland","S12000017","Total","Aged 1 - 4 years","Value",7853
"2024","Highland","S12000017","Total","Aged 5 - 9 years","Value",11464
"2024","Highland","S12000017","Total","Aged 10 - 14 years","Value",12768
"2024","Highland","S12000017","Total","Aged 15 - 19 years","Value",12486
"2024","Highland","S12000017","Total","Aged 20 - 24 years","Value",10073
"2024","Highland","S12000017","Total","Aged 25 - 29 years","Value",11426
"2024","Highland","S12000017","Total","Aged 30 - 34 years","Value",13305
"2024","Highland","S12000017","Total","Aged 35 - 39 years","Value",14067
"2024","Highland","S12000017","Total","Aged 40 - 44 years","Value",14762
"2024","Highland","S12000017","Total","Aged 45 - 49 years","Value",14000
"2024","Highland","S12000017","Total","Aged 50 - 54 years","Value",16683
"2024","Highland","S12000017","Total","Aged 55 - 59 years","Value",19356
"2024","Highland","S12000017","Total","Aged 60 - 64 years","Value",18950
"2024","Highland","S12000017","Total","Aged 65 - 69 years","Value",16590
"2024","Highland","S12000017","Total","Aged 70 - 74 years","Value",14600
"2024","Highland","S12000017","Total","Aged 75 - 79 years","Value",12504
"2024","Highland","S12000017","Total","Aged 80 - 84 years","Value",7984
"2024","Highland","S12000017","Total","Aged 85 and over","Value",6849
"2024","Inverclyde","S12000018","Total","All ages","Value",78740
"2024","Inverclyde","S12000018","Total","Aged under 1 year","Value",630
"2024","Inverclyde","S12000018","Total","Aged 1 - 4 years","Value",2647
"2024","Inverclyde","S12000018","Total","Aged 5 - 9 years","Value",3788
"2024","Inverclyde","S12000018","Total","Aged 10 - 14 years","Value",4164
"2024","Inverclyde","S12000018","Total","Aged 15 - 19 years","Value",4058
"2024","Inverclyde","S12000018","Total","Aged 20 - 24 years","Value",3932
"2024","Inverclyde","S12000018","Total","Aged 25 - 29 years","Value",4395
"2024","Inverclyde","S12000018","Total","Aged 30 - 34 years","Value",4631
"2024","Inverclyde","S12000018","Total","Aged 35 - 39 years","Value",4689
"2024","Inverclyde","S12000018","Total","Aged 40 - 44 years","Value",4695
"2024","Inverclyde","S12000018","Total","Aged 45 - 49 years","Value",4456
"2024","Inverclyde","S12000018","Total","Aged 50 - 54 years","Value",5260
"2024","Inverclyde","S12000018","Total","Aged 55 - 59 years","Value",6468
"2024","Inverclyde","S12000018","Total","Aged 60 - 64 years","Value",6746
"2024","Inverclyde","S12000018","Total","Aged 65 - 69 years","Value",5460
"2024","Inverclyde","S12000018","Total","Aged 70 - 74 years","Value",4463
"2024","Inverclyde","S12000018","Total","Aged 75 - 79 years","Value",3719
"2024","Inverclyde","S12000018","Total","Aged 80 - 84 years","Value",2366
"2024","Inverclyde","S12000018","Total","Aged 85 and over","Value",2173
"2024","Midlothian","S12000019","Total","All ages","Value",99720
"2024","Midlothian","S12000019","Total","Aged under 1 year","Value",989
"2024","Midlothian","S12000019","Total","Aged 1 - 4 years","Value",4441
"2024","Midlothian","S12000019","Total","Aged 5 - 9 years","Value",6113
"2024","Midlothian","S12000019","Total","Aged 10 - 14 years","Value",6024
"2024","Midlothian","S12000019","Total","Aged 15 - 19 years","Value",5232
"2024","Midlothian","S12000019","Total","Aged 20 - 24 years","Value",4699
"2024","Midlothian","S12000019","Total","Aged 25 - 29 years","Value",5330
"2024","Midlothian","S12000019","Total","Aged 30 - 34 years","Value",7023
"2024","Midlothian","S12000019","Total","Aged 35 - 39 years","Value",7465
"2024","Midlothian","S12000019","Total","Aged 40 - 44 years","Value",6985
"2024","Midlothian","S12000019","Total","Aged 45 - 49 years","Value",5995
"2024","Midlothian","S12000019","Total","Aged 50 - 54 years","Value",6653
"2024","Midlothian","S12000019","Total","Aged 55 - 59 years","Value",6823
"2024","Midlothian","S12000019","Total","Aged 60 - 64 years","Value",6541
"2024","Midlothian","S12000019","Total","Aged 65 - 69 years","Value",5661
"2024","Midlothian","S12000019","Total","Aged 70 - 74 years","Value",4733
"2024","Midlothian","S12000019","Total","Aged 75 - 79 years","Value",4375
"2024","Midlothian","S12000019","Total","Aged 80 - 84 years","Value",2556
"2024","Midlothian","S12000019","Total","Aged 85 and over","Value",2082
"2024","Moray","S12000020","Total","All ages","Value",94890
"2024","Moray","S12000020","Total","Aged under 1 year","Value",763
"2024","Moray","S12000020","Total","Aged 1 - 4 years","Value",3342
"2024","Moray","S12000020","Total","Aged 5 - 9 years","Value",4730
"2024","Moray","S12000020","Total","Aged 10 - 14 years","Value",5331
"2024","Moray","S12000020","Total","Aged 15 - 19 years","Value",5544
"2024","Moray","S12000020","Total","Aged 20 - 24 years","Value",4377
"2024","Moray","S12000020","Total","Aged 25 - 29 years","Value",5008
"2024","Moray","S12000020","Total","Aged 30 - 34 years","Value",5458
"2024","Moray","S12000020","Total","Aged 35 - 39 years","Value",5767
"2024","Moray","S12000020","Total","Aged 40 - 44 years","Value",5352
"2024","Moray","S12000020","Total","Aged 45 - 49 years","Value",5444
"2024","Moray","S12000020","Total","Aged 50 - 54 years","Value",6618
"2024","Moray","S12000020","Total","Aged 55 - 59 years","Value",7554
"2024","Moray","S12000020","Total","Aged 60 - 64 years","Value",7187
"2024","Moray","S12000020","Total","Aged 65 - 69 years","Value",6470
"2024","Moray","S12000020","Total","Aged 70 - 74 years","Value",5434
"2024","Moray","S12000020","Total","Aged 75 - 79 years","Value",4754
"2024","Moray","S12000020","Total","Aged 80 - 84 years","Value",3080
"2024","Moray","S12000020","Total","Aged 85 and over","Value",2677
"2024","North Ayrshire","S12000021","Total","All ages","Value",133830
"2024","North Ayrshire","S12000021","Total","Aged under 1 year","Value",1017
"2024","North Ayrshire","S12000021","Total","Aged 1 - 4 years","Value",4494
"2024","North Ayrshire","S12000021","Total","Aged 5 - 9 years","Value",6361
"2024","North Ayrshire","S12000021","Total","Aged 10 - 14 years","Value",7463
"2024","North Ayrshire","S12000021","Total","Aged 15 - 19 years","Value",7378
"2024","North Ayrshire","S12000021","Total","Aged 20 - 24 years","Value",6579
"2024","North Ayrshire","S12000021","Total","Aged 25 - 29 years","Value",6661
"2024","North Ayrshire","S12000021","Total","Aged 30 - 34 years","Value",7327
"2024","North Ayrshire","S12000021","Total","Aged 35 - 39 years","Value",7498
"2024","North Ayrshire","S12000021","Total","Aged 40 - 44 years","Value",7600
"2024","North Ayrshire","S12000021","Total","Aged 45 - 49 years","Value",7498
"2024","North Ayrshire","S12000021","Total","Aged 50 - 54 years","Value",9291
"2024","North Ayrshire","S12000021","Total","Aged 55 - 59 years","Value",10869
"2024","North Ayrshire","S12000021","Total","Aged 60 - 64 years","Value",10727
"2024","North Ayrshire","S12000021","Total","Aged 65 - 69 years","Value",9735
"2024","North Ayrshire","S12000021","Total","Aged 70 - 74 years","Value",8201
"2024","North Ayrshire","S12000021","Total","Aged 75 - 79 years","Value",7275
"2024","North Ayrshire","S12000021","Total","Aged 80 - 84 years","Value",4414
"2024","North Ayrshire","S12000021","Total","Aged 85 and over","Value",3442
"2024","Orkney Islands","S12000023","Total","All ages","Value",22000
"2024","Orkney Islands","S12000023","Total","Aged under 1 year","Value",170
"2024","Orkney Islands","S12000023","Total","Aged 1 - 4 years","Value",769
"2024","Orkney Islands","S12000023","Total","Aged 5 - 9 years","Value",1061
"2024","Orkney Islands","S12000023","Total","Aged 10 - 14 years","Value",1193
"2024","Orkney Islands","S12000023","Total","Aged 15 - 19 years","Value",1137
"2024","Orkney Islands","S12000023","Total","Aged 20 - 24 years","Value",751
"2024","Orkney Islands","S12000023","Total","Aged 25 - 29 years","Value",968
"2024","Orkney Islands","S12000023","Total","Aged 30 - 34 years","Value",1292
"2024","Orkney Islands","S12000023","Total","Aged 35 - 39 years","Value",1270
"2024","Orkney Islands","S12000023","Total","Aged 40 - 44 years","Value",1203
"2024","Orkney Islands","S12000023","Total","Aged 45 - 49 years","Value",1231
"2024","Orkney Islands","S12000023","Total","Aged 50 - 54 years","Value",1567
"2024","Orkney Islands","S12000023","Total","Aged 55 - 59 years","Value",1848
"2024","Orkney Islands","S12000023","Total","Aged 60 - 64 years","Value",1849
"2024","Orkney Islands","S12000023","Total","Aged 65 - 69 years","Value",1538
"2024","Orkney Islands","S12000023","Total","Aged 70 - 74 years","Value",1369
"2024","Orkney Islands","S12000023","Total","Aged 75 - 79 years","Value",1226
"2024","Orkney Islands","S12000023","Total","Aged 80 - 84 years","Value",839
"2024","Orkney Islands","S12000023","Total","Aged 85 and over","Value",719
"2024","Scottish Borders","S12000026","Total","All ages","Value",117190
"2024","Scottish Borders","S12000026","Total","Aged under 1 year","Value",885
"2024","Scottish Borders","S12000026","Total","Aged 1 - 4 years","Value",3653
"2024","Scottish Borders","S12000026","Total","Aged 5 - 9 years","Value",5547
"2024","Scottish Borders","S12000026","Total","Aged 10 - 14 years","Value",6362
"2024","Scottish Borders","S12000026","Total","Aged 15 - 19 years","Value",6223
"2024","Scottish Borders","S12000026","Total","Aged 20 - 24 years","Value",4866
"2024","Scottish Borders","S12000026","Total","Aged 25 - 29 years","Value",5033
"2024","Scottish Borders","S12000026","Total","Aged 30 - 34 years","Value",5744
"2024","Scottish Borders","S12000026","Total","Aged 35 - 39 years","Value",6007
"2024","Scottish Borders","S12000026","Total","Aged 40 - 44 years","Value",6556
"2024","Scottish Borders","S12000026","Total","Aged 45 - 49 years","Value",6357
"2024","Scottish Borders","S12000026","Total","Aged 50 - 54 years","Value",8261
"2024","Scottish Borders","S12000026","Total","Aged 55 - 59 years","Value",9906
"2024","Scottish Borders","S12000026","Total","Aged 60 - 64 years","Value",9667
"2024","Scottish Borders","S12000026","Total","Aged 65 - 69 years","Value",8909
"2024","Scottish Borders","S12000026","Total","Aged 70 - 74 years","Value",7757
"2024","Scottish Borders","S12000026","Total","Aged 75 - 79 years","Value",7055
"2024","Scottish Borders","S12000026","Total","Aged 80 - 84 years","Value",4428
"2024","Scottish Borders","S12000026","Total","Aged 85 and over","Value",3974
"2024","Shetland Islands","S12000027","Total","All ages","Value",22800
"2024","Shetland Islands","S12000027","Total","Aged under 1 year","Value",190
"2024","Shetland Islands","S12000027","Total","Aged 1 - 4 years","Value",792
"2024","Shetland Islands","S12000027","Total","Aged 5 - 9 years","Value",1253
"2024","Shetland Islands","S12000027","Total","Aged 10 - 14 years","Value",1476
"2024","Shetland Islands","S12000027","Total","Aged 15 - 19 years","Value",1367
"2024","Shetland Islands","S12000027","Total","Aged 20 - 24 years","Value",954
"2024","Shetland Islands","S12000027","Total","Aged 25 - 29 years","Value",1099
"2024","Shetland Islands","S12000027","Total","Aged 30 - 34 years","Value",1369
"2024","Shetland Islands","S12000027","Total","Aged 35 - 39 years","Value",1397
"2024","Shetland Islands","S12000027","Total","Aged 40 - 44 years","Value",1358
"2024","Shetland Islands","S12000027","Total","Aged 45 - 49 years","Value",1403
"2024","Shetland Islands","S12000027","Total","Aged 50 - 54 years","Value",1604
"2024","Shetland Islands","S12000027","Total","Aged 55 - 59 years","Value",1704
"2024","Shetland Islands","S12000027","Total","Aged 60 - 64 years","Value",1644
"2024","Shetland Islands","S12000027","Total","Aged 65 - 69 years","Value",1433
"2024","Shetland Islands","S12000027","Total","Aged 70 - 74 years","Value",1240
"2024","Shetland Islands","S12000027","Total","Aged 75 - 79 years","Value",1123
"2024","Shetland Islands","S12000027","Total","Aged 80 - 84 years","Value",769
"2024","Shetland Islands","S12000027","Total","Aged 85 and over","Value",625
"2024","South Ayrshire","S12000028","Total","All ages","Value",112270
"2024","South Ayrshire","S12000028","Total","Aged under 1 year","Value",837
"2024","South Ayrshire","S12000028","Total","Aged 1 - 4 years","Value",3352
"2024","South Ayrshire","S12000028","Total","Aged 5 - 9 years","Value",5363
"2024","South Ayrshire","S12000028","Total","Aged 10 - 14 years","Value",5917
"2024","South Ayrshire","S12000028","Total","Aged 15 - 19 years","Value",5798
"2024","South Ayrshire","S12000028","Total","Aged 20 - 24 years","Value",4978
"2024","South Ayrshire","S12000028","Total","Aged 25 - 29 years","Value",5094
"2024","South Ayrshire","S12000028","Total","Aged 30 - 34 years","Value",5705
"2024","South Ayrshire","S12000028","Total","Aged 35 - 39 years","Value",6068
"2024","South Ayrshire","S12000028","Total","Aged 40 - 44 years","Value",6457
"2024","South Ayrshire","S12000028","Total","Aged 45 - 49 years","Value",6093
"2024","South Ayrshire","S12000028","Total","Aged 50 - 54 years","Value",7660
"2024","South Ayrshire","S12000028","Total","Aged 55 - 59 years","Value",8842
"2024","South Ayrshire","S12000028","Total","Aged 60 - 64 years","Value",9293
"2024","South Ayrshire","S12000028","Total","Aged 65 - 69 years","Value",8482
"2024","South Ayrshire","S12000028","Total","Aged 70 - 74 years","Value",7515
"2024","South Ayrshire","S12000028","Total","Aged 75 - 79 years","Value",6675
"2024","South Ayrshire","S12000028","Total","Aged 80 - 84 years","Value",4273
"2024","South Ayrshire","S12000028","Total","Aged 85 and over","Value",3868
"2024","South Lanarkshire","S12000029","Total","All ages","Value",333070
"2024","South Lanarkshire","S12000029","Total","Aged under 1 year","Value",3076
"2024","South Lanarkshire","S12000029","Total","Aged 1 - 4 years","Value",13000
"2024","South Lanarkshire","S12000029","Total","Aged 5 - 9 years","Value",17641
"2024","South Lanarkshire","S12000029","Total","Aged 10 - 14 years","Value",18532
"2024","South Lanarkshire","S12000029","Total","Aged 15 - 19 years","Value",17790
"2024","South Lanarkshire","S12000029","Total","Aged 20 - 24 years","Value",16824
"2024","South Lanarkshire","S12000029","Total","Aged 25 - 29 years","Value",18430
"2024","South Lanarkshire","S12000029","Total","Aged 30 - 34 years","Value",21480
"2024","South Lanarkshire","S12000029","Total","Aged 35 - 39 years","Value",21752
"2024","South Lanarkshire","S12000029","Total","Aged 40 - 44 years","Value",22099
"2024","South Lanarkshire","S12000029","Total","Aged 45 - 49 years","Value",19858
"2024","South Lanarkshire","S12000029","Total","Aged 50 - 54 years","Value",23003
"2024","South Lanarkshire","S12000029","Total","Aged 55 - 59 years","Value",25156
"2024","South Lanarkshire","S12000029","Total","Aged 60 - 64 years","Value",24642
"2024","South Lanarkshire","S12000029","Total","Aged 65 - 69 years","Value",21389
"2024","South Lanarkshire","S12000029","Total","Aged 70 - 74 years","Value",17182
"2024","South Lanarkshire","S12000029","Total","Aged 75 - 79 years","Value",14338
"2024","South Lanarkshire","S12000029","Total","Aged 80 - 84 years","Value",9068
"2024","South Lanarkshire","S12000029","Total","Aged 85 and over","Value",7810
"2024","Stirling","S12000030","Total","All ages","Value",94620
"2024","Stirling","S12000030","Total","Aged under 1 year","Value",683
"2024","Stirling","S12000030","Total","Aged 1 - 4 years","Value",3013
"2024","Stirling","S12000030","Total","Aged 5 - 9 years","Value",4523
"2024","Stirling","S12000030","Total","Aged 10 - 14 years","Value",5369
"2024","Stirling","S12000030","Total","Aged 15 - 19 years","Value",5803
"2024","Stirling","S12000030","Total","Aged 20 - 24 years","Value",7893
"2024","Stirling","S12000030","Total","Aged 25 - 29 years","Value",5528
"2024","Stirling","S12000030","Total","Aged 30 - 34 years","Value",5180
"2024","Stirling","S12000030","Total","Aged 35 - 39 years","Value",5265
"2024","Stirling","S12000030","Total","Aged 40 - 44 years","Value",5620
"2024","Stirling","S12000030","Total","Aged 45 - 49 years","Value",5666
"2024","Stirling","S12000030","Total","Aged 50 - 54 years","Value",6421
"2024","Stirling","S12000030","Total","Aged 55 - 59 years","Value",7187
"2024","Stirling","S12000030","Total","Aged 60 - 64 years","Value",6557
"2024","Stirling","S12000030","Total","Aged 65 - 69 years","Value",5428
"2024","Stirling","S12000030","Total","Aged 70 - 74 years","Value",4760
"2024","Stirling","S12000030","Total","Aged 75 - 79 years","Value",4406
"2024","Stirling","S12000030","Total","Aged 80 - 84 years","Value",2791
"2024","Stirling","S12000030","Total","Aged 85 and over","Value",2527
"2024","Aberdeen City","S12000033","Total","All ages","Value",231320
"2024","Aberdeen City","S12000033","Total","Aged under 1 year","Value",2001
"2024","Aberdeen City","S12000033","Total","Aged 1 - 4 years","Value",8527
"2024","Aberdeen City","S12000033","Total","Aged 5 - 9 years","Value",12123
"2024","Aberdeen City","S12000033","Total","Aged 10 - 14 years","Value",12051
"2024","Aberdeen City","S12000033","Total","Aged 15 - 19 years","Value",11377
"2024","Aberdeen City","S12000033","Total","Aged 20 - 24 years","Value",19474
"2024","Aberdeen City","S12000033","Total","Aged 25 - 29 years","Value",18107
"2024","Aberdeen City","S12000033","Total","Aged 30 - 34 years","Value",18034
"2024","Aberdeen City","S12000033","Total","Aged 35 - 39 years","Value",17803
"2024","Aberdeen City","S12000033","Total","Aged 40 - 44 years","Value",16615
"2024","Aberdeen City","S12000033","Total","Aged 45 - 49 years","Value",14010
"2024","Aberdeen City","S12000033","Total","Aged 50 - 54 years","Value",13912
"2024","Aberdeen City","S12000033","Total","Aged 55 - 59 years","Value",13772
"2024","Aberdeen City","S12000033","Total","Aged 60 - 64 years","Value",13477
"2024","Aberdeen City","S12000033","Total","Aged 65 - 69 years","Value",11885
"2024","Aberdeen City","S12000033","Total","Aged 70 - 74 years","Value",9576
"2024","Aberdeen City","S12000033","Total","Aged 75 - 79 years","Value",8240
"2024","Aberdeen City","S12000033","Total","Aged 80 - 84 years","Value",5153
"2024","Aberdeen City","S12000033","Total","Aged 85 and over","Value",5183
"2024","Aberdeenshire","S12000034","Total","All ages","Value",265110
"2024","Aberdeenshire","S12000034","Total","Aged under 1 year","Value",2024
"2024","Aberdeenshire","S12000034","Total","Aged 1 - 4 years","Value",9842
"2024","Aberdeenshire","S12000034","Total","Aged 5 - 9 years","Value",15511
"2024","Aberdeenshire","S12000034","Total","Aged 10 - 14 years","Value",16804
"2024","Aberdeenshire","S12000034","Total","Aged 15 - 19 years","Value",14999
"2024","Aberdeenshire","S12000034","Total","Aged 20 - 24 years","Value",10798
"2024","Aberdeenshire","S12000034","Total","Aged 25 - 29 years","Value",10700
"2024","Aberdeenshire","S12000034","Total","Aged 30 - 34 years","Value",14400
"2024","Aberdeenshire","S12000034","Total","Aged 35 - 39 years","Value",16857
"2024","Aberdeenshire","S12000034","Total","Aged 40 - 44 years","Value",17692
"2024","Aberdeenshire","S12000034","Total","Aged 45 - 49 years","Value",16992
"2024","Aberdeenshire","S12000034","Total","Aged 50 - 54 years","Value",19600
"2024","Aberdeenshire","S12000034","Total","Aged 55 - 59 years","Value",20507
"2024","Aberdeenshire","S12000034","Total","Aged 60 - 64 years","Value",19594
"2024","Aberdeenshire","S12000034","Total","Aged 65 - 69 years","Value",17078
"2024","Aberdeenshire","S12000034","Total","Aged 70 - 74 years","Value",14545
"2024","Aberdeenshire","S12000034","Total","Aged 75 - 79 years","Value",12816
"2024","Aberdeenshire","S12000034","Total","Aged 80 - 84 years","Value",7611
"2024","Aberdeenshire","S12000034","Total","Aged 85 and over","Value",6740
"2024","Argyll and Bute","S12000035","Total","All ages","Value",87780
"2024","Argyll and Bute","S12000035","Total","Aged under 1 year","Value",597
"2024","Argyll and Bute","S12000035","Total","Aged 1 - 4 years","Value",2521
"2024","Argyll and Bute","S12000035","Total","Aged 5 - 9 years","Value",3762
"2024","Argyll and Bute","S12000035","Total","Aged 10 - 14 years","Value",4370
"2024","Argyll and Bute","S12000035","Total","Aged 15 - 19 years","Value",4394
"2024","Argyll and Bute","S12000035","Total","Aged 20 - 24 years","Value",3755
"2024","Argyll and Bute","S12000035","Total","Aged 25 - 29 years","Value",3900
"2024","Argyll and Bute","S12000035","Total","Aged 30 - 34 years","Value",4387
"2024","Argyll and Bute","S12000035","Total","Aged 35 - 39 years","Value",4699
"2024","Argyll and Bute","S12000035","Total","Aged 40 - 44 years","Value",4906
"2024","Argyll and Bute","S12000035","Total","Aged 45 - 49 years","Value",4681
"2024","Argyll and Bute","S12000035","Total","Aged 50 - 54 years","Value",6145
"2024","Argyll and Bute","S12000035","Total","Aged 55 - 59 years","Value",7620
"2024","Argyll and Bute","S12000035","Total","Aged 60 - 64 years","Value",7652
"2024","Argyll and Bute","S12000035","Total","Aged 65 - 69 years","Value",6834
"2024","Argyll and Bute","S12000035","Total","Aged 70 - 74 years","Value",5944
"2024","Argyll and Bute","S12000035","Total","Aged 75 - 79 years","Value",5396
"2024","Argyll and Bute","S12000035","Total","Aged 80 - 84 years","Value",3351
"2024","Argyll and Bute","S12000035","Total","Aged 85 and over","Value",2866
"2024","City of Edinburgh","S12000036","Total","All ages","Value",532070
"2024","City of Edinburgh","S12000036","Total","Aged under 1 year","Value",4310
"2024","City of Edinburgh","S12000036","Total","Aged 1 - 4 years","Value",17572
"2024","City of Edinburgh","S12000036","Total","Aged 5 - 9 years","Value",22929
"2024","City of Edinburgh","S12000036","Total","Aged 10 - 14 years","Value",25182
"2024","City of Edinburgh","S12000036","Total","Aged 15 - 19 years","Value",26572
"2024","City of Edinburgh","S12000036","Total","Aged 20 - 24 years","Value",55511
"2024","City of Edinburgh","S12000036","Total","Aged 25 - 29 years","Value",50318
"2024","City of Edinburgh","S12000036","Total","Aged 30 - 34 years","Value",45531
"2024","City of Edinburgh","S12000036","Total","Aged 35 - 39 years","Value",40369
"2024","City of Edinburgh","S12000036","Total","Aged 40 - 44 years","Value",36703
"2024","City of Edinburgh","S12000036","Total","Aged 45 - 49 years","Value",31319
"2024","City of Edinburgh","S12000036","Total","Aged 50 - 54 years","Value",30402
"2024","City of Edinburgh","S12000036","Total","Aged 55 - 59 years","Value",30952
"2024","City of Edinburgh","S12000036","Total","Aged 60 - 64 years","Value",28929
"2024","City of Edinburgh","S12000036","Total","Aged 65 - 69 years","Value",24448
"2024","City of Edinburgh","S12000036","Total","Aged 70 - 74 years","Value",20474
"2024","City of Edinburgh","S12000036","Total","Aged 75 - 79 years","Value",17812
"2024","City of Edinburgh","S12000036","Total","Aged 80 - 84 years","Value",11063
"2024","City of Edinburgh","S12000036","Total","Aged 85 and over","Value",11674
"2024","Renfrewshire","S12000038","Total","All ages","Value",188610
"2024","Renfrewshire","S12000038","Total","Aged under 1 year","Value",1735
"2024","Renfrewshire","S12000038","Total","Aged 1 - 4 years","Value",7192
"2024","Renfrewshire","S12000038","Total","Aged 5 - 9 years","Value",9287
"2024","Renfrewshire","S12000038","Total","Aged 10 - 14 years","Value",10296
"2024","Renfrewshire","S12000038","Total","Aged 15 - 19 years","Value",9643
"2024","Renfrewshire","S12000038","Total","Aged 20 - 24 years","Value",10199
"2024","Renfrewshire","S12000038","Total","Aged 25 - 29 years","Value",12119
"2024","Renfrewshire","S12000038","Total","Aged 30 - 34 years","Value",13583
"2024","Renfrewshire","S12000038","Total","Aged 35 - 39 years","Value",13303
"2024","Renfrewshire","S12000038","Total","Aged 40 - 44 years","Value",12448
"2024","Renfrewshire","S12000038","Total","Aged 45 - 49 years","Value",10662
"2024","Renfrewshire","S12000038","Total","Aged 50 - 54 years","Value",12505
"2024","Renfrewshire","S12000038","Total","Aged 55 - 59 years","Value",14265
"2024","Renfrewshire","S12000038","Total","Aged 60 - 64 years","Value",13549
"2024","Renfrewshire","S12000038","Total","Aged 65 - 69 years","Value",11302
"2024","Renfrewshire","S12000038","Total","Aged 70 - 74 years","Value",9183
"2024","Renfrewshire","S12000038","Total","Aged 75 - 79 years","Value",7868
"2024","Renfrewshire","S12000038","Total","Aged 80 - 84 years","Value",4880
"2024","Renfrewshire","S12000038","Total","Aged 85 and over","Value",4591
"2024","West Dunbartonshire","S12000039","Total","All ages","Value",88820
"2024","West Dunbartonshire","S12000039","Total","Aged under 1 year","Value",812
"2024","West Dunbartonshire","S12000039","Total","Aged 1 - 4 years","Value",3296
"2024","West Dunbartonshire","S12000039","Total","Aged 5 - 9 years","Value",4581
"2024","West Dunbartonshire","S12000039","Total","Aged 10 - 14 years","Value",5093
"2024","West Dunbartonshire","S12000039","Total","Aged 15 - 19 years","Value",5011
"2024","West Dunbartonshire","S12000039","Total","Aged 20 - 24 years","Value",4585
"2024","West Dunbartonshire","S12000039","Total","Aged 25 - 29 years","Value",5093
"2024","West Dunbartonshire","S12000039","Total","Aged 30 - 34 years","Value",5631
"2024","West Dunbartonshire","S12000039","Total","Aged 35 - 39 years","Value",5857
"2024","West Dunbartonshire","S12000039","Total","Aged 40 - 44 years","Value",5642
"2024","West Dunbartonshire","S12000039","Total","Aged 45 - 49 years","Value",4949
"2024","West Dunbartonshire","S12000039","Total","Aged 50 - 54 years","Value",5902
"2024","West Dunbartonshire","S12000039","Total","Aged 55 - 59 years","Value",6918
"2024","West Dunbartonshire","S12000039","Total","Aged 60 - 64 years","Value",6936
"2024","West Dunbartonshire","S12000039","Total","Aged 65 - 69 years","Value",5906
"2024","West Dunbartonshire","S12000039","Total","Aged 70 - 74 years","Value",4609
"2024","West Dunbartonshire","S12000039","Total","Aged 75 - 79 years","Value",3746
"2024","West Dunbartonshire","S12000039","Total","Aged 80 - 84 years","Value",2263
"2024","West Dunbartonshire","S12000039","Total","Aged 85 and over","Value",1990
"2024","West Lothian","S12000040","Total","All ages","Value",186160
"2024","West Lothian","S12000040","Total","Aged under 1 year","Value",1786
"2024","West Lothian","S12000040","Total","Aged 1 - 4 years","Value",7581
"2024","West Lothian","S12000040","Total","Aged 5 - 9 years","Value",10659
"2024","West Lothian","S12000040","Total","Aged 10 - 14 years","Value",11798
"2024","West Lothian","S12000040","Total","Aged 15 - 19 years","Value",11293
"2024","West Lothian","S12000040","Total","Aged 20 - 24 years","Value",9065
"2024","West Lothian","S12000040","Total","Aged 25 - 29 years","Value",10121
"2024","West Lothian","S12000040","Total","Aged 30 - 34 years","Value",12012
"2024","West Lothian","S12000040","Total","Aged 35 - 39 years","Value",13343
"2024","West Lothian","S12000040","Total","Aged 40 - 44 years","Value",12866
"2024","West Lothian","S12000040","Total","Aged 45 - 49 years","Value",11915
"2024","West Lothian","S12000040","Total","Aged 50 - 54 years","Value",13365
"2024","West Lothian","S12000040","Total","Aged 55 - 59 years","Value",14315
"2024","West Lothian","S12000040","Total","Aged 60 - 64 years","Value",12568
"2024","West Lothian","S12000040","Total","Aged 65 - 69 years","Value",10086
"2024","West Lothian","S12000040","Total","Aged 70 - 74 years","Value",8321
"2024","West Lothian","S12000040","Total","Aged 75 - 79 years","Value",7401
"2024","West Lothian","S12000040","Total","Aged 80 - 84 years","Value",4261
"2024","West Lothian","S12000040","Total","Aged 85 and over","Value",3404
"2024","Angus","S12000041","Total","All ages","Value",114930
"2024","Angus","S12000041","Total","Aged under 1 year","Value",822
"2024","Angus","S12000041","Total","Aged 1 - 4 years","Value",3815
"2024","Angus","S12000041","Total","Aged 5 - 9 years","Value",5615
"2024","Angus","S12000041","Total","Aged 10 - 14 years","Value",6338
"2024","Angus","S12000041","Total","Aged 15 - 19 years","Value",6142
"2024","Angus","S12000041","Total","Aged 20 - 24 years","Value",5211
"2024","Angus","S12000041","Total","Aged 25 - 29 years","Value",5238
"2024","Angus","S12000041","Total","Aged 30 - 34 years","Value",6070
"2024","Angus","S12000041","Total","Aged 35 - 39 years","Value",6567
"2024","Angus","S12000041","Total","Aged 40 - 44 years","Value",6806
"2024","Angus","S12000041","Total","Aged 45 - 49 years","Value",6461
"2024","Angus","S12000041","Total","Aged 50 - 54 years","Value",7916
"2024","Angus","S12000041","Total","Aged 55 - 59 years","Value",9005
"2024","Angus","S12000041","Total","Aged 60 - 64 years","Value",9162
"2024","Angus","S12000041","Total","Aged 65 - 69 years","Value",7891
"2024","Angus","S12000041","Total","Aged 70 - 74 years","Value",7228
"2024","Angus","S12000041","Total","Aged 75 - 79 years","Value",6783
"2024","Angus","S12000041","Total","Aged 80 - 84 years","Value",4134
"2024","Angus","S12000041","Total","Aged 85 and over","Value",3726
"2024","Dundee City","S12000042","Total","All ages","Value",149330
"2024","Dundee City","S12000042","Total","Aged under 1 year","Value",1338
"2024","Dundee City","S12000042","Total","Aged 1 - 4 years","Value",5467
"2024","Dundee City","S12000042","Total","Aged 5 - 9 years","Value",7063
"2024","Dundee City","S12000042","Total","Aged 10 - 14 years","Value",8236
"2024","Dundee City","S12000042","Total","Aged 15 - 19 years","Value",8498
"2024","Dundee City","S12000042","Total","Aged 20 - 24 years","Value",14600
"2024","Dundee City","S12000042","Total","Aged 25 - 29 years","Value",11267
"2024","Dundee City","S12000042","Total","Aged 30 - 34 years","Value",10768
"2024","Dundee City","S12000042","Total","Aged 35 - 39 years","Value",10368
"2024","Dundee City","S12000042","Total","Aged 40 - 44 years","Value",9305
"2024","Dundee City","S12000042","Total","Aged 45 - 49 years","Value",7671
"2024","Dundee City","S12000042","Total","Aged 50 - 54 years","Value",8294
"2024","Dundee City","S12000042","Total","Aged 55 - 59 years","Value",9417
"2024","Dundee City","S12000042","Total","Aged 60 - 64 years","Value",9516
"2024","Dundee City","S12000042","Total","Aged 65 - 69 years","Value",8045
"2024","Dundee City","S12000042","Total","Aged 70 - 74 years","Value",6433
"2024","Dundee City","S12000042","Total","Aged 75 - 79 years","Value",5851
"2024","Dundee City","S12000042","Total","Aged 80 - 84 years","Value",3551
"2024","Dundee City","S12000042","Total","Aged 85 and over","Value",3642
"2024","East Dunbartonshire","S12000045","Total","All ages","Value",109680
"2024","East Dunbartonshire","S12000045","Total","Aged under 1 year","Value",863
"2024","East Dunbartonshire","S12000045","Total","Aged 1 - 4 years","Value",4080
"2024","East Dunbartonshire","S12000045","Total","Aged 5 - 9 years","Value",6334
"2024","East Dunbartonshire","S12000045","Total","Aged 10 - 14 years","Value",6859
"2024","East Dunbartonshire","S12000045","Total","Aged 15 - 19 years","Value",5867
"2024","East Dunbartonshire","S12000045","Total","Aged 20 - 24 years","Value",4745
"2024","East Dunbartonshire","S12000045","Total","Aged 25 - 29 years","Value",4317
"2024","East Dunbartonshire","S12000045","Total","Aged 30 - 34 years","Value",5190
"2024","East Dunbartonshire","S12000045","Total","Aged 35 - 39 years","Value",6546
"2024","East Dunbartonshire","S12000045","Total","Aged 40 - 44 years","Value",7255
"2024","East Dunbartonshire","S12000045","Total","Aged 45 - 49 years","Value",6798
"2024","East Dunbartonshire","S12000045","Total","Aged 50 - 54 years","Value",7268
"2024","East Dunbartonshire","S12000045","Total","Aged 55 - 59 years","Value",7981
"2024","East Dunbartonshire","S12000045","Total","Aged 60 - 64 years","Value",8121
"2024","East Dunbartonshire","S12000045","Total","Aged 65 - 69 years","Value",7475
"2024","East Dunbartonshire","S12000045","Total","Aged 70 - 74 years","Value",6369
"2024","East Dunbartonshire","S12000045","Total","Aged 75 - 79 years","Value",5768
"2024","East Dunbartonshire","S12000045","Total","Aged 80 - 84 years","Value",3865
"2024","East Dunbartonshire","S12000045","Total","Aged 85 and over","Value",3979
"2024","Fife","S12000047","Total","All ages","Value",374810
"2024","Fife","S12000047","Total","Aged under 1 year","Value",2972
"2024","Fife","S12000047","Total","Aged 1 - 4 years","Value",12926
"2024","Fife","S12000047","Total","Aged 5 - 9 years","Value",18883
"2024","Fife","S12000047","Total","Aged 10 - 14 years","Value",21300
"2024","Fife","S12000047","Total","Aged 15 - 19 years","Value",21860
"2024","Fife","S12000047","Total","Aged 20 - 24 years","Value",23685
"2024","Fife","S12000047","Total","Aged 25 - 29 years","Value",19859
"2024","Fife","S12000047","Total","Aged 30 - 34 years","Value",21476
"2024","Fife","S12000047","Total","Aged 35 - 39 years","Value",23085
"2024","Fife","S12000047","Total","Aged 40 - 44 years","Value",22841
"2024","Fife","S12000047","Total","Aged 45 - 49 years","Value",21751
"2024","Fife","S12000047","Total","Aged 50 - 54 years","Value",24964
"2024","Fife","S12000047","Total","Aged 55 - 59 years","Value",28351
"2024","Fife","S12000047","Total","Aged 60 - 64 years","Value",27228
"2024","Fife","S12000047","Total","Aged 65 - 69 years","Value",23767
"2024","Fife","S12000047","Total","Aged 70 - 74 years","Value",20226
"2024","Fife","S12000047","Total","Aged 75 - 79 years","Value",18720
"2024","Fife","S12000047","Total","Aged 80 - 84 years","Value",11171
"2024","Fife","S12000047","Total","Aged 85 and over","Value",9745
"2024","Perth and Kinross","S12000048","Total","All ages","Value",154490
"2024","Perth and Kinross","S12000048","Total","Aged under 1 year","Value",1145
"2024","Perth and Kinross","S12000048","Total","Aged 1 - 4 years","Value",5295
"2024","Perth and Kinross","S12000048","Total","Aged 5 - 9 years","Value",7378
"2024","Perth and Kinross","S12000048","Total","Aged 10 - 14 years","Value",8302
"2024","Perth and Kinross","S12000048","Total","Aged 15 - 19 years","Value",8565
"2024","Perth and Kinross","S12000048","Total","Aged 20 - 24 years","Value",6667
"2024","Perth and Kinross","S12000048","Total","Aged 25 - 29 years","Value",7457
"2024","Perth and Kinross","S12000048","Total","Aged 30 - 34 years","Value",8697
"2024","Perth and Kinross","S12000048","Total","Aged 35 - 39 years","Value",9280
"2024","Perth and Kinross","S12000048","Total","Aged 40 - 44 years","Value",9399
"2024","Perth and Kinross","S12000048","Total","Aged 45 - 49 years","Value",8704
"2024","Perth and Kinross","S12000048","Total","Aged 50 - 54 years","Value",10573
"2024","Perth and Kinross","S12000048","Total","Aged 55 - 59 years","Value",12196
"2024","Perth and Kinross","S12000048","Total","Aged 60 - 64 years","Value",11861
"2024","Perth and Kinross","S12000048","Total","Aged 65 - 69 years","Value",10633
"2024","Perth and Kinross","S12000048","Total","Aged 70 - 74 years","Value",9431
"2024","Perth and Kinross","S12000048","Total","Aged 75 - 79 years","Value",8305
"2024","Perth and Kinross","S12000048","Total","Aged 80 - 84 years","Value",5425
"2024","Perth and Kinross","S12000048","Total","Aged 85 and over","Value",5177
"2024","Glasgow City","S12000049","Total","All ages","Value",650320
"2024","Glasgow City","S12000049","Total","Aged under 1 year","Value",6185
"2024","Glasgow City","S12000049","Total","Aged 1 - 4 years","Value",23612
"2024","Glasgow City","S12000049","Total","Aged 5 - 9 years","Value",30402
"2024","Glasgow City","S12000049","Total","Aged 10 - 14 years","Value",31257
"2024","Glasgow City","S12000049","Total","Aged 15 - 19 years","Value",32144
"2024","Glasgow City","S12000049","Total","Aged 20 - 24 years","Value",65226
"2024","Glasgow City","S12000049","Total","Aged 25 - 29 years","Value",70867
"2024","Glasgow City","S12000049","Total","Aged 30 - 34 years","Value",59181
"2024","Glasgow City","S12000049","Total","Aged 35 - 39 years","Value",50514
"2024","Glasgow City","S12000049","Total","Aged 40 - 44 years","Value",41544
"2024","Glasgow City","S12000049","Total","Aged 45 - 49 years","Value",34636
"2024","Glasgow City","S12000049","Total","Aged 50 - 54 years","Value",36039
"2024","Glasgow City","S12000049","Total","Aged 55 - 59 years","Value",39498
"2024","Glasgow City","S12000049","Total","Aged 60 - 64 years","Value",38033
"2024","Glasgow City","S12000049","Total","Aged 65 - 69 years","Value",31077
"2024","Glasgow City","S12000049","Total","Aged 70 - 74 years","Value",22516
"2024","Glasgow City","S12000049","Total","Aged 75 - 79 years","Value",17028
"2024","Glasgow City","S12000049","Total","Aged 80 - 84 years","Value",10541
"2024","Glasgow City","S12000049","Total","Aged 85 and over","Value",10020
"2024","North Lanarkshire","S12000050","Total","All ages","Value",343550
"2024","North Lanarkshire","S12000050","Total","Aged under 1 year","Value",3211
"2024","North Lanarkshire","S12000050","Total","Aged 1 - 4 years","Value",13318
"2024","North Lanarkshire","S12000050","Total","Aged 5 - 9 years","Value",18748
"2024","North Lanarkshire","S12000050","Total","Aged 10 - 14 years","Value",20202
"2024","North Lanarkshire","S12000050","Total","Aged 15 - 19 years","Value",19642
"2024","North Lanarkshire","S12000050","Total","Aged 20 - 24 years","Value",19616
"2024","North Lanarkshire","S12000050","Total","Aged 25 - 29 years","Value",20769
"2024","North Lanarkshire","S12000050","Total","Aged 30 - 34 years","Value",22133
"2024","North Lanarkshire","S12000050","Total","Aged 35 - 39 years","Value",22476
"2024","North Lanarkshire","S12000050","Total","Aged 40 - 44 years","Value",23094
"2024","North Lanarkshire","S12000050","Total","Aged 45 - 49 years","Value",21211
"2024","North Lanarkshire","S12000050","Total","Aged 50 - 54 years","Value",24462
"2024","North Lanarkshire","S12000050","Total","Aged 55 - 59 years","Value",26918
"2024","North Lanarkshire","S12000050","Total","Aged 60 - 64 years","Value",24092
"2024","North Lanarkshire","S12000050","Total","Aged 65 - 69 years","Value",19948
"2024","North Lanarkshire","S12000050","Total","Aged 70 - 74 years","Value",16014
"2024","North Lanarkshire","S12000050","Total","Aged 75 - 79 years","Value",13079
"2024","North Lanarkshire","S12000050","Total","Aged 80 - 84 years","Value",8120
"2024","North Lanarkshire","S12000050","Total","Aged 85 and over","Value",6497
"2024","Antrim and Newtownabbey","N09000001","Total","All ages","Value",148100
"2024","Antrim and Newtownabbey","N09000001","Total","Aged under 1 year","Value",1429
"2024","Antrim and Newtownabbey","N09000001","Total","Aged 1 - 4 years","Value",6445
"2024","Antrim and Newtownabbey","N09000001","Total","Aged 5 - 9 years","Value",9030
"2024","Antrim and Newtownabbey","N09000001","Total","Aged 10 - 14 years","Value",9857
"2024","Antrim and Newtownabbey","N09000001","Total","Aged 15 - 19 years","Value",9442
"2024","Antrim and Newtownabbey","N09000001","Total","Aged 20 - 24 years","Value",7295
"2024","Antrim and Newtownabbey","N09000001","Total","Aged 25 - 29 years","Value",8769
"2024","Antrim and Newtownabbey","N09000001","Total","Aged 30 - 34 years","Value",9635
"2024","Antrim and Newtownabbey","N09000001","Total","Aged 35 - 39 years","Value",10194
"2024","Antrim and Newtownabbey","N09000001","Total","Aged 40 - 44 years","Value",10157
"2024","Antrim and Newtownabbey","N09000001","Total","Aged 45 - 49 years","Value",9645
"2024","Antrim and Newtownabbey","N09000001","Total","Aged 50 - 54 years","Value",10018
"2024","Antrim and Newtownabbey","N09000001","Total","Aged 55 - 59 years","Value",10189
"2024","Antrim and Newtownabbey","N09000001","Total","Aged 60 - 64 years","Value",9299
"2024","Antrim and Newtownabbey","N09000001","Total","Aged 65 - 69 years","Value",7556
"2024","Antrim and Newtownabbey","N09000001","Total","Aged 70 - 74 years","Value",6413
"2024","Antrim and Newtownabbey","N09000001","Total","Aged 75 - 79 years","Value",5492
"2024","Antrim and Newtownabbey","N09000001","Total","Aged 80 - 84 years","Value",3893
"2024","Antrim and Newtownabbey","N09000001","Total","Aged 85 and over","Value",3342
"2024","Armagh City, Banbridge and Craigavon","N09000002","Total","All ages","Value",222511
"2024","Armagh City, Banbridge and Craigavon","N09000002","Total","Aged under 1 year","Value",2379
"2024","Armagh City, Banbridge and Craigavon","N09000002","Total","Aged 1 - 4 years","Value",10818
"2024","Armagh City, Banbridge and Craigavon","N09000002","Total","Aged 5 - 9 years","Value",15216
"2024","Armagh City, Banbridge and Craigavon","N09000002","Total","Aged 10 - 14 years","Value",16087
"2024","Armagh City, Banbridge and Craigavon","N09000002","Total","Aged 15 - 19 years","Value",14802
"2024","Armagh City, Banbridge and Craigavon","N09000002","Total","Aged 20 - 24 years","Value",10627
"2024","Armagh City, Banbridge and Craigavon","N09000002","Total","Aged 25 - 29 years","Value",12854
"2024","Armagh City, Banbridge and Craigavon","N09000002","Total","Aged 30 - 34 years","Value",14456
"2024","Armagh City, Banbridge and Craigavon","N09000002","Total","Aged 35 - 39 years","Value",15419
"2024","Armagh City, Banbridge and Craigavon","N09000002","Total","Aged 40 - 44 years","Value",15243
"2024","Armagh City, Banbridge and Craigavon","N09000002","Total","Aged 45 - 49 years","Value",14037
"2024","Armagh City, Banbridge and Craigavon","N09000002","Total","Aged 50 - 54 years","Value",14768
"2024","Armagh City, Banbridge and Craigavon","N09000002","Total","Aged 55 - 59 years","Value",14723
"2024","Armagh City, Banbridge and Craigavon","N09000002","Total","Aged 60 - 64 years","Value",13393
"2024","Armagh City, Banbridge and Craigavon","N09000002","Total","Aged 65 - 69 years","Value",10864
"2024","Armagh City, Banbridge and Craigavon","N09000002","Total","Aged 70 - 74 years","Value",8926
"2024","Armagh City, Banbridge and Craigavon","N09000002","Total","Aged 75 - 79 years","Value",7832
"2024","Armagh City, Banbridge and Craigavon","N09000002","Total","Aged 80 - 84 years","Value",5438
"2024","Armagh City, Banbridge and Craigavon","N09000002","Total","Aged 85 and over","Value",4629
"2024","Belfast","N09000003","Total","All ages","Value",352390
"2024","Belfast","N09000003","Total","Aged under 1 year","Value",3555
"2024","Belfast","N09000003","Total","Aged 1 - 4 years","Value",15246
"2024","Belfast","N09000003","Total","Aged 5 - 9 years","Value",20674
"2024","Belfast","N09000003","Total","Aged 10 - 14 years","Value",21983
"2024","Belfast","N09000003","Total","Aged 15 - 19 years","Value",22800
"2024","Belfast","N09000003","Total","Aged 20 - 24 years","Value",28476
"2024","Belfast","N09000003","Total","Aged 25 - 29 years","Value",28403
"2024","Belfast","N09000003","Total","Aged 30 - 34 years","Value",27587
"2024","Belfast","N09000003","Total","Aged 35 - 39 years","Value",26214
"2024","Belfast","N09000003","Total","Aged 40 - 44 years","Value",22929
"2024","Belfast","N09000003","Total","Aged 45 - 49 years","Value",19986
"2024","Belfast","N09000003","Total","Aged 50 - 54 years","Value",19523
"2024","Belfast","N09000003","Total","Aged 55 - 59 years","Value",21193
"2024","Belfast","N09000003","Total","Aged 60 - 64 years","Value",20312
"2024","Belfast","N09000003","Total","Aged 65 - 69 years","Value",16732
"2024","Belfast","N09000003","Total","Aged 70 - 74 years","Value",12451
"2024","Belfast","N09000003","Total","Aged 75 - 79 years","Value",10128
"2024","Belfast","N09000003","Total","Aged 80 - 84 years","Value",7183
"2024","Belfast","N09000003","Total","Aged 85 and over","Value",7015
"2024","Causeway Coast and Glens","N09000004","Total","All ages","Value",141954
"2024","Causeway Coast and Glens","N09000004","Total","Aged under 1 year","Value",1350
"2024","Causeway Coast and Glens","N09000004","Total","Aged 1 - 4 years","Value",5980
"2024","Causeway Coast and Glens","N09000004","Total","Aged 5 - 9 years","Value",8674
"2024","Causeway Coast and Glens","N09000004","Total","Aged 10 - 14 years","Value",9117
"2024","Causeway Coast and Glens","N09000004","Total","Aged 15 - 19 years","Value",8874
"2024","Causeway Coast and Glens","N09000004","Total","Aged 20 - 24 years","Value",7235
"2024","Causeway Coast and Glens","N09000004","Total","Aged 25 - 29 years","Value",7517
"2024","Causeway Coast and Glens","N09000004","Total","Aged 30 - 34 years","Value",8107
"2024","Causeway Coast and Glens","N09000004","Total","Aged 35 - 39 years","Value",8815
"2024","Causeway Coast and Glens","N09000004","Total","Aged 40 - 44 years","Value",8672
"2024","Causeway Coast and Glens","N09000004","Total","Aged 45 - 49 years","Value",8408
"2024","Causeway Coast and Glens","N09000004","Total","Aged 50 - 54 years","Value",9830
"2024","Causeway Coast and Glens","N09000004","Total","Aged 55 - 59 years","Value",10486
"2024","Causeway Coast and Glens","N09000004","Total","Aged 60 - 64 years","Value",9646
"2024","Causeway Coast and Glens","N09000004","Total","Aged 65 - 69 years","Value",8425
"2024","Causeway Coast and Glens","N09000004","Total","Aged 70 - 74 years","Value",7051
"2024","Causeway Coast and Glens","N09000004","Total","Aged 75 - 79 years","Value",6029
"2024","Causeway Coast and Glens","N09000004","Total","Aged 80 - 84 years","Value",4253
"2024","Causeway Coast and Glens","N09000004","Total","Aged 85 and over","Value",3485
"2024","Derry City and Strabane","N09000005","Total","All ages","Value",152383
"2024","Derry City and Strabane","N09000005","Total","Aged under 1 year","Value",1645
"2024","Derry City and Strabane","N09000005","Total","Aged 1 - 4 years","Value",7258
"2024","Derry City and Strabane","N09000005","Total","Aged 5 - 9 years","Value",10020
"2024","Derry City and Strabane","N09000005","Total","Aged 10 - 14 years","Value",10546
"2024","Derry City and Strabane","N09000005","Total","Aged 15 - 19 years","Value",10179
"2024","Derry City and Strabane","N09000005","Total","Aged 20 - 24 years","Value",7955
"2024","Derry City and Strabane","N09000005","Total","Aged 25 - 29 years","Value",9011
"2024","Derry City and Strabane","N09000005","Total","Aged 30 - 34 years","Value",9297
"2024","Derry City and Strabane","N09000005","Total","Aged 35 - 39 years","Value",10302
"2024","Derry City and Strabane","N09000005","Total","Aged 40 - 44 years","Value",10130
"2024","Derry City and Strabane","N09000005","Total","Aged 45 - 49 years","Value",9384
"2024","Derry City and Strabane","N09000005","Total","Aged 50 - 54 years","Value",10196
"2024","Derry City and Strabane","N09000005","Total","Aged 55 - 59 years","Value",10681
"2024","Derry City and Strabane","N09000005","Total","Aged 60 - 64 years","Value",9832
"2024","Derry City and Strabane","N09000005","Total","Aged 65 - 69 years","Value",7876
"2024","Derry City and Strabane","N09000005","Total","Aged 70 - 74 years","Value",6634
"2024","Derry City and Strabane","N09000005","Total","Aged 75 - 79 years","Value",5401
"2024","Derry City and Strabane","N09000005","Total","Aged 80 - 84 years","Value",3357
"2024","Derry City and Strabane","N09000005","Total","Aged 85 and over","Value",2679
"2024","Fermanagh and Omagh","N09000006","Total","All ages","Value",117687
"2024","Fermanagh and Omagh","N09000006","Total","Aged under 1 year","Value",1251
"2024","Fermanagh and Omagh","N09000006","Total","Aged 1 - 4 years","Value",5591
"2024","Fermanagh and Omagh","N09000006","Total","Aged 5 - 9 years","Value",7873
"2024","Fermanagh and Omagh","N09000006","Total","Aged 10 - 14 years","Value",8166
"2024","Fermanagh and Omagh","N09000006","Total","Aged 15 - 19 years","Value",7598
"2024","Fermanagh and Omagh","N09000006","Total","Aged 20 - 24 years","Value",5622
"2024","Fermanagh and Omagh","N09000006","Total","Aged 25 - 29 years","Value",6307
"2024","Fermanagh and Omagh","N09000006","Total","Aged 30 - 34 years","Value",6238
"2024","Fermanagh and Omagh","N09000006","Total","Aged 35 - 39 years","Value",7391
"2024","Fermanagh and Omagh","N09000006","Total","Aged 40 - 44 years","Value",7797
"2024","Fermanagh and Omagh","N09000006","Total","Aged 45 - 49 years","Value",7263
"2024","Fermanagh and Omagh","N09000006","Total","Aged 50 - 54 years","Value",7831
"2024","Fermanagh and Omagh","N09000006","Total","Aged 55 - 59 years","Value",7886
"2024","Fermanagh and Omagh","N09000006","Total","Aged 60 - 64 years","Value",7663
"2024","Fermanagh and Omagh","N09000006","Total","Aged 65 - 69 years","Value",6858
"2024","Fermanagh and Omagh","N09000006","Total","Aged 70 - 74 years","Value",5842
"2024","Fermanagh and Omagh","N09000006","Total","Aged 75 - 79 years","Value",4750
"2024","Fermanagh and Omagh","N09000006","Total","Aged 80 - 84 years","Value",3013
"2024","Fermanagh and Omagh","N09000006","Total","Aged 85 and over","Value",2747
"2024","Lisburn and Castlereagh","N09000007","Total","All ages","Value",151669
"2024","Lisburn and Castlereagh","N09000007","Total","Aged under 1 year","Value",1636
"2024","Lisburn and Castlereagh","N09000007","Total","Aged 1 - 4 years","Value",6819
"2024","Lisburn and Castlereagh","N09000007","Total","Aged 5 - 9 years","Value",9721
"2024","Lisburn and Castlereagh","N09000007","Total","Aged 10 - 14 years","Value",10045
"2024","Lisburn and Castlereagh","N09000007","Total","Aged 15 - 19 years","Value",9126
"2024","Lisburn and Castlereagh","N09000007","Total","Aged 20 - 24 years","Value",6272
"2024","Lisburn and Castlereagh","N09000007","Total","Aged 25 - 29 years","Value",8012
"2024","Lisburn and Castlereagh","N09000007","Total","Aged 30 - 34 years","Value",10332
"2024","Lisburn and Castlereagh","N09000007","Total","Aged 35 - 39 years","Value",10930
"2024","Lisburn and Castlereagh","N09000007","Total","Aged 40 - 44 years","Value",10761
"2024","Lisburn and Castlereagh","N09000007","Total","Aged 45 - 49 years","Value",9652
"2024","Lisburn and Castlereagh","N09000007","Total","Aged 50 - 54 years","Value",9794
"2024","Lisburn and Castlereagh","N09000007","Total","Aged 55 - 59 years","Value",10561
"2024","Lisburn and Castlereagh","N09000007","Total","Aged 60 - 64 years","Value",9845
"2024","Lisburn and Castlereagh","N09000007","Total","Aged 65 - 69 years","Value",7992
"2024","Lisburn and Castlereagh","N09000007","Total","Aged 70 - 74 years","Value",6395
"2024","Lisburn and Castlereagh","N09000007","Total","Aged 75 - 79 years","Value",5658
"2024","Lisburn and Castlereagh","N09000007","Total","Aged 80 - 84 years","Value",4293
"2024","Lisburn and Castlereagh","N09000007","Total","Aged 85 and over","Value",3825
"2024","Mid and East Antrim","N09000008","Total","All ages","Value",139913
"2024","Mid and East Antrim","N09000008","Total","Aged under 1 year","Value",1316
"2024","Mid and East Antrim","N09000008","Total","Aged 1 - 4 years","Value",5744
"2024","Mid and East Antrim","N09000008","Total","Aged 5 - 9 years","Value",8148
"2024","Mid and East Antrim","N09000008","Total","Aged 10 - 14 years","Value",8606
"2024","Mid and East Antrim","N09000008","Total","Aged 15 - 19 years","Value",8445
"2024","Mid and East Antrim","N09000008","Total","Aged 20 - 24 years","Value",6563
"2024","Mid and East Antrim","N09000008","Total","Aged 25 - 29 years","Value",7640
"2024","Mid and East Antrim","N09000008","Total","Aged 30 - 34 years","Value",8191
"2024","Mid and East Antrim","N09000008","Total","Aged 35 - 39 years","Value",8907
"2024","Mid and East Antrim","N09000008","Total","Aged 40 - 44 years","Value",8803
"2024","Mid and East Antrim","N09000008","Total","Aged 45 - 49 years","Value",8367
"2024","Mid and East Antrim","N09000008","Total","Aged 50 - 54 years","Value",9870
"2024","Mid and East Antrim","N09000008","Total","Aged 55 - 59 years","Value",10656
"2024","Mid and East Antrim","N09000008","Total","Aged 60 - 64 years","Value",9645
"2024","Mid and East Antrim","N09000008","Total","Aged 65 - 69 years","Value",8242
"2024","Mid and East Antrim","N09000008","Total","Aged 70 - 74 years","Value",6815
"2024","Mid and East Antrim","N09000008","Total","Aged 75 - 79 years","Value",6008
"2024","Mid and East Antrim","N09000008","Total","Aged 80 - 84 years","Value",4271
"2024","Mid and East Antrim","N09000008","Total","Aged 85 and over","Value",3676
"2024","Mid Ulster","N09000009","Total","All ages","Value",152718
"2024","Mid Ulster","N09000009","Total","Aged under 1 year","Value",1867
"2024","Mid Ulster","N09000009","Total","Aged 1 - 4 years","Value",8271
"2024","Mid Ulster","N09000009","Total","Aged 5 - 9 years","Value",10990
"2024","Mid Ulster","N09000009","Total","Aged 10 - 14 years","Value",11311
"2024","Mid Ulster","N09000009","Total","Aged 15 - 19 years","Value",10431
"2024","Mid Ulster","N09000009","Total","Aged 20 - 24 years","Value",7817
"2024","Mid Ulster","N09000009","Total","Aged 25 - 29 years","Value",8860
"2024","Mid Ulster","N09000009","Total","Aged 30 - 34 years","Value",9610
"2024","Mid Ulster","N09000009","Total","Aged 35 - 39 years","Value",10725
"2024","Mid Ulster","N09000009","Total","Aged 40 - 44 years","Value",10868
"2024","Mid Ulster","N09000009","Total","Aged 45 - 49 years","Value",9769
"2024","Mid Ulster","N09000009","Total","Aged 50 - 54 years","Value",9987
"2024","Mid Ulster","N09000009","Total","Aged 55 - 59 years","Value",9408
"2024","Mid Ulster","N09000009","Total","Aged 60 - 64 years","Value",8516
"2024","Mid Ulster","N09000009","Total","Aged 65 - 69 years","Value",7041
"2024","Mid Ulster","N09000009","Total","Aged 70 - 74 years","Value",6005
"2024","Mid Ulster","N09000009","Total","Aged 75 - 79 years","Value",4921
"2024","Mid Ulster","N09000009","Total","Aged 80 - 84 years","Value",3415
"2024","Mid Ulster","N09000009","Total","Aged 85 and over","Value",2906
"2024","Newry, Mourne and Down","N09000010","Total","All ages","Value",183115
"2024","Newry, Mourne and Down","N09000010","Total","Aged under 1 year","Value",2069
"2024","Newry, Mourne and Down","N09000010","Total","Aged 1 - 4 years","Value",8970
"2024","Newry, Mourne and Down","N09000010","Total","Aged 5 - 9 years","Value",12635
"2024","Newry, Mourne and Down","N09000010","Total","Aged 10 - 14 years","Value",13320
"2024","Newry, Mourne and Down","N09000010","Total","Aged 15 - 19 years","Value",12132
"2024","Newry, Mourne and Down","N09000010","Total","Aged 20 - 24 years","Value",8924
"2024","Newry, Mourne and Down","N09000010","Total","Aged 25 - 29 years","Value",10091
"2024","Newry, Mourne and Down","N09000010","Total","Aged 30 - 34 years","Value",10498
"2024","Newry, Mourne and Down","N09000010","Total","Aged 35 - 39 years","Value",11777
"2024","Newry, Mourne and Down","N09000010","Total","Aged 40 - 44 years","Value",12239
"2024","Newry, Mourne and Down","N09000010","Total","Aged 45 - 49 years","Value",11301
"2024","Newry, Mourne and Down","N09000010","Total","Aged 50 - 54 years","Value",11941
"2024","Newry, Mourne and Down","N09000010","Total","Aged 55 - 59 years","Value",12551
"2024","Newry, Mourne and Down","N09000010","Total","Aged 60 - 64 years","Value",11710
"2024","Newry, Mourne and Down","N09000010","Total","Aged 65 - 69 years","Value",9950
"2024","Newry, Mourne and Down","N09000010","Total","Aged 70 - 74 years","Value",8129
"2024","Newry, Mourne and Down","N09000010","Total","Aged 75 - 79 years","Value",6660
"2024","Newry, Mourne and Down","N09000010","Total","Aged 80 - 84 years","Value",4435
"2024","Newry, Mourne and Down","N09000010","Total","Aged 85 and over","Value",3783
"2024","Ards and North Down","N09000011","Total","All ages","Value",165415
"2024","Ards and North Down","N09000011","Total","Aged under 1 year","Value",1392
"2024","Ards and North Down","N09000011","Total","Aged 1 - 4 years","Value",6235
"2024","Ards and North Down","N09000011","Total","Aged 5 - 9 years","Value",9258
"2024","Ards and North Down","N09000011","Total","Aged 10 - 14 years","Value",10096
"2024","Ards and North Down","N09000011","Total","Aged 15 - 19 years","Value",9801
"2024","Ards and North Down","N09000011","Total","Aged 20 - 24 years","Value",6850
"2024","Ards and North Down","N09000011","Total","Aged 25 - 29 years","Value",8425
"2024","Ards and North Down","N09000011","Total","Aged 30 - 34 years","Value",9380
"2024","Ards and North Down","N09000011","Total","Aged 35 - 39 years","Value",10062
"2024","Ards and North Down","N09000011","Total","Aged 40 - 44 years","Value",10595
"2024","Ards and North Down","N09000011","Total","Aged 45 - 49 years","Value",10134
"2024","Ards and North Down","N09000011","Total","Aged 50 - 54 years","Value",11257
"2024","Ards and North Down","N09000011","Total","Aged 55 - 59 years","Value",11920
"2024","Ards and North Down","N09000011","Total","Aged 60 - 64 years","Value",11530
"2024","Ards and North Down","N09000011","Total","Aged 65 - 69 years","Value",10184
"2024","Ards and North Down","N09000011","Total","Aged 70 - 74 years","Value",9119
"2024","Ards and North Down","N09000011","Total","Aged 75 - 79 years","Value",8723
"2024","Ards and North Down","N09000011","Total","Aged 80 - 84 years","Value",5677
"2024","Ards and North Down","N09000011","Total","Aged 85 and over","Value",4777
