"STATISTIC","Statistic Label","TLIST(A1)","Year","AA2024","Assembly Area (2024)","fiveyrage","Five year age bands","Sex","Sex Label","UNIT","VALUE"
"MYE","Mid-year population estimate","2021","2021","N05000001","Belfast East","1","Age 0-4","1","Females","Number","2878"
"MYE","Mid-year population estimate","2021","2021","N05000001","Belfast East","1","Age 0-4","2","Males","Number","2982"
"MYE","Mid-year population estimate","2021","2021","N05000001","Belfast East","1","Age 0-4","All","All persons","Number","5860"
"MYE","Mid-year population estimate","2021","2021","N05000001","Belfast East","2","Age 5-9","1","Females","Number","2921"
"MYE","Mid-year population estimate","2021","2021","N05000001","Belfast East","2","Age 5-9","2","Males","Number","3155"
"MYE","Mid-year population estimate","2021","2021","N05000001","Belfast East","2","Age 5-9","All","All persons","Number","6076"
"MYE","Mid-year population estimate","2021","2021","N05000001","Belfast East","3","Age 10-14","1","Females","Number","2945"
"MYE","Mid-year population estimate","2021","2021","N05000001","Belfast East","3","Age 10-14","2","Males","Number","3147"
"MYE","Mid-year population estimate","2021","2021","N05000001","Belfast East","3","Age 10-14","All","All persons","Number","6092"
"MYE","Mid-year population estimate","2021","2021","N05000001","Belfast East","4","Age 15-19","1","Females","Number","2493"
"MYE","Mid-year population estimate","2021","2021","N05000001","Belfast East","4","Age 15-19","2","Males","Number","2571"
"MYE","Mid-year population estimate","2021","2021","N05000001","Belfast East","4","Age 15-19","All","All persons","Number","5064"
"MYE","Mid-year population estimate","2021","2021","N05000001","Belfast East","5","Age 20-24","1","Females","Number","2565"
"MYE","Mid-year population estimate","2021","2021","N05000001","Belfast East","5","Age 20-24","2","Males","Number","2431"
"MYE","Mid-year population estimate","2021","2021","N05000001","Belfast East","5","Age 20-24","All","All persons","Number","4996"
"MYE","Mid-year population estimate","2021","2021","N05000001","Belfast East","6","Age 25-29","1","Females","Number","3866"
"MYE","Mid-year population estimate","2021","2021","N05000001","Belfast East","6","Age 25-29","2","Males","Number","3594"
"MYE","Mid-year population estimate","2021","2021","N05000001","Belfast East","6","Age 25-29","All","All persons","Number","7460"
"MYE","Mid-year population estimate","2021","2021","N05000001","Belfast East","7","Age 30-34","1","Females","Number","4469"
"MYE","Mid-year population estimate","2021","2021","N05000001","Belfast East","7","Age 30-34","2","Males","Number","4233"
"MYE","Mid-year population estimate","2021","2021","N05000001","Belfast East","7","Age 30-34","All","All persons","Number","8702"
"MYE","Mid-year population estimate","2021","2021","N05000001","Belfast East","8","Age 35-39","1","Females","Number","4018"
"MYE","Mid-year population estimate","2021","2021","N05000001","Belfast East","8","Age 35-39","2","Males","Number","3806"
"MYE","Mid-year population estimate","2021","2021","N05000001","Belfast East","8","Age 35-39","All","All persons","Number","7824"
"MYE","Mid-year population estimate","2021","2021","N05000001","Belfast East","9","Age 40-44","1","Females","Number","3610"
"MYE","Mid-year population estimate","2021","2021","N05000001","Belfast East","9","Age 40-44","2","Males","Number","3374"
"MYE","Mid-year population estimate","2021","2021","N05000001","Belfast East","9","Age 40-44","All","All persons","Number","6984"
"MYE","Mid-year population estimate","2021","2021","N05000001","Belfast East","10","Age 45-49","1","Females","Number","3293"
"MYE","Mid-year population estimate","2021","2021","N05000001","Belfast East","10","Age 45-49","2","Males","Number","3288"
"MYE","Mid-year population estimate","2021","2021","N05000001","Belfast East","10","Age 45-49","All","All persons","Number","6581"
"MYE","Mid-year population estimate","2021","2021","N05000001","Belfast East","11","Age 50-54","1","Females","Number","3517"
"MYE","Mid-year population estimate","2021","2021","N05000001","Belfast East","11","Age 50-54","2","Males","Number","3384"
"MYE","Mid-year population estimate","2021","2021","N05000001","Belfast East","11","Age 50-54","All","All persons","Number","6901"
"MYE","Mid-year population estimate","2021","2021","N05000001","Belfast East","12","Age 55-59","1","Females","Number","3513"
"MYE","Mid-year population estimate","2021","2021","N05000001","Belfast East","12","Age 55-59","2","Males","Number","3318"
"MYE","Mid-year population estimate","2021","2021","N05000001","Belfast East","12","Age 55-59","All","All persons","Number","6831"
"MYE","Mid-year population estimate","2021","2021","N05000001","Belfast East","13","Age 60-64","1","Females","Number","3130"
"MYE","Mid-year population estimate","2021","2021","N05000001","Belfast East","13","Age 60-64","2","Males","Number","2847"
"MYE","Mid-year population estimate","2021","2021","N05000001","Belfast East","13","Age 60-64","All","All persons","Number","5977"
"MYE","Mid-year population estimate","2021","2021","N05000001","Belfast East","14","Age 65-69","1","Females","Number","2350"
"MYE","Mid-year population estimate","2021","2021","N05000001","Belfast East","14","Age 65-69","2","Males","Number","2292"
"MYE","Mid-year population estimate","2021","2021","N05000001","Belfast East","14","Age 65-69","All","All persons","Number","4642"
"MYE","Mid-year population estimate","2021","2021","N05000001","Belfast East","15","Age 70-74","1","Females","Number","1999"
"MYE","Mid-year population estimate","2021","2021","N05000001","Belfast East","15","Age 70-74","2","Males","Number","1868"
"MYE","Mid-year population estimate","2021","2021","N05000001","Belfast East","15","Age 70-74","All","All persons","Number","3867"
"MYE","Mid-year population estimate","2021","2021","N05000001","Belfast East","16","Age 75-79","1","Females","Number","1906"
"MYE","Mid-year population estimate","2021","2021","N05000001","Belfast East","16","Age 75-79","2","Males","Number","1472"
"MYE","Mid-year population estimate","2021","2021","N05000001","Belfast East","16","Age 75-79","All","All persons","Number","3378"
"MYE","Mid-year population estimate","2021","2021","N05000001","Belfast East","17","Age 80-84","1","Females","Number","1471"
"MYE","Mid-year population estimate","2021","2021","N05000001","Belfast East","17","Age 80-84","2","Males","Number","1016"
"MYE","Mid-year population estimate","2021","2021","N05000001","Belfast East","17","Age 80-84","All","All persons","Number","2487"
"MYE","Mid-year population estimate","2021","2021","N05000001","Belfast East","18","Age 85-89","1","Females","Number","1039"
"MYE","Mid-year population estimate","2021","2021","N05000001","Belfast East","18","Age 85-89","2","Males","Number","566"
"MYE","Mid-year population estimate","2021","2021","N05000001","Belfast East","18","Age 85-89","All","All persons","Number","1605"
"MYE","Mid-year population estimate","2021","2021","N05000001","Belfast East","19","Age 90+","1","Females","Number","688"
"MYE","Mid-year population estimate","2021","2021","N05000001","Belfast East","19","Age 90+","2","Males","Number","275"
"MYE","Mid-year population estimate","2021","2021","N05000001","Belfast East","19","Age 90+","All","All persons","Number","963"
"MYE","Mid-year population estimate","2021","2021","N05000001","Belfast East","All","All","1","Females","Number","52671"
"MYE","Mid-year population estimate","2021","2021","N05000001","Belfast East","All","All","2","Males","Number","49619"
"MYE","Mid-year population estimate","2021","2021","N05000001","Belfast East","All","All","All","All persons","Number","102290"
"MYE","Mid-year population estimate","2021","2021","N05000002","Belfast North","1","Age 0-4","1","Females","Number","3122"
"MYE","Mid-year population estimate","2021","2021","N05000002","Belfast North","1","Age 0-4","2","Males","Number","3297"
"MYE","Mid-year population estimate","2021","2021","N05000002","Belfast North","1","Age 0-4","All","All persons","Number","6419"
"MYE","Mid-year population estimate","2021","2021","N05000002","Belfast North","2","Age 5-9","1","Females","Number","3453"
"MYE","Mid-year population estimate","2021","2021","N05000002","Belfast North","2","Age 5-9","2","Males","Number","3538"
"MYE","Mid-year population estimate","2021","2021","N05000002","Belfast North","2","Age 5-9","All","All persons","Number","6991"
"MYE","Mid-year population estimate","2021","2021","N05000002","Belfast North","3","Age 10-14","1","Females","Number","3557"
"MYE","Mid-year population estimate","2021","2021","N05000002","Belfast North","3","Age 10-14","2","Males","Number","3705"
"MYE","Mid-year population estimate","2021","2021","N05000002","Belfast North","3","Age 10-14","All","All persons","Number","7262"
"MYE","Mid-year population estimate","2021","2021","N05000002","Belfast North","4","Age 15-19","1","Females","Number","3209"
"MYE","Mid-year population estimate","2021","2021","N05000002","Belfast North","4","Age 15-19","2","Males","Number","3389"
"MYE","Mid-year population estimate","2021","2021","N05000002","Belfast North","4","Age 15-19","All","All persons","Number","6598"
"MYE","Mid-year population estimate","2021","2021","N05000002","Belfast North","5","Age 20-24","1","Females","Number","3101"
"MYE","Mid-year population estimate","2021","2021","N05000002","Belfast North","5","Age 20-24","2","Males","Number","3221"
"MYE","Mid-year population estimate","2021","2021","N05000002","Belfast North","5","Age 20-24","All","All persons","Number","6322"
"MYE","Mid-year population estimate","2021","2021","N05000002","Belfast North","6","Age 25-29","1","Females","Number","3747"
"MYE","Mid-year population estimate","2021","2021","N05000002","Belfast North","6","Age 25-29","2","Males","Number","3520"
"MYE","Mid-year population estimate","2021","2021","N05000002","Belfast North","6","Age 25-29","All","All persons","Number","7267"
"MYE","Mid-year population estimate","2021","2021","N05000002","Belfast North","7","Age 30-34","1","Females","Number","4022"
"MYE","Mid-year population estimate","2021","2021","N05000002","Belfast North","7","Age 30-34","2","Males","Number","3681"
"MYE","Mid-year population estimate","2021","2021","N05000002","Belfast North","7","Age 30-34","All","All persons","Number","7703"
"MYE","Mid-year population estimate","2021","2021","N05000002","Belfast North","8","Age 35-39","1","Females","Number","3952"
"MYE","Mid-year population estimate","2021","2021","N05000002","Belfast North","8","Age 35-39","2","Males","Number","3563"
"MYE","Mid-year population estimate","2021","2021","N05000002","Belfast North","8","Age 35-39","All","All persons","Number","7515"
"MYE","Mid-year population estimate","2021","2021","N05000002","Belfast North","9","Age 40-44","1","Females","Number","3546"
"MYE","Mid-year population estimate","2021","2021","N05000002","Belfast North","9","Age 40-44","2","Males","Number","3308"
"MYE","Mid-year population estimate","2021","2021","N05000002","Belfast North","9","Age 40-44","All","All persons","Number","6854"
"MYE","Mid-year population estimate","2021","2021","N05000002","Belfast North","10","Age 45-49","1","Females","Number","3179"
"MYE","Mid-year population estimate","2021","2021","N05000002","Belfast North","10","Age 45-49","2","Males","Number","2965"
"MYE","Mid-year population estimate","2021","2021","N05000002","Belfast North","10","Age 45-49","All","All persons","Number","6144"
"MYE","Mid-year population estimate","2021","2021","N05000002","Belfast North","11","Age 50-54","1","Females","Number","3549"
"MYE","Mid-year population estimate","2021","2021","N05000002","Belfast North","11","Age 50-54","2","Males","Number","3320"
"MYE","Mid-year population estimate","2021","2021","N05000002","Belfast North","11","Age 50-54","All","All persons","Number","6869"
"MYE","Mid-year population estimate","2021","2021","N05000002","Belfast North","12","Age 55-59","1","Females","Number","3707"
"MYE","Mid-year population estimate","2021","2021","N05000002","Belfast North","12","Age 55-59","2","Males","Number","3632"
"MYE","Mid-year population estimate","2021","2021","N05000002","Belfast North","12","Age 55-59","All","All persons","Number","7339"
"MYE","Mid-year population estimate","2021","2021","N05000002","Belfast North","13","Age 60-64","1","Females","Number","3279"
"MYE","Mid-year population estimate","2021","2021","N05000002","Belfast North","13","Age 60-64","2","Males","Number","3043"
"MYE","Mid-year population estimate","2021","2021","N05000002","Belfast North","13","Age 60-64","All","All persons","Number","6322"
"MYE","Mid-year population estimate","2021","2021","N05000002","Belfast North","14","Age 65-69","1","Females","Number","2427"
"MYE","Mid-year population estimate","2021","2021","N05000002","Belfast North","14","Age 65-69","2","Males","Number","2378"
"MYE","Mid-year population estimate","2021","2021","N05000002","Belfast North","14","Age 65-69","All","All persons","Number","4805"
"MYE","Mid-year population estimate","2021","2021","N05000002","Belfast North","15","Age 70-74","1","Females","Number","2055"
"MYE","Mid-year population estimate","2021","2021","N05000002","Belfast North","15","Age 70-74","2","Males","Number","1937"
"MYE","Mid-year population estimate","2021","2021","N05000002","Belfast North","15","Age 70-74","All","All persons","Number","3992"
"MYE","Mid-year population estimate","2021","2021","N05000002","Belfast North","16","Age 75-79","1","Females","Number","1848"
"MYE","Mid-year population estimate","2021","2021","N05000002","Belfast North","16","Age 75-79","2","Males","Number","1471"
"MYE","Mid-year population estimate","2021","2021","N05000002","Belfast North","16","Age 75-79","All","All persons","Number","3319"
"MYE","Mid-year population estimate","2021","2021","N05000002","Belfast North","17","Age 80-84","1","Females","Number","1374"
"MYE","Mid-year population estimate","2021","2021","N05000002","Belfast North","17","Age 80-84","2","Males","Number","936"
"MYE","Mid-year population estimate","2021","2021","N05000002","Belfast North","17","Age 80-84","All","All persons","Number","2310"
"MYE","Mid-year population estimate","2021","2021","N05000002","Belfast North","18","Age 85-89","1","Females","Number","1001"
"MYE","Mid-year population estimate","2021","2021","N05000002","Belfast North","18","Age 85-89","2","Males","Number","523"
"MYE","Mid-year population estimate","2021","2021","N05000002","Belfast North","18","Age 85-89","All","All persons","Number","1524"
"MYE","Mid-year population estimate","2021","2021","N05000002","Belfast North","19","Age 90+","1","Females","Number","601"
"MYE","Mid-year population estimate","2021","2021","N05000002","Belfast North","19","Age 90+","2","Males","Number","230"
"MYE","Mid-year population estimate","2021","2021","N05000002","Belfast North","19","Age 90+","All","All persons","Number","831"
"MYE","Mid-year population estimate","2021","2021","N05000002","Belfast North","All","All","1","Females","Number","54729"
"MYE","Mid-year population estimate","2021","2021","N05000002","Belfast North","All","All","2","Males","Number","51657"
"MYE","Mid-year population estimate","2021","2021","N05000002","Belfast North","All","All","All","All persons","Number","106386"
"MYE","Mid-year population estimate","2021","2021","N05000003","Belfast South and Mid Down","1","Age 0-4","1","Females","Number","2731"
"MYE","Mid-year population estimate","2021","2021","N05000003","Belfast South and Mid Down","1","Age 0-4","2","Males","Number","2936"
"MYE","Mid-year population estimate","2021","2021","N05000003","Belfast South and Mid Down","1","Age 0-4","All","All persons","Number","5667"
"MYE","Mid-year population estimate","2021","2021","N05000003","Belfast South and Mid Down","2","Age 5-9","1","Females","Number","2930"
"MYE","Mid-year population estimate","2021","2021","N05000003","Belfast South and Mid Down","2","Age 5-9","2","Males","Number","3148"
"MYE","Mid-year population estimate","2021","2021","N05000003","Belfast South and Mid Down","2","Age 5-9","All","All persons","Number","6078"
"MYE","Mid-year population estimate","2021","2021","N05000003","Belfast South and Mid Down","3","Age 10-14","1","Females","Number","2847"
"MYE","Mid-year population estimate","2021","2021","N05000003","Belfast South and Mid Down","3","Age 10-14","2","Males","Number","3078"
"MYE","Mid-year population estimate","2021","2021","N05000003","Belfast South and Mid Down","3","Age 10-14","All","All persons","Number","5925"
"MYE","Mid-year population estimate","2021","2021","N05000003","Belfast South and Mid Down","4","Age 15-19","1","Females","Number","3709"
"MYE","Mid-year population estimate","2021","2021","N05000003","Belfast South and Mid Down","4","Age 15-19","2","Males","Number","3698"
"MYE","Mid-year population estimate","2021","2021","N05000003","Belfast South and Mid Down","4","Age 15-19","All","All persons","Number","7407"
"MYE","Mid-year population estimate","2021","2021","N05000003","Belfast South and Mid Down","5","Age 20-24","1","Females","Number","7822"
"MYE","Mid-year population estimate","2021","2021","N05000003","Belfast South and Mid Down","5","Age 20-24","2","Males","Number","7802"
"MYE","Mid-year population estimate","2021","2021","N05000003","Belfast South and Mid Down","5","Age 20-24","All","All persons","Number","15624"
"MYE","Mid-year population estimate","2021","2021","N05000003","Belfast South and Mid Down","6","Age 25-29","1","Females","Number","4888"
"MYE","Mid-year population estimate","2021","2021","N05000003","Belfast South and Mid Down","6","Age 25-29","2","Males","Number","5463"
"MYE","Mid-year population estimate","2021","2021","N05000003","Belfast South and Mid Down","6","Age 25-29","All","All persons","Number","10351"
"MYE","Mid-year population estimate","2021","2021","N05000003","Belfast South and Mid Down","7","Age 30-34","1","Females","Number","4205"
"MYE","Mid-year population estimate","2021","2021","N05000003","Belfast South and Mid Down","7","Age 30-34","2","Males","Number","4547"
"MYE","Mid-year population estimate","2021","2021","N05000003","Belfast South and Mid Down","7","Age 30-34","All","All persons","Number","8752"
"MYE","Mid-year population estimate","2021","2021","N05000003","Belfast South and Mid Down","8","Age 35-39","1","Females","Number","3934"
"MYE","Mid-year population estimate","2021","2021","N05000003","Belfast South and Mid Down","8","Age 35-39","2","Males","Number","4033"
"MYE","Mid-year population estimate","2021","2021","N05000003","Belfast South and Mid Down","8","Age 35-39","All","All persons","Number","7967"
"MYE","Mid-year population estimate","2021","2021","N05000003","Belfast South and Mid Down","9","Age 40-44","1","Females","Number","3519"
"MYE","Mid-year population estimate","2021","2021","N05000003","Belfast South and Mid Down","9","Age 40-44","2","Males","Number","3700"
"MYE","Mid-year population estimate","2021","2021","N05000003","Belfast South and Mid Down","9","Age 40-44","All","All persons","Number","7219"
"MYE","Mid-year population estimate","2021","2021","N05000003","Belfast South and Mid Down","10","Age 45-49","1","Females","Number","3164"
"MYE","Mid-year population estimate","2021","2021","N05000003","Belfast South and Mid Down","10","Age 45-49","2","Males","Number","3335"
"MYE","Mid-year population estimate","2021","2021","N05000003","Belfast South and Mid Down","10","Age 45-49","All","All persons","Number","6499"
"MYE","Mid-year population estimate","2021","2021","N05000003","Belfast South and Mid Down","11","Age 50-54","1","Females","Number","3343"
"MYE","Mid-year population estimate","2021","2021","N05000003","Belfast South and Mid Down","11","Age 50-54","2","Males","Number","3272"
"MYE","Mid-year population estimate","2021","2021","N05000003","Belfast South and Mid Down","11","Age 50-54","All","All persons","Number","6615"
"MYE","Mid-year population estimate","2021","2021","N05000003","Belfast South and Mid Down","12","Age 55-59","1","Females","Number","3665"
"MYE","Mid-year population estimate","2021","2021","N05000003","Belfast South and Mid Down","12","Age 55-59","2","Males","Number","3381"
"MYE","Mid-year population estimate","2021","2021","N05000003","Belfast South and Mid Down","12","Age 55-59","All","All persons","Number","7046"
"MYE","Mid-year population estimate","2021","2021","N05000003","Belfast South and Mid Down","13","Age 60-64","1","Females","Number","3353"
"MYE","Mid-year population estimate","2021","2021","N05000003","Belfast South and Mid Down","13","Age 60-64","2","Males","Number","3193"
"MYE","Mid-year population estimate","2021","2021","N05000003","Belfast South and Mid Down","13","Age 60-64","All","All persons","Number","6546"
"MYE","Mid-year population estimate","2021","2021","N05000003","Belfast South and Mid Down","14","Age 65-69","1","Females","Number","2510"
"MYE","Mid-year population estimate","2021","2021","N05000003","Belfast South and Mid Down","14","Age 65-69","2","Males","Number","2541"
"MYE","Mid-year population estimate","2021","2021","N05000003","Belfast South and Mid Down","14","Age 65-69","All","All persons","Number","5051"
"MYE","Mid-year population estimate","2021","2021","N05000003","Belfast South and Mid Down","15","Age 70-74","1","Females","Number","2211"
"MYE","Mid-year population estimate","2021","2021","N05000003","Belfast South and Mid Down","15","Age 70-74","2","Males","Number","2005"
"MYE","Mid-year population estimate","2021","2021","N05000003","Belfast South and Mid Down","15","Age 70-74","All","All persons","Number","4216"
"MYE","Mid-year population estimate","2021","2021","N05000003","Belfast South and Mid Down","16","Age 75-79","1","Females","Number","1859"
"MYE","Mid-year population estimate","2021","2021","N05000003","Belfast South and Mid Down","16","Age 75-79","2","Males","Number","1576"
"MYE","Mid-year population estimate","2021","2021","N05000003","Belfast South and Mid Down","16","Age 75-79","All","All persons","Number","3435"
"MYE","Mid-year population estimate","2021","2021","N05000003","Belfast South and Mid Down","17","Age 80-84","1","Females","Number","1407"
"MYE","Mid-year population estimate","2021","2021","N05000003","Belfast South and Mid Down","17","Age 80-84","2","Males","Number","965"
"MYE","Mid-year population estimate","2021","2021","N05000003","Belfast South and Mid Down","17","Age 80-84","All","All persons","Number","2372"
"MYE","Mid-year population estimate","2021","2021","N05000003","Belfast South and Mid Down","18","Age 85-89","1","Females","Number","1023"
"MYE","Mid-year population estimate","2021","2021","N05000003","Belfast South and Mid Down","18","Age 85-89","2","Males","Number","586"
"MYE","Mid-year population estimate","2021","2021","N05000003","Belfast South and Mid Down","18","Age 85-89","All","All persons","Number","1609"
"MYE","Mid-year population estimate","2021","2021","N05000003","Belfast South and Mid Down","19","Age 90+","1","Females","Number","716"
"MYE","Mid-year population estimate","2021","2021","N05000003","Belfast South and Mid Down","19","Age 90+","2","Males","Number","280"
"MYE","Mid-year population estimate","2021","2021","N05000003","Belfast South and Mid Down","19","Age 90+","All","All persons","Number","996"
"MYE","Mid-year population estimate","2021","2021","N05000003","Belfast South and Mid Down","All","All","1","Females","Number","59836"
"MYE","Mid-year population estimate","2021","2021","N05000003","Belfast South and Mid Down","All","All","2","Males","Number","59539"
"MYE","Mid-year population estimate","2021","2021","N05000003","Belfast South and Mid Down","All","All","All","All persons","Number","119375"
"MYE","Mid-year population estimate","2021","2021","N05000004","Belfast West","1","Age 0-4","1","Females","Number","3280"
"MYE","Mid-year population estimate","2021","2021","N05000004","Belfast West","1","Age 0-4","2","Males","Number","3426"
"MYE","Mid-year population estimate","2021","2021","N05000004","Belfast West","1","Age 0-4","All","All persons","Number","6706"
"MYE","Mid-year population estimate","2021","2021","N05000004","Belfast West","2","Age 5-9","1","Females","Number","3631"
"MYE","Mid-year population estimate","2021","2021","N05000004","Belfast West","2","Age 5-9","2","Males","Number","3831"
"MYE","Mid-year population estimate","2021","2021","N05000004","Belfast West","2","Age 5-9","All","All persons","Number","7462"
"MYE","Mid-year population estimate","2021","2021","N05000004","Belfast West","3","Age 10-14","1","Females","Number","3601"
"MYE","Mid-year population estimate","2021","2021","N05000004","Belfast West","3","Age 10-14","2","Males","Number","3817"
"MYE","Mid-year population estimate","2021","2021","N05000004","Belfast West","3","Age 10-14","All","All persons","Number","7418"
"MYE","Mid-year population estimate","2021","2021","N05000004","Belfast West","4","Age 15-19","1","Females","Number","3137"
"MYE","Mid-year population estimate","2021","2021","N05000004","Belfast West","4","Age 15-19","2","Males","Number","3294"
"MYE","Mid-year population estimate","2021","2021","N05000004","Belfast West","4","Age 15-19","All","All persons","Number","6431"
"MYE","Mid-year population estimate","2021","2021","N05000004","Belfast West","5","Age 20-24","1","Females","Number","3126"
"MYE","Mid-year population estimate","2021","2021","N05000004","Belfast West","5","Age 20-24","2","Males","Number","3109"
"MYE","Mid-year population estimate","2021","2021","N05000004","Belfast West","5","Age 20-24","All","All persons","Number","6235"
"MYE","Mid-year population estimate","2021","2021","N05000004","Belfast West","6","Age 25-29","1","Females","Number","3616"
"MYE","Mid-year population estimate","2021","2021","N05000004","Belfast West","6","Age 25-29","2","Males","Number","3216"
"MYE","Mid-year population estimate","2021","2021","N05000004","Belfast West","6","Age 25-29","All","All persons","Number","6832"
"MYE","Mid-year population estimate","2021","2021","N05000004","Belfast West","7","Age 30-34","1","Females","Number","4177"
"MYE","Mid-year population estimate","2021","2021","N05000004","Belfast West","7","Age 30-34","2","Males","Number","3336"
"MYE","Mid-year population estimate","2021","2021","N05000004","Belfast West","7","Age 30-34","All","All persons","Number","7513"
"MYE","Mid-year population estimate","2021","2021","N05000004","Belfast West","8","Age 35-39","1","Females","Number","3971"
"MYE","Mid-year population estimate","2021","2021","N05000004","Belfast West","8","Age 35-39","2","Males","Number","3397"
"MYE","Mid-year population estimate","2021","2021","N05000004","Belfast West","8","Age 35-39","All","All persons","Number","7368"
"MYE","Mid-year population estimate","2021","2021","N05000004","Belfast West","9","Age 40-44","1","Females","Number","3423"
"MYE","Mid-year population estimate","2021","2021","N05000004","Belfast West","9","Age 40-44","2","Males","Number","2880"
"MYE","Mid-year population estimate","2021","2021","N05000004","Belfast West","9","Age 40-44","All","All persons","Number","6303"
"MYE","Mid-year population estimate","2021","2021","N05000004","Belfast West","10","Age 45-49","1","Females","Number","2973"
"MYE","Mid-year population estimate","2021","2021","N05000004","Belfast West","10","Age 45-49","2","Males","Number","2612"
"MYE","Mid-year population estimate","2021","2021","N05000004","Belfast West","10","Age 45-49","All","All persons","Number","5585"
"MYE","Mid-year population estimate","2021","2021","N05000004","Belfast West","11","Age 50-54","1","Females","Number","3547"
"MYE","Mid-year population estimate","2021","2021","N05000004","Belfast West","11","Age 50-54","2","Males","Number","3086"
"MYE","Mid-year population estimate","2021","2021","N05000004","Belfast West","11","Age 50-54","All","All persons","Number","6633"
"MYE","Mid-year population estimate","2021","2021","N05000004","Belfast West","12","Age 55-59","1","Females","Number","3790"
"MYE","Mid-year population estimate","2021","2021","N05000004","Belfast West","12","Age 55-59","2","Males","Number","3320"
"MYE","Mid-year population estimate","2021","2021","N05000004","Belfast West","12","Age 55-59","All","All persons","Number","7110"
"MYE","Mid-year population estimate","2021","2021","N05000004","Belfast West","13","Age 60-64","1","Females","Number","3321"
"MYE","Mid-year population estimate","2021","2021","N05000004","Belfast West","13","Age 60-64","2","Males","Number","2967"
"MYE","Mid-year population estimate","2021","2021","N05000004","Belfast West","13","Age 60-64","All","All persons","Number","6288"
"MYE","Mid-year population estimate","2021","2021","N05000004","Belfast West","14","Age 65-69","1","Females","Number","2449"
"MYE","Mid-year population estimate","2021","2021","N05000004","Belfast West","14","Age 65-69","2","Males","Number","2261"
"MYE","Mid-year population estimate","2021","2021","N05000004","Belfast West","14","Age 65-69","All","All persons","Number","4710"
"MYE","Mid-year population estimate","2021","2021","N05000004","Belfast West","15","Age 70-74","1","Females","Number","1944"
"MYE","Mid-year population estimate","2021","2021","N05000004","Belfast West","15","Age 70-74","2","Males","Number","1752"
"MYE","Mid-year population estimate","2021","2021","N05000004","Belfast West","15","Age 70-74","All","All persons","Number","3696"
"MYE","Mid-year population estimate","2021","2021","N05000004","Belfast West","16","Age 75-79","1","Females","Number","1617"
"MYE","Mid-year population estimate","2021","2021","N05000004","Belfast West","16","Age 75-79","2","Males","Number","1291"
"MYE","Mid-year population estimate","2021","2021","N05000004","Belfast West","16","Age 75-79","All","All persons","Number","2908"
"MYE","Mid-year population estimate","2021","2021","N05000004","Belfast West","17","Age 80-84","1","Females","Number","1140"
"MYE","Mid-year population estimate","2021","2021","N05000004","Belfast West","17","Age 80-84","2","Males","Number","806"
"MYE","Mid-year population estimate","2021","2021","N05000004","Belfast West","17","Age 80-84","All","All persons","Number","1946"
"MYE","Mid-year population estimate","2021","2021","N05000004","Belfast West","18","Age 85-89","1","Females","Number","795"
"MYE","Mid-year population estimate","2021","2021","N05000004","Belfast West","18","Age 85-89","2","Males","Number","406"
"MYE","Mid-year population estimate","2021","2021","N05000004","Belfast West","18","Age 85-89","All","All persons","Number","1201"
"MYE","Mid-year population estimate","2021","2021","N05000004","Belfast West","19","Age 90+","1","Females","Number","449"
"MYE","Mid-year population estimate","2021","2021","N05000004","Belfast West","19","Age 90+","2","Males","Number","166"
"MYE","Mid-year population estimate","2021","2021","N05000004","Belfast West","19","Age 90+","All","All persons","Number","615"
"MYE","Mid-year population estimate","2021","2021","N05000004","Belfast West","All","All","1","Females","Number","53987"
"MYE","Mid-year population estimate","2021","2021","N05000004","Belfast West","All","All","2","Males","Number","48973"
"MYE","Mid-year population estimate","2021","2021","N05000004","Belfast West","All","All","All","All persons","Number","102960"
"MYE","Mid-year population estimate","2021","2021","N05000005","East Antrim","1","Age 0-4","1","Females","Number","2433"
"MYE","Mid-year population estimate","2021","2021","N05000005","East Antrim","1","Age 0-4","2","Males","Number","2554"
"MYE","Mid-year population estimate","2021","2021","N05000005","East Antrim","1","Age 0-4","All","All persons","Number","4987"
"MYE","Mid-year population estimate","2021","2021","N05000005","East Antrim","2","Age 5-9","1","Females","Number","2670"
"MYE","Mid-year population estimate","2021","2021","N05000005","East Antrim","2","Age 5-9","2","Males","Number","2858"
"MYE","Mid-year population estimate","2021","2021","N05000005","East Antrim","2","Age 5-9","All","All persons","Number","5528"
"MYE","Mid-year population estimate","2021","2021","N05000005","East Antrim","3","Age 10-14","1","Females","Number","2896"
"MYE","Mid-year population estimate","2021","2021","N05000005","East Antrim","3","Age 10-14","2","Males","Number","3001"
"MYE","Mid-year population estimate","2021","2021","N05000005","East Antrim","3","Age 10-14","All","All persons","Number","5897"
"MYE","Mid-year population estimate","2021","2021","N05000005","East Antrim","4","Age 15-19","1","Females","Number","2801"
"MYE","Mid-year population estimate","2021","2021","N05000005","East Antrim","4","Age 15-19","2","Males","Number","2947"
"MYE","Mid-year population estimate","2021","2021","N05000005","East Antrim","4","Age 15-19","All","All persons","Number","5748"
"MYE","Mid-year population estimate","2021","2021","N05000005","East Antrim","5","Age 20-24","1","Females","Number","2336"
"MYE","Mid-year population estimate","2021","2021","N05000005","East Antrim","5","Age 20-24","2","Males","Number","2583"
"MYE","Mid-year population estimate","2021","2021","N05000005","East Antrim","5","Age 20-24","All","All persons","Number","4919"
"MYE","Mid-year population estimate","2021","2021","N05000005","East Antrim","6","Age 25-29","1","Females","Number","2584"
"MYE","Mid-year population estimate","2021","2021","N05000005","East Antrim","6","Age 25-29","2","Males","Number","2595"
"MYE","Mid-year population estimate","2021","2021","N05000005","East Antrim","6","Age 25-29","All","All persons","Number","5179"
"MYE","Mid-year population estimate","2021","2021","N05000005","East Antrim","7","Age 30-34","1","Females","Number","2958"
"MYE","Mid-year population estimate","2021","2021","N05000005","East Antrim","7","Age 30-34","2","Males","Number","2748"
"MYE","Mid-year population estimate","2021","2021","N05000005","East Antrim","7","Age 30-34","All","All persons","Number","5706"
"MYE","Mid-year population estimate","2021","2021","N05000005","East Antrim","8","Age 35-39","1","Females","Number","3010"
"MYE","Mid-year population estimate","2021","2021","N05000005","East Antrim","8","Age 35-39","2","Males","Number","2787"
"MYE","Mid-year population estimate","2021","2021","N05000005","East Antrim","8","Age 35-39","All","All persons","Number","5797"
"MYE","Mid-year population estimate","2021","2021","N05000005","East Antrim","9","Age 40-44","1","Females","Number","3156"
"MYE","Mid-year population estimate","2021","2021","N05000005","East Antrim","9","Age 40-44","2","Males","Number","2736"
"MYE","Mid-year population estimate","2021","2021","N05000005","East Antrim","9","Age 40-44","All","All persons","Number","5892"
"MYE","Mid-year population estimate","2021","2021","N05000005","East Antrim","10","Age 45-49","1","Females","Number","3240"
"MYE","Mid-year population estimate","2021","2021","N05000005","East Antrim","10","Age 45-49","2","Males","Number","3134"
"MYE","Mid-year population estimate","2021","2021","N05000005","East Antrim","10","Age 45-49","All","All persons","Number","6374"
"MYE","Mid-year population estimate","2021","2021","N05000005","East Antrim","11","Age 50-54","1","Females","Number","3856"
"MYE","Mid-year population estimate","2021","2021","N05000005","East Antrim","11","Age 50-54","2","Males","Number","3711"
"MYE","Mid-year population estimate","2021","2021","N05000005","East Antrim","11","Age 50-54","All","All persons","Number","7567"
"MYE","Mid-year population estimate","2021","2021","N05000005","East Antrim","12","Age 55-59","1","Females","Number","3824"
"MYE","Mid-year population estimate","2021","2021","N05000005","East Antrim","12","Age 55-59","2","Males","Number","3793"
"MYE","Mid-year population estimate","2021","2021","N05000005","East Antrim","12","Age 55-59","All","All persons","Number","7617"
"MYE","Mid-year population estimate","2021","2021","N05000005","East Antrim","13","Age 60-64","1","Females","Number","3345"
"MYE","Mid-year population estimate","2021","2021","N05000005","East Antrim","13","Age 60-64","2","Males","Number","3355"
"MYE","Mid-year population estimate","2021","2021","N05000005","East Antrim","13","Age 60-64","All","All persons","Number","6700"
"MYE","Mid-year population estimate","2021","2021","N05000005","East Antrim","14","Age 65-69","1","Females","Number","2709"
"MYE","Mid-year population estimate","2021","2021","N05000005","East Antrim","14","Age 65-69","2","Males","Number","2664"
"MYE","Mid-year population estimate","2021","2021","N05000005","East Antrim","14","Age 65-69","All","All persons","Number","5373"
"MYE","Mid-year population estimate","2021","2021","N05000005","East Antrim","15","Age 70-74","1","Females","Number","2570"
"MYE","Mid-year population estimate","2021","2021","N05000005","East Antrim","15","Age 70-74","2","Males","Number","2337"
"MYE","Mid-year population estimate","2021","2021","N05000005","East Antrim","15","Age 70-74","All","All persons","Number","4907"
"MYE","Mid-year population estimate","2021","2021","N05000005","East Antrim","16","Age 75-79","1","Females","Number","2091"
"MYE","Mid-year population estimate","2021","2021","N05000005","East Antrim","16","Age 75-79","2","Males","Number","1887"
"MYE","Mid-year population estimate","2021","2021","N05000005","East Antrim","16","Age 75-79","All","All persons","Number","3978"
"MYE","Mid-year population estimate","2021","2021","N05000005","East Antrim","17","Age 80-84","1","Females","Number","1448"
"MYE","Mid-year population estimate","2021","2021","N05000005","East Antrim","17","Age 80-84","2","Males","Number","1110"
"MYE","Mid-year population estimate","2021","2021","N05000005","East Antrim","17","Age 80-84","All","All persons","Number","2558"
"MYE","Mid-year population estimate","2021","2021","N05000005","East Antrim","18","Age 85-89","1","Females","Number","914"
"MYE","Mid-year population estimate","2021","2021","N05000005","East Antrim","18","Age 85-89","2","Males","Number","616"
"MYE","Mid-year population estimate","2021","2021","N05000005","East Antrim","18","Age 85-89","All","All persons","Number","1530"
"MYE","Mid-year population estimate","2021","2021","N05000005","East Antrim","19","Age 90+","1","Females","Number","558"
"MYE","Mid-year population estimate","2021","2021","N05000005","East Antrim","19","Age 90+","2","Males","Number","253"
"MYE","Mid-year population estimate","2021","2021","N05000005","East Antrim","19","Age 90+","All","All persons","Number","811"
"MYE","Mid-year population estimate","2021","2021","N05000005","East Antrim","All","All","1","Females","Number","49399"
"MYE","Mid-year population estimate","2021","2021","N05000005","East Antrim","All","All","2","Males","Number","47669"
"MYE","Mid-year population estimate","2021","2021","N05000005","East Antrim","All","All","All","All persons","Number","97068"
"MYE","Mid-year population estimate","2021","2021","N05000006","East Londonderry","1","Age 0-4","1","Females","Number","2812"
"MYE","Mid-year population estimate","2021","2021","N05000006","East Londonderry","1","Age 0-4","2","Males","Number","2850"
"MYE","Mid-year population estimate","2021","2021","N05000006","East Londonderry","1","Age 0-4","All","All persons","Number","5662"
"MYE","Mid-year population estimate","2021","2021","N05000006","East Londonderry","2","Age 5-9","1","Females","Number","3112"
"MYE","Mid-year population estimate","2021","2021","N05000006","East Londonderry","2","Age 5-9","2","Males","Number","3367"
"MYE","Mid-year population estimate","2021","2021","N05000006","East Londonderry","2","Age 5-9","All","All persons","Number","6479"
"MYE","Mid-year population estimate","2021","2021","N05000006","East Londonderry","3","Age 10-14","1","Females","Number","3193"
"MYE","Mid-year population estimate","2021","2021","N05000006","East Londonderry","3","Age 10-14","2","Males","Number","3463"
"MYE","Mid-year population estimate","2021","2021","N05000006","East Londonderry","3","Age 10-14","All","All persons","Number","6656"
"MYE","Mid-year population estimate","2021","2021","N05000006","East Londonderry","4","Age 15-19","1","Females","Number","3058"
"MYE","Mid-year population estimate","2021","2021","N05000006","East Londonderry","4","Age 15-19","2","Males","Number","3176"
"MYE","Mid-year population estimate","2021","2021","N05000006","East Londonderry","4","Age 15-19","All","All persons","Number","6234"
"MYE","Mid-year population estimate","2021","2021","N05000006","East Londonderry","5","Age 20-24","1","Females","Number","2935"
"MYE","Mid-year population estimate","2021","2021","N05000006","East Londonderry","5","Age 20-24","2","Males","Number","3000"
"MYE","Mid-year population estimate","2021","2021","N05000006","East Londonderry","5","Age 20-24","All","All persons","Number","5935"
"MYE","Mid-year population estimate","2021","2021","N05000006","East Londonderry","6","Age 25-29","1","Females","Number","2777"
"MYE","Mid-year population estimate","2021","2021","N05000006","East Londonderry","6","Age 25-29","2","Males","Number","2739"
"MYE","Mid-year population estimate","2021","2021","N05000006","East Londonderry","6","Age 25-29","All","All persons","Number","5516"
"MYE","Mid-year population estimate","2021","2021","N05000006","East Londonderry","7","Age 30-34","1","Females","Number","3020"
"MYE","Mid-year population estimate","2021","2021","N05000006","East Londonderry","7","Age 30-34","2","Males","Number","2965"
"MYE","Mid-year population estimate","2021","2021","N05000006","East Londonderry","7","Age 30-34","All","All persons","Number","5985"
"MYE","Mid-year population estimate","2021","2021","N05000006","East Londonderry","8","Age 35-39","1","Females","Number","3130"
"MYE","Mid-year population estimate","2021","2021","N05000006","East Londonderry","8","Age 35-39","2","Males","Number","3070"
"MYE","Mid-year population estimate","2021","2021","N05000006","East Londonderry","8","Age 35-39","All","All persons","Number","6200"
"MYE","Mid-year population estimate","2021","2021","N05000006","East Londonderry","9","Age 40-44","1","Females","Number","3204"
"MYE","Mid-year population estimate","2021","2021","N05000006","East Londonderry","9","Age 40-44","2","Males","Number","2952"
"MYE","Mid-year population estimate","2021","2021","N05000006","East Londonderry","9","Age 40-44","All","All persons","Number","6156"
"MYE","Mid-year population estimate","2021","2021","N05000006","East Londonderry","10","Age 45-49","1","Females","Number","3486"
"MYE","Mid-year population estimate","2021","2021","N05000006","East Londonderry","10","Age 45-49","2","Males","Number","3278"
"MYE","Mid-year population estimate","2021","2021","N05000006","East Londonderry","10","Age 45-49","All","All persons","Number","6764"
"MYE","Mid-year population estimate","2021","2021","N05000006","East Londonderry","11","Age 50-54","1","Females","Number","3910"
"MYE","Mid-year population estimate","2021","2021","N05000006","East Londonderry","11","Age 50-54","2","Males","Number","3726"
"MYE","Mid-year population estimate","2021","2021","N05000006","East Londonderry","11","Age 50-54","All","All persons","Number","7636"
"MYE","Mid-year population estimate","2021","2021","N05000006","East Londonderry","12","Age 55-59","1","Females","Number","3792"
"MYE","Mid-year population estimate","2021","2021","N05000006","East Londonderry","12","Age 55-59","2","Males","Number","3730"
"MYE","Mid-year population estimate","2021","2021","N05000006","East Londonderry","12","Age 55-59","All","All persons","Number","7522"
"MYE","Mid-year population estimate","2021","2021","N05000006","East Londonderry","13","Age 60-64","1","Females","Number","3350"
"MYE","Mid-year population estimate","2021","2021","N05000006","East Londonderry","13","Age 60-64","2","Males","Number","3242"
"MYE","Mid-year population estimate","2021","2021","N05000006","East Londonderry","13","Age 60-64","All","All persons","Number","6592"
"MYE","Mid-year population estimate","2021","2021","N05000006","East Londonderry","14","Age 65-69","1","Females","Number","2837"
"MYE","Mid-year population estimate","2021","2021","N05000006","East Londonderry","14","Age 65-69","2","Males","Number","2857"
"MYE","Mid-year population estimate","2021","2021","N05000006","East Londonderry","14","Age 65-69","All","All persons","Number","5694"
"MYE","Mid-year population estimate","2021","2021","N05000006","East Londonderry","15","Age 70-74","1","Females","Number","2608"
"MYE","Mid-year population estimate","2021","2021","N05000006","East Londonderry","15","Age 70-74","2","Males","Number","2510"
"MYE","Mid-year population estimate","2021","2021","N05000006","East Londonderry","15","Age 70-74","All","All persons","Number","5118"
"MYE","Mid-year population estimate","2021","2021","N05000006","East Londonderry","16","Age 75-79","1","Females","Number","2140"
"MYE","Mid-year population estimate","2021","2021","N05000006","East Londonderry","16","Age 75-79","2","Males","Number","1943"
"MYE","Mid-year population estimate","2021","2021","N05000006","East Londonderry","16","Age 75-79","All","All persons","Number","4083"
"MYE","Mid-year population estimate","2021","2021","N05000006","East Londonderry","17","Age 80-84","1","Females","Number","1520"
"MYE","Mid-year population estimate","2021","2021","N05000006","East Londonderry","17","Age 80-84","2","Males","Number","1186"
"MYE","Mid-year population estimate","2021","2021","N05000006","East Londonderry","17","Age 80-84","All","All persons","Number","2706"
"MYE","Mid-year population estimate","2021","2021","N05000006","East Londonderry","18","Age 85-89","1","Females","Number","943"
"MYE","Mid-year population estimate","2021","2021","N05000006","East Londonderry","18","Age 85-89","2","Males","Number","606"
"MYE","Mid-year population estimate","2021","2021","N05000006","East Londonderry","18","Age 85-89","All","All persons","Number","1549"
"MYE","Mid-year population estimate","2021","2021","N05000006","East Londonderry","19","Age 90+","1","Females","Number","550"
"MYE","Mid-year population estimate","2021","2021","N05000006","East Londonderry","19","Age 90+","2","Males","Number","249"
"MYE","Mid-year population estimate","2021","2021","N05000006","East Londonderry","19","Age 90+","All","All persons","Number","799"
"MYE","Mid-year population estimate","2021","2021","N05000006","East Londonderry","All","All","1","Females","Number","52377"
"MYE","Mid-year population estimate","2021","2021","N05000006","East Londonderry","All","All","2","Males","Number","50909"
"MYE","Mid-year population estimate","2021","2021","N05000006","East Londonderry","All","All","All","All persons","Number","103286"
"MYE","Mid-year population estimate","2021","2021","N05000007","Fermanagh and South Tyrone","1","Age 0-4","1","Females","Number","3657"
"MYE","Mid-year population estimate","2021","2021","N05000007","Fermanagh and South Tyrone","1","Age 0-4","2","Males","Number","3670"
"MYE","Mid-year population estimate","2021","2021","N05000007","Fermanagh and South Tyrone","1","Age 0-4","All","All persons","Number","7327"
"MYE","Mid-year population estimate","2021","2021","N05000007","Fermanagh and South Tyrone","2","Age 5-9","1","Females","Number","3798"
"MYE","Mid-year population estimate","2021","2021","N05000007","Fermanagh and South Tyrone","2","Age 5-9","2","Males","Number","4050"
"MYE","Mid-year population estimate","2021","2021","N05000007","Fermanagh and South Tyrone","2","Age 5-9","All","All persons","Number","7848"
"MYE","Mid-year population estimate","2021","2021","N05000007","Fermanagh and South Tyrone","3","Age 10-14","1","Females","Number","3755"
"MYE","Mid-year population estimate","2021","2021","N05000007","Fermanagh and South Tyrone","3","Age 10-14","2","Males","Number","4012"
"MYE","Mid-year population estimate","2021","2021","N05000007","Fermanagh and South Tyrone","3","Age 10-14","All","All persons","Number","7767"
"MYE","Mid-year population estimate","2021","2021","N05000007","Fermanagh and South Tyrone","4","Age 15-19","1","Females","Number","3344"
"MYE","Mid-year population estimate","2021","2021","N05000007","Fermanagh and South Tyrone","4","Age 15-19","2","Males","Number","3585"
"MYE","Mid-year population estimate","2021","2021","N05000007","Fermanagh and South Tyrone","4","Age 15-19","All","All persons","Number","6929"
"MYE","Mid-year population estimate","2021","2021","N05000007","Fermanagh and South Tyrone","5","Age 20-24","1","Females","Number","2628"
"MYE","Mid-year population estimate","2021","2021","N05000007","Fermanagh and South Tyrone","5","Age 20-24","2","Males","Number","2923"
"MYE","Mid-year population estimate","2021","2021","N05000007","Fermanagh and South Tyrone","5","Age 20-24","All","All persons","Number","5551"
"MYE","Mid-year population estimate","2021","2021","N05000007","Fermanagh and South Tyrone","6","Age 25-29","1","Females","Number","2936"
"MYE","Mid-year population estimate","2021","2021","N05000007","Fermanagh and South Tyrone","6","Age 25-29","2","Males","Number","3202"
"MYE","Mid-year population estimate","2021","2021","N05000007","Fermanagh and South Tyrone","6","Age 25-29","All","All persons","Number","6138"
"MYE","Mid-year population estimate","2021","2021","N05000007","Fermanagh and South Tyrone","7","Age 30-34","1","Females","Number","3594"
"MYE","Mid-year population estimate","2021","2021","N05000007","Fermanagh and South Tyrone","7","Age 30-34","2","Males","Number","3562"
"MYE","Mid-year population estimate","2021","2021","N05000007","Fermanagh and South Tyrone","7","Age 30-34","All","All persons","Number","7156"
"MYE","Mid-year population estimate","2021","2021","N05000007","Fermanagh and South Tyrone","8","Age 35-39","1","Females","Number","3837"
"MYE","Mid-year population estimate","2021","2021","N05000007","Fermanagh and South Tyrone","8","Age 35-39","2","Males","Number","3921"
"MYE","Mid-year population estimate","2021","2021","N05000007","Fermanagh and South Tyrone","8","Age 35-39","All","All persons","Number","7758"
"MYE","Mid-year population estimate","2021","2021","N05000007","Fermanagh and South Tyrone","9","Age 40-44","1","Females","Number","3738"
"MYE","Mid-year population estimate","2021","2021","N05000007","Fermanagh and South Tyrone","9","Age 40-44","2","Males","Number","3667"
"MYE","Mid-year population estimate","2021","2021","N05000007","Fermanagh and South Tyrone","9","Age 40-44","All","All persons","Number","7405"
"MYE","Mid-year population estimate","2021","2021","N05000007","Fermanagh and South Tyrone","10","Age 45-49","1","Females","Number","3606"
"MYE","Mid-year population estimate","2021","2021","N05000007","Fermanagh and South Tyrone","10","Age 45-49","2","Males","Number","3640"
"MYE","Mid-year population estimate","2021","2021","N05000007","Fermanagh and South Tyrone","10","Age 45-49","All","All persons","Number","7246"
"MYE","Mid-year population estimate","2021","2021","N05000007","Fermanagh and South Tyrone","11","Age 50-54","1","Females","Number","3702"
"MYE","Mid-year population estimate","2021","2021","N05000007","Fermanagh and South Tyrone","11","Age 50-54","2","Males","Number","3669"
"MYE","Mid-year population estimate","2021","2021","N05000007","Fermanagh and South Tyrone","11","Age 50-54","All","All persons","Number","7371"
"MYE","Mid-year population estimate","2021","2021","N05000007","Fermanagh and South Tyrone","12","Age 55-59","1","Females","Number","3580"
"MYE","Mid-year population estimate","2021","2021","N05000007","Fermanagh and South Tyrone","12","Age 55-59","2","Males","Number","3657"
"MYE","Mid-year population estimate","2021","2021","N05000007","Fermanagh and South Tyrone","12","Age 55-59","All","All persons","Number","7237"
"MYE","Mid-year population estimate","2021","2021","N05000007","Fermanagh and South Tyrone","13","Age 60-64","1","Females","Number","3250"
"MYE","Mid-year population estimate","2021","2021","N05000007","Fermanagh and South Tyrone","13","Age 60-64","2","Males","Number","3279"
"MYE","Mid-year population estimate","2021","2021","N05000007","Fermanagh and South Tyrone","13","Age 60-64","All","All persons","Number","6529"
"MYE","Mid-year population estimate","2021","2021","N05000007","Fermanagh and South Tyrone","14","Age 65-69","1","Females","Number","2792"
"MYE","Mid-year population estimate","2021","2021","N05000007","Fermanagh and South Tyrone","14","Age 65-69","2","Males","Number","2951"
"MYE","Mid-year population estimate","2021","2021","N05000007","Fermanagh and South Tyrone","14","Age 65-69","All","All persons","Number","5743"
"MYE","Mid-year population estimate","2021","2021","N05000007","Fermanagh and South Tyrone","15","Age 70-74","1","Females","Number","2581"
"MYE","Mid-year population estimate","2021","2021","N05000007","Fermanagh and South Tyrone","15","Age 70-74","2","Males","Number","2550"
"MYE","Mid-year population estimate","2021","2021","N05000007","Fermanagh and South Tyrone","15","Age 70-74","All","All persons","Number","5131"
"MYE","Mid-year population estimate","2021","2021","N05000007","Fermanagh and South Tyrone","16","Age 75-79","1","Females","Number","1972"
"MYE","Mid-year population estimate","2021","2021","N05000007","Fermanagh and South Tyrone","16","Age 75-79","2","Males","Number","1900"
"MYE","Mid-year population estimate","2021","2021","N05000007","Fermanagh and South Tyrone","16","Age 75-79","All","All persons","Number","3872"
"MYE","Mid-year population estimate","2021","2021","N05000007","Fermanagh and South Tyrone","17","Age 80-84","1","Females","Number","1427"
"MYE","Mid-year population estimate","2021","2021","N05000007","Fermanagh and South Tyrone","17","Age 80-84","2","Males","Number","1176"
"MYE","Mid-year population estimate","2021","2021","N05000007","Fermanagh and South Tyrone","17","Age 80-84","All","All persons","Number","2603"
"MYE","Mid-year population estimate","2021","2021","N05000007","Fermanagh and South Tyrone","18","Age 85-89","1","Females","Number","953"
"MYE","Mid-year population estimate","2021","2021","N05000007","Fermanagh and South Tyrone","18","Age 85-89","2","Males","Number","627"
"MYE","Mid-year population estimate","2021","2021","N05000007","Fermanagh and South Tyrone","18","Age 85-89","All","All persons","Number","1580"
"MYE","Mid-year population estimate","2021","2021","N05000007","Fermanagh and South Tyrone","19","Age 90+","1","Females","Number","576"
"MYE","Mid-year population estimate","2021","2021","N05000007","Fermanagh and South Tyrone","19","Age 90+","2","Males","Number","241"
"MYE","Mid-year population estimate","2021","2021","N05000007","Fermanagh and South Tyrone","19","Age 90+","All","All persons","Number","817"
"MYE","Mid-year population estimate","2021","2021","N05000007","Fermanagh and South Tyrone","All","All","1","Females","Number","55726"
"MYE","Mid-year population estimate","2021","2021","N05000007","Fermanagh and South Tyrone","All","All","2","Males","Number","56282"
"MYE","Mid-year population estimate","2021","2021","N05000007","Fermanagh and South Tyrone","All","All","All","All persons","Number","112008"
"MYE","Mid-year population estimate","2021","2021","N05000008","Foyle","1","Age 0-4","1","Females","Number","2951"
"MYE","Mid-year population estimate","2021","2021","N05000008","Foyle","1","Age 0-4","2","Males","Number","3102"
"MYE","Mid-year population estimate","2021","2021","N05000008","Foyle","1","Age 0-4","All","All persons","Number","6053"
"MYE","Mid-year population estimate","2021","2021","N05000008","Foyle","2","Age 5-9","1","Females","Number","3259"
"MYE","Mid-year population estimate","2021","2021","N05000008","Foyle","2","Age 5-9","2","Males","Number","3445"
"MYE","Mid-year population estimate","2021","2021","N05000008","Foyle","2","Age 5-9","All","All persons","Number","6704"
"MYE","Mid-year population estimate","2021","2021","N05000008","Foyle","3","Age 10-14","1","Females","Number","3331"
"MYE","Mid-year population estimate","2021","2021","N05000008","Foyle","3","Age 10-14","2","Males","Number","3400"
"MYE","Mid-year population estimate","2021","2021","N05000008","Foyle","3","Age 10-14","All","All persons","Number","6731"
"MYE","Mid-year population estimate","2021","2021","N05000008","Foyle","4","Age 15-19","1","Females","Number","2903"
"MYE","Mid-year population estimate","2021","2021","N05000008","Foyle","4","Age 15-19","2","Males","Number","3076"
"MYE","Mid-year population estimate","2021","2021","N05000008","Foyle","4","Age 15-19","All","All persons","Number","5979"
"MYE","Mid-year population estimate","2021","2021","N05000008","Foyle","5","Age 20-24","1","Females","Number","2727"
"MYE","Mid-year population estimate","2021","2021","N05000008","Foyle","5","Age 20-24","2","Males","Number","2915"
"MYE","Mid-year population estimate","2021","2021","N05000008","Foyle","5","Age 20-24","All","All persons","Number","5642"
"MYE","Mid-year population estimate","2021","2021","N05000008","Foyle","6","Age 25-29","1","Females","Number","3139"
"MYE","Mid-year population estimate","2021","2021","N05000008","Foyle","6","Age 25-29","2","Males","Number","2802"
"MYE","Mid-year population estimate","2021","2021","N05000008","Foyle","6","Age 25-29","All","All persons","Number","5941"
"MYE","Mid-year population estimate","2021","2021","N05000008","Foyle","7","Age 30-34","1","Females","Number","3629"
"MYE","Mid-year population estimate","2021","2021","N05000008","Foyle","7","Age 30-34","2","Males","Number","3074"
"MYE","Mid-year population estimate","2021","2021","N05000008","Foyle","7","Age 30-34","All","All persons","Number","6703"
"MYE","Mid-year population estimate","2021","2021","N05000008","Foyle","8","Age 35-39","1","Females","Number","3590"
"MYE","Mid-year population estimate","2021","2021","N05000008","Foyle","8","Age 35-39","2","Males","Number","3146"
"MYE","Mid-year population estimate","2021","2021","N05000008","Foyle","8","Age 35-39","All","All persons","Number","6736"
"MYE","Mid-year population estimate","2021","2021","N05000008","Foyle","9","Age 40-44","1","Females","Number","3424"
"MYE","Mid-year population estimate","2021","2021","N05000008","Foyle","9","Age 40-44","2","Males","Number","2938"
"MYE","Mid-year population estimate","2021","2021","N05000008","Foyle","9","Age 40-44","All","All persons","Number","6362"
"MYE","Mid-year population estimate","2021","2021","N05000008","Foyle","10","Age 45-49","1","Females","Number","3136"
"MYE","Mid-year population estimate","2021","2021","N05000008","Foyle","10","Age 45-49","2","Males","Number","2923"
"MYE","Mid-year population estimate","2021","2021","N05000008","Foyle","10","Age 45-49","All","All persons","Number","6059"
"MYE","Mid-year population estimate","2021","2021","N05000008","Foyle","11","Age 50-54","1","Females","Number","3468"
"MYE","Mid-year population estimate","2021","2021","N05000008","Foyle","11","Age 50-54","2","Males","Number","3210"
"MYE","Mid-year population estimate","2021","2021","N05000008","Foyle","11","Age 50-54","All","All persons","Number","6678"
"MYE","Mid-year population estimate","2021","2021","N05000008","Foyle","12","Age 55-59","1","Females","Number","3567"
"MYE","Mid-year population estimate","2021","2021","N05000008","Foyle","12","Age 55-59","2","Males","Number","3308"
"MYE","Mid-year population estimate","2021","2021","N05000008","Foyle","12","Age 55-59","All","All persons","Number","6875"
"MYE","Mid-year population estimate","2021","2021","N05000008","Foyle","13","Age 60-64","1","Females","Number","3024"
"MYE","Mid-year population estimate","2021","2021","N05000008","Foyle","13","Age 60-64","2","Males","Number","2840"
"MYE","Mid-year population estimate","2021","2021","N05000008","Foyle","13","Age 60-64","All","All persons","Number","5864"
"MYE","Mid-year population estimate","2021","2021","N05000008","Foyle","14","Age 65-69","1","Females","Number","2487"
"MYE","Mid-year population estimate","2021","2021","N05000008","Foyle","14","Age 65-69","2","Males","Number","2290"
"MYE","Mid-year population estimate","2021","2021","N05000008","Foyle","14","Age 65-69","All","All persons","Number","4777"
"MYE","Mid-year population estimate","2021","2021","N05000008","Foyle","15","Age 70-74","1","Females","Number","2061"
"MYE","Mid-year population estimate","2021","2021","N05000008","Foyle","15","Age 70-74","2","Males","Number","2045"
"MYE","Mid-year population estimate","2021","2021","N05000008","Foyle","15","Age 70-74","All","All persons","Number","4106"
"MYE","Mid-year population estimate","2021","2021","N05000008","Foyle","16","Age 75-79","1","Females","Number","1580"
"MYE","Mid-year population estimate","2021","2021","N05000008","Foyle","16","Age 75-79","2","Males","Number","1353"
"MYE","Mid-year population estimate","2021","2021","N05000008","Foyle","16","Age 75-79","All","All persons","Number","2933"
"MYE","Mid-year population estimate","2021","2021","N05000008","Foyle","17","Age 80-84","1","Females","Number","1062"
"MYE","Mid-year population estimate","2021","2021","N05000008","Foyle","17","Age 80-84","2","Males","Number","788"
"MYE","Mid-year population estimate","2021","2021","N05000008","Foyle","17","Age 80-84","All","All persons","Number","1850"
"MYE","Mid-year population estimate","2021","2021","N05000008","Foyle","18","Age 85-89","1","Females","Number","616"
"MYE","Mid-year population estimate","2021","2021","N05000008","Foyle","18","Age 85-89","2","Males","Number","380"
"MYE","Mid-year population estimate","2021","2021","N05000008","Foyle","18","Age 85-89","All","All persons","Number","996"
"MYE","Mid-year population estimate","2021","2021","N05000008","Foyle","19","Age 90+","1","Females","Number","298"
"MYE","Mid-year population estimate","2021","2021","N05000008","Foyle","19","Age 90+","2","Males","Number","117"
"MYE","Mid-year population estimate","2021","2021","N05000008","Foyle","19","Age 90+","All","All persons","Number","415"
"MYE","Mid-year population estimate","2021","2021","N05000008","Foyle","All","All","1","Females","Number","50252"
"MYE","Mid-year population estimate","2021","2021","N05000008","Foyle","All","All","2","Males","Number","47152"
"MYE","Mid-year population estimate","2021","2021","N05000008","Foyle","All","All","All","All persons","Number","97404"
"MYE","Mid-year population estimate","2021","2021","N05000009","Lagan Valley","1","Age 0-4","1","Females","Number","3232"
"MYE","Mid-year population estimate","2021","2021","N05000009","Lagan Valley","1","Age 0-4","2","Males","Number","3531"
"MYE","Mid-year population estimate","2021","2021","N05000009","Lagan Valley","1","Age 0-4","All","All persons","Number","6763"
"MYE","Mid-year population estimate","2021","2021","N05000009","Lagan Valley","2","Age 5-9","1","Females","Number","3573"
"MYE","Mid-year population estimate","2021","2021","N05000009","Lagan Valley","2","Age 5-9","2","Males","Number","3861"
"MYE","Mid-year population estimate","2021","2021","N05000009","Lagan Valley","2","Age 5-9","All","All persons","Number","7434"
"MYE","Mid-year population estimate","2021","2021","N05000009","Lagan Valley","3","Age 10-14","1","Females","Number","3618"
"MYE","Mid-year population estimate","2021","2021","N05000009","Lagan Valley","3","Age 10-14","2","Males","Number","3905"
"MYE","Mid-year population estimate","2021","2021","N05000009","Lagan Valley","3","Age 10-14","All","All persons","Number","7523"
"MYE","Mid-year population estimate","2021","2021","N05000009","Lagan Valley","4","Age 15-19","1","Females","Number","3002"
"MYE","Mid-year population estimate","2021","2021","N05000009","Lagan Valley","4","Age 15-19","2","Males","Number","3227"
"MYE","Mid-year population estimate","2021","2021","N05000009","Lagan Valley","4","Age 15-19","All","All persons","Number","6229"
"MYE","Mid-year population estimate","2021","2021","N05000009","Lagan Valley","5","Age 20-24","1","Females","Number","2563"
"MYE","Mid-year population estimate","2021","2021","N05000009","Lagan Valley","5","Age 20-24","2","Males","Number","2812"
"MYE","Mid-year population estimate","2021","2021","N05000009","Lagan Valley","5","Age 20-24","All","All persons","Number","5375"
"MYE","Mid-year population estimate","2021","2021","N05000009","Lagan Valley","6","Age 25-29","1","Females","Number","3354"
"MYE","Mid-year population estimate","2021","2021","N05000009","Lagan Valley","6","Age 25-29","2","Males","Number","3424"
"MYE","Mid-year population estimate","2021","2021","N05000009","Lagan Valley","6","Age 25-29","All","All persons","Number","6778"
"MYE","Mid-year population estimate","2021","2021","N05000009","Lagan Valley","7","Age 30-34","1","Females","Number","3907"
"MYE","Mid-year population estimate","2021","2021","N05000009","Lagan Valley","7","Age 30-34","2","Males","Number","3717"
"MYE","Mid-year population estimate","2021","2021","N05000009","Lagan Valley","7","Age 30-34","All","All persons","Number","7624"
"MYE","Mid-year population estimate","2021","2021","N05000009","Lagan Valley","8","Age 35-39","1","Females","Number","4040"
"MYE","Mid-year population estimate","2021","2021","N05000009","Lagan Valley","8","Age 35-39","2","Males","Number","3761"
"MYE","Mid-year population estimate","2021","2021","N05000009","Lagan Valley","8","Age 35-39","All","All persons","Number","7801"
"MYE","Mid-year population estimate","2021","2021","N05000009","Lagan Valley","9","Age 40-44","1","Females","Number","3785"
"MYE","Mid-year population estimate","2021","2021","N05000009","Lagan Valley","9","Age 40-44","2","Males","Number","3739"
"MYE","Mid-year population estimate","2021","2021","N05000009","Lagan Valley","9","Age 40-44","All","All persons","Number","7524"
"MYE","Mid-year population estimate","2021","2021","N05000009","Lagan Valley","10","Age 45-49","1","Females","Number","3715"
"MYE","Mid-year population estimate","2021","2021","N05000009","Lagan Valley","10","Age 45-49","2","Males","Number","3614"
"MYE","Mid-year population estimate","2021","2021","N05000009","Lagan Valley","10","Age 45-49","All","All persons","Number","7329"
"MYE","Mid-year population estimate","2021","2021","N05000009","Lagan Valley","11","Age 50-54","1","Females","Number","4172"
"MYE","Mid-year population estimate","2021","2021","N05000009","Lagan Valley","11","Age 50-54","2","Males","Number","3926"
"MYE","Mid-year population estimate","2021","2021","N05000009","Lagan Valley","11","Age 50-54","All","All persons","Number","8098"
"MYE","Mid-year population estimate","2021","2021","N05000009","Lagan Valley","12","Age 55-59","1","Females","Number","3856"
"MYE","Mid-year population estimate","2021","2021","N05000009","Lagan Valley","12","Age 55-59","2","Males","Number","3743"
"MYE","Mid-year population estimate","2021","2021","N05000009","Lagan Valley","12","Age 55-59","All","All persons","Number","7599"
"MYE","Mid-year population estimate","2021","2021","N05000009","Lagan Valley","13","Age 60-64","1","Females","Number","3319"
"MYE","Mid-year population estimate","2021","2021","N05000009","Lagan Valley","13","Age 60-64","2","Males","Number","3231"
"MYE","Mid-year population estimate","2021","2021","N05000009","Lagan Valley","13","Age 60-64","All","All persons","Number","6550"
"MYE","Mid-year population estimate","2021","2021","N05000009","Lagan Valley","14","Age 65-69","1","Females","Number","2633"
"MYE","Mid-year population estimate","2021","2021","N05000009","Lagan Valley","14","Age 65-69","2","Males","Number","2593"
"MYE","Mid-year population estimate","2021","2021","N05000009","Lagan Valley","14","Age 65-69","All","All persons","Number","5226"
"MYE","Mid-year population estimate","2021","2021","N05000009","Lagan Valley","15","Age 70-74","1","Females","Number","2585"
"MYE","Mid-year population estimate","2021","2021","N05000009","Lagan Valley","15","Age 70-74","2","Males","Number","2310"
"MYE","Mid-year population estimate","2021","2021","N05000009","Lagan Valley","15","Age 70-74","All","All persons","Number","4895"
"MYE","Mid-year population estimate","2021","2021","N05000009","Lagan Valley","16","Age 75-79","1","Females","Number","2258"
"MYE","Mid-year population estimate","2021","2021","N05000009","Lagan Valley","16","Age 75-79","2","Males","Number","1910"
"MYE","Mid-year population estimate","2021","2021","N05000009","Lagan Valley","16","Age 75-79","All","All persons","Number","4168"
"MYE","Mid-year population estimate","2021","2021","N05000009","Lagan Valley","17","Age 80-84","1","Females","Number","1565"
"MYE","Mid-year population estimate","2021","2021","N05000009","Lagan Valley","17","Age 80-84","2","Males","Number","1244"
"MYE","Mid-year population estimate","2021","2021","N05000009","Lagan Valley","17","Age 80-84","All","All persons","Number","2809"
"MYE","Mid-year population estimate","2021","2021","N05000009","Lagan Valley","18","Age 85-89","1","Females","Number","1037"
"MYE","Mid-year population estimate","2021","2021","N05000009","Lagan Valley","18","Age 85-89","2","Males","Number","682"
"MYE","Mid-year population estimate","2021","2021","N05000009","Lagan Valley","18","Age 85-89","All","All persons","Number","1719"
"MYE","Mid-year population estimate","2021","2021","N05000009","Lagan Valley","19","Age 90+","1","Females","Number","543"
"MYE","Mid-year population estimate","2021","2021","N05000009","Lagan Valley","19","Age 90+","2","Males","Number","229"
"MYE","Mid-year population estimate","2021","2021","N05000009","Lagan Valley","19","Age 90+","All","All persons","Number","772"
"MYE","Mid-year population estimate","2021","2021","N05000009","Lagan Valley","All","All","1","Females","Number","56757"
"MYE","Mid-year population estimate","2021","2021","N05000009","Lagan Valley","All","All","2","Males","Number","55459"
"MYE","Mid-year population estimate","2021","2021","N05000009","Lagan Valley","All","All","All","All persons","Number","112216"
"MYE","Mid-year population estimate","2021","2021","N05000010","Mid Ulster","1","Age 0-4","1","Females","Number","3498"
"MYE","Mid-year population estimate","2021","2021","N05000010","Mid Ulster","1","Age 0-4","2","Males","Number","3790"
"MYE","Mid-year population estimate","2021","2021","N05000010","Mid Ulster","1","Age 0-4","All","All persons","Number","7288"
"MYE","Mid-year population estimate","2021","2021","N05000010","Mid Ulster","2","Age 5-9","1","Females","Number","3728"
"MYE","Mid-year population estimate","2021","2021","N05000010","Mid Ulster","2","Age 5-9","2","Males","Number","3896"
"MYE","Mid-year population estimate","2021","2021","N05000010","Mid Ulster","2","Age 5-9","All","All persons","Number","7624"
"MYE","Mid-year population estimate","2021","2021","N05000010","Mid Ulster","3","Age 10-14","1","Females","Number","3880"
"MYE","Mid-year population estimate","2021","2021","N05000010","Mid Ulster","3","Age 10-14","2","Males","Number","3942"
"MYE","Mid-year population estimate","2021","2021","N05000010","Mid Ulster","3","Age 10-14","All","All persons","Number","7822"
"MYE","Mid-year population estimate","2021","2021","N05000010","Mid Ulster","4","Age 15-19","1","Females","Number","3357"
"MYE","Mid-year population estimate","2021","2021","N05000010","Mid Ulster","4","Age 15-19","2","Males","Number","3457"
"MYE","Mid-year population estimate","2021","2021","N05000010","Mid Ulster","4","Age 15-19","All","All persons","Number","6814"
"MYE","Mid-year population estimate","2021","2021","N05000010","Mid Ulster","5","Age 20-24","1","Females","Number","2759"
"MYE","Mid-year population estimate","2021","2021","N05000010","Mid Ulster","5","Age 20-24","2","Males","Number","3129"
"MYE","Mid-year population estimate","2021","2021","N05000010","Mid Ulster","5","Age 20-24","All","All persons","Number","5888"
"MYE","Mid-year population estimate","2021","2021","N05000010","Mid Ulster","6","Age 25-29","1","Females","Number","3217"
"MYE","Mid-year population estimate","2021","2021","N05000010","Mid Ulster","6","Age 25-29","2","Males","Number","3208"
"MYE","Mid-year population estimate","2021","2021","N05000010","Mid Ulster","6","Age 25-29","All","All persons","Number","6425"
"MYE","Mid-year population estimate","2021","2021","N05000010","Mid Ulster","7","Age 30-34","1","Females","Number","3496"
"MYE","Mid-year population estimate","2021","2021","N05000010","Mid Ulster","7","Age 30-34","2","Males","Number","3407"
"MYE","Mid-year population estimate","2021","2021","N05000010","Mid Ulster","7","Age 30-34","All","All persons","Number","6903"
"MYE","Mid-year population estimate","2021","2021","N05000010","Mid Ulster","8","Age 35-39","1","Females","Number","3694"
"MYE","Mid-year population estimate","2021","2021","N05000010","Mid Ulster","8","Age 35-39","2","Males","Number","3659"
"MYE","Mid-year population estimate","2021","2021","N05000010","Mid Ulster","8","Age 35-39","All","All persons","Number","7353"
"MYE","Mid-year population estimate","2021","2021","N05000010","Mid Ulster","9","Age 40-44","1","Females","Number","3503"
"MYE","Mid-year population estimate","2021","2021","N05000010","Mid Ulster","9","Age 40-44","2","Males","Number","3465"
"MYE","Mid-year population estimate","2021","2021","N05000010","Mid Ulster","9","Age 40-44","All","All persons","Number","6968"
"MYE","Mid-year population estimate","2021","2021","N05000010","Mid Ulster","10","Age 45-49","1","Females","Number","3528"
"MYE","Mid-year population estimate","2021","2021","N05000010","Mid Ulster","10","Age 45-49","2","Males","Number","3518"
"MYE","Mid-year population estimate","2021","2021","N05000010","Mid Ulster","10","Age 45-49","All","All persons","Number","7046"
"MYE","Mid-year population estimate","2021","2021","N05000010","Mid Ulster","11","Age 50-54","1","Females","Number","3423"
"MYE","Mid-year population estimate","2021","2021","N05000010","Mid Ulster","11","Age 50-54","2","Males","Number","3525"
"MYE","Mid-year population estimate","2021","2021","N05000010","Mid Ulster","11","Age 50-54","All","All persons","Number","6948"
"MYE","Mid-year population estimate","2021","2021","N05000010","Mid Ulster","12","Age 55-59","1","Females","Number","3213"
"MYE","Mid-year population estimate","2021","2021","N05000010","Mid Ulster","12","Age 55-59","2","Males","Number","3294"
"MYE","Mid-year population estimate","2021","2021","N05000010","Mid Ulster","12","Age 55-59","All","All persons","Number","6507"
"MYE","Mid-year population estimate","2021","2021","N05000010","Mid Ulster","13","Age 60-64","1","Females","Number","2887"
"MYE","Mid-year population estimate","2021","2021","N05000010","Mid Ulster","13","Age 60-64","2","Males","Number","2800"
"MYE","Mid-year population estimate","2021","2021","N05000010","Mid Ulster","13","Age 60-64","All","All persons","Number","5687"
"MYE","Mid-year population estimate","2021","2021","N05000010","Mid Ulster","14","Age 65-69","1","Females","Number","2339"
"MYE","Mid-year population estimate","2021","2021","N05000010","Mid Ulster","14","Age 65-69","2","Males","Number","2403"
"MYE","Mid-year population estimate","2021","2021","N05000010","Mid Ulster","14","Age 65-69","All","All persons","Number","4742"
"MYE","Mid-year population estimate","2021","2021","N05000010","Mid Ulster","15","Age 70-74","1","Females","Number","2150"
"MYE","Mid-year population estimate","2021","2021","N05000010","Mid Ulster","15","Age 70-74","2","Males","Number","1993"
"MYE","Mid-year population estimate","2021","2021","N05000010","Mid Ulster","15","Age 70-74","All","All persons","Number","4143"
"MYE","Mid-year population estimate","2021","2021","N05000010","Mid Ulster","16","Age 75-79","1","Females","Number","1732"
"MYE","Mid-year population estimate","2021","2021","N05000010","Mid Ulster","16","Age 75-79","2","Males","Number","1527"
"MYE","Mid-year population estimate","2021","2021","N05000010","Mid Ulster","16","Age 75-79","All","All persons","Number","3259"
"MYE","Mid-year population estimate","2021","2021","N05000010","Mid Ulster","17","Age 80-84","1","Females","Number","1189"
"MYE","Mid-year population estimate","2021","2021","N05000010","Mid Ulster","17","Age 80-84","2","Males","Number","919"
"MYE","Mid-year population estimate","2021","2021","N05000010","Mid Ulster","17","Age 80-84","All","All persons","Number","2108"
"MYE","Mid-year population estimate","2021","2021","N05000010","Mid Ulster","18","Age 85-89","1","Females","Number","770"
"MYE","Mid-year population estimate","2021","2021","N05000010","Mid Ulster","18","Age 85-89","2","Males","Number","468"
"MYE","Mid-year population estimate","2021","2021","N05000010","Mid Ulster","18","Age 85-89","All","All persons","Number","1238"
"MYE","Mid-year population estimate","2021","2021","N05000010","Mid Ulster","19","Age 90+","1","Females","Number","461"
"MYE","Mid-year population estimate","2021","2021","N05000010","Mid Ulster","19","Age 90+","2","Males","Number","214"
"MYE","Mid-year population estimate","2021","2021","N05000010","Mid Ulster","19","Age 90+","All","All persons","Number","675"
"MYE","Mid-year population estimate","2021","2021","N05000010","Mid Ulster","All","All","1","Females","Number","52824"
"MYE","Mid-year population estimate","2021","2021","N05000010","Mid Ulster","All","All","2","Males","Number","52614"
"MYE","Mid-year population estimate","2021","2021","N05000010","Mid Ulster","All","All","All","All persons","Number","105438"
"MYE","Mid-year population estimate","2021","2021","N05000011","Newry and Armagh","1","Age 0-4","1","Females","Number","3701"
"MYE","Mid-year population estimate","2021","2021","N05000011","Newry and Armagh","1","Age 0-4","2","Males","Number","3922"
"MYE","Mid-year population estimate","2021","2021","N05000011","Newry and Armagh","1","Age 0-4","All","All persons","Number","7623"
"MYE","Mid-year population estimate","2021","2021","N05000011","Newry and Armagh","2","Age 5-9","1","Females","Number","4118"
"MYE","Mid-year population estimate","2021","2021","N05000011","Newry and Armagh","2","Age 5-9","2","Males","Number","4140"
"MYE","Mid-year population estimate","2021","2021","N05000011","Newry and Armagh","2","Age 5-9","All","All persons","Number","8258"
"MYE","Mid-year population estimate","2021","2021","N05000011","Newry and Armagh","3","Age 10-14","1","Females","Number","3999"
"MYE","Mid-year population estimate","2021","2021","N05000011","Newry and Armagh","3","Age 10-14","2","Males","Number","4161"
"MYE","Mid-year population estimate","2021","2021","N05000011","Newry and Armagh","3","Age 10-14","All","All persons","Number","8160"
"MYE","Mid-year population estimate","2021","2021","N05000011","Newry and Armagh","4","Age 15-19","1","Females","Number","3463"
"MYE","Mid-year population estimate","2021","2021","N05000011","Newry and Armagh","4","Age 15-19","2","Males","Number","3732"
"MYE","Mid-year population estimate","2021","2021","N05000011","Newry and Armagh","4","Age 15-19","All","All persons","Number","7195"
"MYE","Mid-year population estimate","2021","2021","N05000011","Newry and Armagh","5","Age 20-24","1","Females","Number","2897"
"MYE","Mid-year population estimate","2021","2021","N05000011","Newry and Armagh","5","Age 20-24","2","Males","Number","3126"
"MYE","Mid-year population estimate","2021","2021","N05000011","Newry and Armagh","5","Age 20-24","All","All persons","Number","6023"
"MYE","Mid-year population estimate","2021","2021","N05000011","Newry and Armagh","6","Age 25-29","1","Females","Number","3251"
"MYE","Mid-year population estimate","2021","2021","N05000011","Newry and Armagh","6","Age 25-29","2","Males","Number","3282"
"MYE","Mid-year population estimate","2021","2021","N05000011","Newry and Armagh","6","Age 25-29","All","All persons","Number","6533"
"MYE","Mid-year population estimate","2021","2021","N05000011","Newry and Armagh","7","Age 30-34","1","Females","Number","3785"
"MYE","Mid-year population estimate","2021","2021","N05000011","Newry and Armagh","7","Age 30-34","2","Males","Number","3434"
"MYE","Mid-year population estimate","2021","2021","N05000011","Newry and Armagh","7","Age 30-34","All","All persons","Number","7219"
"MYE","Mid-year population estimate","2021","2021","N05000011","Newry and Armagh","8","Age 35-39","1","Females","Number","3962"
"MYE","Mid-year population estimate","2021","2021","N05000011","Newry and Armagh","8","Age 35-39","2","Males","Number","3678"
"MYE","Mid-year population estimate","2021","2021","N05000011","Newry and Armagh","8","Age 35-39","All","All persons","Number","7640"
"MYE","Mid-year population estimate","2021","2021","N05000011","Newry and Armagh","9","Age 40-44","1","Females","Number","3728"
"MYE","Mid-year population estimate","2021","2021","N05000011","Newry and Armagh","9","Age 40-44","2","Males","Number","3604"
"MYE","Mid-year population estimate","2021","2021","N05000011","Newry and Armagh","9","Age 40-44","All","All persons","Number","7332"
"MYE","Mid-year population estimate","2021","2021","N05000011","Newry and Armagh","10","Age 45-49","1","Females","Number","3580"
"MYE","Mid-year population estimate","2021","2021","N05000011","Newry and Armagh","10","Age 45-49","2","Males","Number","3542"
"MYE","Mid-year population estimate","2021","2021","N05000011","Newry and Armagh","10","Age 45-49","All","All persons","Number","7122"
"MYE","Mid-year population estimate","2021","2021","N05000011","Newry and Armagh","11","Age 50-54","1","Females","Number","3828"
"MYE","Mid-year population estimate","2021","2021","N05000011","Newry and Armagh","11","Age 50-54","2","Males","Number","3636"
"MYE","Mid-year population estimate","2021","2021","N05000011","Newry and Armagh","11","Age 50-54","All","All persons","Number","7464"
"MYE","Mid-year population estimate","2021","2021","N05000011","Newry and Armagh","12","Age 55-59","1","Females","Number","3536"
"MYE","Mid-year population estimate","2021","2021","N05000011","Newry and Armagh","12","Age 55-59","2","Males","Number","3601"
"MYE","Mid-year population estimate","2021","2021","N05000011","Newry and Armagh","12","Age 55-59","All","All persons","Number","7137"
"MYE","Mid-year population estimate","2021","2021","N05000011","Newry and Armagh","13","Age 60-64","1","Females","Number","3183"
"MYE","Mid-year population estimate","2021","2021","N05000011","Newry and Armagh","13","Age 60-64","2","Males","Number","3138"
"MYE","Mid-year population estimate","2021","2021","N05000011","Newry and Armagh","13","Age 60-64","All","All persons","Number","6321"
"MYE","Mid-year population estimate","2021","2021","N05000011","Newry and Armagh","14","Age 65-69","1","Females","Number","2696"
"MYE","Mid-year population estimate","2021","2021","N05000011","Newry and Armagh","14","Age 65-69","2","Males","Number","2607"
"MYE","Mid-year population estimate","2021","2021","N05000011","Newry and Armagh","14","Age 65-69","All","All persons","Number","5303"
"MYE","Mid-year population estimate","2021","2021","N05000011","Newry and Armagh","15","Age 70-74","1","Females","Number","2344"
"MYE","Mid-year population estimate","2021","2021","N05000011","Newry and Armagh","15","Age 70-74","2","Males","Number","2215"
"MYE","Mid-year population estimate","2021","2021","N05000011","Newry and Armagh","15","Age 70-74","All","All persons","Number","4559"
"MYE","Mid-year population estimate","2021","2021","N05000011","Newry and Armagh","16","Age 75-79","1","Females","Number","1923"
"MYE","Mid-year population estimate","2021","2021","N05000011","Newry and Armagh","16","Age 75-79","2","Males","Number","1659"
"MYE","Mid-year population estimate","2021","2021","N05000011","Newry and Armagh","16","Age 75-79","All","All persons","Number","3582"
"MYE","Mid-year population estimate","2021","2021","N05000011","Newry and Armagh","17","Age 80-84","1","Females","Number","1252"
"MYE","Mid-year population estimate","2021","2021","N05000011","Newry and Armagh","17","Age 80-84","2","Males","Number","997"
"MYE","Mid-year population estimate","2021","2021","N05000011","Newry and Armagh","17","Age 80-84","All","All persons","Number","2249"
"MYE","Mid-year population estimate","2021","2021","N05000011","Newry and Armagh","18","Age 85-89","1","Females","Number","815"
"MYE","Mid-year population estimate","2021","2021","N05000011","Newry and Armagh","18","Age 85-89","2","Males","Number","538"
"MYE","Mid-year population estimate","2021","2021","N05000011","Newry and Armagh","18","Age 85-89","All","All persons","Number","1353"
"MYE","Mid-year population estimate","2021","2021","N05000011","Newry and Armagh","19","Age 90+","1","Females","Number","510"
"MYE","Mid-year population estimate","2021","2021","N05000011","Newry and Armagh","19","Age 90+","2","Males","Number","195"
"MYE","Mid-year population estimate","2021","2021","N05000011","Newry and Armagh","19","Age 90+","All","All persons","Number","705"
"MYE","Mid-year population estimate","2021","2021","N05000011","Newry and Armagh","All","All","1","Females","Number","56571"
"MYE","Mid-year population estimate","2021","2021","N05000011","Newry and Armagh","All","All","2","Males","Number","55207"
"MYE","Mid-year population estimate","2021","2021","N05000011","Newry and Armagh","All","All","All","All persons","Number","111778"
"MYE","Mid-year population estimate","2021","2021","N05000012","North Antrim","1","Age 0-4","1","Females","Number","2887"
"MYE","Mid-year population estimate","2021","2021","N05000012","North Antrim","1","Age 0-4","2","Males","Number","3122"
"MYE","Mid-year population estimate","2021","2021","N05000012","North Antrim","1","Age 0-4","All","All persons","Number","6009"
"MYE","Mid-year population estimate","2021","2021","N05000012","North Antrim","2","Age 5-9","1","Females","Number","3211"
"MYE","Mid-year population estimate","2021","2021","N05000012","North Antrim","2","Age 5-9","2","Males","Number","3302"
"MYE","Mid-year population estimate","2021","2021","N05000012","North Antrim","2","Age 5-9","All","All persons","Number","6513"
"MYE","Mid-year population estimate","2021","2021","N05000012","North Antrim","3","Age 10-14","1","Females","Number","3284"
"MYE","Mid-year population estimate","2021","2021","N05000012","North Antrim","3","Age 10-14","2","Males","Number","3399"
"MYE","Mid-year population estimate","2021","2021","N05000012","North Antrim","3","Age 10-14","All","All persons","Number","6683"
"MYE","Mid-year population estimate","2021","2021","N05000012","North Antrim","4","Age 15-19","1","Females","Number","2952"
"MYE","Mid-year population estimate","2021","2021","N05000012","North Antrim","4","Age 15-19","2","Males","Number","3097"
"MYE","Mid-year population estimate","2021","2021","N05000012","North Antrim","4","Age 15-19","All","All persons","Number","6049"
"MYE","Mid-year population estimate","2021","2021","N05000012","North Antrim","5","Age 20-24","1","Females","Number","2655"
"MYE","Mid-year population estimate","2021","2021","N05000012","North Antrim","5","Age 20-24","2","Males","Number","2693"
"MYE","Mid-year population estimate","2021","2021","N05000012","North Antrim","5","Age 20-24","All","All persons","Number","5348"
"MYE","Mid-year population estimate","2021","2021","N05000012","North Antrim","6","Age 25-29","1","Females","Number","2863"
"MYE","Mid-year population estimate","2021","2021","N05000012","North Antrim","6","Age 25-29","2","Males","Number","2939"
"MYE","Mid-year population estimate","2021","2021","N05000012","North Antrim","6","Age 25-29","All","All persons","Number","5802"
"MYE","Mid-year population estimate","2021","2021","N05000012","North Antrim","7","Age 30-34","1","Females","Number","3245"
"MYE","Mid-year population estimate","2021","2021","N05000012","North Antrim","7","Age 30-34","2","Males","Number","3112"
"MYE","Mid-year population estimate","2021","2021","N05000012","North Antrim","7","Age 30-34","All","All persons","Number","6357"
"MYE","Mid-year population estimate","2021","2021","N05000012","North Antrim","8","Age 35-39","1","Females","Number","3413"
"MYE","Mid-year population estimate","2021","2021","N05000012","North Antrim","8","Age 35-39","2","Males","Number","3159"
"MYE","Mid-year population estimate","2021","2021","N05000012","North Antrim","8","Age 35-39","All","All persons","Number","6572"
"MYE","Mid-year population estimate","2021","2021","N05000012","North Antrim","9","Age 40-44","1","Females","Number","3347"
"MYE","Mid-year population estimate","2021","2021","N05000012","North Antrim","9","Age 40-44","2","Males","Number","3167"
"MYE","Mid-year population estimate","2021","2021","N05000012","North Antrim","9","Age 40-44","All","All persons","Number","6514"
"MYE","Mid-year population estimate","2021","2021","N05000012","North Antrim","10","Age 45-49","1","Females","Number","3406"
"MYE","Mid-year population estimate","2021","2021","N05000012","North Antrim","10","Age 45-49","2","Males","Number","3385"
"MYE","Mid-year population estimate","2021","2021","N05000012","North Antrim","10","Age 45-49","All","All persons","Number","6791"
"MYE","Mid-year population estimate","2021","2021","N05000012","North Antrim","11","Age 50-54","1","Females","Number","3922"
"MYE","Mid-year population estimate","2021","2021","N05000012","North Antrim","11","Age 50-54","2","Males","Number","3751"
"MYE","Mid-year population estimate","2021","2021","N05000012","North Antrim","11","Age 50-54","All","All persons","Number","7673"
"MYE","Mid-year population estimate","2021","2021","N05000012","North Antrim","12","Age 55-59","1","Females","Number","3648"
"MYE","Mid-year population estimate","2021","2021","N05000012","North Antrim","12","Age 55-59","2","Males","Number","3481"
"MYE","Mid-year population estimate","2021","2021","N05000012","North Antrim","12","Age 55-59","All","All persons","Number","7129"
"MYE","Mid-year population estimate","2021","2021","N05000012","North Antrim","13","Age 60-64","1","Females","Number","3215"
"MYE","Mid-year population estimate","2021","2021","N05000012","North Antrim","13","Age 60-64","2","Males","Number","3183"
"MYE","Mid-year population estimate","2021","2021","N05000012","North Antrim","13","Age 60-64","All","All persons","Number","6398"
"MYE","Mid-year population estimate","2021","2021","N05000012","North Antrim","14","Age 65-69","1","Females","Number","2821"
"MYE","Mid-year population estimate","2021","2021","N05000012","North Antrim","14","Age 65-69","2","Males","Number","2740"
"MYE","Mid-year population estimate","2021","2021","N05000012","North Antrim","14","Age 65-69","All","All persons","Number","5561"
"MYE","Mid-year population estimate","2021","2021","N05000012","North Antrim","15","Age 70-74","1","Females","Number","2516"
"MYE","Mid-year population estimate","2021","2021","N05000012","North Antrim","15","Age 70-74","2","Males","Number","2420"
"MYE","Mid-year population estimate","2021","2021","N05000012","North Antrim","15","Age 70-74","All","All persons","Number","4936"
"MYE","Mid-year population estimate","2021","2021","N05000012","North Antrim","16","Age 75-79","1","Females","Number","2307"
"MYE","Mid-year population estimate","2021","2021","N05000012","North Antrim","16","Age 75-79","2","Males","Number","1949"
"MYE","Mid-year population estimate","2021","2021","N05000012","North Antrim","16","Age 75-79","All","All persons","Number","4256"
"MYE","Mid-year population estimate","2021","2021","N05000012","North Antrim","17","Age 80-84","1","Females","Number","1617"
"MYE","Mid-year population estimate","2021","2021","N05000012","North Antrim","17","Age 80-84","2","Males","Number","1180"
"MYE","Mid-year population estimate","2021","2021","N05000012","North Antrim","17","Age 80-84","All","All persons","Number","2797"
"MYE","Mid-year population estimate","2021","2021","N05000012","North Antrim","18","Age 85-89","1","Females","Number","977"
"MYE","Mid-year population estimate","2021","2021","N05000012","North Antrim","18","Age 85-89","2","Males","Number","603"
"MYE","Mid-year population estimate","2021","2021","N05000012","North Antrim","18","Age 85-89","All","All persons","Number","1580"
"MYE","Mid-year population estimate","2021","2021","N05000012","North Antrim","19","Age 90+","1","Females","Number","576"
"MYE","Mid-year population estimate","2021","2021","N05000012","North Antrim","19","Age 90+","2","Males","Number","239"
"MYE","Mid-year population estimate","2021","2021","N05000012","North Antrim","19","Age 90+","All","All persons","Number","815"
"MYE","Mid-year population estimate","2021","2021","N05000012","North Antrim","All","All","1","Females","Number","52862"
"MYE","Mid-year population estimate","2021","2021","N05000012","North Antrim","All","All","2","Males","Number","50921"
"MYE","Mid-year population estimate","2021","2021","N05000012","North Antrim","All","All","All","All persons","Number","103783"
"MYE","Mid-year population estimate","2021","2021","N05000013","North Down","1","Age 0-4","1","Females","Number","2290"
"MYE","Mid-year population estimate","2021","2021","N05000013","North Down","1","Age 0-4","2","Males","Number","2485"
"MYE","Mid-year population estimate","2021","2021","N05000013","North Down","1","Age 0-4","All","All persons","Number","4775"
"MYE","Mid-year population estimate","2021","2021","N05000013","North Down","2","Age 5-9","1","Females","Number","2781"
"MYE","Mid-year population estimate","2021","2021","N05000013","North Down","2","Age 5-9","2","Males","Number","2928"
"MYE","Mid-year population estimate","2021","2021","N05000013","North Down","2","Age 5-9","All","All persons","Number","5709"
"MYE","Mid-year population estimate","2021","2021","N05000013","North Down","3","Age 10-14","1","Females","Number","3044"
"MYE","Mid-year population estimate","2021","2021","N05000013","North Down","3","Age 10-14","2","Males","Number","3168"
"MYE","Mid-year population estimate","2021","2021","N05000013","North Down","3","Age 10-14","All","All persons","Number","6212"
"MYE","Mid-year population estimate","2021","2021","N05000013","North Down","4","Age 15-19","1","Females","Number","2490"
"MYE","Mid-year population estimate","2021","2021","N05000013","North Down","4","Age 15-19","2","Males","Number","2666"
"MYE","Mid-year population estimate","2021","2021","N05000013","North Down","4","Age 15-19","All","All persons","Number","5156"
"MYE","Mid-year population estimate","2021","2021","N05000013","North Down","5","Age 20-24","1","Females","Number","1923"
"MYE","Mid-year population estimate","2021","2021","N05000013","North Down","5","Age 20-24","2","Males","Number","2190"
"MYE","Mid-year population estimate","2021","2021","N05000013","North Down","5","Age 20-24","All","All persons","Number","4113"
"MYE","Mid-year population estimate","2021","2021","N05000013","North Down","6","Age 25-29","1","Females","Number","2407"
"MYE","Mid-year population estimate","2021","2021","N05000013","North Down","6","Age 25-29","2","Males","Number","2481"
"MYE","Mid-year population estimate","2021","2021","N05000013","North Down","6","Age 25-29","All","All persons","Number","4888"
"MYE","Mid-year population estimate","2021","2021","N05000013","North Down","7","Age 30-34","1","Females","Number","2912"
"MYE","Mid-year population estimate","2021","2021","N05000013","North Down","7","Age 30-34","2","Males","Number","2679"
"MYE","Mid-year population estimate","2021","2021","N05000013","North Down","7","Age 30-34","All","All persons","Number","5591"
"MYE","Mid-year population estimate","2021","2021","N05000013","North Down","8","Age 35-39","1","Females","Number","3192"
"MYE","Mid-year population estimate","2021","2021","N05000013","North Down","8","Age 35-39","2","Males","Number","2886"
"MYE","Mid-year population estimate","2021","2021","N05000013","North Down","8","Age 35-39","All","All persons","Number","6078"
"MYE","Mid-year population estimate","2021","2021","N05000013","North Down","9","Age 40-44","1","Females","Number","3290"
"MYE","Mid-year population estimate","2021","2021","N05000013","North Down","9","Age 40-44","2","Males","Number","2943"
"MYE","Mid-year population estimate","2021","2021","N05000013","North Down","9","Age 40-44","All","All persons","Number","6233"
"MYE","Mid-year population estimate","2021","2021","N05000013","North Down","10","Age 45-49","1","Females","Number","3330"
"MYE","Mid-year population estimate","2021","2021","N05000013","North Down","10","Age 45-49","2","Males","Number","3087"
"MYE","Mid-year population estimate","2021","2021","N05000013","North Down","10","Age 45-49","All","All persons","Number","6417"
"MYE","Mid-year population estimate","2021","2021","N05000013","North Down","11","Age 50-54","1","Females","Number","3582"
"MYE","Mid-year population estimate","2021","2021","N05000013","North Down","11","Age 50-54","2","Males","Number","3299"
"MYE","Mid-year population estimate","2021","2021","N05000013","North Down","11","Age 50-54","All","All persons","Number","6881"
"MYE","Mid-year population estimate","2021","2021","N05000013","North Down","12","Age 55-59","1","Females","Number","3592"
"MYE","Mid-year population estimate","2021","2021","N05000013","North Down","12","Age 55-59","2","Males","Number","3323"
"MYE","Mid-year population estimate","2021","2021","N05000013","North Down","12","Age 55-59","All","All persons","Number","6915"
"MYE","Mid-year population estimate","2021","2021","N05000013","North Down","13","Age 60-64","1","Females","Number","3389"
"MYE","Mid-year population estimate","2021","2021","N05000013","North Down","13","Age 60-64","2","Males","Number","3110"
"MYE","Mid-year population estimate","2021","2021","N05000013","North Down","13","Age 60-64","All","All persons","Number","6499"
"MYE","Mid-year population estimate","2021","2021","N05000013","North Down","14","Age 65-69","1","Females","Number","2979"
"MYE","Mid-year population estimate","2021","2021","N05000013","North Down","14","Age 65-69","2","Males","Number","2782"
"MYE","Mid-year population estimate","2021","2021","N05000013","North Down","14","Age 65-69","All","All persons","Number","5761"
"MYE","Mid-year population estimate","2021","2021","N05000013","North Down","15","Age 70-74","1","Females","Number","3117"
"MYE","Mid-year population estimate","2021","2021","N05000013","North Down","15","Age 70-74","2","Males","Number","2764"
"MYE","Mid-year population estimate","2021","2021","N05000013","North Down","15","Age 70-74","All","All persons","Number","5881"
"MYE","Mid-year population estimate","2021","2021","N05000013","North Down","16","Age 75-79","1","Females","Number","2696"
"MYE","Mid-year population estimate","2021","2021","N05000013","North Down","16","Age 75-79","2","Males","Number","2351"
"MYE","Mid-year population estimate","2021","2021","N05000013","North Down","16","Age 75-79","All","All persons","Number","5047"
"MYE","Mid-year population estimate","2021","2021","N05000013","North Down","17","Age 80-84","1","Females","Number","1635"
"MYE","Mid-year population estimate","2021","2021","N05000013","North Down","17","Age 80-84","2","Males","Number","1315"
"MYE","Mid-year population estimate","2021","2021","N05000013","North Down","17","Age 80-84","All","All persons","Number","2950"
"MYE","Mid-year population estimate","2021","2021","N05000013","North Down","18","Age 85-89","1","Females","Number","1058"
"MYE","Mid-year population estimate","2021","2021","N05000013","North Down","18","Age 85-89","2","Males","Number","730"
"MYE","Mid-year population estimate","2021","2021","N05000013","North Down","18","Age 85-89","All","All persons","Number","1788"
"MYE","Mid-year population estimate","2021","2021","N05000013","North Down","19","Age 90+","1","Females","Number","747"
"MYE","Mid-year population estimate","2021","2021","N05000013","North Down","19","Age 90+","2","Males","Number","342"
"MYE","Mid-year population estimate","2021","2021","N05000013","North Down","19","Age 90+","All","All persons","Number","1089"
"MYE","Mid-year population estimate","2021","2021","N05000013","North Down","All","All","1","Females","Number","50454"
"MYE","Mid-year population estimate","2021","2021","N05000013","North Down","All","All","2","Males","Number","47529"
"MYE","Mid-year population estimate","2021","2021","N05000013","North Down","All","All","All","All persons","Number","97983"
"MYE","Mid-year population estimate","2021","2021","N05000014","South Antrim","1","Age 0-4","1","Females","Number","3008"
"MYE","Mid-year population estimate","2021","2021","N05000014","South Antrim","1","Age 0-4","2","Males","Number","3099"
"MYE","Mid-year population estimate","2021","2021","N05000014","South Antrim","1","Age 0-4","All","All persons","Number","6107"
"MYE","Mid-year population estimate","2021","2021","N05000014","South Antrim","2","Age 5-9","1","Females","Number","3467"
"MYE","Mid-year population estimate","2021","2021","N05000014","South Antrim","2","Age 5-9","2","Males","Number","3624"
"MYE","Mid-year population estimate","2021","2021","N05000014","South Antrim","2","Age 5-9","All","All persons","Number","7091"
"MYE","Mid-year population estimate","2021","2021","N05000014","South Antrim","3","Age 10-14","1","Females","Number","3670"
"MYE","Mid-year population estimate","2021","2021","N05000014","South Antrim","3","Age 10-14","2","Males","Number","3682"
"MYE","Mid-year population estimate","2021","2021","N05000014","South Antrim","3","Age 10-14","All","All persons","Number","7352"
"MYE","Mid-year population estimate","2021","2021","N05000014","South Antrim","4","Age 15-19","1","Females","Number","3047"
"MYE","Mid-year population estimate","2021","2021","N05000014","South Antrim","4","Age 15-19","2","Males","Number","3299"
"MYE","Mid-year population estimate","2021","2021","N05000014","South Antrim","4","Age 15-19","All","All persons","Number","6346"
"MYE","Mid-year population estimate","2021","2021","N05000014","South Antrim","5","Age 20-24","1","Females","Number","2706"
"MYE","Mid-year population estimate","2021","2021","N05000014","South Antrim","5","Age 20-24","2","Males","Number","3084"
"MYE","Mid-year population estimate","2021","2021","N05000014","South Antrim","5","Age 20-24","All","All persons","Number","5790"
"MYE","Mid-year population estimate","2021","2021","N05000014","South Antrim","6","Age 25-29","1","Females","Number","3159"
"MYE","Mid-year population estimate","2021","2021","N05000014","South Antrim","6","Age 25-29","2","Males","Number","3180"
"MYE","Mid-year population estimate","2021","2021","N05000014","South Antrim","6","Age 25-29","All","All persons","Number","6339"
"MYE","Mid-year population estimate","2021","2021","N05000014","South Antrim","7","Age 30-34","1","Females","Number","3561"
"MYE","Mid-year population estimate","2021","2021","N05000014","South Antrim","7","Age 30-34","2","Males","Number","3349"
"MYE","Mid-year population estimate","2021","2021","N05000014","South Antrim","7","Age 30-34","All","All persons","Number","6910"
"MYE","Mid-year population estimate","2021","2021","N05000014","South Antrim","8","Age 35-39","1","Females","Number","3745"
"MYE","Mid-year population estimate","2021","2021","N05000014","South Antrim","8","Age 35-39","2","Males","Number","3501"
"MYE","Mid-year population estimate","2021","2021","N05000014","South Antrim","8","Age 35-39","All","All persons","Number","7246"
"MYE","Mid-year population estimate","2021","2021","N05000014","South Antrim","9","Age 40-44","1","Females","Number","3730"
"MYE","Mid-year population estimate","2021","2021","N05000014","South Antrim","9","Age 40-44","2","Males","Number","3514"
"MYE","Mid-year population estimate","2021","2021","N05000014","South Antrim","9","Age 40-44","All","All persons","Number","7244"
"MYE","Mid-year population estimate","2021","2021","N05000014","South Antrim","10","Age 45-49","1","Females","Number","3750"
"MYE","Mid-year population estimate","2021","2021","N05000014","South Antrim","10","Age 45-49","2","Males","Number","3595"
"MYE","Mid-year population estimate","2021","2021","N05000014","South Antrim","10","Age 45-49","All","All persons","Number","7345"
"MYE","Mid-year population estimate","2021","2021","N05000014","South Antrim","11","Age 50-54","1","Females","Number","3884"
"MYE","Mid-year population estimate","2021","2021","N05000014","South Antrim","11","Age 50-54","2","Males","Number","3743"
"MYE","Mid-year population estimate","2021","2021","N05000014","South Antrim","11","Age 50-54","All","All persons","Number","7627"
"MYE","Mid-year population estimate","2021","2021","N05000014","South Antrim","12","Age 55-59","1","Females","Number","3605"
"MYE","Mid-year population estimate","2021","2021","N05000014","South Antrim","12","Age 55-59","2","Males","Number","3654"
"MYE","Mid-year population estimate","2021","2021","N05000014","South Antrim","12","Age 55-59","All","All persons","Number","7259"
"MYE","Mid-year population estimate","2021","2021","N05000014","South Antrim","13","Age 60-64","1","Females","Number","3006"
"MYE","Mid-year population estimate","2021","2021","N05000014","South Antrim","13","Age 60-64","2","Males","Number","2928"
"MYE","Mid-year population estimate","2021","2021","N05000014","South Antrim","13","Age 60-64","All","All persons","Number","5934"
"MYE","Mid-year population estimate","2021","2021","N05000014","South Antrim","14","Age 65-69","1","Females","Number","2555"
"MYE","Mid-year population estimate","2021","2021","N05000014","South Antrim","14","Age 65-69","2","Males","Number","2474"
"MYE","Mid-year population estimate","2021","2021","N05000014","South Antrim","14","Age 65-69","All","All persons","Number","5029"
"MYE","Mid-year population estimate","2021","2021","N05000014","South Antrim","15","Age 70-74","1","Females","Number","2485"
"MYE","Mid-year population estimate","2021","2021","N05000014","South Antrim","15","Age 70-74","2","Males","Number","2302"
"MYE","Mid-year population estimate","2021","2021","N05000014","South Antrim","15","Age 70-74","All","All persons","Number","4787"
"MYE","Mid-year population estimate","2021","2021","N05000014","South Antrim","16","Age 75-79","1","Females","Number","2010"
"MYE","Mid-year population estimate","2021","2021","N05000014","South Antrim","16","Age 75-79","2","Males","Number","1749"
"MYE","Mid-year population estimate","2021","2021","N05000014","South Antrim","16","Age 75-79","All","All persons","Number","3759"
"MYE","Mid-year population estimate","2021","2021","N05000014","South Antrim","17","Age 80-84","1","Females","Number","1376"
"MYE","Mid-year population estimate","2021","2021","N05000014","South Antrim","17","Age 80-84","2","Males","Number","1089"
"MYE","Mid-year population estimate","2021","2021","N05000014","South Antrim","17","Age 80-84","All","All persons","Number","2465"
"MYE","Mid-year population estimate","2021","2021","N05000014","South Antrim","18","Age 85-89","1","Females","Number","776"
"MYE","Mid-year population estimate","2021","2021","N05000014","South Antrim","18","Age 85-89","2","Males","Number","571"
"MYE","Mid-year population estimate","2021","2021","N05000014","South Antrim","18","Age 85-89","All","All persons","Number","1347"
"MYE","Mid-year population estimate","2021","2021","N05000014","South Antrim","19","Age 90+","1","Females","Number","436"
"MYE","Mid-year population estimate","2021","2021","N05000014","South Antrim","19","Age 90+","2","Males","Number","185"
"MYE","Mid-year population estimate","2021","2021","N05000014","South Antrim","19","Age 90+","All","All persons","Number","621"
"MYE","Mid-year population estimate","2021","2021","N05000014","South Antrim","All","All","1","Females","Number","53976"
"MYE","Mid-year population estimate","2021","2021","N05000014","South Antrim","All","All","2","Males","Number","52622"
"MYE","Mid-year population estimate","2021","2021","N05000014","South Antrim","All","All","All","All persons","Number","106598"
"MYE","Mid-year population estimate","2021","2021","N05000015","South Down","1","Age 0-4","1","Females","Number","3221"
"MYE","Mid-year population estimate","2021","2021","N05000015","South Down","1","Age 0-4","2","Males","Number","3411"
"MYE","Mid-year population estimate","2021","2021","N05000015","South Down","1","Age 0-4","All","All persons","Number","6632"
"MYE","Mid-year population estimate","2021","2021","N05000015","South Down","2","Age 5-9","1","Females","Number","3692"
"MYE","Mid-year population estimate","2021","2021","N05000015","South Down","2","Age 5-9","2","Males","Number","3934"
"MYE","Mid-year population estimate","2021","2021","N05000015","South Down","2","Age 5-9","All","All persons","Number","7626"
"MYE","Mid-year population estimate","2021","2021","N05000015","South Down","3","Age 10-14","1","Females","Number","3888"
"MYE","Mid-year population estimate","2021","2021","N05000015","South Down","3","Age 10-14","2","Males","Number","3939"
"MYE","Mid-year population estimate","2021","2021","N05000015","South Down","3","Age 10-14","All","All persons","Number","7827"
"MYE","Mid-year population estimate","2021","2021","N05000015","South Down","4","Age 15-19","1","Females","Number","3224"
"MYE","Mid-year population estimate","2021","2021","N05000015","South Down","4","Age 15-19","2","Males","Number","3347"
"MYE","Mid-year population estimate","2021","2021","N05000015","South Down","4","Age 15-19","All","All persons","Number","6571"
"MYE","Mid-year population estimate","2021","2021","N05000015","South Down","5","Age 20-24","1","Females","Number","2671"
"MYE","Mid-year population estimate","2021","2021","N05000015","South Down","5","Age 20-24","2","Males","Number","2989"
"MYE","Mid-year population estimate","2021","2021","N05000015","South Down","5","Age 20-24","All","All persons","Number","5660"
"MYE","Mid-year population estimate","2021","2021","N05000015","South Down","6","Age 25-29","1","Females","Number","2827"
"MYE","Mid-year population estimate","2021","2021","N05000015","South Down","6","Age 25-29","2","Males","Number","2846"
"MYE","Mid-year population estimate","2021","2021","N05000015","South Down","6","Age 25-29","All","All persons","Number","5673"
"MYE","Mid-year population estimate","2021","2021","N05000015","South Down","7","Age 30-34","1","Females","Number","3349"
"MYE","Mid-year population estimate","2021","2021","N05000015","South Down","7","Age 30-34","2","Males","Number","3048"
"MYE","Mid-year population estimate","2021","2021","N05000015","South Down","7","Age 30-34","All","All persons","Number","6397"
"MYE","Mid-year population estimate","2021","2021","N05000015","South Down","8","Age 35-39","1","Females","Number","3529"
"MYE","Mid-year population estimate","2021","2021","N05000015","South Down","8","Age 35-39","2","Males","Number","3316"
"MYE","Mid-year population estimate","2021","2021","N05000015","South Down","8","Age 35-39","All","All persons","Number","6845"
"MYE","Mid-year population estimate","2021","2021","N05000015","South Down","9","Age 40-44","1","Females","Number","3500"
"MYE","Mid-year population estimate","2021","2021","N05000015","South Down","9","Age 40-44","2","Males","Number","3404"
"MYE","Mid-year population estimate","2021","2021","N05000015","South Down","9","Age 40-44","All","All persons","Number","6904"
"MYE","Mid-year population estimate","2021","2021","N05000015","South Down","10","Age 45-49","1","Females","Number","3384"
"MYE","Mid-year population estimate","2021","2021","N05000015","South Down","10","Age 45-49","2","Males","Number","3278"
"MYE","Mid-year population estimate","2021","2021","N05000015","South Down","10","Age 45-49","All","All persons","Number","6662"
"MYE","Mid-year population estimate","2021","2021","N05000015","South Down","11","Age 50-54","1","Females","Number","3729"
"MYE","Mid-year population estimate","2021","2021","N05000015","South Down","11","Age 50-54","2","Males","Number","3588"
"MYE","Mid-year population estimate","2021","2021","N05000015","South Down","11","Age 50-54","All","All persons","Number","7317"
"MYE","Mid-year population estimate","2021","2021","N05000015","South Down","12","Age 55-59","1","Females","Number","3535"
"MYE","Mid-year population estimate","2021","2021","N05000015","South Down","12","Age 55-59","2","Males","Number","3619"
"MYE","Mid-year population estimate","2021","2021","N05000015","South Down","12","Age 55-59","All","All persons","Number","7154"
"MYE","Mid-year population estimate","2021","2021","N05000015","South Down","13","Age 60-64","1","Females","Number","3224"
"MYE","Mid-year population estimate","2021","2021","N05000015","South Down","13","Age 60-64","2","Males","Number","3035"
"MYE","Mid-year population estimate","2021","2021","N05000015","South Down","13","Age 60-64","All","All persons","Number","6259"
"MYE","Mid-year population estimate","2021","2021","N05000015","South Down","14","Age 65-69","1","Females","Number","2658"
"MYE","Mid-year population estimate","2021","2021","N05000015","South Down","14","Age 65-69","2","Males","Number","2714"
"MYE","Mid-year population estimate","2021","2021","N05000015","South Down","14","Age 65-69","All","All persons","Number","5372"
"MYE","Mid-year population estimate","2021","2021","N05000015","South Down","15","Age 70-74","1","Females","Number","2403"
"MYE","Mid-year population estimate","2021","2021","N05000015","South Down","15","Age 70-74","2","Males","Number","2256"
"MYE","Mid-year population estimate","2021","2021","N05000015","South Down","15","Age 70-74","All","All persons","Number","4659"
"MYE","Mid-year population estimate","2021","2021","N05000015","South Down","16","Age 75-79","1","Females","Number","1833"
"MYE","Mid-year population estimate","2021","2021","N05000015","South Down","16","Age 75-79","2","Males","Number","1662"
"MYE","Mid-year population estimate","2021","2021","N05000015","South Down","16","Age 75-79","All","All persons","Number","3495"
"MYE","Mid-year population estimate","2021","2021","N05000015","South Down","17","Age 80-84","1","Females","Number","1266"
"MYE","Mid-year population estimate","2021","2021","N05000015","South Down","17","Age 80-84","2","Males","Number","1035"
"MYE","Mid-year population estimate","2021","2021","N05000015","South Down","17","Age 80-84","All","All persons","Number","2301"
"MYE","Mid-year population estimate","2021","2021","N05000015","South Down","18","Age 85-89","1","Females","Number","838"
"MYE","Mid-year population estimate","2021","2021","N05000015","South Down","18","Age 85-89","2","Males","Number","550"
"MYE","Mid-year population estimate","2021","2021","N05000015","South Down","18","Age 85-89","All","All persons","Number","1388"
"MYE","Mid-year population estimate","2021","2021","N05000015","South Down","19","Age 90+","1","Females","Number","511"
"MYE","Mid-year population estimate","2021","2021","N05000015","South Down","19","Age 90+","2","Males","Number","212"
"MYE","Mid-year population estimate","2021","2021","N05000015","South Down","19","Age 90+","All","All persons","Number","723"
"MYE","Mid-year population estimate","2021","2021","N05000015","South Down","All","All","1","Females","Number","53282"
"MYE","Mid-year population estimate","2021","2021","N05000015","South Down","All","All","2","Males","Number","52183"
"MYE","Mid-year population estimate","2021","2021","N05000015","South Down","All","All","All","All persons","Number","105465"
"MYE","Mid-year population estimate","2021","2021","N05000016","Strangford","1","Age 0-4","1","Females","Number","2418"
"MYE","Mid-year population estimate","2021","2021","N05000016","Strangford","1","Age 0-4","2","Males","Number","2614"
"MYE","Mid-year population estimate","2021","2021","N05000016","Strangford","1","Age 0-4","All","All persons","Number","5032"
"MYE","Mid-year population estimate","2021","2021","N05000016","Strangford","2","Age 5-9","1","Females","Number","2896"
"MYE","Mid-year population estimate","2021","2021","N05000016","Strangford","2","Age 5-9","2","Males","Number","2999"
"MYE","Mid-year population estimate","2021","2021","N05000016","Strangford","2","Age 5-9","All","All persons","Number","5895"
"MYE","Mid-year population estimate","2021","2021","N05000016","Strangford","3","Age 10-14","1","Females","Number","2984"
"MYE","Mid-year population estimate","2021","2021","N05000016","Strangford","3","Age 10-14","2","Males","Number","3129"
"MYE","Mid-year population estimate","2021","2021","N05000016","Strangford","3","Age 10-14","All","All persons","Number","6113"
"MYE","Mid-year population estimate","2021","2021","N05000016","Strangford","4","Age 15-19","1","Females","Number","2635"
"MYE","Mid-year population estimate","2021","2021","N05000016","Strangford","4","Age 15-19","2","Males","Number","2911"
"MYE","Mid-year population estimate","2021","2021","N05000016","Strangford","4","Age 15-19","All","All persons","Number","5546"
"MYE","Mid-year population estimate","2021","2021","N05000016","Strangford","5","Age 20-24","1","Females","Number","2291"
"MYE","Mid-year population estimate","2021","2021","N05000016","Strangford","5","Age 20-24","2","Males","Number","2558"
"MYE","Mid-year population estimate","2021","2021","N05000016","Strangford","5","Age 20-24","All","All persons","Number","4849"
"MYE","Mid-year population estimate","2021","2021","N05000016","Strangford","6","Age 25-29","1","Females","Number","2648"
"MYE","Mid-year population estimate","2021","2021","N05000016","Strangford","6","Age 25-29","2","Males","Number","2641"
"MYE","Mid-year population estimate","2021","2021","N05000016","Strangford","6","Age 25-29","All","All persons","Number","5289"
"MYE","Mid-year population estimate","2021","2021","N05000016","Strangford","7","Age 30-34","1","Females","Number","3030"
"MYE","Mid-year population estimate","2021","2021","N05000016","Strangford","7","Age 30-34","2","Males","Number","2677"
"MYE","Mid-year population estimate","2021","2021","N05000016","Strangford","7","Age 30-34","All","All persons","Number","5707"
"MYE","Mid-year population estimate","2021","2021","N05000016","Strangford","8","Age 35-39","1","Females","Number","2954"
"MYE","Mid-year population estimate","2021","2021","N05000016","Strangford","8","Age 35-39","2","Males","Number","2777"
"MYE","Mid-year population estimate","2021","2021","N05000016","Strangford","8","Age 35-39","All","All persons","Number","5731"
"MYE","Mid-year population estimate","2021","2021","N05000016","Strangford","9","Age 40-44","1","Females","Number","3151"
"MYE","Mid-year population estimate","2021","2021","N05000016","Strangford","9","Age 40-44","2","Males","Number","2793"
"MYE","Mid-year population estimate","2021","2021","N05000016","Strangford","9","Age 40-44","All","All persons","Number","5944"
"MYE","Mid-year population estimate","2021","2021","N05000016","Strangford","10","Age 45-49","1","Females","Number","3224"
"MYE","Mid-year population estimate","2021","2021","N05000016","Strangford","10","Age 45-49","2","Males","Number","3185"
"MYE","Mid-year population estimate","2021","2021","N05000016","Strangford","10","Age 45-49","All","All persons","Number","6409"
"MYE","Mid-year population estimate","2021","2021","N05000016","Strangford","11","Age 50-54","1","Females","Number","3762"
"MYE","Mid-year population estimate","2021","2021","N05000016","Strangford","11","Age 50-54","2","Males","Number","3508"
"MYE","Mid-year population estimate","2021","2021","N05000016","Strangford","11","Age 50-54","All","All persons","Number","7270"
"MYE","Mid-year population estimate","2021","2021","N05000016","Strangford","12","Age 55-59","1","Females","Number","3835"
"MYE","Mid-year population estimate","2021","2021","N05000016","Strangford","12","Age 55-59","2","Males","Number","3611"
"MYE","Mid-year population estimate","2021","2021","N05000016","Strangford","12","Age 55-59","All","All persons","Number","7446"
"MYE","Mid-year population estimate","2021","2021","N05000016","Strangford","13","Age 60-64","1","Females","Number","3425"
"MYE","Mid-year population estimate","2021","2021","N05000016","Strangford","13","Age 60-64","2","Males","Number","3249"
"MYE","Mid-year population estimate","2021","2021","N05000016","Strangford","13","Age 60-64","All","All persons","Number","6674"
"MYE","Mid-year population estimate","2021","2021","N05000016","Strangford","14","Age 65-69","1","Females","Number","2856"
"MYE","Mid-year population estimate","2021","2021","N05000016","Strangford","14","Age 65-69","2","Males","Number","2797"
"MYE","Mid-year population estimate","2021","2021","N05000016","Strangford","14","Age 65-69","All","All persons","Number","5653"
"MYE","Mid-year population estimate","2021","2021","N05000016","Strangford","15","Age 70-74","1","Females","Number","2811"
"MYE","Mid-year population estimate","2021","2021","N05000016","Strangford","15","Age 70-74","2","Males","Number","2633"
"MYE","Mid-year population estimate","2021","2021","N05000016","Strangford","15","Age 70-74","All","All persons","Number","5444"
"MYE","Mid-year population estimate","2021","2021","N05000016","Strangford","16","Age 75-79","1","Females","Number","2275"
"MYE","Mid-year population estimate","2021","2021","N05000016","Strangford","16","Age 75-79","2","Males","Number","2120"
"MYE","Mid-year population estimate","2021","2021","N05000016","Strangford","16","Age 75-79","All","All persons","Number","4395"
"MYE","Mid-year population estimate","2021","2021","N05000016","Strangford","17","Age 80-84","1","Females","Number","1439"
"MYE","Mid-year population estimate","2021","2021","N05000016","Strangford","17","Age 80-84","2","Males","Number","1157"
"MYE","Mid-year population estimate","2021","2021","N05000016","Strangford","17","Age 80-84","All","All persons","Number","2596"
"MYE","Mid-year population estimate","2021","2021","N05000016","Strangford","18","Age 85-89","1","Females","Number","894"
"MYE","Mid-year population estimate","2021","2021","N05000016","Strangford","18","Age 85-89","2","Males","Number","622"
"MYE","Mid-year population estimate","2021","2021","N05000016","Strangford","18","Age 85-89","All","All persons","Number","1516"
"MYE","Mid-year population estimate","2021","2021","N05000016","Strangford","19","Age 90+","1","Females","Number","559"
"MYE","Mid-year population estimate","2021","2021","N05000016","Strangford","19","Age 90+","2","Males","Number","247"
"MYE","Mid-year population estimate","2021","2021","N05000016","Strangford","19","Age 90+","All","All persons","Number","806"
"MYE","Mid-year population estimate","2021","2021","N05000016","Strangford","All","All","1","Females","Number","50087"
"MYE","Mid-year population estimate","2021","2021","N05000016","Strangford","All","All","2","Males","Number","48228"
"MYE","Mid-year population estimate","2021","2021","N05000016","Strangford","All","All","All","All persons","Number","98315"
"MYE","Mid-year population estimate","2021","2021","N05000017","Upper Bann","1","Age 0-4","1","Females","Number","3749"
"MYE","Mid-year population estimate","2021","2021","N05000017","Upper Bann","1","Age 0-4","2","Males","Number","4080"
"MYE","Mid-year population estimate","2021","2021","N05000017","Upper Bann","1","Age 0-4","All","All persons","Number","7829"
"MYE","Mid-year population estimate","2021","2021","N05000017","Upper Bann","2","Age 5-9","1","Females","Number","4198"
"MYE","Mid-year population estimate","2021","2021","N05000017","Upper Bann","2","Age 5-9","2","Males","Number","4386"
"MYE","Mid-year population estimate","2021","2021","N05000017","Upper Bann","2","Age 5-9","All","All persons","Number","8584"
"MYE","Mid-year population estimate","2021","2021","N05000017","Upper Bann","3","Age 10-14","1","Females","Number","4183"
"MYE","Mid-year population estimate","2021","2021","N05000017","Upper Bann","3","Age 10-14","2","Males","Number","4519"
"MYE","Mid-year population estimate","2021","2021","N05000017","Upper Bann","3","Age 10-14","All","All persons","Number","8702"
"MYE","Mid-year population estimate","2021","2021","N05000017","Upper Bann","4","Age 15-19","1","Females","Number","3571"
"MYE","Mid-year population estimate","2021","2021","N05000017","Upper Bann","4","Age 15-19","2","Males","Number","3623"
"MYE","Mid-year population estimate","2021","2021","N05000017","Upper Bann","4","Age 15-19","All","All persons","Number","7194"
"MYE","Mid-year population estimate","2021","2021","N05000017","Upper Bann","5","Age 20-24","1","Females","Number","3049"
"MYE","Mid-year population estimate","2021","2021","N05000017","Upper Bann","5","Age 20-24","2","Males","Number","3400"
"MYE","Mid-year population estimate","2021","2021","N05000017","Upper Bann","5","Age 20-24","All","All persons","Number","6449"
"MYE","Mid-year population estimate","2021","2021","N05000017","Upper Bann","6","Age 25-29","1","Females","Number","3978"
"MYE","Mid-year population estimate","2021","2021","N05000017","Upper Bann","6","Age 25-29","2","Males","Number","3860"
"MYE","Mid-year population estimate","2021","2021","N05000017","Upper Bann","6","Age 25-29","All","All persons","Number","7838"
"MYE","Mid-year population estimate","2021","2021","N05000017","Upper Bann","7","Age 30-34","1","Females","Number","4337"
"MYE","Mid-year population estimate","2021","2021","N05000017","Upper Bann","7","Age 30-34","2","Males","Number","4341"
"MYE","Mid-year population estimate","2021","2021","N05000017","Upper Bann","7","Age 30-34","All","All persons","Number","8678"
"MYE","Mid-year population estimate","2021","2021","N05000017","Upper Bann","8","Age 35-39","1","Females","Number","4450"
"MYE","Mid-year population estimate","2021","2021","N05000017","Upper Bann","8","Age 35-39","2","Males","Number","4308"
"MYE","Mid-year population estimate","2021","2021","N05000017","Upper Bann","8","Age 35-39","All","All persons","Number","8758"
"MYE","Mid-year population estimate","2021","2021","N05000017","Upper Bann","9","Age 40-44","1","Females","Number","4180"
"MYE","Mid-year population estimate","2021","2021","N05000017","Upper Bann","9","Age 40-44","2","Males","Number","4080"
"MYE","Mid-year population estimate","2021","2021","N05000017","Upper Bann","9","Age 40-44","All","All persons","Number","8260"
"MYE","Mid-year population estimate","2021","2021","N05000017","Upper Bann","10","Age 45-49","1","Females","Number","4016"
"MYE","Mid-year population estimate","2021","2021","N05000017","Upper Bann","10","Age 45-49","2","Males","Number","3954"
"MYE","Mid-year population estimate","2021","2021","N05000017","Upper Bann","10","Age 45-49","All","All persons","Number","7970"
"MYE","Mid-year population estimate","2021","2021","N05000017","Upper Bann","11","Age 50-54","1","Females","Number","4087"
"MYE","Mid-year population estimate","2021","2021","N05000017","Upper Bann","11","Age 50-54","2","Males","Number","4045"
"MYE","Mid-year population estimate","2021","2021","N05000017","Upper Bann","11","Age 50-54","All","All persons","Number","8132"
"MYE","Mid-year population estimate","2021","2021","N05000017","Upper Bann","12","Age 55-59","1","Females","Number","3941"
"MYE","Mid-year population estimate","2021","2021","N05000017","Upper Bann","12","Age 55-59","2","Males","Number","4036"
"MYE","Mid-year population estimate","2021","2021","N05000017","Upper Bann","12","Age 55-59","All","All persons","Number","7977"
"MYE","Mid-year population estimate","2021","2021","N05000017","Upper Bann","13","Age 60-64","1","Females","Number","3502"
"MYE","Mid-year population estimate","2021","2021","N05000017","Upper Bann","13","Age 60-64","2","Males","Number","3360"
"MYE","Mid-year population estimate","2021","2021","N05000017","Upper Bann","13","Age 60-64","All","All persons","Number","6862"
"MYE","Mid-year population estimate","2021","2021","N05000017","Upper Bann","14","Age 65-69","1","Females","Number","2732"
"MYE","Mid-year population estimate","2021","2021","N05000017","Upper Bann","14","Age 65-69","2","Males","Number","2630"
"MYE","Mid-year population estimate","2021","2021","N05000017","Upper Bann","14","Age 65-69","All","All persons","Number","5362"
"MYE","Mid-year population estimate","2021","2021","N05000017","Upper Bann","15","Age 70-74","1","Females","Number","2597"
"MYE","Mid-year population estimate","2021","2021","N05000017","Upper Bann","15","Age 70-74","2","Males","Number","2293"
"MYE","Mid-year population estimate","2021","2021","N05000017","Upper Bann","15","Age 70-74","All","All persons","Number","4890"
"MYE","Mid-year population estimate","2021","2021","N05000017","Upper Bann","16","Age 75-79","1","Females","Number","2199"
"MYE","Mid-year population estimate","2021","2021","N05000017","Upper Bann","16","Age 75-79","2","Males","Number","1812"
"MYE","Mid-year population estimate","2021","2021","N05000017","Upper Bann","16","Age 75-79","All","All persons","Number","4011"
"MYE","Mid-year population estimate","2021","2021","N05000017","Upper Bann","17","Age 80-84","1","Females","Number","1516"
"MYE","Mid-year population estimate","2021","2021","N05000017","Upper Bann","17","Age 80-84","2","Males","Number","1149"
"MYE","Mid-year population estimate","2021","2021","N05000017","Upper Bann","17","Age 80-84","All","All persons","Number","2665"
"MYE","Mid-year population estimate","2021","2021","N05000017","Upper Bann","18","Age 85-89","1","Females","Number","946"
"MYE","Mid-year population estimate","2021","2021","N05000017","Upper Bann","18","Age 85-89","2","Males","Number","563"
"MYE","Mid-year population estimate","2021","2021","N05000017","Upper Bann","18","Age 85-89","All","All persons","Number","1509"
"MYE","Mid-year population estimate","2021","2021","N05000017","Upper Bann","19","Age 90+","1","Females","Number","557"
"MYE","Mid-year population estimate","2021","2021","N05000017","Upper Bann","19","Age 90+","2","Males","Number","247"
"MYE","Mid-year population estimate","2021","2021","N05000017","Upper Bann","19","Age 90+","All","All persons","Number","804"
"MYE","Mid-year population estimate","2021","2021","N05000017","Upper Bann","All","All","1","Females","Number","61788"
"MYE","Mid-year population estimate","2021","2021","N05000017","Upper Bann","All","All","2","Males","Number","60686"
"MYE","Mid-year population estimate","2021","2021","N05000017","Upper Bann","All","All","All","All persons","Number","122474"
"MYE","Mid-year population estimate","2021","2021","N05000018","West Tyrone","1","Age 0-4","1","Females","Number","3115"
"MYE","Mid-year population estimate","2021","2021","N05000018","West Tyrone","1","Age 0-4","2","Males","Number","3178"
"MYE","Mid-year population estimate","2021","2021","N05000018","West Tyrone","1","Age 0-4","All","All persons","Number","6293"
"MYE","Mid-year population estimate","2021","2021","N05000018","West Tyrone","2","Age 5-9","1","Females","Number","3319"
"MYE","Mid-year population estimate","2021","2021","N05000018","West Tyrone","2","Age 5-9","2","Males","Number","3317"
"MYE","Mid-year population estimate","2021","2021","N05000018","West Tyrone","2","Age 5-9","All","All persons","Number","6636"
"MYE","Mid-year population estimate","2021","2021","N05000018","West Tyrone","3","Age 10-14","1","Females","Number","3428"
"MYE","Mid-year population estimate","2021","2021","N05000018","West Tyrone","3","Age 10-14","2","Males","Number","3560"
"MYE","Mid-year population estimate","2021","2021","N05000018","West Tyrone","3","Age 10-14","All","All persons","Number","6988"
"MYE","Mid-year population estimate","2021","2021","N05000018","West Tyrone","4","Age 15-19","1","Females","Number","2989"
"MYE","Mid-year population estimate","2021","2021","N05000018","West Tyrone","4","Age 15-19","2","Males","Number","3299"
"MYE","Mid-year population estimate","2021","2021","N05000018","West Tyrone","4","Age 15-19","All","All persons","Number","6288"
"MYE","Mid-year population estimate","2021","2021","N05000018","West Tyrone","5","Age 20-24","1","Females","Number","2618"
"MYE","Mid-year population estimate","2021","2021","N05000018","West Tyrone","5","Age 20-24","2","Males","Number","2969"
"MYE","Mid-year population estimate","2021","2021","N05000018","West Tyrone","5","Age 20-24","All","All persons","Number","5587"
"MYE","Mid-year population estimate","2021","2021","N05000018","West Tyrone","6","Age 25-29","1","Females","Number","2802"
"MYE","Mid-year population estimate","2021","2021","N05000018","West Tyrone","6","Age 25-29","2","Males","Number","2890"
"MYE","Mid-year population estimate","2021","2021","N05000018","West Tyrone","6","Age 25-29","All","All persons","Number","5692"
"MYE","Mid-year population estimate","2021","2021","N05000018","West Tyrone","7","Age 30-34","1","Females","Number","3019"
"MYE","Mid-year population estimate","2021","2021","N05000018","West Tyrone","7","Age 30-34","2","Males","Number","2806"
"MYE","Mid-year population estimate","2021","2021","N05000018","West Tyrone","7","Age 30-34","All","All persons","Number","5825"
"MYE","Mid-year population estimate","2021","2021","N05000018","West Tyrone","8","Age 35-39","1","Females","Number","3292"
"MYE","Mid-year population estimate","2021","2021","N05000018","West Tyrone","8","Age 35-39","2","Males","Number","3148"
"MYE","Mid-year population estimate","2021","2021","N05000018","West Tyrone","8","Age 35-39","All","All persons","Number","6440"
"MYE","Mid-year population estimate","2021","2021","N05000018","West Tyrone","9","Age 40-44","1","Females","Number","3391"
"MYE","Mid-year population estimate","2021","2021","N05000018","West Tyrone","9","Age 40-44","2","Males","Number","3052"
"MYE","Mid-year population estimate","2021","2021","N05000018","West Tyrone","9","Age 40-44","All","All persons","Number","6443"
"MYE","Mid-year population estimate","2021","2021","N05000018","West Tyrone","10","Age 45-49","1","Females","Number","3315"
"MYE","Mid-year population estimate","2021","2021","N05000018","West Tyrone","10","Age 45-49","2","Males","Number","3280"
"MYE","Mid-year population estimate","2021","2021","N05000018","West Tyrone","10","Age 45-49","All","All persons","Number","6595"
"MYE","Mid-year population estimate","2021","2021","N05000018","West Tyrone","11","Age 50-54","1","Females","Number","3494"
"MYE","Mid-year population estimate","2021","2021","N05000018","West Tyrone","11","Age 50-54","2","Males","Number","3439"
"MYE","Mid-year population estimate","2021","2021","N05000018","West Tyrone","11","Age 50-54","All","All persons","Number","6933"
"MYE","Mid-year population estimate","2021","2021","N05000018","West Tyrone","12","Age 55-59","1","Females","Number","3418"
"MYE","Mid-year population estimate","2021","2021","N05000018","West Tyrone","12","Age 55-59","2","Males","Number","3418"
"MYE","Mid-year population estimate","2021","2021","N05000018","West Tyrone","12","Age 55-59","All","All persons","Number","6836"
"MYE","Mid-year population estimate","2021","2021","N05000018","West Tyrone","13","Age 60-64","1","Females","Number","2972"
"MYE","Mid-year population estimate","2021","2021","N05000018","West Tyrone","13","Age 60-64","2","Males","Number","2953"
"MYE","Mid-year population estimate","2021","2021","N05000018","West Tyrone","13","Age 60-64","All","All persons","Number","5925"
"MYE","Mid-year population estimate","2021","2021","N05000018","West Tyrone","14","Age 65-69","1","Females","Number","2518"
"MYE","Mid-year population estimate","2021","2021","N05000018","West Tyrone","14","Age 65-69","2","Males","Number","2625"
"MYE","Mid-year population estimate","2021","2021","N05000018","West Tyrone","14","Age 65-69","All","All persons","Number","5143"
"MYE","Mid-year population estimate","2021","2021","N05000018","West Tyrone","15","Age 70-74","1","Females","Number","2244"
"MYE","Mid-year population estimate","2021","2021","N05000018","West Tyrone","15","Age 70-74","2","Males","Number","2264"
"MYE","Mid-year population estimate","2021","2021","N05000018","West Tyrone","15","Age 70-74","All","All persons","Number","4508"
"MYE","Mid-year population estimate","2021","2021","N05000018","West Tyrone","16","Age 75-79","1","Females","Number","1800"
"MYE","Mid-year population estimate","2021","2021","N05000018","West Tyrone","16","Age 75-79","2","Males","Number","1584"
"MYE","Mid-year population estimate","2021","2021","N05000018","West Tyrone","16","Age 75-79","All","All persons","Number","3384"
"MYE","Mid-year population estimate","2021","2021","N05000018","West Tyrone","17","Age 80-84","1","Females","Number","1237"
"MYE","Mid-year population estimate","2021","2021","N05000018","West Tyrone","17","Age 80-84","2","Males","Number","1051"
"MYE","Mid-year population estimate","2021","2021","N05000018","West Tyrone","17","Age 80-84","All","All persons","Number","2288"
"MYE","Mid-year population estimate","2021","2021","N05000018","West Tyrone","18","Age 85-89","1","Females","Number","760"
"MYE","Mid-year population estimate","2021","2021","N05000018","West Tyrone","18","Age 85-89","2","Males","Number","530"
"MYE","Mid-year population estimate","2021","2021","N05000018","West Tyrone","18","Age 85-89","All","All persons","Number","1290"
"MYE","Mid-year population estimate","2021","2021","N05000018","West Tyrone","19","Age 90+","1","Females","Number","441"
"MYE","Mid-year population estimate","2021","2021","N05000018","West Tyrone","19","Age 90+","2","Males","Number","202"
"MYE","Mid-year population estimate","2021","2021","N05000018","West Tyrone","19","Age 90+","All","All persons","Number","643"
"MYE","Mid-year population estimate","2021","2021","N05000018","West Tyrone","All","All","1","Females","Number","50172"
"MYE","Mid-year population estimate","2021","2021","N05000018","West Tyrone","All","All","2","Males","Number","49565"
"MYE","Mid-year population estimate","2021","2021","N05000018","West Tyrone","All","All","All","All persons","Number","99737"
"MYE","Mid-year population estimate","2021","2021","N92000002","Northern Ireland","1","Age 0-4","1","Females","Number","54983"
"MYE","Mid-year population estimate","2021","2021","N92000002","Northern Ireland","1","Age 0-4","2","Males","Number","58049"
"MYE","Mid-year population estimate","2021","2021","N92000002","Northern Ireland","1","Age 0-4","All","All persons","Number","113032"
"MYE","Mid-year population estimate","2021","2021","N92000002","Northern Ireland","2","Age 5-9","1","Females","Number","60757"
"MYE","Mid-year population estimate","2021","2021","N92000002","Northern Ireland","2","Age 5-9","2","Males","Number","63779"
"MYE","Mid-year population estimate","2021","2021","N92000002","Northern Ireland","2","Age 5-9","All","All persons","Number","124536"
"MYE","Mid-year population estimate","2021","2021","N92000002","Northern Ireland","3","Age 10-14","1","Females","Number","62103"
"MYE","Mid-year population estimate","2021","2021","N92000002","Northern Ireland","3","Age 10-14","2","Males","Number","65027"
"MYE","Mid-year population estimate","2021","2021","N92000002","Northern Ireland","3","Age 10-14","All","All persons","Number","127130"
"MYE","Mid-year population estimate","2021","2021","N92000002","Northern Ireland","4","Age 15-19","1","Females","Number","55384"
"MYE","Mid-year population estimate","2021","2021","N92000002","Northern Ireland","4","Age 15-19","2","Males","Number","58394"
"MYE","Mid-year population estimate","2021","2021","N92000002","Northern Ireland","4","Age 15-19","All","All persons","Number","113778"
"MYE","Mid-year population estimate","2021","2021","N92000002","Northern Ireland","5","Age 20-24","1","Females","Number","53372"
"MYE","Mid-year population estimate","2021","2021","N92000002","Northern Ireland","5","Age 20-24","2","Males","Number","56934"
"MYE","Mid-year population estimate","2021","2021","N92000002","Northern Ireland","5","Age 20-24","All","All persons","Number","110306"
"MYE","Mid-year population estimate","2021","2021","N92000002","Northern Ireland","6","Age 25-29","1","Females","Number","58059"
"MYE","Mid-year population estimate","2021","2021","N92000002","Northern Ireland","6","Age 25-29","2","Males","Number","57882"
"MYE","Mid-year population estimate","2021","2021","N92000002","Northern Ireland","6","Age 25-29","All","All persons","Number","115941"
"MYE","Mid-year population estimate","2021","2021","N92000002","Northern Ireland","7","Age 30-34","1","Females","Number","64715"
"MYE","Mid-year population estimate","2021","2021","N92000002","Northern Ireland","7","Age 30-34","2","Males","Number","60716"
"MYE","Mid-year population estimate","2021","2021","N92000002","Northern Ireland","7","Age 30-34","All","All persons","Number","125431"
"MYE","Mid-year population estimate","2021","2021","N92000002","Northern Ireland","8","Age 35-39","1","Females","Number","65713"
"MYE","Mid-year population estimate","2021","2021","N92000002","Northern Ireland","8","Age 35-39","2","Males","Number","61916"
"MYE","Mid-year population estimate","2021","2021","N92000002","Northern Ireland","8","Age 35-39","All","All persons","Number","127629"
"MYE","Mid-year population estimate","2021","2021","N92000002","Northern Ireland","9","Age 40-44","1","Females","Number","63225"
"MYE","Mid-year population estimate","2021","2021","N92000002","Northern Ireland","9","Age 40-44","2","Males","Number","59316"
"MYE","Mid-year population estimate","2021","2021","N92000002","Northern Ireland","9","Age 40-44","All","All persons","Number","122541"
"MYE","Mid-year population estimate","2021","2021","N92000002","Northern Ireland","10","Age 45-49","1","Females","Number","61325"
"MYE","Mid-year population estimate","2021","2021","N92000002","Northern Ireland","10","Age 45-49","2","Males","Number","59613"
"MYE","Mid-year population estimate","2021","2021","N92000002","Northern Ireland","10","Age 45-49","All","All persons","Number","120938"
"MYE","Mid-year population estimate","2021","2021","N92000002","Northern Ireland","11","Age 50-54","1","Females","Number","66775"
"MYE","Mid-year population estimate","2021","2021","N92000002","Northern Ireland","11","Age 50-54","2","Males","Number","63838"
"MYE","Mid-year population estimate","2021","2021","N92000002","Northern Ireland","11","Age 50-54","All","All persons","Number","130613"
"MYE","Mid-year population estimate","2021","2021","N92000002","Northern Ireland","12","Age 55-59","1","Females","Number","65617"
"MYE","Mid-year population estimate","2021","2021","N92000002","Northern Ireland","12","Age 55-59","2","Males","Number","63919"
"MYE","Mid-year population estimate","2021","2021","N92000002","Northern Ireland","12","Age 55-59","All","All persons","Number","129536"
"MYE","Mid-year population estimate","2021","2021","N92000002","Northern Ireland","13","Age 60-64","1","Females","Number","58174"
"MYE","Mid-year population estimate","2021","2021","N92000002","Northern Ireland","13","Age 60-64","2","Males","Number","55753"
"MYE","Mid-year population estimate","2021","2021","N92000002","Northern Ireland","13","Age 60-64","All","All persons","Number","113927"
"MYE","Mid-year population estimate","2021","2021","N92000002","Northern Ireland","14","Age 65-69","1","Females","Number","47348"
"MYE","Mid-year population estimate","2021","2021","N92000002","Northern Ireland","14","Age 65-69","2","Males","Number","46599"
"MYE","Mid-year population estimate","2021","2021","N92000002","Northern Ireland","14","Age 65-69","All","All persons","Number","93947"
"MYE","Mid-year population estimate","2021","2021","N92000002","Northern Ireland","15","Age 70-74","1","Females","Number","43281"
"MYE","Mid-year population estimate","2021","2021","N92000002","Northern Ireland","15","Age 70-74","2","Males","Number","40454"
"MYE","Mid-year population estimate","2021","2021","N92000002","Northern Ireland","15","Age 70-74","All","All persons","Number","83735"
"MYE","Mid-year population estimate","2021","2021","N92000002","Northern Ireland","16","Age 75-79","1","Females","Number","36046"
"MYE","Mid-year population estimate","2021","2021","N92000002","Northern Ireland","16","Age 75-79","2","Males","Number","31216"
"MYE","Mid-year population estimate","2021","2021","N92000002","Northern Ireland","16","Age 75-79","All","All persons","Number","67262"
"MYE","Mid-year population estimate","2021","2021","N92000002","Northern Ireland","17","Age 80-84","1","Females","Number","24941"
"MYE","Mid-year population estimate","2021","2021","N92000002","Northern Ireland","17","Age 80-84","2","Males","Number","19119"
"MYE","Mid-year population estimate","2021","2021","N92000002","Northern Ireland","17","Age 80-84","All","All persons","Number","44060"
"MYE","Mid-year population estimate","2021","2021","N92000002","Northern Ireland","18","Age 85-89","1","Females","Number","16155"
"MYE","Mid-year population estimate","2021","2021","N92000002","Northern Ireland","18","Age 85-89","2","Males","Number","10167"
"MYE","Mid-year population estimate","2021","2021","N92000002","Northern Ireland","18","Age 85-89","All","All persons","Number","26322"
"MYE","Mid-year population estimate","2021","2021","N92000002","Northern Ireland","19","Age 90+","1","Females","Number","9777"
"MYE","Mid-year population estimate","2021","2021","N92000002","Northern Ireland","19","Age 90+","2","Males","Number","4123"
"MYE","Mid-year population estimate","2021","2021","N92000002","Northern Ireland","19","Age 90+","All","All persons","Number","13900"
"MYE","Mid-year population estimate","2021","2021","N92000002","Northern Ireland","All","All","1","Females","Number","967750"
"MYE","Mid-year population estimate","2021","2021","N92000002","Northern Ireland","All","All","2","Males","Number","936814"
"MYE","Mid-year population estimate","2021","2021","N92000002","Northern Ireland","All","All","All","All persons","Number","1904564"
"MYE","Mid-year population estimate","2022","2022","N05000001","Belfast East","1","Age 0-4","1","Females","Number","2858"
"MYE","Mid-year population estimate","2022","2022","N05000001","Belfast East","1","Age 0-4","2","Males","Number","2918"
"MYE","Mid-year population estimate","2022","2022","N05000001","Belfast East","1","Age 0-4","All","All persons","Number","5776"
"MYE","Mid-year population estimate","2022","2022","N05000001","Belfast East","2","Age 5-9","1","Females","Number","2953"
"MYE","Mid-year population estimate","2022","2022","N05000001","Belfast East","2","Age 5-9","2","Males","Number","3106"
"MYE","Mid-year population estimate","2022","2022","N05000001","Belfast East","2","Age 5-9","All","All persons","Number","6059"
"MYE","Mid-year population estimate","2022","2022","N05000001","Belfast East","3","Age 10-14","1","Females","Number","2973"
"MYE","Mid-year population estimate","2022","2022","N05000001","Belfast East","3","Age 10-14","2","Males","Number","3256"
"MYE","Mid-year population estimate","2022","2022","N05000001","Belfast East","3","Age 10-14","All","All persons","Number","6229"
"MYE","Mid-year population estimate","2022","2022","N05000001","Belfast East","4","Age 15-19","1","Females","Number","2559"
"MYE","Mid-year population estimate","2022","2022","N05000001","Belfast East","4","Age 15-19","2","Males","Number","2739"
"MYE","Mid-year population estimate","2022","2022","N05000001","Belfast East","4","Age 15-19","All","All persons","Number","5298"
"MYE","Mid-year population estimate","2022","2022","N05000001","Belfast East","5","Age 20-24","1","Females","Number","2343"
"MYE","Mid-year population estimate","2022","2022","N05000001","Belfast East","5","Age 20-24","2","Males","Number","2298"
"MYE","Mid-year population estimate","2022","2022","N05000001","Belfast East","5","Age 20-24","All","All persons","Number","4641"
"MYE","Mid-year population estimate","2022","2022","N05000001","Belfast East","6","Age 25-29","1","Females","Number","3752"
"MYE","Mid-year population estimate","2022","2022","N05000001","Belfast East","6","Age 25-29","2","Males","Number","3531"
"MYE","Mid-year population estimate","2022","2022","N05000001","Belfast East","6","Age 25-29","All","All persons","Number","7283"
"MYE","Mid-year population estimate","2022","2022","N05000001","Belfast East","7","Age 30-34","1","Females","Number","4507"
"MYE","Mid-year population estimate","2022","2022","N05000001","Belfast East","7","Age 30-34","2","Males","Number","4268"
"MYE","Mid-year population estimate","2022","2022","N05000001","Belfast East","7","Age 30-34","All","All persons","Number","8775"
"MYE","Mid-year population estimate","2022","2022","N05000001","Belfast East","8","Age 35-39","1","Females","Number","4154"
"MYE","Mid-year population estimate","2022","2022","N05000001","Belfast East","8","Age 35-39","2","Males","Number","3874"
"MYE","Mid-year population estimate","2022","2022","N05000001","Belfast East","8","Age 35-39","All","All persons","Number","8028"
"MYE","Mid-year population estimate","2022","2022","N05000001","Belfast East","9","Age 40-44","1","Females","Number","3638"
"MYE","Mid-year population estimate","2022","2022","N05000001","Belfast East","9","Age 40-44","2","Males","Number","3484"
"MYE","Mid-year population estimate","2022","2022","N05000001","Belfast East","9","Age 40-44","All","All persons","Number","7122"
"MYE","Mid-year population estimate","2022","2022","N05000001","Belfast East","10","Age 45-49","1","Females","Number","3290"
"MYE","Mid-year population estimate","2022","2022","N05000001","Belfast East","10","Age 45-49","2","Males","Number","3183"
"MYE","Mid-year population estimate","2022","2022","N05000001","Belfast East","10","Age 45-49","All","All persons","Number","6473"
"MYE","Mid-year population estimate","2022","2022","N05000001","Belfast East","11","Age 50-54","1","Females","Number","3418"
"MYE","Mid-year population estimate","2022","2022","N05000001","Belfast East","11","Age 50-54","2","Males","Number","3316"
"MYE","Mid-year population estimate","2022","2022","N05000001","Belfast East","11","Age 50-54","All","All persons","Number","6734"
"MYE","Mid-year population estimate","2022","2022","N05000001","Belfast East","12","Age 55-59","1","Females","Number","3530"
"MYE","Mid-year population estimate","2022","2022","N05000001","Belfast East","12","Age 55-59","2","Males","Number","3336"
"MYE","Mid-year population estimate","2022","2022","N05000001","Belfast East","12","Age 55-59","All","All persons","Number","6866"
"MYE","Mid-year population estimate","2022","2022","N05000001","Belfast East","13","Age 60-64","1","Females","Number","3165"
"MYE","Mid-year population estimate","2022","2022","N05000001","Belfast East","13","Age 60-64","2","Males","Number","2895"
"MYE","Mid-year population estimate","2022","2022","N05000001","Belfast East","13","Age 60-64","All","All persons","Number","6060"
"MYE","Mid-year population estimate","2022","2022","N05000001","Belfast East","14","Age 65-69","1","Females","Number","2473"
"MYE","Mid-year population estimate","2022","2022","N05000001","Belfast East","14","Age 65-69","2","Males","Number","2329"
"MYE","Mid-year population estimate","2022","2022","N05000001","Belfast East","14","Age 65-69","All","All persons","Number","4802"
"MYE","Mid-year population estimate","2022","2022","N05000001","Belfast East","15","Age 70-74","1","Females","Number","1916"
"MYE","Mid-year population estimate","2022","2022","N05000001","Belfast East","15","Age 70-74","2","Males","Number","1883"
"MYE","Mid-year population estimate","2022","2022","N05000001","Belfast East","15","Age 70-74","All","All persons","Number","3799"
"MYE","Mid-year population estimate","2022","2022","N05000001","Belfast East","16","Age 75-79","1","Females","Number","1950"
"MYE","Mid-year population estimate","2022","2022","N05000001","Belfast East","16","Age 75-79","2","Males","Number","1490"
"MYE","Mid-year population estimate","2022","2022","N05000001","Belfast East","16","Age 75-79","All","All persons","Number","3440"
"MYE","Mid-year population estimate","2022","2022","N05000001","Belfast East","17","Age 80-84","1","Females","Number","1440"
"MYE","Mid-year population estimate","2022","2022","N05000001","Belfast East","17","Age 80-84","2","Males","Number","1001"
"MYE","Mid-year population estimate","2022","2022","N05000001","Belfast East","17","Age 80-84","All","All persons","Number","2441"
"MYE","Mid-year population estimate","2022","2022","N05000001","Belfast East","18","Age 85-89","1","Females","Number","1047"
"MYE","Mid-year population estimate","2022","2022","N05000001","Belfast East","18","Age 85-89","2","Males","Number","593"
"MYE","Mid-year population estimate","2022","2022","N05000001","Belfast East","18","Age 85-89","All","All persons","Number","1640"
"MYE","Mid-year population estimate","2022","2022","N05000001","Belfast East","19","Age 90+","1","Females","Number","694"
"MYE","Mid-year population estimate","2022","2022","N05000001","Belfast East","19","Age 90+","2","Males","Number","287"
"MYE","Mid-year population estimate","2022","2022","N05000001","Belfast East","19","Age 90+","All","All persons","Number","981"
"MYE","Mid-year population estimate","2022","2022","N05000001","Belfast East","All","All","1","Females","Number","52660"
"MYE","Mid-year population estimate","2022","2022","N05000001","Belfast East","All","All","2","Males","Number","49787"
"MYE","Mid-year population estimate","2022","2022","N05000001","Belfast East","All","All","All","All persons","Number","102447"
"MYE","Mid-year population estimate","2022","2022","N05000002","Belfast North","1","Age 0-4","1","Females","Number","3086"
"MYE","Mid-year population estimate","2022","2022","N05000002","Belfast North","1","Age 0-4","2","Males","Number","3209"
"MYE","Mid-year population estimate","2022","2022","N05000002","Belfast North","1","Age 0-4","All","All persons","Number","6295"
"MYE","Mid-year population estimate","2022","2022","N05000002","Belfast North","2","Age 5-9","1","Females","Number","3381"
"MYE","Mid-year population estimate","2022","2022","N05000002","Belfast North","2","Age 5-9","2","Males","Number","3498"
"MYE","Mid-year population estimate","2022","2022","N05000002","Belfast North","2","Age 5-9","All","All persons","Number","6879"
"MYE","Mid-year population estimate","2022","2022","N05000002","Belfast North","3","Age 10-14","1","Females","Number","3629"
"MYE","Mid-year population estimate","2022","2022","N05000002","Belfast North","3","Age 10-14","2","Males","Number","3765"
"MYE","Mid-year population estimate","2022","2022","N05000002","Belfast North","3","Age 10-14","All","All persons","Number","7394"
"MYE","Mid-year population estimate","2022","2022","N05000002","Belfast North","4","Age 15-19","1","Females","Number","3317"
"MYE","Mid-year population estimate","2022","2022","N05000002","Belfast North","4","Age 15-19","2","Males","Number","3651"
"MYE","Mid-year population estimate","2022","2022","N05000002","Belfast North","4","Age 15-19","All","All persons","Number","6968"
"MYE","Mid-year population estimate","2022","2022","N05000002","Belfast North","5","Age 20-24","1","Females","Number","3124"
"MYE","Mid-year population estimate","2022","2022","N05000002","Belfast North","5","Age 20-24","2","Males","Number","3178"
"MYE","Mid-year population estimate","2022","2022","N05000002","Belfast North","5","Age 20-24","All","All persons","Number","6302"
"MYE","Mid-year population estimate","2022","2022","N05000002","Belfast North","6","Age 25-29","1","Females","Number","3726"
"MYE","Mid-year population estimate","2022","2022","N05000002","Belfast North","6","Age 25-29","2","Males","Number","3565"
"MYE","Mid-year population estimate","2022","2022","N05000002","Belfast North","6","Age 25-29","All","All persons","Number","7291"
"MYE","Mid-year population estimate","2022","2022","N05000002","Belfast North","7","Age 30-34","1","Females","Number","4050"
"MYE","Mid-year population estimate","2022","2022","N05000002","Belfast North","7","Age 30-34","2","Males","Number","3789"
"MYE","Mid-year population estimate","2022","2022","N05000002","Belfast North","7","Age 30-34","All","All persons","Number","7839"
"MYE","Mid-year population estimate","2022","2022","N05000002","Belfast North","8","Age 35-39","1","Females","Number","3962"
"MYE","Mid-year population estimate","2022","2022","N05000002","Belfast North","8","Age 35-39","2","Males","Number","3626"
"MYE","Mid-year population estimate","2022","2022","N05000002","Belfast North","8","Age 35-39","All","All persons","Number","7588"
"MYE","Mid-year population estimate","2022","2022","N05000002","Belfast North","9","Age 40-44","1","Females","Number","3654"
"MYE","Mid-year population estimate","2022","2022","N05000002","Belfast North","9","Age 40-44","2","Males","Number","3414"
"MYE","Mid-year population estimate","2022","2022","N05000002","Belfast North","9","Age 40-44","All","All persons","Number","7068"
"MYE","Mid-year population estimate","2022","2022","N05000002","Belfast North","10","Age 45-49","1","Females","Number","3183"
"MYE","Mid-year population estimate","2022","2022","N05000002","Belfast North","10","Age 45-49","2","Males","Number","2952"
"MYE","Mid-year population estimate","2022","2022","N05000002","Belfast North","10","Age 45-49","All","All persons","Number","6135"
"MYE","Mid-year population estimate","2022","2022","N05000002","Belfast North","11","Age 50-54","1","Females","Number","3401"
"MYE","Mid-year population estimate","2022","2022","N05000002","Belfast North","11","Age 50-54","2","Males","Number","3177"
"MYE","Mid-year population estimate","2022","2022","N05000002","Belfast North","11","Age 50-54","All","All persons","Number","6578"
"MYE","Mid-year population estimate","2022","2022","N05000002","Belfast North","12","Age 55-59","1","Females","Number","3679"
"MYE","Mid-year population estimate","2022","2022","N05000002","Belfast North","12","Age 55-59","2","Males","Number","3649"
"MYE","Mid-year population estimate","2022","2022","N05000002","Belfast North","12","Age 55-59","All","All persons","Number","7328"
"MYE","Mid-year population estimate","2022","2022","N05000002","Belfast North","13","Age 60-64","1","Females","Number","3368"
"MYE","Mid-year population estimate","2022","2022","N05000002","Belfast North","13","Age 60-64","2","Males","Number","3106"
"MYE","Mid-year population estimate","2022","2022","N05000002","Belfast North","13","Age 60-64","All","All persons","Number","6474"
"MYE","Mid-year population estimate","2022","2022","N05000002","Belfast North","14","Age 65-69","1","Females","Number","2542"
"MYE","Mid-year population estimate","2022","2022","N05000002","Belfast North","14","Age 65-69","2","Males","Number","2484"
"MYE","Mid-year population estimate","2022","2022","N05000002","Belfast North","14","Age 65-69","All","All persons","Number","5026"
"MYE","Mid-year population estimate","2022","2022","N05000002","Belfast North","15","Age 70-74","1","Females","Number","2000"
"MYE","Mid-year population estimate","2022","2022","N05000002","Belfast North","15","Age 70-74","2","Males","Number","1894"
"MYE","Mid-year population estimate","2022","2022","N05000002","Belfast North","15","Age 70-74","All","All persons","Number","3894"
"MYE","Mid-year population estimate","2022","2022","N05000002","Belfast North","16","Age 75-79","1","Females","Number","1864"
"MYE","Mid-year population estimate","2022","2022","N05000002","Belfast North","16","Age 75-79","2","Males","Number","1520"
"MYE","Mid-year population estimate","2022","2022","N05000002","Belfast North","16","Age 75-79","All","All persons","Number","3384"
"MYE","Mid-year population estimate","2022","2022","N05000002","Belfast North","17","Age 80-84","1","Females","Number","1362"
"MYE","Mid-year population estimate","2022","2022","N05000002","Belfast North","17","Age 80-84","2","Males","Number","936"
"MYE","Mid-year population estimate","2022","2022","N05000002","Belfast North","17","Age 80-84","All","All persons","Number","2298"
"MYE","Mid-year population estimate","2022","2022","N05000002","Belfast North","18","Age 85-89","1","Females","Number","1012"
"MYE","Mid-year population estimate","2022","2022","N05000002","Belfast North","18","Age 85-89","2","Males","Number","534"
"MYE","Mid-year population estimate","2022","2022","N05000002","Belfast North","18","Age 85-89","All","All persons","Number","1546"
"MYE","Mid-year population estimate","2022","2022","N05000002","Belfast North","19","Age 90+","1","Females","Number","585"
"MYE","Mid-year population estimate","2022","2022","N05000002","Belfast North","19","Age 90+","2","Males","Number","224"
"MYE","Mid-year population estimate","2022","2022","N05000002","Belfast North","19","Age 90+","All","All persons","Number","809"
"MYE","Mid-year population estimate","2022","2022","N05000002","Belfast North","All","All","1","Females","Number","54925"
"MYE","Mid-year population estimate","2022","2022","N05000002","Belfast North","All","All","2","Males","Number","52171"
"MYE","Mid-year population estimate","2022","2022","N05000002","Belfast North","All","All","All","All persons","Number","107096"
"MYE","Mid-year population estimate","2022","2022","N05000003","Belfast South and Mid Down","1","Age 0-4","1","Females","Number","2797"
"MYE","Mid-year population estimate","2022","2022","N05000003","Belfast South and Mid Down","1","Age 0-4","2","Males","Number","2891"
"MYE","Mid-year population estimate","2022","2022","N05000003","Belfast South and Mid Down","1","Age 0-4","All","All persons","Number","5688"
"MYE","Mid-year population estimate","2022","2022","N05000003","Belfast South and Mid Down","2","Age 5-9","1","Females","Number","2868"
"MYE","Mid-year population estimate","2022","2022","N05000003","Belfast South and Mid Down","2","Age 5-9","2","Males","Number","3135"
"MYE","Mid-year population estimate","2022","2022","N05000003","Belfast South and Mid Down","2","Age 5-9","All","All persons","Number","6003"
"MYE","Mid-year population estimate","2022","2022","N05000003","Belfast South and Mid Down","3","Age 10-14","1","Females","Number","3040"
"MYE","Mid-year population estimate","2022","2022","N05000003","Belfast South and Mid Down","3","Age 10-14","2","Males","Number","3134"
"MYE","Mid-year population estimate","2022","2022","N05000003","Belfast South and Mid Down","3","Age 10-14","All","All persons","Number","6174"
"MYE","Mid-year population estimate","2022","2022","N05000003","Belfast South and Mid Down","4","Age 15-19","1","Females","Number","3666"
"MYE","Mid-year population estimate","2022","2022","N05000003","Belfast South and Mid Down","4","Age 15-19","2","Males","Number","3645"
"MYE","Mid-year population estimate","2022","2022","N05000003","Belfast South and Mid Down","4","Age 15-19","All","All persons","Number","7311"
"MYE","Mid-year population estimate","2022","2022","N05000003","Belfast South and Mid Down","5","Age 20-24","1","Females","Number","8171"
"MYE","Mid-year population estimate","2022","2022","N05000003","Belfast South and Mid Down","5","Age 20-24","2","Males","Number","7783"
"MYE","Mid-year population estimate","2022","2022","N05000003","Belfast South and Mid Down","5","Age 20-24","All","All persons","Number","15954"
"MYE","Mid-year population estimate","2022","2022","N05000003","Belfast South and Mid Down","6","Age 25-29","1","Females","Number","5057"
"MYE","Mid-year population estimate","2022","2022","N05000003","Belfast South and Mid Down","6","Age 25-29","2","Males","Number","5698"
"MYE","Mid-year population estimate","2022","2022","N05000003","Belfast South and Mid Down","6","Age 25-29","All","All persons","Number","10755"
"MYE","Mid-year population estimate","2022","2022","N05000003","Belfast South and Mid Down","7","Age 30-34","1","Females","Number","4271"
"MYE","Mid-year population estimate","2022","2022","N05000003","Belfast South and Mid Down","7","Age 30-34","2","Males","Number","4725"
"MYE","Mid-year population estimate","2022","2022","N05000003","Belfast South and Mid Down","7","Age 30-34","All","All persons","Number","8996"
"MYE","Mid-year population estimate","2022","2022","N05000003","Belfast South and Mid Down","8","Age 35-39","1","Females","Number","3964"
"MYE","Mid-year population estimate","2022","2022","N05000003","Belfast South and Mid Down","8","Age 35-39","2","Males","Number","4115"
"MYE","Mid-year population estimate","2022","2022","N05000003","Belfast South and Mid Down","8","Age 35-39","All","All persons","Number","8079"
"MYE","Mid-year population estimate","2022","2022","N05000003","Belfast South and Mid Down","9","Age 40-44","1","Females","Number","3615"
"MYE","Mid-year population estimate","2022","2022","N05000003","Belfast South and Mid Down","9","Age 40-44","2","Males","Number","3752"
"MYE","Mid-year population estimate","2022","2022","N05000003","Belfast South and Mid Down","9","Age 40-44","All","All persons","Number","7367"
"MYE","Mid-year population estimate","2022","2022","N05000003","Belfast South and Mid Down","10","Age 45-49","1","Females","Number","3074"
"MYE","Mid-year population estimate","2022","2022","N05000003","Belfast South and Mid Down","10","Age 45-49","2","Males","Number","3319"
"MYE","Mid-year population estimate","2022","2022","N05000003","Belfast South and Mid Down","10","Age 45-49","All","All persons","Number","6393"
"MYE","Mid-year population estimate","2022","2022","N05000003","Belfast South and Mid Down","11","Age 50-54","1","Females","Number","3213"
"MYE","Mid-year population estimate","2022","2022","N05000003","Belfast South and Mid Down","11","Age 50-54","2","Males","Number","3240"
"MYE","Mid-year population estimate","2022","2022","N05000003","Belfast South and Mid Down","11","Age 50-54","All","All persons","Number","6453"
"MYE","Mid-year population estimate","2022","2022","N05000003","Belfast South and Mid Down","12","Age 55-59","1","Females","Number","3738"
"MYE","Mid-year population estimate","2022","2022","N05000003","Belfast South and Mid Down","12","Age 55-59","2","Males","Number","3383"
"MYE","Mid-year population estimate","2022","2022","N05000003","Belfast South and Mid Down","12","Age 55-59","All","All persons","Number","7121"
"MYE","Mid-year population estimate","2022","2022","N05000003","Belfast South and Mid Down","13","Age 60-64","1","Females","Number","3396"
"MYE","Mid-year population estimate","2022","2022","N05000003","Belfast South and Mid Down","13","Age 60-64","2","Males","Number","3203"
"MYE","Mid-year population estimate","2022","2022","N05000003","Belfast South and Mid Down","13","Age 60-64","All","All persons","Number","6599"
"MYE","Mid-year population estimate","2022","2022","N05000003","Belfast South and Mid Down","14","Age 65-69","1","Females","Number","2604"
"MYE","Mid-year population estimate","2022","2022","N05000003","Belfast South and Mid Down","14","Age 65-69","2","Males","Number","2630"
"MYE","Mid-year population estimate","2022","2022","N05000003","Belfast South and Mid Down","14","Age 65-69","All","All persons","Number","5234"
"MYE","Mid-year population estimate","2022","2022","N05000003","Belfast South and Mid Down","15","Age 70-74","1","Females","Number","2197"
"MYE","Mid-year population estimate","2022","2022","N05000003","Belfast South and Mid Down","15","Age 70-74","2","Males","Number","1997"
"MYE","Mid-year population estimate","2022","2022","N05000003","Belfast South and Mid Down","15","Age 70-74","All","All persons","Number","4194"
"MYE","Mid-year population estimate","2022","2022","N05000003","Belfast South and Mid Down","16","Age 75-79","1","Females","Number","1896"
"MYE","Mid-year population estimate","2022","2022","N05000003","Belfast South and Mid Down","16","Age 75-79","2","Males","Number","1626"
"MYE","Mid-year population estimate","2022","2022","N05000003","Belfast South and Mid Down","16","Age 75-79","All","All persons","Number","3522"
"MYE","Mid-year population estimate","2022","2022","N05000003","Belfast South and Mid Down","17","Age 80-84","1","Females","Number","1411"
"MYE","Mid-year population estimate","2022","2022","N05000003","Belfast South and Mid Down","17","Age 80-84","2","Males","Number","1003"
"MYE","Mid-year population estimate","2022","2022","N05000003","Belfast South and Mid Down","17","Age 80-84","All","All persons","Number","2414"
"MYE","Mid-year population estimate","2022","2022","N05000003","Belfast South and Mid Down","18","Age 85-89","1","Females","Number","1033"
"MYE","Mid-year population estimate","2022","2022","N05000003","Belfast South and Mid Down","18","Age 85-89","2","Males","Number","593"
"MYE","Mid-year population estimate","2022","2022","N05000003","Belfast South and Mid Down","18","Age 85-89","All","All persons","Number","1626"
"MYE","Mid-year population estimate","2022","2022","N05000003","Belfast South and Mid Down","19","Age 90+","1","Females","Number","713"
"MYE","Mid-year population estimate","2022","2022","N05000003","Belfast South and Mid Down","19","Age 90+","2","Males","Number","283"
"MYE","Mid-year population estimate","2022","2022","N05000003","Belfast South and Mid Down","19","Age 90+","All","All persons","Number","996"
"MYE","Mid-year population estimate","2022","2022","N05000003","Belfast South and Mid Down","All","All","1","Females","Number","60724"
"MYE","Mid-year population estimate","2022","2022","N05000003","Belfast South and Mid Down","All","All","2","Males","Number","60155"
"MYE","Mid-year population estimate","2022","2022","N05000003","Belfast South and Mid Down","All","All","All","All persons","Number","120879"
"MYE","Mid-year population estimate","2022","2022","N05000004","Belfast West","1","Age 0-4","1","Females","Number","3262"
"MYE","Mid-year population estimate","2022","2022","N05000004","Belfast West","1","Age 0-4","2","Males","Number","3369"
"MYE","Mid-year population estimate","2022","2022","N05000004","Belfast West","1","Age 0-4","All","All persons","Number","6631"
"MYE","Mid-year population estimate","2022","2022","N05000004","Belfast West","2","Age 5-9","1","Females","Number","3589"
"MYE","Mid-year population estimate","2022","2022","N05000004","Belfast West","2","Age 5-9","2","Males","Number","3825"
"MYE","Mid-year population estimate","2022","2022","N05000004","Belfast West","2","Age 5-9","All","All persons","Number","7414"
"MYE","Mid-year population estimate","2022","2022","N05000004","Belfast West","3","Age 10-14","1","Females","Number","3724"
"MYE","Mid-year population estimate","2022","2022","N05000004","Belfast West","3","Age 10-14","2","Males","Number","3876"
"MYE","Mid-year population estimate","2022","2022","N05000004","Belfast West","3","Age 10-14","All","All persons","Number","7600"
"MYE","Mid-year population estimate","2022","2022","N05000004","Belfast West","4","Age 15-19","1","Females","Number","3241"
"MYE","Mid-year population estimate","2022","2022","N05000004","Belfast West","4","Age 15-19","2","Males","Number","3462"
"MYE","Mid-year population estimate","2022","2022","N05000004","Belfast West","4","Age 15-19","All","All persons","Number","6703"
"MYE","Mid-year population estimate","2022","2022","N05000004","Belfast West","5","Age 20-24","1","Females","Number","2903"
"MYE","Mid-year population estimate","2022","2022","N05000004","Belfast West","5","Age 20-24","2","Males","Number","3008"
"MYE","Mid-year population estimate","2022","2022","N05000004","Belfast West","5","Age 20-24","All","All persons","Number","5911"
"MYE","Mid-year population estimate","2022","2022","N05000004","Belfast West","6","Age 25-29","1","Females","Number","3591"
"MYE","Mid-year population estimate","2022","2022","N05000004","Belfast West","6","Age 25-29","2","Males","Number","3204"
"MYE","Mid-year population estimate","2022","2022","N05000004","Belfast West","6","Age 25-29","All","All persons","Number","6795"
"MYE","Mid-year population estimate","2022","2022","N05000004","Belfast West","7","Age 30-34","1","Females","Number","4028"
"MYE","Mid-year population estimate","2022","2022","N05000004","Belfast West","7","Age 30-34","2","Males","Number","3348"
"MYE","Mid-year population estimate","2022","2022","N05000004","Belfast West","7","Age 30-34","All","All persons","Number","7376"
"MYE","Mid-year population estimate","2022","2022","N05000004","Belfast West","8","Age 35-39","1","Females","Number","4154"
"MYE","Mid-year population estimate","2022","2022","N05000004","Belfast West","8","Age 35-39","2","Males","Number","3418"
"MYE","Mid-year population estimate","2022","2022","N05000004","Belfast West","8","Age 35-39","All","All persons","Number","7572"
"MYE","Mid-year population estimate","2022","2022","N05000004","Belfast West","9","Age 40-44","1","Females","Number","3563"
"MYE","Mid-year population estimate","2022","2022","N05000004","Belfast West","9","Age 40-44","2","Males","Number","2929"
"MYE","Mid-year population estimate","2022","2022","N05000004","Belfast West","9","Age 40-44","All","All persons","Number","6492"
"MYE","Mid-year population estimate","2022","2022","N05000004","Belfast West","10","Age 45-49","1","Females","Number","3045"
"MYE","Mid-year population estimate","2022","2022","N05000004","Belfast West","10","Age 45-49","2","Males","Number","2622"
"MYE","Mid-year population estimate","2022","2022","N05000004","Belfast West","10","Age 45-49","All","All persons","Number","5667"
"MYE","Mid-year population estimate","2022","2022","N05000004","Belfast West","11","Age 50-54","1","Females","Number","3353"
"MYE","Mid-year population estimate","2022","2022","N05000004","Belfast West","11","Age 50-54","2","Males","Number","2962"
"MYE","Mid-year population estimate","2022","2022","N05000004","Belfast West","11","Age 50-54","All","All persons","Number","6315"
"MYE","Mid-year population estimate","2022","2022","N05000004","Belfast West","12","Age 55-59","1","Females","Number","3765"
"MYE","Mid-year population estimate","2022","2022","N05000004","Belfast West","12","Age 55-59","2","Males","Number","3260"
"MYE","Mid-year population estimate","2022","2022","N05000004","Belfast West","12","Age 55-59","All","All persons","Number","7025"
"MYE","Mid-year population estimate","2022","2022","N05000004","Belfast West","13","Age 60-64","1","Females","Number","3384"
"MYE","Mid-year population estimate","2022","2022","N05000004","Belfast West","13","Age 60-64","2","Males","Number","3059"
"MYE","Mid-year population estimate","2022","2022","N05000004","Belfast West","13","Age 60-64","All","All persons","Number","6443"
"MYE","Mid-year population estimate","2022","2022","N05000004","Belfast West","14","Age 65-69","1","Females","Number","2614"
"MYE","Mid-year population estimate","2022","2022","N05000004","Belfast West","14","Age 65-69","2","Males","Number","2381"
"MYE","Mid-year population estimate","2022","2022","N05000004","Belfast West","14","Age 65-69","All","All persons","Number","4995"
"MYE","Mid-year population estimate","2022","2022","N05000004","Belfast West","15","Age 70-74","1","Females","Number","1918"
"MYE","Mid-year population estimate","2022","2022","N05000004","Belfast West","15","Age 70-74","2","Males","Number","1758"
"MYE","Mid-year population estimate","2022","2022","N05000004","Belfast West","15","Age 70-74","All","All persons","Number","3676"
"MYE","Mid-year population estimate","2022","2022","N05000004","Belfast West","16","Age 75-79","1","Females","Number","1679"
"MYE","Mid-year population estimate","2022","2022","N05000004","Belfast West","16","Age 75-79","2","Males","Number","1300"
"MYE","Mid-year population estimate","2022","2022","N05000004","Belfast West","16","Age 75-79","All","All persons","Number","2979"
"MYE","Mid-year population estimate","2022","2022","N05000004","Belfast West","17","Age 80-84","1","Females","Number","1173"
"MYE","Mid-year population estimate","2022","2022","N05000004","Belfast West","17","Age 80-84","2","Males","Number","831"
"MYE","Mid-year population estimate","2022","2022","N05000004","Belfast West","17","Age 80-84","All","All persons","Number","2004"
"MYE","Mid-year population estimate","2022","2022","N05000004","Belfast West","18","Age 85-89","1","Females","Number","793"
"MYE","Mid-year population estimate","2022","2022","N05000004","Belfast West","18","Age 85-89","2","Males","Number","437"
"MYE","Mid-year population estimate","2022","2022","N05000004","Belfast West","18","Age 85-89","All","All persons","Number","1230"
"MYE","Mid-year population estimate","2022","2022","N05000004","Belfast West","19","Age 90+","1","Females","Number","436"
"MYE","Mid-year population estimate","2022","2022","N05000004","Belfast West","19","Age 90+","2","Males","Number","158"
"MYE","Mid-year population estimate","2022","2022","N05000004","Belfast West","19","Age 90+","All","All persons","Number","594"
"MYE","Mid-year population estimate","2022","2022","N05000004","Belfast West","All","All","1","Females","Number","54215"
"MYE","Mid-year population estimate","2022","2022","N05000004","Belfast West","All","All","2","Males","Number","49207"
"MYE","Mid-year population estimate","2022","2022","N05000004","Belfast West","All","All","All","All persons","Number","103422"
"MYE","Mid-year population estimate","2022","2022","N05000005","East Antrim","1","Age 0-4","1","Females","Number","2357"
"MYE","Mid-year population estimate","2022","2022","N05000005","East Antrim","1","Age 0-4","2","Males","Number","2459"
"MYE","Mid-year population estimate","2022","2022","N05000005","East Antrim","1","Age 0-4","All","All persons","Number","4816"
"MYE","Mid-year population estimate","2022","2022","N05000005","East Antrim","2","Age 5-9","1","Females","Number","2622"
"MYE","Mid-year population estimate","2022","2022","N05000005","East Antrim","2","Age 5-9","2","Males","Number","2847"
"MYE","Mid-year population estimate","2022","2022","N05000005","East Antrim","2","Age 5-9","All","All persons","Number","5469"
"MYE","Mid-year population estimate","2022","2022","N05000005","East Antrim","3","Age 10-14","1","Females","Number","2908"
"MYE","Mid-year population estimate","2022","2022","N05000005","East Antrim","3","Age 10-14","2","Males","Number","3064"
"MYE","Mid-year population estimate","2022","2022","N05000005","East Antrim","3","Age 10-14","All","All persons","Number","5972"
"MYE","Mid-year population estimate","2022","2022","N05000005","East Antrim","4","Age 15-19","1","Females","Number","2836"
"MYE","Mid-year population estimate","2022","2022","N05000005","East Antrim","4","Age 15-19","2","Males","Number","3010"
"MYE","Mid-year population estimate","2022","2022","N05000005","East Antrim","4","Age 15-19","All","All persons","Number","5846"
"MYE","Mid-year population estimate","2022","2022","N05000005","East Antrim","5","Age 20-24","1","Females","Number","2221"
"MYE","Mid-year population estimate","2022","2022","N05000005","East Antrim","5","Age 20-24","2","Males","Number","2502"
"MYE","Mid-year population estimate","2022","2022","N05000005","East Antrim","5","Age 20-24","All","All persons","Number","4723"
"MYE","Mid-year population estimate","2022","2022","N05000005","East Antrim","6","Age 25-29","1","Females","Number","2526"
"MYE","Mid-year population estimate","2022","2022","N05000005","East Antrim","6","Age 25-29","2","Males","Number","2629"
"MYE","Mid-year population estimate","2022","2022","N05000005","East Antrim","6","Age 25-29","All","All persons","Number","5155"
"MYE","Mid-year population estimate","2022","2022","N05000005","East Antrim","7","Age 30-34","1","Females","Number","2985"
"MYE","Mid-year population estimate","2022","2022","N05000005","East Antrim","7","Age 30-34","2","Males","Number","2709"
"MYE","Mid-year population estimate","2022","2022","N05000005","East Antrim","7","Age 30-34","All","All persons","Number","5694"
"MYE","Mid-year population estimate","2022","2022","N05000005","East Antrim","8","Age 35-39","1","Females","Number","3088"
"MYE","Mid-year population estimate","2022","2022","N05000005","East Antrim","8","Age 35-39","2","Males","Number","2849"
"MYE","Mid-year population estimate","2022","2022","N05000005","East Antrim","8","Age 35-39","All","All persons","Number","5937"
"MYE","Mid-year population estimate","2022","2022","N05000005","East Antrim","9","Age 40-44","1","Females","Number","3171"
"MYE","Mid-year population estimate","2022","2022","N05000005","East Antrim","9","Age 40-44","2","Males","Number","2802"
"MYE","Mid-year population estimate","2022","2022","N05000005","East Antrim","9","Age 40-44","All","All persons","Number","5973"
"MYE","Mid-year population estimate","2022","2022","N05000005","East Antrim","10","Age 45-49","1","Females","Number","3152"
"MYE","Mid-year population estimate","2022","2022","N05000005","East Antrim","10","Age 45-49","2","Males","Number","2965"
"MYE","Mid-year population estimate","2022","2022","N05000005","East Antrim","10","Age 45-49","All","All persons","Number","6117"
"MYE","Mid-year population estimate","2022","2022","N05000005","East Antrim","11","Age 50-54","1","Females","Number","3810"
"MYE","Mid-year population estimate","2022","2022","N05000005","East Antrim","11","Age 50-54","2","Males","Number","3616"
"MYE","Mid-year population estimate","2022","2022","N05000005","East Antrim","11","Age 50-54","All","All persons","Number","7426"
"MYE","Mid-year population estimate","2022","2022","N05000005","East Antrim","12","Age 55-59","1","Females","Number","3849"
"MYE","Mid-year population estimate","2022","2022","N05000005","East Antrim","12","Age 55-59","2","Males","Number","3833"
"MYE","Mid-year population estimate","2022","2022","N05000005","East Antrim","12","Age 55-59","All","All persons","Number","7682"
"MYE","Mid-year population estimate","2022","2022","N05000005","East Antrim","13","Age 60-64","1","Females","Number","3454"
"MYE","Mid-year population estimate","2022","2022","N05000005","East Antrim","13","Age 60-64","2","Males","Number","3457"
"MYE","Mid-year population estimate","2022","2022","N05000005","East Antrim","13","Age 60-64","All","All persons","Number","6911"
"MYE","Mid-year population estimate","2022","2022","N05000005","East Antrim","14","Age 65-69","1","Females","Number","2811"
"MYE","Mid-year population estimate","2022","2022","N05000005","East Antrim","14","Age 65-69","2","Males","Number","2710"
"MYE","Mid-year population estimate","2022","2022","N05000005","East Antrim","14","Age 65-69","All","All persons","Number","5521"
"MYE","Mid-year population estimate","2022","2022","N05000005","East Antrim","15","Age 70-74","1","Females","Number","2488"
"MYE","Mid-year population estimate","2022","2022","N05000005","East Antrim","15","Age 70-74","2","Males","Number","2303"
"MYE","Mid-year population estimate","2022","2022","N05000005","East Antrim","15","Age 70-74","All","All persons","Number","4791"
"MYE","Mid-year population estimate","2022","2022","N05000005","East Antrim","16","Age 75-79","1","Females","Number","2231"
"MYE","Mid-year population estimate","2022","2022","N05000005","East Antrim","16","Age 75-79","2","Males","Number","1985"
"MYE","Mid-year population estimate","2022","2022","N05000005","East Antrim","16","Age 75-79","All","All persons","Number","4216"
"MYE","Mid-year population estimate","2022","2022","N05000005","East Antrim","17","Age 80-84","1","Females","Number","1470"
"MYE","Mid-year population estimate","2022","2022","N05000005","East Antrim","17","Age 80-84","2","Males","Number","1177"
"MYE","Mid-year population estimate","2022","2022","N05000005","East Antrim","17","Age 80-84","All","All persons","Number","2647"
"MYE","Mid-year population estimate","2022","2022","N05000005","East Antrim","18","Age 85-89","1","Females","Number","971"
"MYE","Mid-year population estimate","2022","2022","N05000005","East Antrim","18","Age 85-89","2","Males","Number","598"
"MYE","Mid-year population estimate","2022","2022","N05000005","East Antrim","18","Age 85-89","All","All persons","Number","1569"
"MYE","Mid-year population estimate","2022","2022","N05000005","East Antrim","19","Age 90+","1","Females","Number","547"
"MYE","Mid-year population estimate","2022","2022","N05000005","East Antrim","19","Age 90+","2","Males","Number","275"
"MYE","Mid-year population estimate","2022","2022","N05000005","East Antrim","19","Age 90+","All","All persons","Number","822"
"MYE","Mid-year population estimate","2022","2022","N05000005","East Antrim","All","All","1","Females","Number","49497"
"MYE","Mid-year population estimate","2022","2022","N05000005","East Antrim","All","All","2","Males","Number","47790"
"MYE","Mid-year population estimate","2022","2022","N05000005","East Antrim","All","All","All","All persons","Number","97287"
"MYE","Mid-year population estimate","2022","2022","N05000006","East Londonderry","1","Age 0-4","1","Females","Number","2715"
"MYE","Mid-year population estimate","2022","2022","N05000006","East Londonderry","1","Age 0-4","2","Males","Number","2812"
"MYE","Mid-year population estimate","2022","2022","N05000006","East Londonderry","1","Age 0-4","All","All persons","Number","5527"
"MYE","Mid-year population estimate","2022","2022","N05000006","East Londonderry","2","Age 5-9","1","Females","Number","3126"
"MYE","Mid-year population estimate","2022","2022","N05000006","East Londonderry","2","Age 5-9","2","Males","Number","3291"
"MYE","Mid-year population estimate","2022","2022","N05000006","East Londonderry","2","Age 5-9","All","All persons","Number","6417"
"MYE","Mid-year population estimate","2022","2022","N05000006","East Londonderry","3","Age 10-14","1","Females","Number","3251"
"MYE","Mid-year population estimate","2022","2022","N05000006","East Londonderry","3","Age 10-14","2","Males","Number","3493"
"MYE","Mid-year population estimate","2022","2022","N05000006","East Londonderry","3","Age 10-14","All","All persons","Number","6744"
"MYE","Mid-year population estimate","2022","2022","N05000006","East Londonderry","4","Age 15-19","1","Females","Number","3099"
"MYE","Mid-year population estimate","2022","2022","N05000006","East Londonderry","4","Age 15-19","2","Males","Number","3169"
"MYE","Mid-year population estimate","2022","2022","N05000006","East Londonderry","4","Age 15-19","All","All persons","Number","6268"
"MYE","Mid-year population estimate","2022","2022","N05000006","East Londonderry","5","Age 20-24","1","Females","Number","2619"
"MYE","Mid-year population estimate","2022","2022","N05000006","East Londonderry","5","Age 20-24","2","Males","Number","2861"
"MYE","Mid-year population estimate","2022","2022","N05000006","East Londonderry","5","Age 20-24","All","All persons","Number","5480"
"MYE","Mid-year population estimate","2022","2022","N05000006","East Londonderry","6","Age 25-29","1","Females","Number","2796"
"MYE","Mid-year population estimate","2022","2022","N05000006","East Londonderry","6","Age 25-29","2","Males","Number","2695"
"MYE","Mid-year population estimate","2022","2022","N05000006","East Londonderry","6","Age 25-29","All","All persons","Number","5491"
"MYE","Mid-year population estimate","2022","2022","N05000006","East Londonderry","7","Age 30-34","1","Females","Number","2969"
"MYE","Mid-year population estimate","2022","2022","N05000006","East Londonderry","7","Age 30-34","2","Males","Number","2949"
"MYE","Mid-year population estimate","2022","2022","N05000006","East Londonderry","7","Age 30-34","All","All persons","Number","5918"
"MYE","Mid-year population estimate","2022","2022","N05000006","East Londonderry","8","Age 35-39","1","Females","Number","3087"
"MYE","Mid-year population estimate","2022","2022","N05000006","East Londonderry","8","Age 35-39","2","Males","Number","3060"
"MYE","Mid-year population estimate","2022","2022","N05000006","East Londonderry","8","Age 35-39","All","All persons","Number","6147"
"MYE","Mid-year population estimate","2022","2022","N05000006","East Londonderry","9","Age 40-44","1","Females","Number","3266"
"MYE","Mid-year population estimate","2022","2022","N05000006","East Londonderry","9","Age 40-44","2","Males","Number","2991"
"MYE","Mid-year population estimate","2022","2022","N05000006","East Londonderry","9","Age 40-44","All","All persons","Number","6257"
"MYE","Mid-year population estimate","2022","2022","N05000006","East Londonderry","10","Age 45-49","1","Females","Number","3381"
"MYE","Mid-year population estimate","2022","2022","N05000006","East Londonderry","10","Age 45-49","2","Males","Number","3161"
"MYE","Mid-year population estimate","2022","2022","N05000006","East Londonderry","10","Age 45-49","All","All persons","Number","6542"
"MYE","Mid-year population estimate","2022","2022","N05000006","East Londonderry","11","Age 50-54","1","Females","Number","3848"
"MYE","Mid-year population estimate","2022","2022","N05000006","East Londonderry","11","Age 50-54","2","Males","Number","3688"
"MYE","Mid-year population estimate","2022","2022","N05000006","East Londonderry","11","Age 50-54","All","All persons","Number","7536"
"MYE","Mid-year population estimate","2022","2022","N05000006","East Londonderry","12","Age 55-59","1","Females","Number","3871"
"MYE","Mid-year population estimate","2022","2022","N05000006","East Londonderry","12","Age 55-59","2","Males","Number","3698"
"MYE","Mid-year population estimate","2022","2022","N05000006","East Londonderry","12","Age 55-59","All","All persons","Number","7569"
"MYE","Mid-year population estimate","2022","2022","N05000006","East Londonderry","13","Age 60-64","1","Females","Number","3457"
"MYE","Mid-year population estimate","2022","2022","N05000006","East Londonderry","13","Age 60-64","2","Males","Number","3355"
"MYE","Mid-year population estimate","2022","2022","N05000006","East Londonderry","13","Age 60-64","All","All persons","Number","6812"
"MYE","Mid-year population estimate","2022","2022","N05000006","East Londonderry","14","Age 65-69","1","Females","Number","2874"
"MYE","Mid-year population estimate","2022","2022","N05000006","East Londonderry","14","Age 65-69","2","Males","Number","2938"
"MYE","Mid-year population estimate","2022","2022","N05000006","East Londonderry","14","Age 65-69","All","All persons","Number","5812"
"MYE","Mid-year population estimate","2022","2022","N05000006","East Londonderry","15","Age 70-74","1","Females","Number","2570"
"MYE","Mid-year population estimate","2022","2022","N05000006","East Londonderry","15","Age 70-74","2","Males","Number","2473"
"MYE","Mid-year population estimate","2022","2022","N05000006","East Londonderry","15","Age 70-74","All","All persons","Number","5043"
"MYE","Mid-year population estimate","2022","2022","N05000006","East Londonderry","16","Age 75-79","1","Females","Number","2251"
"MYE","Mid-year population estimate","2022","2022","N05000006","East Londonderry","16","Age 75-79","2","Males","Number","2010"
"MYE","Mid-year population estimate","2022","2022","N05000006","East Londonderry","16","Age 75-79","All","All persons","Number","4261"
"MYE","Mid-year population estimate","2022","2022","N05000006","East Londonderry","17","Age 80-84","1","Females","Number","1550"
"MYE","Mid-year population estimate","2022","2022","N05000006","East Londonderry","17","Age 80-84","2","Males","Number","1239"
"MYE","Mid-year population estimate","2022","2022","N05000006","East Londonderry","17","Age 80-84","All","All persons","Number","2789"
"MYE","Mid-year population estimate","2022","2022","N05000006","East Londonderry","18","Age 85-89","1","Females","Number","918"
"MYE","Mid-year population estimate","2022","2022","N05000006","East Londonderry","18","Age 85-89","2","Males","Number","621"
"MYE","Mid-year population estimate","2022","2022","N05000006","East Londonderry","18","Age 85-89","All","All persons","Number","1539"
"MYE","Mid-year population estimate","2022","2022","N05000006","East Londonderry","19","Age 90+","1","Females","Number","586"
"MYE","Mid-year population estimate","2022","2022","N05000006","East Londonderry","19","Age 90+","2","Males","Number","252"
"MYE","Mid-year population estimate","2022","2022","N05000006","East Londonderry","19","Age 90+","All","All persons","Number","838"
"MYE","Mid-year population estimate","2022","2022","N05000006","East Londonderry","All","All","1","Females","Number","52234"
"MYE","Mid-year population estimate","2022","2022","N05000006","East Londonderry","All","All","2","Males","Number","50756"
"MYE","Mid-year population estimate","2022","2022","N05000006","East Londonderry","All","All","All","All persons","Number","102990"
"MYE","Mid-year population estimate","2022","2022","N05000007","Fermanagh and South Tyrone","1","Age 0-4","1","Females","Number","3560"
"MYE","Mid-year population estimate","2022","2022","N05000007","Fermanagh and South Tyrone","1","Age 0-4","2","Males","Number","3626"
"MYE","Mid-year population estimate","2022","2022","N05000007","Fermanagh and South Tyrone","1","Age 0-4","All","All persons","Number","7186"
"MYE","Mid-year population estimate","2022","2022","N05000007","Fermanagh and South Tyrone","2","Age 5-9","1","Females","Number","3790"
"MYE","Mid-year population estimate","2022","2022","N05000007","Fermanagh and South Tyrone","2","Age 5-9","2","Males","Number","4043"
"MYE","Mid-year population estimate","2022","2022","N05000007","Fermanagh and South Tyrone","2","Age 5-9","All","All persons","Number","7833"
"MYE","Mid-year population estimate","2022","2022","N05000007","Fermanagh and South Tyrone","3","Age 10-14","1","Females","Number","3845"
"MYE","Mid-year population estimate","2022","2022","N05000007","Fermanagh and South Tyrone","3","Age 10-14","2","Males","Number","4026"
"MYE","Mid-year population estimate","2022","2022","N05000007","Fermanagh and South Tyrone","3","Age 10-14","All","All persons","Number","7871"
"MYE","Mid-year population estimate","2022","2022","N05000007","Fermanagh and South Tyrone","4","Age 15-19","1","Females","Number","3263"
"MYE","Mid-year population estimate","2022","2022","N05000007","Fermanagh and South Tyrone","4","Age 15-19","2","Males","Number","3571"
"MYE","Mid-year population estimate","2022","2022","N05000007","Fermanagh and South Tyrone","4","Age 15-19","All","All persons","Number","6834"
"MYE","Mid-year population estimate","2022","2022","N05000007","Fermanagh and South Tyrone","5","Age 20-24","1","Females","Number","2593"
"MYE","Mid-year population estimate","2022","2022","N05000007","Fermanagh and South Tyrone","5","Age 20-24","2","Males","Number","2884"
"MYE","Mid-year population estimate","2022","2022","N05000007","Fermanagh and South Tyrone","5","Age 20-24","All","All persons","Number","5477"
"MYE","Mid-year population estimate","2022","2022","N05000007","Fermanagh and South Tyrone","6","Age 25-29","1","Females","Number","2859"
"MYE","Mid-year population estimate","2022","2022","N05000007","Fermanagh and South Tyrone","6","Age 25-29","2","Males","Number","3231"
"MYE","Mid-year population estimate","2022","2022","N05000007","Fermanagh and South Tyrone","6","Age 25-29","All","All persons","Number","6090"
"MYE","Mid-year population estimate","2022","2022","N05000007","Fermanagh and South Tyrone","7","Age 30-34","1","Females","Number","3424"
"MYE","Mid-year population estimate","2022","2022","N05000007","Fermanagh and South Tyrone","7","Age 30-34","2","Males","Number","3418"
"MYE","Mid-year population estimate","2022","2022","N05000007","Fermanagh and South Tyrone","7","Age 30-34","All","All persons","Number","6842"
"MYE","Mid-year population estimate","2022","2022","N05000007","Fermanagh and South Tyrone","8","Age 35-39","1","Females","Number","3856"
"MYE","Mid-year population estimate","2022","2022","N05000007","Fermanagh and South Tyrone","8","Age 35-39","2","Males","Number","3820"
"MYE","Mid-year population estimate","2022","2022","N05000007","Fermanagh and South Tyrone","8","Age 35-39","All","All persons","Number","7676"
"MYE","Mid-year population estimate","2022","2022","N05000007","Fermanagh and South Tyrone","9","Age 40-44","1","Females","Number","3797"
"MYE","Mid-year population estimate","2022","2022","N05000007","Fermanagh and South Tyrone","9","Age 40-44","2","Males","Number","3809"
"MYE","Mid-year population estimate","2022","2022","N05000007","Fermanagh and South Tyrone","9","Age 40-44","All","All persons","Number","7606"
"MYE","Mid-year population estimate","2022","2022","N05000007","Fermanagh and South Tyrone","10","Age 45-49","1","Females","Number","3551"
"MYE","Mid-year population estimate","2022","2022","N05000007","Fermanagh and South Tyrone","10","Age 45-49","2","Males","Number","3557"
"MYE","Mid-year population estimate","2022","2022","N05000007","Fermanagh and South Tyrone","10","Age 45-49","All","All persons","Number","7108"
"MYE","Mid-year population estimate","2022","2022","N05000007","Fermanagh and South Tyrone","11","Age 50-54","1","Females","Number","3718"
"MYE","Mid-year population estimate","2022","2022","N05000007","Fermanagh and South Tyrone","11","Age 50-54","2","Males","Number","3695"
"MYE","Mid-year population estimate","2022","2022","N05000007","Fermanagh and South Tyrone","11","Age 50-54","All","All persons","Number","7413"
"MYE","Mid-year population estimate","2022","2022","N05000007","Fermanagh and South Tyrone","12","Age 55-59","1","Females","Number","3617"
"MYE","Mid-year population estimate","2022","2022","N05000007","Fermanagh and South Tyrone","12","Age 55-59","2","Males","Number","3599"
"MYE","Mid-year population estimate","2022","2022","N05000007","Fermanagh and South Tyrone","12","Age 55-59","All","All persons","Number","7216"
"MYE","Mid-year population estimate","2022","2022","N05000007","Fermanagh and South Tyrone","13","Age 60-64","1","Females","Number","3316"
"MYE","Mid-year population estimate","2022","2022","N05000007","Fermanagh and South Tyrone","13","Age 60-64","2","Males","Number","3382"
"MYE","Mid-year population estimate","2022","2022","N05000007","Fermanagh and South Tyrone","13","Age 60-64","All","All persons","Number","6698"
"MYE","Mid-year population estimate","2022","2022","N05000007","Fermanagh and South Tyrone","14","Age 65-69","1","Females","Number","2852"
"MYE","Mid-year population estimate","2022","2022","N05000007","Fermanagh and South Tyrone","14","Age 65-69","2","Males","Number","2966"
"MYE","Mid-year population estimate","2022","2022","N05000007","Fermanagh and South Tyrone","14","Age 65-69","All","All persons","Number","5818"
"MYE","Mid-year population estimate","2022","2022","N05000007","Fermanagh and South Tyrone","15","Age 70-74","1","Females","Number","2555"
"MYE","Mid-year population estimate","2022","2022","N05000007","Fermanagh and South Tyrone","15","Age 70-74","2","Males","Number","2539"
"MYE","Mid-year population estimate","2022","2022","N05000007","Fermanagh and South Tyrone","15","Age 70-74","All","All persons","Number","5094"
"MYE","Mid-year population estimate","2022","2022","N05000007","Fermanagh and South Tyrone","16","Age 75-79","1","Females","Number","2079"
"MYE","Mid-year population estimate","2022","2022","N05000007","Fermanagh and South Tyrone","16","Age 75-79","2","Males","Number","2037"
"MYE","Mid-year population estimate","2022","2022","N05000007","Fermanagh and South Tyrone","16","Age 75-79","All","All persons","Number","4116"
"MYE","Mid-year population estimate","2022","2022","N05000007","Fermanagh and South Tyrone","17","Age 80-84","1","Females","Number","1432"
"MYE","Mid-year population estimate","2022","2022","N05000007","Fermanagh and South Tyrone","17","Age 80-84","2","Males","Number","1187"
"MYE","Mid-year population estimate","2022","2022","N05000007","Fermanagh and South Tyrone","17","Age 80-84","All","All persons","Number","2619"
"MYE","Mid-year population estimate","2022","2022","N05000007","Fermanagh and South Tyrone","18","Age 85-89","1","Females","Number","992"
"MYE","Mid-year population estimate","2022","2022","N05000007","Fermanagh and South Tyrone","18","Age 85-89","2","Males","Number","680"
"MYE","Mid-year population estimate","2022","2022","N05000007","Fermanagh and South Tyrone","18","Age 85-89","All","All persons","Number","1672"
"MYE","Mid-year population estimate","2022","2022","N05000007","Fermanagh and South Tyrone","19","Age 90+","1","Females","Number","590"
"MYE","Mid-year population estimate","2022","2022","N05000007","Fermanagh and South Tyrone","19","Age 90+","2","Males","Number","241"
"MYE","Mid-year population estimate","2022","2022","N05000007","Fermanagh and South Tyrone","19","Age 90+","All","All persons","Number","831"
"MYE","Mid-year population estimate","2022","2022","N05000007","Fermanagh and South Tyrone","All","All","1","Females","Number","55689"
"MYE","Mid-year population estimate","2022","2022","N05000007","Fermanagh and South Tyrone","All","All","2","Males","Number","56311"
"MYE","Mid-year population estimate","2022","2022","N05000007","Fermanagh and South Tyrone","All","All","All","All persons","Number","112000"
"MYE","Mid-year population estimate","2022","2022","N05000008","Foyle","1","Age 0-4","1","Females","Number","2975"
"MYE","Mid-year population estimate","2022","2022","N05000008","Foyle","1","Age 0-4","2","Males","Number","3085"
"MYE","Mid-year population estimate","2022","2022","N05000008","Foyle","1","Age 0-4","All","All persons","Number","6060"
"MYE","Mid-year population estimate","2022","2022","N05000008","Foyle","2","Age 5-9","1","Females","Number","3209"
"MYE","Mid-year population estimate","2022","2022","N05000008","Foyle","2","Age 5-9","2","Males","Number","3378"
"MYE","Mid-year population estimate","2022","2022","N05000008","Foyle","2","Age 5-9","All","All persons","Number","6587"
"MYE","Mid-year population estimate","2022","2022","N05000008","Foyle","3","Age 10-14","1","Females","Number","3383"
"MYE","Mid-year population estimate","2022","2022","N05000008","Foyle","3","Age 10-14","2","Males","Number","3480"
"MYE","Mid-year population estimate","2022","2022","N05000008","Foyle","3","Age 10-14","All","All persons","Number","6863"
"MYE","Mid-year population estimate","2022","2022","N05000008","Foyle","4","Age 15-19","1","Females","Number","2974"
"MYE","Mid-year population estimate","2022","2022","N05000008","Foyle","4","Age 15-19","2","Males","Number","3121"
"MYE","Mid-year population estimate","2022","2022","N05000008","Foyle","4","Age 15-19","All","All persons","Number","6095"
"MYE","Mid-year population estimate","2022","2022","N05000008","Foyle","5","Age 20-24","1","Females","Number","2530"
"MYE","Mid-year population estimate","2022","2022","N05000008","Foyle","5","Age 20-24","2","Males","Number","2752"
"MYE","Mid-year population estimate","2022","2022","N05000008","Foyle","5","Age 20-24","All","All persons","Number","5282"
"MYE","Mid-year population estimate","2022","2022","N05000008","Foyle","6","Age 25-29","1","Females","Number","3061"
"MYE","Mid-year population estimate","2022","2022","N05000008","Foyle","6","Age 25-29","2","Males","Number","2772"
"MYE","Mid-year population estimate","2022","2022","N05000008","Foyle","6","Age 25-29","All","All persons","Number","5833"
"MYE","Mid-year population estimate","2022","2022","N05000008","Foyle","7","Age 30-34","1","Females","Number","3630"
"MYE","Mid-year population estimate","2022","2022","N05000008","Foyle","7","Age 30-34","2","Males","Number","3048"
"MYE","Mid-year population estimate","2022","2022","N05000008","Foyle","7","Age 30-34","All","All persons","Number","6678"
"MYE","Mid-year population estimate","2022","2022","N05000008","Foyle","8","Age 35-39","1","Females","Number","3627"
"MYE","Mid-year population estimate","2022","2022","N05000008","Foyle","8","Age 35-39","2","Males","Number","3234"
"MYE","Mid-year population estimate","2022","2022","N05000008","Foyle","8","Age 35-39","All","All persons","Number","6861"
"MYE","Mid-year population estimate","2022","2022","N05000008","Foyle","9","Age 40-44","1","Females","Number","3517"
"MYE","Mid-year population estimate","2022","2022","N05000008","Foyle","9","Age 40-44","2","Males","Number","2978"
"MYE","Mid-year population estimate","2022","2022","N05000008","Foyle","9","Age 40-44","All","All persons","Number","6495"
"MYE","Mid-year population estimate","2022","2022","N05000008","Foyle","10","Age 45-49","1","Females","Number","3072"
"MYE","Mid-year population estimate","2022","2022","N05000008","Foyle","10","Age 45-49","2","Males","Number","2868"
"MYE","Mid-year population estimate","2022","2022","N05000008","Foyle","10","Age 45-49","All","All persons","Number","5940"
"MYE","Mid-year population estimate","2022","2022","N05000008","Foyle","11","Age 50-54","1","Females","Number","3393"
"MYE","Mid-year population estimate","2022","2022","N05000008","Foyle","11","Age 50-54","2","Males","Number","3167"
"MYE","Mid-year population estimate","2022","2022","N05000008","Foyle","11","Age 50-54","All","All persons","Number","6560"
"MYE","Mid-year population estimate","2022","2022","N05000008","Foyle","12","Age 55-59","1","Females","Number","3560"
"MYE","Mid-year population estimate","2022","2022","N05000008","Foyle","12","Age 55-59","2","Males","Number","3226"
"MYE","Mid-year population estimate","2022","2022","N05000008","Foyle","12","Age 55-59","All","All persons","Number","6786"
"MYE","Mid-year population estimate","2022","2022","N05000008","Foyle","13","Age 60-64","1","Females","Number","3179"
"MYE","Mid-year population estimate","2022","2022","N05000008","Foyle","13","Age 60-64","2","Males","Number","2927"
"MYE","Mid-year population estimate","2022","2022","N05000008","Foyle","13","Age 60-64","All","All persons","Number","6106"
"MYE","Mid-year population estimate","2022","2022","N05000008","Foyle","14","Age 65-69","1","Females","Number","2510"
"MYE","Mid-year population estimate","2022","2022","N05000008","Foyle","14","Age 65-69","2","Males","Number","2370"
"MYE","Mid-year population estimate","2022","2022","N05000008","Foyle","14","Age 65-69","All","All persons","Number","4880"
"MYE","Mid-year population estimate","2022","2022","N05000008","Foyle","15","Age 70-74","1","Females","Number","2101"
"MYE","Mid-year population estimate","2022","2022","N05000008","Foyle","15","Age 70-74","2","Males","Number","1996"
"MYE","Mid-year population estimate","2022","2022","N05000008","Foyle","15","Age 70-74","All","All persons","Number","4097"
"MYE","Mid-year population estimate","2022","2022","N05000008","Foyle","16","Age 75-79","1","Females","Number","1670"
"MYE","Mid-year population estimate","2022","2022","N05000008","Foyle","16","Age 75-79","2","Males","Number","1447"
"MYE","Mid-year population estimate","2022","2022","N05000008","Foyle","16","Age 75-79","All","All persons","Number","3117"
"MYE","Mid-year population estimate","2022","2022","N05000008","Foyle","17","Age 80-84","1","Females","Number","1031"
"MYE","Mid-year population estimate","2022","2022","N05000008","Foyle","17","Age 80-84","2","Males","Number","818"
"MYE","Mid-year population estimate","2022","2022","N05000008","Foyle","17","Age 80-84","All","All persons","Number","1849"
"MYE","Mid-year population estimate","2022","2022","N05000008","Foyle","18","Age 85-89","1","Females","Number","638"
"MYE","Mid-year population estimate","2022","2022","N05000008","Foyle","18","Age 85-89","2","Males","Number","382"
"MYE","Mid-year population estimate","2022","2022","N05000008","Foyle","18","Age 85-89","All","All persons","Number","1020"
"MYE","Mid-year population estimate","2022","2022","N05000008","Foyle","19","Age 90+","1","Females","Number","286"
"MYE","Mid-year population estimate","2022","2022","N05000008","Foyle","19","Age 90+","2","Males","Number","129"
"MYE","Mid-year population estimate","2022","2022","N05000008","Foyle","19","Age 90+","All","All persons","Number","415"
"MYE","Mid-year population estimate","2022","2022","N05000008","Foyle","All","All","1","Females","Number","50346"
"MYE","Mid-year population estimate","2022","2022","N05000008","Foyle","All","All","2","Males","Number","47178"
"MYE","Mid-year population estimate","2022","2022","N05000008","Foyle","All","All","All","All persons","Number","97524"
"MYE","Mid-year population estimate","2022","2022","N05000009","Lagan Valley","1","Age 0-4","1","Females","Number","3188"
"MYE","Mid-year population estimate","2022","2022","N05000009","Lagan Valley","1","Age 0-4","2","Males","Number","3489"
"MYE","Mid-year population estimate","2022","2022","N05000009","Lagan Valley","1","Age 0-4","All","All persons","Number","6677"
"MYE","Mid-year population estimate","2022","2022","N05000009","Lagan Valley","2","Age 5-9","1","Females","Number","3567"
"MYE","Mid-year population estimate","2022","2022","N05000009","Lagan Valley","2","Age 5-9","2","Males","Number","3861"
"MYE","Mid-year population estimate","2022","2022","N05000009","Lagan Valley","2","Age 5-9","All","All persons","Number","7428"
"MYE","Mid-year population estimate","2022","2022","N05000009","Lagan Valley","3","Age 10-14","1","Females","Number","3719"
"MYE","Mid-year population estimate","2022","2022","N05000009","Lagan Valley","3","Age 10-14","2","Males","Number","3992"
"MYE","Mid-year population estimate","2022","2022","N05000009","Lagan Valley","3","Age 10-14","All","All persons","Number","7711"
"MYE","Mid-year population estimate","2022","2022","N05000009","Lagan Valley","4","Age 15-19","1","Females","Number","3075"
"MYE","Mid-year population estimate","2022","2022","N05000009","Lagan Valley","4","Age 15-19","2","Males","Number","3422"
"MYE","Mid-year population estimate","2022","2022","N05000009","Lagan Valley","4","Age 15-19","All","All persons","Number","6497"
"MYE","Mid-year population estimate","2022","2022","N05000009","Lagan Valley","5","Age 20-24","1","Females","Number","2362"
"MYE","Mid-year population estimate","2022","2022","N05000009","Lagan Valley","5","Age 20-24","2","Males","Number","2640"
"MYE","Mid-year population estimate","2022","2022","N05000009","Lagan Valley","5","Age 20-24","All","All persons","Number","5002"
"MYE","Mid-year population estimate","2022","2022","N05000009","Lagan Valley","6","Age 25-29","1","Females","Number","3201"
"MYE","Mid-year population estimate","2022","2022","N05000009","Lagan Valley","6","Age 25-29","2","Males","Number","3276"
"MYE","Mid-year population estimate","2022","2022","N05000009","Lagan Valley","6","Age 25-29","All","All persons","Number","6477"
"MYE","Mid-year population estimate","2022","2022","N05000009","Lagan Valley","7","Age 30-34","1","Females","Number","3897"
"MYE","Mid-year population estimate","2022","2022","N05000009","Lagan Valley","7","Age 30-34","2","Males","Number","3737"
"MYE","Mid-year population estimate","2022","2022","N05000009","Lagan Valley","7","Age 30-34","All","All persons","Number","7634"
"MYE","Mid-year population estimate","2022","2022","N05000009","Lagan Valley","8","Age 35-39","1","Females","Number","4143"
"MYE","Mid-year population estimate","2022","2022","N05000009","Lagan Valley","8","Age 35-39","2","Males","Number","3842"
"MYE","Mid-year population estimate","2022","2022","N05000009","Lagan Valley","8","Age 35-39","All","All persons","Number","7985"
"MYE","Mid-year population estimate","2022","2022","N05000009","Lagan Valley","9","Age 40-44","1","Females","Number","3905"
"MYE","Mid-year population estimate","2022","2022","N05000009","Lagan Valley","9","Age 40-44","2","Males","Number","3825"
"MYE","Mid-year population estimate","2022","2022","N05000009","Lagan Valley","9","Age 40-44","All","All persons","Number","7730"
"MYE","Mid-year population estimate","2022","2022","N05000009","Lagan Valley","10","Age 45-49","1","Females","Number","3685"
"MYE","Mid-year population estimate","2022","2022","N05000009","Lagan Valley","10","Age 45-49","2","Males","Number","3488"
"MYE","Mid-year population estimate","2022","2022","N05000009","Lagan Valley","10","Age 45-49","All","All persons","Number","7173"
"MYE","Mid-year population estimate","2022","2022","N05000009","Lagan Valley","11","Age 50-54","1","Females","Number","4052"
"MYE","Mid-year population estimate","2022","2022","N05000009","Lagan Valley","11","Age 50-54","2","Males","Number","3922"
"MYE","Mid-year population estimate","2022","2022","N05000009","Lagan Valley","11","Age 50-54","All","All persons","Number","7974"
"MYE","Mid-year population estimate","2022","2022","N05000009","Lagan Valley","12","Age 55-59","1","Females","Number","3950"
"MYE","Mid-year population estimate","2022","2022","N05000009","Lagan Valley","12","Age 55-59","2","Males","Number","3775"
"MYE","Mid-year population estimate","2022","2022","N05000009","Lagan Valley","12","Age 55-59","All","All persons","Number","7725"
"MYE","Mid-year population estimate","2022","2022","N05000009","Lagan Valley","13","Age 60-64","1","Females","Number","3413"
"MYE","Mid-year population estimate","2022","2022","N05000009","Lagan Valley","13","Age 60-64","2","Males","Number","3307"
"MYE","Mid-year population estimate","2022","2022","N05000009","Lagan Valley","13","Age 60-64","All","All persons","Number","6720"
"MYE","Mid-year population estimate","2022","2022","N05000009","Lagan Valley","14","Age 65-69","1","Females","Number","2762"
"MYE","Mid-year population estimate","2022","2022","N05000009","Lagan Valley","14","Age 65-69","2","Males","Number","2700"
"MYE","Mid-year population estimate","2022","2022","N05000009","Lagan Valley","14","Age 65-69","All","All persons","Number","5462"
"MYE","Mid-year population estimate","2022","2022","N05000009","Lagan Valley","15","Age 70-74","1","Females","Number","2501"
"MYE","Mid-year population estimate","2022","2022","N05000009","Lagan Valley","15","Age 70-74","2","Males","Number","2252"
"MYE","Mid-year population estimate","2022","2022","N05000009","Lagan Valley","15","Age 70-74","All","All persons","Number","4753"
"MYE","Mid-year population estimate","2022","2022","N05000009","Lagan Valley","16","Age 75-79","1","Females","Number","2333"
"MYE","Mid-year population estimate","2022","2022","N05000009","Lagan Valley","16","Age 75-79","2","Males","Number","2011"
"MYE","Mid-year population estimate","2022","2022","N05000009","Lagan Valley","16","Age 75-79","All","All persons","Number","4344"
"MYE","Mid-year population estimate","2022","2022","N05000009","Lagan Valley","17","Age 80-84","1","Females","Number","1600"
"MYE","Mid-year population estimate","2022","2022","N05000009","Lagan Valley","17","Age 80-84","2","Males","Number","1270"
"MYE","Mid-year population estimate","2022","2022","N05000009","Lagan Valley","17","Age 80-84","All","All persons","Number","2870"
"MYE","Mid-year population estimate","2022","2022","N05000009","Lagan Valley","18","Age 85-89","1","Females","Number","1076"
"MYE","Mid-year population estimate","2022","2022","N05000009","Lagan Valley","18","Age 85-89","2","Males","Number","688"
"MYE","Mid-year population estimate","2022","2022","N05000009","Lagan Valley","18","Age 85-89","All","All persons","Number","1764"
"MYE","Mid-year population estimate","2022","2022","N05000009","Lagan Valley","19","Age 90+","1","Females","Number","562"
"MYE","Mid-year population estimate","2022","2022","N05000009","Lagan Valley","19","Age 90+","2","Males","Number","254"
"MYE","Mid-year population estimate","2022","2022","N05000009","Lagan Valley","19","Age 90+","All","All persons","Number","816"
"MYE","Mid-year population estimate","2022","2022","N05000009","Lagan Valley","All","All","1","Females","Number","56991"
"MYE","Mid-year population estimate","2022","2022","N05000009","Lagan Valley","All","All","2","Males","Number","55751"
"MYE","Mid-year population estimate","2022","2022","N05000009","Lagan Valley","All","All","All","All persons","Number","112742"
"MYE","Mid-year population estimate","2022","2022","N05000010","Mid Ulster","1","Age 0-4","1","Females","Number","3459"
"MYE","Mid-year population estimate","2022","2022","N05000010","Mid Ulster","1","Age 0-4","2","Males","Number","3718"
"MYE","Mid-year population estimate","2022","2022","N05000010","Mid Ulster","1","Age 0-4","All","All persons","Number","7177"
"MYE","Mid-year population estimate","2022","2022","N05000010","Mid Ulster","2","Age 5-9","1","Females","Number","3793"
"MYE","Mid-year population estimate","2022","2022","N05000010","Mid Ulster","2","Age 5-9","2","Males","Number","3949"
"MYE","Mid-year population estimate","2022","2022","N05000010","Mid Ulster","2","Age 5-9","All","All persons","Number","7742"
"MYE","Mid-year population estimate","2022","2022","N05000010","Mid Ulster","3","Age 10-14","1","Females","Number","3891"
"MYE","Mid-year population estimate","2022","2022","N05000010","Mid Ulster","3","Age 10-14","2","Males","Number","4011"
"MYE","Mid-year population estimate","2022","2022","N05000010","Mid Ulster","3","Age 10-14","All","All persons","Number","7902"
"MYE","Mid-year population estimate","2022","2022","N05000010","Mid Ulster","4","Age 15-19","1","Females","Number","3348"
"MYE","Mid-year population estimate","2022","2022","N05000010","Mid Ulster","4","Age 15-19","2","Males","Number","3504"
"MYE","Mid-year population estimate","2022","2022","N05000010","Mid Ulster","4","Age 15-19","All","All persons","Number","6852"
"MYE","Mid-year population estimate","2022","2022","N05000010","Mid Ulster","5","Age 20-24","1","Females","Number","2674"
"MYE","Mid-year population estimate","2022","2022","N05000010","Mid Ulster","5","Age 20-24","2","Males","Number","3032"
"MYE","Mid-year population estimate","2022","2022","N05000010","Mid Ulster","5","Age 20-24","All","All persons","Number","5706"
"MYE","Mid-year population estimate","2022","2022","N05000010","Mid Ulster","6","Age 25-29","1","Females","Number","3091"
"MYE","Mid-year population estimate","2022","2022","N05000010","Mid Ulster","6","Age 25-29","2","Males","Number","3246"
"MYE","Mid-year population estimate","2022","2022","N05000010","Mid Ulster","6","Age 25-29","All","All persons","Number","6337"
"MYE","Mid-year population estimate","2022","2022","N05000010","Mid Ulster","7","Age 30-34","1","Females","Number","3485"
"MYE","Mid-year population estimate","2022","2022","N05000010","Mid Ulster","7","Age 30-34","2","Males","Number","3395"
"MYE","Mid-year population estimate","2022","2022","N05000010","Mid Ulster","7","Age 30-34","All","All persons","Number","6880"
"MYE","Mid-year population estimate","2022","2022","N05000010","Mid Ulster","8","Age 35-39","1","Females","Number","3729"
"MYE","Mid-year population estimate","2022","2022","N05000010","Mid Ulster","8","Age 35-39","2","Males","Number","3635"
"MYE","Mid-year population estimate","2022","2022","N05000010","Mid Ulster","8","Age 35-39","All","All persons","Number","7364"
"MYE","Mid-year population estimate","2022","2022","N05000010","Mid Ulster","9","Age 40-44","1","Females","Number","3596"
"MYE","Mid-year population estimate","2022","2022","N05000010","Mid Ulster","9","Age 40-44","2","Males","Number","3516"
"MYE","Mid-year population estimate","2022","2022","N05000010","Mid Ulster","9","Age 40-44","All","All persons","Number","7112"
"MYE","Mid-year population estimate","2022","2022","N05000010","Mid Ulster","10","Age 45-49","1","Females","Number","3512"
"MYE","Mid-year population estimate","2022","2022","N05000010","Mid Ulster","10","Age 45-49","2","Males","Number","3464"
"MYE","Mid-year population estimate","2022","2022","N05000010","Mid Ulster","10","Age 45-49","All","All persons","Number","6976"
"MYE","Mid-year population estimate","2022","2022","N05000010","Mid Ulster","11","Age 50-54","1","Females","Number","3482"
"MYE","Mid-year population estimate","2022","2022","N05000010","Mid Ulster","11","Age 50-54","2","Males","Number","3622"
"MYE","Mid-year population estimate","2022","2022","N05000010","Mid Ulster","11","Age 50-54","All","All persons","Number","7104"
"MYE","Mid-year population estimate","2022","2022","N05000010","Mid Ulster","12","Age 55-59","1","Females","Number","3220"
"MYE","Mid-year population estimate","2022","2022","N05000010","Mid Ulster","12","Age 55-59","2","Males","Number","3286"
"MYE","Mid-year population estimate","2022","2022","N05000010","Mid Ulster","12","Age 55-59","All","All persons","Number","6506"
"MYE","Mid-year population estimate","2022","2022","N05000010","Mid Ulster","13","Age 60-64","1","Females","Number","2956"
"MYE","Mid-year population estimate","2022","2022","N05000010","Mid Ulster","13","Age 60-64","2","Males","Number","2858"
"MYE","Mid-year population estimate","2022","2022","N05000010","Mid Ulster","13","Age 60-64","All","All persons","Number","5814"
"MYE","Mid-year population estimate","2022","2022","N05000010","Mid Ulster","14","Age 65-69","1","Females","Number","2343"
"MYE","Mid-year population estimate","2022","2022","N05000010","Mid Ulster","14","Age 65-69","2","Males","Number","2446"
"MYE","Mid-year population estimate","2022","2022","N05000010","Mid Ulster","14","Age 65-69","All","All persons","Number","4789"
"MYE","Mid-year population estimate","2022","2022","N05000010","Mid Ulster","15","Age 70-74","1","Females","Number","2138"
"MYE","Mid-year population estimate","2022","2022","N05000010","Mid Ulster","15","Age 70-74","2","Males","Number","2013"
"MYE","Mid-year population estimate","2022","2022","N05000010","Mid Ulster","15","Age 70-74","All","All persons","Number","4151"
"MYE","Mid-year population estimate","2022","2022","N05000010","Mid Ulster","16","Age 75-79","1","Females","Number","1842"
"MYE","Mid-year population estimate","2022","2022","N05000010","Mid Ulster","16","Age 75-79","2","Males","Number","1590"
"MYE","Mid-year population estimate","2022","2022","N05000010","Mid Ulster","16","Age 75-79","All","All persons","Number","3432"
"MYE","Mid-year population estimate","2022","2022","N05000010","Mid Ulster","17","Age 80-84","1","Females","Number","1211"
"MYE","Mid-year population estimate","2022","2022","N05000010","Mid Ulster","17","Age 80-84","2","Males","Number","944"
"MYE","Mid-year population estimate","2022","2022","N05000010","Mid Ulster","17","Age 80-84","All","All persons","Number","2155"
"MYE","Mid-year population estimate","2022","2022","N05000010","Mid Ulster","18","Age 85-89","1","Females","Number","771"
"MYE","Mid-year population estimate","2022","2022","N05000010","Mid Ulster","18","Age 85-89","2","Males","Number","478"
"MYE","Mid-year population estimate","2022","2022","N05000010","Mid Ulster","18","Age 85-89","All","All persons","Number","1249"
"MYE","Mid-year population estimate","2022","2022","N05000010","Mid Ulster","19","Age 90+","1","Females","Number","443"
"MYE","Mid-year population estimate","2022","2022","N05000010","Mid Ulster","19","Age 90+","2","Males","Number","216"
"MYE","Mid-year population estimate","2022","2022","N05000010","Mid Ulster","19","Age 90+","All","All persons","Number","659"
"MYE","Mid-year population estimate","2022","2022","N05000010","Mid Ulster","All","All","1","Females","Number","52984"
"MYE","Mid-year population estimate","2022","2022","N05000010","Mid Ulster","All","All","2","Males","Number","52923"
"MYE","Mid-year population estimate","2022","2022","N05000010","Mid Ulster","All","All","All","All persons","Number","105907"
"MYE","Mid-year population estimate","2022","2022","N05000011","Newry and Armagh","1","Age 0-4","1","Females","Number","3659"
"MYE","Mid-year population estimate","2022","2022","N05000011","Newry and Armagh","1","Age 0-4","2","Males","Number","3901"
"MYE","Mid-year population estimate","2022","2022","N05000011","Newry and Armagh","1","Age 0-4","All","All persons","Number","7560"
"MYE","Mid-year population estimate","2022","2022","N05000011","Newry and Armagh","2","Age 5-9","1","Females","Number","4116"
"MYE","Mid-year population estimate","2022","2022","N05000011","Newry and Armagh","2","Age 5-9","2","Males","Number","4123"
"MYE","Mid-year population estimate","2022","2022","N05000011","Newry and Armagh","2","Age 5-9","All","All persons","Number","8239"
"MYE","Mid-year population estimate","2022","2022","N05000011","Newry and Armagh","3","Age 10-14","1","Females","Number","4071"
"MYE","Mid-year population estimate","2022","2022","N05000011","Newry and Armagh","3","Age 10-14","2","Males","Number","4233"
"MYE","Mid-year population estimate","2022","2022","N05000011","Newry and Armagh","3","Age 10-14","All","All persons","Number","8304"
"MYE","Mid-year population estimate","2022","2022","N05000011","Newry and Armagh","4","Age 15-19","1","Females","Number","3482"
"MYE","Mid-year population estimate","2022","2022","N05000011","Newry and Armagh","4","Age 15-19","2","Males","Number","3785"
"MYE","Mid-year population estimate","2022","2022","N05000011","Newry and Armagh","4","Age 15-19","All","All persons","Number","7267"
"MYE","Mid-year population estimate","2022","2022","N05000011","Newry and Armagh","5","Age 20-24","1","Females","Number","2672"
"MYE","Mid-year population estimate","2022","2022","N05000011","Newry and Armagh","5","Age 20-24","2","Males","Number","2940"
"MYE","Mid-year population estimate","2022","2022","N05000011","Newry and Armagh","5","Age 20-24","All","All persons","Number","5612"
"MYE","Mid-year population estimate","2022","2022","N05000011","Newry and Armagh","6","Age 25-29","1","Females","Number","3239"
"MYE","Mid-year population estimate","2022","2022","N05000011","Newry and Armagh","6","Age 25-29","2","Males","Number","3291"
"MYE","Mid-year population estimate","2022","2022","N05000011","Newry and Armagh","6","Age 25-29","All","All persons","Number","6530"
"MYE","Mid-year population estimate","2022","2022","N05000011","Newry and Armagh","7","Age 30-34","1","Females","Number","3707"
"MYE","Mid-year population estimate","2022","2022","N05000011","Newry and Armagh","7","Age 30-34","2","Males","Number","3425"
"MYE","Mid-year population estimate","2022","2022","N05000011","Newry and Armagh","7","Age 30-34","All","All persons","Number","7132"
"MYE","Mid-year population estimate","2022","2022","N05000011","Newry and Armagh","8","Age 35-39","1","Females","Number","3963"
"MYE","Mid-year population estimate","2022","2022","N05000011","Newry and Armagh","8","Age 35-39","2","Males","Number","3727"
"MYE","Mid-year population estimate","2022","2022","N05000011","Newry and Armagh","8","Age 35-39","All","All persons","Number","7690"
"MYE","Mid-year population estimate","2022","2022","N05000011","Newry and Armagh","9","Age 40-44","1","Females","Number","3878"
"MYE","Mid-year population estimate","2022","2022","N05000011","Newry and Armagh","9","Age 40-44","2","Males","Number","3570"
"MYE","Mid-year population estimate","2022","2022","N05000011","Newry and Armagh","9","Age 40-44","All","All persons","Number","7448"
"MYE","Mid-year population estimate","2022","2022","N05000011","Newry and Armagh","10","Age 45-49","1","Females","Number","3504"
"MYE","Mid-year population estimate","2022","2022","N05000011","Newry and Armagh","10","Age 45-49","2","Males","Number","3543"
"MYE","Mid-year population estimate","2022","2022","N05000011","Newry and Armagh","10","Age 45-49","All","All persons","Number","7047"
"MYE","Mid-year population estimate","2022","2022","N05000011","Newry and Armagh","11","Age 50-54","1","Females","Number","3806"
"MYE","Mid-year population estimate","2022","2022","N05000011","Newry and Armagh","11","Age 50-54","2","Males","Number","3633"
"MYE","Mid-year population estimate","2022","2022","N05000011","Newry and Armagh","11","Age 50-54","All","All persons","Number","7439"
"MYE","Mid-year population estimate","2022","2022","N05000011","Newry and Armagh","12","Age 55-59","1","Females","Number","3628"
"MYE","Mid-year population estimate","2022","2022","N05000011","Newry and Armagh","12","Age 55-59","2","Males","Number","3629"
"MYE","Mid-year population estimate","2022","2022","N05000011","Newry and Armagh","12","Age 55-59","All","All persons","Number","7257"
"MYE","Mid-year population estimate","2022","2022","N05000011","Newry and Armagh","13","Age 60-64","1","Females","Number","3272"
"MYE","Mid-year population estimate","2022","2022","N05000011","Newry and Armagh","13","Age 60-64","2","Males","Number","3145"
"MYE","Mid-year population estimate","2022","2022","N05000011","Newry and Armagh","13","Age 60-64","All","All persons","Number","6417"
"MYE","Mid-year population estimate","2022","2022","N05000011","Newry and Armagh","14","Age 65-69","1","Females","Number","2767"
"MYE","Mid-year population estimate","2022","2022","N05000011","Newry and Armagh","14","Age 65-69","2","Males","Number","2750"
"MYE","Mid-year population estimate","2022","2022","N05000011","Newry and Armagh","14","Age 65-69","All","All persons","Number","5517"
"MYE","Mid-year population estimate","2022","2022","N05000011","Newry and Armagh","15","Age 70-74","1","Females","Number","2358"
"MYE","Mid-year population estimate","2022","2022","N05000011","Newry and Armagh","15","Age 70-74","2","Males","Number","2195"
"MYE","Mid-year population estimate","2022","2022","N05000011","Newry and Armagh","15","Age 70-74","All","All persons","Number","4553"
"MYE","Mid-year population estimate","2022","2022","N05000011","Newry and Armagh","16","Age 75-79","1","Females","Number","1984"
"MYE","Mid-year population estimate","2022","2022","N05000011","Newry and Armagh","16","Age 75-79","2","Males","Number","1742"
"MYE","Mid-year population estimate","2022","2022","N05000011","Newry and Armagh","16","Age 75-79","All","All persons","Number","3726"
"MYE","Mid-year population estimate","2022","2022","N05000011","Newry and Armagh","17","Age 80-84","1","Females","Number","1295"
"MYE","Mid-year population estimate","2022","2022","N05000011","Newry and Armagh","17","Age 80-84","2","Males","Number","1030"
"MYE","Mid-year population estimate","2022","2022","N05000011","Newry and Armagh","17","Age 80-84","All","All persons","Number","2325"
"MYE","Mid-year population estimate","2022","2022","N05000011","Newry and Armagh","18","Age 85-89","1","Females","Number","823"
"MYE","Mid-year population estimate","2022","2022","N05000011","Newry and Armagh","18","Age 85-89","2","Males","Number","556"
"MYE","Mid-year population estimate","2022","2022","N05000011","Newry and Armagh","18","Age 85-89","All","All persons","Number","1379"
"MYE","Mid-year population estimate","2022","2022","N05000011","Newry and Armagh","19","Age 90+","1","Females","Number","513"
"MYE","Mid-year population estimate","2022","2022","N05000011","Newry and Armagh","19","Age 90+","2","Males","Number","206"
"MYE","Mid-year population estimate","2022","2022","N05000011","Newry and Armagh","19","Age 90+","All","All persons","Number","719"
"MYE","Mid-year population estimate","2022","2022","N05000011","Newry and Armagh","All","All","1","Females","Number","56737"
"MYE","Mid-year population estimate","2022","2022","N05000011","Newry and Armagh","All","All","2","Males","Number","55424"
"MYE","Mid-year population estimate","2022","2022","N05000011","Newry and Armagh","All","All","All","All persons","Number","112161"
"MYE","Mid-year population estimate","2022","2022","N05000012","North Antrim","1","Age 0-4","1","Females","Number","2886"
"MYE","Mid-year population estimate","2022","2022","N05000012","North Antrim","1","Age 0-4","2","Males","Number","3049"
"MYE","Mid-year population estimate","2022","2022","N05000012","North Antrim","1","Age 0-4","All","All persons","Number","5935"
"MYE","Mid-year population estimate","2022","2022","N05000012","North Antrim","2","Age 5-9","1","Females","Number","3236"
"MYE","Mid-year population estimate","2022","2022","N05000012","North Antrim","2","Age 5-9","2","Males","Number","3324"
"MYE","Mid-year population estimate","2022","2022","N05000012","North Antrim","2","Age 5-9","All","All persons","Number","6560"
"MYE","Mid-year population estimate","2022","2022","N05000012","North Antrim","3","Age 10-14","1","Females","Number","3279"
"MYE","Mid-year population estimate","2022","2022","N05000012","North Antrim","3","Age 10-14","2","Males","Number","3432"
"MYE","Mid-year population estimate","2022","2022","N05000012","North Antrim","3","Age 10-14","All","All persons","Number","6711"
"MYE","Mid-year population estimate","2022","2022","N05000012","North Antrim","4","Age 15-19","1","Females","Number","2970"
"MYE","Mid-year population estimate","2022","2022","N05000012","North Antrim","4","Age 15-19","2","Males","Number","3167"
"MYE","Mid-year population estimate","2022","2022","N05000012","North Antrim","4","Age 15-19","All","All persons","Number","6137"
"MYE","Mid-year population estimate","2022","2022","N05000012","North Antrim","5","Age 20-24","1","Females","Number","2397"
"MYE","Mid-year population estimate","2022","2022","N05000012","North Antrim","5","Age 20-24","2","Males","Number","2615"
"MYE","Mid-year population estimate","2022","2022","N05000012","North Antrim","5","Age 20-24","All","All persons","Number","5012"
"MYE","Mid-year population estimate","2022","2022","N05000012","North Antrim","6","Age 25-29","1","Females","Number","2845"
"MYE","Mid-year population estimate","2022","2022","N05000012","North Antrim","6","Age 25-29","2","Males","Number","2878"
"MYE","Mid-year population estimate","2022","2022","N05000012","North Antrim","6","Age 25-29","All","All persons","Number","5723"
"MYE","Mid-year population estimate","2022","2022","N05000012","North Antrim","7","Age 30-34","1","Females","Number","3182"
"MYE","Mid-year population estimate","2022","2022","N05000012","North Antrim","7","Age 30-34","2","Males","Number","3060"
"MYE","Mid-year population estimate","2022","2022","N05000012","North Antrim","7","Age 30-34","All","All persons","Number","6242"
"MYE","Mid-year population estimate","2022","2022","N05000012","North Antrim","8","Age 35-39","1","Females","Number","3417"
"MYE","Mid-year population estimate","2022","2022","N05000012","North Antrim","8","Age 35-39","2","Males","Number","3227"
"MYE","Mid-year population estimate","2022","2022","N05000012","North Antrim","8","Age 35-39","All","All persons","Number","6644"
"MYE","Mid-year population estimate","2022","2022","N05000012","North Antrim","9","Age 40-44","1","Females","Number","3414"
"MYE","Mid-year population estimate","2022","2022","N05000012","North Antrim","9","Age 40-44","2","Males","Number","3182"
"MYE","Mid-year population estimate","2022","2022","N05000012","North Antrim","9","Age 40-44","All","All persons","Number","6596"
"MYE","Mid-year population estimate","2022","2022","N05000012","North Antrim","10","Age 45-49","1","Females","Number","3311"
"MYE","Mid-year population estimate","2022","2022","N05000012","North Antrim","10","Age 45-49","2","Males","Number","3230"
"MYE","Mid-year population estimate","2022","2022","N05000012","North Antrim","10","Age 45-49","All","All persons","Number","6541"
"MYE","Mid-year population estimate","2022","2022","N05000012","North Antrim","11","Age 50-54","1","Females","Number","3868"
"MYE","Mid-year population estimate","2022","2022","N05000012","North Antrim","11","Age 50-54","2","Males","Number","3723"
"MYE","Mid-year population estimate","2022","2022","N05000012","North Antrim","11","Age 50-54","All","All persons","Number","7591"
"MYE","Mid-year population estimate","2022","2022","N05000012","North Antrim","12","Age 55-59","1","Females","Number","3765"
"MYE","Mid-year population estimate","2022","2022","N05000012","North Antrim","12","Age 55-59","2","Males","Number","3565"
"MYE","Mid-year population estimate","2022","2022","N05000012","North Antrim","12","Age 55-59","All","All persons","Number","7330"
"MYE","Mid-year population estimate","2022","2022","N05000012","North Antrim","13","Age 60-64","1","Females","Number","3269"
"MYE","Mid-year population estimate","2022","2022","N05000012","North Antrim","13","Age 60-64","2","Males","Number","3223"
"MYE","Mid-year population estimate","2022","2022","N05000012","North Antrim","13","Age 60-64","All","All persons","Number","6492"
"MYE","Mid-year population estimate","2022","2022","N05000012","North Antrim","14","Age 65-69","1","Females","Number","2865"
"MYE","Mid-year population estimate","2022","2022","N05000012","North Antrim","14","Age 65-69","2","Males","Number","2793"
"MYE","Mid-year population estimate","2022","2022","N05000012","North Antrim","14","Age 65-69","All","All persons","Number","5658"
"MYE","Mid-year population estimate","2022","2022","N05000012","North Antrim","15","Age 70-74","1","Females","Number","2511"
"MYE","Mid-year population estimate","2022","2022","N05000012","North Antrim","15","Age 70-74","2","Males","Number","2372"
"MYE","Mid-year population estimate","2022","2022","N05000012","North Antrim","15","Age 70-74","All","All persons","Number","4883"
"MYE","Mid-year population estimate","2022","2022","N05000012","North Antrim","16","Age 75-79","1","Females","Number","2341"
"MYE","Mid-year population estimate","2022","2022","N05000012","North Antrim","16","Age 75-79","2","Males","Number","1991"
"MYE","Mid-year population estimate","2022","2022","N05000012","North Antrim","16","Age 75-79","All","All persons","Number","4332"
"MYE","Mid-year population estimate","2022","2022","N05000012","North Antrim","17","Age 80-84","1","Females","Number","1636"
"MYE","Mid-year population estimate","2022","2022","N05000012","North Antrim","17","Age 80-84","2","Males","Number","1238"
"MYE","Mid-year population estimate","2022","2022","N05000012","North Antrim","17","Age 80-84","All","All persons","Number","2874"
"MYE","Mid-year population estimate","2022","2022","N05000012","North Antrim","18","Age 85-89","1","Females","Number","1009"
"MYE","Mid-year population estimate","2022","2022","N05000012","North Antrim","18","Age 85-89","2","Males","Number","632"
"MYE","Mid-year population estimate","2022","2022","N05000012","North Antrim","18","Age 85-89","All","All persons","Number","1641"
"MYE","Mid-year population estimate","2022","2022","N05000012","North Antrim","19","Age 90+","1","Females","Number","589"
"MYE","Mid-year population estimate","2022","2022","N05000012","North Antrim","19","Age 90+","2","Males","Number","250"
"MYE","Mid-year population estimate","2022","2022","N05000012","North Antrim","19","Age 90+","All","All persons","Number","839"
"MYE","Mid-year population estimate","2022","2022","N05000012","North Antrim","All","All","1","Females","Number","52790"
"MYE","Mid-year population estimate","2022","2022","N05000012","North Antrim","All","All","2","Males","Number","50951"
"MYE","Mid-year population estimate","2022","2022","N05000012","North Antrim","All","All","All","All persons","Number","103741"
"MYE","Mid-year population estimate","2022","2022","N05000013","North Down","1","Age 0-4","1","Females","Number","2200"
"MYE","Mid-year population estimate","2022","2022","N05000013","North Down","1","Age 0-4","2","Males","Number","2414"
"MYE","Mid-year population estimate","2022","2022","N05000013","North Down","1","Age 0-4","All","All persons","Number","4614"
"MYE","Mid-year population estimate","2022","2022","N05000013","North Down","2","Age 5-9","1","Females","Number","2743"
"MYE","Mid-year population estimate","2022","2022","N05000013","North Down","2","Age 5-9","2","Males","Number","2886"
"MYE","Mid-year population estimate","2022","2022","N05000013","North Down","2","Age 5-9","All","All persons","Number","5629"
"MYE","Mid-year population estimate","2022","2022","N05000013","North Down","3","Age 10-14","1","Females","Number","3040"
"MYE","Mid-year population estimate","2022","2022","N05000013","North Down","3","Age 10-14","2","Males","Number","3152"
"MYE","Mid-year population estimate","2022","2022","N05000013","North Down","3","Age 10-14","All","All persons","Number","6192"
"MYE","Mid-year population estimate","2022","2022","N05000013","North Down","4","Age 15-19","1","Females","Number","2583"
"MYE","Mid-year population estimate","2022","2022","N05000013","North Down","4","Age 15-19","2","Males","Number","2769"
"MYE","Mid-year population estimate","2022","2022","N05000013","North Down","4","Age 15-19","All","All persons","Number","5352"
"MYE","Mid-year population estimate","2022","2022","N05000013","North Down","5","Age 20-24","1","Females","Number","1760"
"MYE","Mid-year population estimate","2022","2022","N05000013","North Down","5","Age 20-24","2","Males","Number","2118"
"MYE","Mid-year population estimate","2022","2022","N05000013","North Down","5","Age 20-24","All","All persons","Number","3878"
"MYE","Mid-year population estimate","2022","2022","N05000013","North Down","6","Age 25-29","1","Females","Number","2391"
"MYE","Mid-year population estimate","2022","2022","N05000013","North Down","6","Age 25-29","2","Males","Number","2476"
"MYE","Mid-year population estimate","2022","2022","N05000013","North Down","6","Age 25-29","All","All persons","Number","4867"
"MYE","Mid-year population estimate","2022","2022","N05000013","North Down","7","Age 30-34","1","Females","Number","2906"
"MYE","Mid-year population estimate","2022","2022","N05000013","North Down","7","Age 30-34","2","Males","Number","2682"
"MYE","Mid-year population estimate","2022","2022","N05000013","North Down","7","Age 30-34","All","All persons","Number","5588"
"MYE","Mid-year population estimate","2022","2022","N05000013","North Down","8","Age 35-39","1","Females","Number","3201"
"MYE","Mid-year population estimate","2022","2022","N05000013","North Down","8","Age 35-39","2","Males","Number","2877"
"MYE","Mid-year population estimate","2022","2022","N05000013","North Down","8","Age 35-39","All","All persons","Number","6078"
"MYE","Mid-year population estimate","2022","2022","N05000013","North Down","9","Age 40-44","1","Females","Number","3322"
"MYE","Mid-year population estimate","2022","2022","N05000013","North Down","9","Age 40-44","2","Males","Number","3021"
"MYE","Mid-year population estimate","2022","2022","N05000013","North Down","9","Age 40-44","All","All persons","Number","6343"
"MYE","Mid-year population estimate","2022","2022","N05000013","North Down","10","Age 45-49","1","Females","Number","3284"
"MYE","Mid-year population estimate","2022","2022","N05000013","North Down","10","Age 45-49","2","Males","Number","2926"
"MYE","Mid-year population estimate","2022","2022","N05000013","North Down","10","Age 45-49","All","All persons","Number","6210"
"MYE","Mid-year population estimate","2022","2022","N05000013","North Down","11","Age 50-54","1","Females","Number","3530"
"MYE","Mid-year population estimate","2022","2022","N05000013","North Down","11","Age 50-54","2","Males","Number","3324"
"MYE","Mid-year population estimate","2022","2022","N05000013","North Down","11","Age 50-54","All","All persons","Number","6854"
"MYE","Mid-year population estimate","2022","2022","N05000013","North Down","12","Age 55-59","1","Females","Number","3619"
"MYE","Mid-year population estimate","2022","2022","N05000013","North Down","12","Age 55-59","2","Males","Number","3306"
"MYE","Mid-year population estimate","2022","2022","N05000013","North Down","12","Age 55-59","All","All persons","Number","6925"
"MYE","Mid-year population estimate","2022","2022","N05000013","North Down","13","Age 60-64","1","Females","Number","3480"
"MYE","Mid-year population estimate","2022","2022","N05000013","North Down","13","Age 60-64","2","Males","Number","3111"
"MYE","Mid-year population estimate","2022","2022","N05000013","North Down","13","Age 60-64","All","All persons","Number","6591"
"MYE","Mid-year population estimate","2022","2022","N05000013","North Down","14","Age 65-69","1","Females","Number","3026"
"MYE","Mid-year population estimate","2022","2022","N05000013","North Down","14","Age 65-69","2","Males","Number","2827"
"MYE","Mid-year population estimate","2022","2022","N05000013","North Down","14","Age 65-69","All","All persons","Number","5853"
"MYE","Mid-year population estimate","2022","2022","N05000013","North Down","15","Age 70-74","1","Females","Number","3036"
"MYE","Mid-year population estimate","2022","2022","N05000013","North Down","15","Age 70-74","2","Males","Number","2717"
"MYE","Mid-year population estimate","2022","2022","N05000013","North Down","15","Age 70-74","All","All persons","Number","5753"
"MYE","Mid-year population estimate","2022","2022","N05000013","North Down","16","Age 75-79","1","Females","Number","2826"
"MYE","Mid-year population estimate","2022","2022","N05000013","North Down","16","Age 75-79","2","Males","Number","2460"
"MYE","Mid-year population estimate","2022","2022","N05000013","North Down","16","Age 75-79","All","All persons","Number","5286"
"MYE","Mid-year population estimate","2022","2022","N05000013","North Down","17","Age 80-84","1","Females","Number","1727"
"MYE","Mid-year population estimate","2022","2022","N05000013","North Down","17","Age 80-84","2","Males","Number","1395"
"MYE","Mid-year population estimate","2022","2022","N05000013","North Down","17","Age 80-84","All","All persons","Number","3122"
"MYE","Mid-year population estimate","2022","2022","N05000013","North Down","18","Age 85-89","1","Females","Number","1049"
"MYE","Mid-year population estimate","2022","2022","N05000013","North Down","18","Age 85-89","2","Males","Number","780"
"MYE","Mid-year population estimate","2022","2022","N05000013","North Down","18","Age 85-89","All","All persons","Number","1829"
"MYE","Mid-year population estimate","2022","2022","N05000013","North Down","19","Age 90+","1","Females","Number","776"
"MYE","Mid-year population estimate","2022","2022","N05000013","North Down","19","Age 90+","2","Males","Number","326"
"MYE","Mid-year population estimate","2022","2022","N05000013","North Down","19","Age 90+","All","All persons","Number","1102"
"MYE","Mid-year population estimate","2022","2022","N05000013","North Down","All","All","1","Females","Number","50499"
"MYE","Mid-year population estimate","2022","2022","N05000013","North Down","All","All","2","Males","Number","47567"
"MYE","Mid-year population estimate","2022","2022","N05000013","North Down","All","All","All","All persons","Number","98066"
"MYE","Mid-year population estimate","2022","2022","N05000014","South Antrim","1","Age 0-4","1","Females","Number","2968"
"MYE","Mid-year population estimate","2022","2022","N05000014","South Antrim","1","Age 0-4","2","Males","Number","3157"
"MYE","Mid-year population estimate","2022","2022","N05000014","South Antrim","1","Age 0-4","All","All persons","Number","6125"
"MYE","Mid-year population estimate","2022","2022","N05000014","South Antrim","2","Age 5-9","1","Females","Number","3405"
"MYE","Mid-year population estimate","2022","2022","N05000014","South Antrim","2","Age 5-9","2","Males","Number","3498"
"MYE","Mid-year population estimate","2022","2022","N05000014","South Antrim","2","Age 5-9","All","All persons","Number","6903"
"MYE","Mid-year population estimate","2022","2022","N05000014","South Antrim","3","Age 10-14","1","Females","Number","3720"
"MYE","Mid-year population estimate","2022","2022","N05000014","South Antrim","3","Age 10-14","2","Males","Number","3811"
"MYE","Mid-year population estimate","2022","2022","N05000014","South Antrim","3","Age 10-14","All","All persons","Number","7531"
"MYE","Mid-year population estimate","2022","2022","N05000014","South Antrim","4","Age 15-19","1","Females","Number","3128"
"MYE","Mid-year population estimate","2022","2022","N05000014","South Antrim","4","Age 15-19","2","Males","Number","3369"
"MYE","Mid-year population estimate","2022","2022","N05000014","South Antrim","4","Age 15-19","All","All persons","Number","6497"
"MYE","Mid-year population estimate","2022","2022","N05000014","South Antrim","5","Age 20-24","1","Females","Number","2515"
"MYE","Mid-year population estimate","2022","2022","N05000014","South Antrim","5","Age 20-24","2","Males","Number","2852"
"MYE","Mid-year population estimate","2022","2022","N05000014","South Antrim","5","Age 20-24","All","All persons","Number","5367"
"MYE","Mid-year population estimate","2022","2022","N05000014","South Antrim","6","Age 25-29","1","Females","Number","3143"
"MYE","Mid-year population estimate","2022","2022","N05000014","South Antrim","6","Age 25-29","2","Males","Number","3243"
"MYE","Mid-year population estimate","2022","2022","N05000014","South Antrim","6","Age 25-29","All","All persons","Number","6386"
"MYE","Mid-year population estimate","2022","2022","N05000014","South Antrim","7","Age 30-34","1","Females","Number","3603"
"MYE","Mid-year population estimate","2022","2022","N05000014","South Antrim","7","Age 30-34","2","Males","Number","3308"
"MYE","Mid-year population estimate","2022","2022","N05000014","South Antrim","7","Age 30-34","All","All persons","Number","6911"
"MYE","Mid-year population estimate","2022","2022","N05000014","South Antrim","8","Age 35-39","1","Females","Number","3732"
"MYE","Mid-year population estimate","2022","2022","N05000014","South Antrim","8","Age 35-39","2","Males","Number","3480"
"MYE","Mid-year population estimate","2022","2022","N05000014","South Antrim","8","Age 35-39","All","All persons","Number","7212"
"MYE","Mid-year population estimate","2022","2022","N05000014","South Antrim","9","Age 40-44","1","Females","Number","3835"
"MYE","Mid-year population estimate","2022","2022","N05000014","South Antrim","9","Age 40-44","2","Males","Number","3565"
"MYE","Mid-year population estimate","2022","2022","N05000014","South Antrim","9","Age 40-44","All","All persons","Number","7400"
"MYE","Mid-year population estimate","2022","2022","N05000014","South Antrim","10","Age 45-49","1","Females","Number","3654"
"MYE","Mid-year population estimate","2022","2022","N05000014","South Antrim","10","Age 45-49","2","Males","Number","3542"
"MYE","Mid-year population estimate","2022","2022","N05000014","South Antrim","10","Age 45-49","All","All persons","Number","7196"
"MYE","Mid-year population estimate","2022","2022","N05000014","South Antrim","11","Age 50-54","1","Females","Number","3900"
"MYE","Mid-year population estimate","2022","2022","N05000014","South Antrim","11","Age 50-54","2","Males","Number","3755"
"MYE","Mid-year population estimate","2022","2022","N05000014","South Antrim","11","Age 50-54","All","All persons","Number","7655"
"MYE","Mid-year population estimate","2022","2022","N05000014","South Antrim","12","Age 55-59","1","Females","Number","3679"
"MYE","Mid-year population estimate","2022","2022","N05000014","South Antrim","12","Age 55-59","2","Males","Number","3704"
"MYE","Mid-year population estimate","2022","2022","N05000014","South Antrim","12","Age 55-59","All","All persons","Number","7383"
"MYE","Mid-year population estimate","2022","2022","N05000014","South Antrim","13","Age 60-64","1","Females","Number","3140"
"MYE","Mid-year population estimate","2022","2022","N05000014","South Antrim","13","Age 60-64","2","Males","Number","3017"
"MYE","Mid-year population estimate","2022","2022","N05000014","South Antrim","13","Age 60-64","All","All persons","Number","6157"
"MYE","Mid-year population estimate","2022","2022","N05000014","South Antrim","14","Age 65-69","1","Females","Number","2559"
"MYE","Mid-year population estimate","2022","2022","N05000014","South Antrim","14","Age 65-69","2","Males","Number","2500"
"MYE","Mid-year population estimate","2022","2022","N05000014","South Antrim","14","Age 65-69","All","All persons","Number","5059"
"MYE","Mid-year population estimate","2022","2022","N05000014","South Antrim","15","Age 70-74","1","Females","Number","2418"
"MYE","Mid-year population estimate","2022","2022","N05000014","South Antrim","15","Age 70-74","2","Males","Number","2261"
"MYE","Mid-year population estimate","2022","2022","N05000014","South Antrim","15","Age 70-74","All","All persons","Number","4679"
"MYE","Mid-year population estimate","2022","2022","N05000014","South Antrim","16","Age 75-79","1","Females","Number","2094"
"MYE","Mid-year population estimate","2022","2022","N05000014","South Antrim","16","Age 75-79","2","Males","Number","1833"
"MYE","Mid-year population estimate","2022","2022","N05000014","South Antrim","16","Age 75-79","All","All persons","Number","3927"
"MYE","Mid-year population estimate","2022","2022","N05000014","South Antrim","17","Age 80-84","1","Females","Number","1433"
"MYE","Mid-year population estimate","2022","2022","N05000014","South Antrim","17","Age 80-84","2","Males","Number","1117"
"MYE","Mid-year population estimate","2022","2022","N05000014","South Antrim","17","Age 80-84","All","All persons","Number","2550"
"MYE","Mid-year population estimate","2022","2022","N05000014","South Antrim","18","Age 85-89","1","Females","Number","774"
"MYE","Mid-year population estimate","2022","2022","N05000014","South Antrim","18","Age 85-89","2","Males","Number","617"
"MYE","Mid-year population estimate","2022","2022","N05000014","South Antrim","18","Age 85-89","All","All persons","Number","1391"
"MYE","Mid-year population estimate","2022","2022","N05000014","South Antrim","19","Age 90+","1","Females","Number","442"
"MYE","Mid-year population estimate","2022","2022","N05000014","South Antrim","19","Age 90+","2","Males","Number","201"
"MYE","Mid-year population estimate","2022","2022","N05000014","South Antrim","19","Age 90+","All","All persons","Number","643"
"MYE","Mid-year population estimate","2022","2022","N05000014","South Antrim","All","All","1","Females","Number","54142"
"MYE","Mid-year population estimate","2022","2022","N05000014","South Antrim","All","All","2","Males","Number","52830"
"MYE","Mid-year population estimate","2022","2022","N05000014","South Antrim","All","All","All","All persons","Number","106972"
"MYE","Mid-year population estimate","2022","2022","N05000015","South Down","1","Age 0-4","1","Females","Number","3249"
"MYE","Mid-year population estimate","2022","2022","N05000015","South Down","1","Age 0-4","2","Males","Number","3407"
"MYE","Mid-year population estimate","2022","2022","N05000015","South Down","1","Age 0-4","All","All persons","Number","6656"
"MYE","Mid-year population estimate","2022","2022","N05000015","South Down","2","Age 5-9","1","Females","Number","3659"
"MYE","Mid-year population estimate","2022","2022","N05000015","South Down","2","Age 5-9","2","Males","Number","3919"
"MYE","Mid-year population estimate","2022","2022","N05000015","South Down","2","Age 5-9","All","All persons","Number","7578"
"MYE","Mid-year population estimate","2022","2022","N05000015","South Down","3","Age 10-14","1","Females","Number","3910"
"MYE","Mid-year population estimate","2022","2022","N05000015","South Down","3","Age 10-14","2","Males","Number","4026"
"MYE","Mid-year population estimate","2022","2022","N05000015","South Down","3","Age 10-14","All","All persons","Number","7936"
"MYE","Mid-year population estimate","2022","2022","N05000015","South Down","4","Age 15-19","1","Females","Number","3285"
"MYE","Mid-year population estimate","2022","2022","N05000015","South Down","4","Age 15-19","2","Males","Number","3443"
"MYE","Mid-year population estimate","2022","2022","N05000015","South Down","4","Age 15-19","All","All persons","Number","6728"
"MYE","Mid-year population estimate","2022","2022","N05000015","South Down","5","Age 20-24","1","Females","Number","2446"
"MYE","Mid-year population estimate","2022","2022","N05000015","South Down","5","Age 20-24","2","Males","Number","2793"
"MYE","Mid-year population estimate","2022","2022","N05000015","South Down","5","Age 20-24","All","All persons","Number","5239"
"MYE","Mid-year population estimate","2022","2022","N05000015","South Down","6","Age 25-29","1","Females","Number","2845"
"MYE","Mid-year population estimate","2022","2022","N05000015","South Down","6","Age 25-29","2","Males","Number","2776"
"MYE","Mid-year population estimate","2022","2022","N05000015","South Down","6","Age 25-29","All","All persons","Number","5621"
"MYE","Mid-year population estimate","2022","2022","N05000015","South Down","7","Age 30-34","1","Females","Number","3252"
"MYE","Mid-year population estimate","2022","2022","N05000015","South Down","7","Age 30-34","2","Males","Number","2946"
"MYE","Mid-year population estimate","2022","2022","N05000015","South Down","7","Age 30-34","All","All persons","Number","6198"
"MYE","Mid-year population estimate","2022","2022","N05000015","South Down","8","Age 35-39","1","Females","Number","3542"
"MYE","Mid-year population estimate","2022","2022","N05000015","South Down","8","Age 35-39","2","Males","Number","3316"
"MYE","Mid-year population estimate","2022","2022","N05000015","South Down","8","Age 35-39","All","All persons","Number","6858"
"MYE","Mid-year population estimate","2022","2022","N05000015","South Down","9","Age 40-44","1","Females","Number","3636"
"MYE","Mid-year population estimate","2022","2022","N05000015","South Down","9","Age 40-44","2","Males","Number","3436"
"MYE","Mid-year population estimate","2022","2022","N05000015","South Down","9","Age 40-44","All","All persons","Number","7072"
"MYE","Mid-year population estimate","2022","2022","N05000015","South Down","10","Age 45-49","1","Females","Number","3304"
"MYE","Mid-year population estimate","2022","2022","N05000015","South Down","10","Age 45-49","2","Males","Number","3272"
"MYE","Mid-year population estimate","2022","2022","N05000015","South Down","10","Age 45-49","All","All persons","Number","6576"
"MYE","Mid-year population estimate","2022","2022","N05000015","South Down","11","Age 50-54","1","Females","Number","3756"
"MYE","Mid-year population estimate","2022","2022","N05000015","South Down","11","Age 50-54","2","Males","Number","3540"
"MYE","Mid-year population estimate","2022","2022","N05000015","South Down","11","Age 50-54","All","All persons","Number","7296"
"MYE","Mid-year population estimate","2022","2022","N05000015","South Down","12","Age 55-59","1","Females","Number","3578"
"MYE","Mid-year population estimate","2022","2022","N05000015","South Down","12","Age 55-59","2","Males","Number","3657"
"MYE","Mid-year population estimate","2022","2022","N05000015","South Down","12","Age 55-59","All","All persons","Number","7235"
"MYE","Mid-year population estimate","2022","2022","N05000015","South Down","13","Age 60-64","1","Females","Number","3331"
"MYE","Mid-year population estimate","2022","2022","N05000015","South Down","13","Age 60-64","2","Males","Number","3115"
"MYE","Mid-year population estimate","2022","2022","N05000015","South Down","13","Age 60-64","All","All persons","Number","6446"
"MYE","Mid-year population estimate","2022","2022","N05000015","South Down","14","Age 65-69","1","Females","Number","2719"
"MYE","Mid-year population estimate","2022","2022","N05000015","South Down","14","Age 65-69","2","Males","Number","2761"
"MYE","Mid-year population estimate","2022","2022","N05000015","South Down","14","Age 65-69","All","All persons","Number","5480"
"MYE","Mid-year population estimate","2022","2022","N05000015","South Down","15","Age 70-74","1","Females","Number","2426"
"MYE","Mid-year population estimate","2022","2022","N05000015","South Down","15","Age 70-74","2","Males","Number","2294"
"MYE","Mid-year population estimate","2022","2022","N05000015","South Down","15","Age 70-74","All","All persons","Number","4720"
"MYE","Mid-year population estimate","2022","2022","N05000015","South Down","16","Age 75-79","1","Females","Number","1914"
"MYE","Mid-year population estimate","2022","2022","N05000015","South Down","16","Age 75-79","2","Males","Number","1723"
"MYE","Mid-year population estimate","2022","2022","N05000015","South Down","16","Age 75-79","All","All persons","Number","3637"
"MYE","Mid-year population estimate","2022","2022","N05000015","South Down","17","Age 80-84","1","Females","Number","1283"
"MYE","Mid-year population estimate","2022","2022","N05000015","South Down","17","Age 80-84","2","Males","Number","1047"
"MYE","Mid-year population estimate","2022","2022","N05000015","South Down","17","Age 80-84","All","All persons","Number","2330"
"MYE","Mid-year population estimate","2022","2022","N05000015","South Down","18","Age 85-89","1","Females","Number","857"
"MYE","Mid-year population estimate","2022","2022","N05000015","South Down","18","Age 85-89","2","Males","Number","607"
"MYE","Mid-year population estimate","2022","2022","N05000015","South Down","18","Age 85-89","All","All persons","Number","1464"
"MYE","Mid-year population estimate","2022","2022","N05000015","South Down","19","Age 90+","1","Females","Number","524"
"MYE","Mid-year population estimate","2022","2022","N05000015","South Down","19","Age 90+","2","Males","Number","234"
"MYE","Mid-year population estimate","2022","2022","N05000015","South Down","19","Age 90+","All","All persons","Number","758"
"MYE","Mid-year population estimate","2022","2022","N05000015","South Down","All","All","1","Females","Number","53516"
"MYE","Mid-year population estimate","2022","2022","N05000015","South Down","All","All","2","Males","Number","52312"
"MYE","Mid-year population estimate","2022","2022","N05000015","South Down","All","All","All","All persons","Number","105828"
"MYE","Mid-year population estimate","2022","2022","N05000016","Strangford","1","Age 0-4","1","Females","Number","2459"
"MYE","Mid-year population estimate","2022","2022","N05000016","Strangford","1","Age 0-4","2","Males","Number","2658"
"MYE","Mid-year population estimate","2022","2022","N05000016","Strangford","1","Age 0-4","All","All persons","Number","5117"
"MYE","Mid-year population estimate","2022","2022","N05000016","Strangford","2","Age 5-9","1","Females","Number","2804"
"MYE","Mid-year population estimate","2022","2022","N05000016","Strangford","2","Age 5-9","2","Males","Number","2977"
"MYE","Mid-year population estimate","2022","2022","N05000016","Strangford","2","Age 5-9","All","All persons","Number","5781"
"MYE","Mid-year population estimate","2022","2022","N05000016","Strangford","3","Age 10-14","1","Females","Number","3082"
"MYE","Mid-year population estimate","2022","2022","N05000016","Strangford","3","Age 10-14","2","Males","Number","3177"
"MYE","Mid-year population estimate","2022","2022","N05000016","Strangford","3","Age 10-14","All","All persons","Number","6259"
"MYE","Mid-year population estimate","2022","2022","N05000016","Strangford","4","Age 15-19","1","Females","Number","2732"
"MYE","Mid-year population estimate","2022","2022","N05000016","Strangford","4","Age 15-19","2","Males","Number","2963"
"MYE","Mid-year population estimate","2022","2022","N05000016","Strangford","4","Age 15-19","All","All persons","Number","5695"
"MYE","Mid-year population estimate","2022","2022","N05000016","Strangford","5","Age 20-24","1","Females","Number","2093"
"MYE","Mid-year population estimate","2022","2022","N05000016","Strangford","5","Age 20-24","2","Males","Number","2371"
"MYE","Mid-year population estimate","2022","2022","N05000016","Strangford","5","Age 20-24","All","All persons","Number","4464"
"MYE","Mid-year population estimate","2022","2022","N05000016","Strangford","6","Age 25-29","1","Females","Number","2585"
"MYE","Mid-year population estimate","2022","2022","N05000016","Strangford","6","Age 25-29","2","Males","Number","2678"
"MYE","Mid-year population estimate","2022","2022","N05000016","Strangford","6","Age 25-29","All","All persons","Number","5263"
"MYE","Mid-year population estimate","2022","2022","N05000016","Strangford","7","Age 30-34","1","Females","Number","3046"
"MYE","Mid-year population estimate","2022","2022","N05000016","Strangford","7","Age 30-34","2","Males","Number","2679"
"MYE","Mid-year population estimate","2022","2022","N05000016","Strangford","7","Age 30-34","All","All persons","Number","5725"
"MYE","Mid-year population estimate","2022","2022","N05000016","Strangford","8","Age 35-39","1","Females","Number","3047"
"MYE","Mid-year population estimate","2022","2022","N05000016","Strangford","8","Age 35-39","2","Males","Number","2801"
"MYE","Mid-year population estimate","2022","2022","N05000016","Strangford","8","Age 35-39","All","All persons","Number","5848"
"MYE","Mid-year population estimate","2022","2022","N05000016","Strangford","9","Age 40-44","1","Females","Number","3179"
"MYE","Mid-year population estimate","2022","2022","N05000016","Strangford","9","Age 40-44","2","Males","Number","2827"
"MYE","Mid-year population estimate","2022","2022","N05000016","Strangford","9","Age 40-44","All","All persons","Number","6006"
"MYE","Mid-year population estimate","2022","2022","N05000016","Strangford","10","Age 45-49","1","Females","Number","3175"
"MYE","Mid-year population estimate","2022","2022","N05000016","Strangford","10","Age 45-49","2","Males","Number","3052"
"MYE","Mid-year population estimate","2022","2022","N05000016","Strangford","10","Age 45-49","All","All persons","Number","6227"
"MYE","Mid-year population estimate","2022","2022","N05000016","Strangford","11","Age 50-54","1","Females","Number","3680"
"MYE","Mid-year population estimate","2022","2022","N05000016","Strangford","11","Age 50-54","2","Males","Number","3480"
"MYE","Mid-year population estimate","2022","2022","N05000016","Strangford","11","Age 50-54","All","All persons","Number","7160"
"MYE","Mid-year population estimate","2022","2022","N05000016","Strangford","12","Age 55-59","1","Females","Number","3849"
"MYE","Mid-year population estimate","2022","2022","N05000016","Strangford","12","Age 55-59","2","Males","Number","3639"
"MYE","Mid-year population estimate","2022","2022","N05000016","Strangford","12","Age 55-59","All","All persons","Number","7488"
"MYE","Mid-year population estimate","2022","2022","N05000016","Strangford","13","Age 60-64","1","Females","Number","3529"
"MYE","Mid-year population estimate","2022","2022","N05000016","Strangford","13","Age 60-64","2","Males","Number","3315"
"MYE","Mid-year population estimate","2022","2022","N05000016","Strangford","13","Age 60-64","All","All persons","Number","6844"
"MYE","Mid-year population estimate","2022","2022","N05000016","Strangford","14","Age 65-69","1","Females","Number","2918"
"MYE","Mid-year population estimate","2022","2022","N05000016","Strangford","14","Age 65-69","2","Males","Number","2826"
"MYE","Mid-year population estimate","2022","2022","N05000016","Strangford","14","Age 65-69","All","All persons","Number","5744"
"MYE","Mid-year population estimate","2022","2022","N05000016","Strangford","15","Age 70-74","1","Females","Number","2736"
"MYE","Mid-year population estimate","2022","2022","N05000016","Strangford","15","Age 70-74","2","Males","Number","2620"
"MYE","Mid-year population estimate","2022","2022","N05000016","Strangford","15","Age 70-74","All","All persons","Number","5356"
"MYE","Mid-year population estimate","2022","2022","N05000016","Strangford","16","Age 75-79","1","Females","Number","2447"
"MYE","Mid-year population estimate","2022","2022","N05000016","Strangford","16","Age 75-79","2","Males","Number","2162"
"MYE","Mid-year population estimate","2022","2022","N05000016","Strangford","16","Age 75-79","All","All persons","Number","4609"
"MYE","Mid-year population estimate","2022","2022","N05000016","Strangford","17","Age 80-84","1","Females","Number","1505"
"MYE","Mid-year population estimate","2022","2022","N05000016","Strangford","17","Age 80-84","2","Males","Number","1242"
"MYE","Mid-year population estimate","2022","2022","N05000016","Strangford","17","Age 80-84","All","All persons","Number","2747"
"MYE","Mid-year population estimate","2022","2022","N05000016","Strangford","18","Age 85-89","1","Females","Number","906"
"MYE","Mid-year population estimate","2022","2022","N05000016","Strangford","18","Age 85-89","2","Males","Number","646"
"MYE","Mid-year population estimate","2022","2022","N05000016","Strangford","18","Age 85-89","All","All persons","Number","1552"
"MYE","Mid-year population estimate","2022","2022","N05000016","Strangford","19","Age 90+","1","Females","Number","568"
"MYE","Mid-year population estimate","2022","2022","N05000016","Strangford","19","Age 90+","2","Males","Number","242"
"MYE","Mid-year population estimate","2022","2022","N05000016","Strangford","19","Age 90+","All","All persons","Number","810"
"MYE","Mid-year population estimate","2022","2022","N05000016","Strangford","All","All","1","Females","Number","50340"
"MYE","Mid-year population estimate","2022","2022","N05000016","Strangford","All","All","2","Males","Number","48355"
"MYE","Mid-year population estimate","2022","2022","N05000016","Strangford","All","All","All","All persons","Number","98695"
"MYE","Mid-year population estimate","2022","2022","N05000017","Upper Bann","1","Age 0-4","1","Females","Number","3801"
"MYE","Mid-year population estimate","2022","2022","N05000017","Upper Bann","1","Age 0-4","2","Males","Number","4009"
"MYE","Mid-year population estimate","2022","2022","N05000017","Upper Bann","1","Age 0-4","All","All persons","Number","7810"
"MYE","Mid-year population estimate","2022","2022","N05000017","Upper Bann","2","Age 5-9","1","Females","Number","4127"
"MYE","Mid-year population estimate","2022","2022","N05000017","Upper Bann","2","Age 5-9","2","Males","Number","4394"
"MYE","Mid-year population estimate","2022","2022","N05000017","Upper Bann","2","Age 5-9","All","All persons","Number","8521"
"MYE","Mid-year population estimate","2022","2022","N05000017","Upper Bann","3","Age 10-14","1","Females","Number","4280"
"MYE","Mid-year population estimate","2022","2022","N05000017","Upper Bann","3","Age 10-14","2","Males","Number","4591"
"MYE","Mid-year population estimate","2022","2022","N05000017","Upper Bann","3","Age 10-14","All","All persons","Number","8871"
"MYE","Mid-year population estimate","2022","2022","N05000017","Upper Bann","4","Age 15-19","1","Females","Number","3654"
"MYE","Mid-year population estimate","2022","2022","N05000017","Upper Bann","4","Age 15-19","2","Males","Number","3822"
"MYE","Mid-year population estimate","2022","2022","N05000017","Upper Bann","4","Age 15-19","All","All persons","Number","7476"
"MYE","Mid-year population estimate","2022","2022","N05000017","Upper Bann","5","Age 20-24","1","Females","Number","2833"
"MYE","Mid-year population estimate","2022","2022","N05000017","Upper Bann","5","Age 20-24","2","Males","Number","3277"
"MYE","Mid-year population estimate","2022","2022","N05000017","Upper Bann","5","Age 20-24","All","All persons","Number","6110"
"MYE","Mid-year population estimate","2022","2022","N05000017","Upper Bann","6","Age 25-29","1","Females","Number","3935"
"MYE","Mid-year population estimate","2022","2022","N05000017","Upper Bann","6","Age 25-29","2","Males","Number","3753"
"MYE","Mid-year population estimate","2022","2022","N05000017","Upper Bann","6","Age 25-29","All","All persons","Number","7688"
"MYE","Mid-year population estimate","2022","2022","N05000017","Upper Bann","7","Age 30-34","1","Females","Number","4335"
"MYE","Mid-year population estimate","2022","2022","N05000017","Upper Bann","7","Age 30-34","2","Males","Number","4352"
"MYE","Mid-year population estimate","2022","2022","N05000017","Upper Bann","7","Age 30-34","All","All persons","Number","8687"
"MYE","Mid-year population estimate","2022","2022","N05000017","Upper Bann","8","Age 35-39","1","Females","Number","4547"
"MYE","Mid-year population estimate","2022","2022","N05000017","Upper Bann","8","Age 35-39","2","Males","Number","4285"
"MYE","Mid-year population estimate","2022","2022","N05000017","Upper Bann","8","Age 35-39","All","All persons","Number","8832"
"MYE","Mid-year population estimate","2022","2022","N05000017","Upper Bann","9","Age 40-44","1","Females","Number","4320"
"MYE","Mid-year population estimate","2022","2022","N05000017","Upper Bann","9","Age 40-44","2","Males","Number","4195"
"MYE","Mid-year population estimate","2022","2022","N05000017","Upper Bann","9","Age 40-44","All","All persons","Number","8515"
"MYE","Mid-year population estimate","2022","2022","N05000017","Upper Bann","10","Age 45-49","1","Females","Number","3918"
"MYE","Mid-year population estimate","2022","2022","N05000017","Upper Bann","10","Age 45-49","2","Males","Number","3830"
"MYE","Mid-year population estimate","2022","2022","N05000017","Upper Bann","10","Age 45-49","All","All persons","Number","7748"
"MYE","Mid-year population estimate","2022","2022","N05000017","Upper Bann","11","Age 50-54","1","Females","Number","4092"
"MYE","Mid-year population estimate","2022","2022","N05000017","Upper Bann","11","Age 50-54","2","Males","Number","4049"
"MYE","Mid-year population estimate","2022","2022","N05000017","Upper Bann","11","Age 50-54","All","All persons","Number","8141"
"MYE","Mid-year population estimate","2022","2022","N05000017","Upper Bann","12","Age 55-59","1","Females","Number","4006"
"MYE","Mid-year population estimate","2022","2022","N05000017","Upper Bann","12","Age 55-59","2","Males","Number","4072"
"MYE","Mid-year population estimate","2022","2022","N05000017","Upper Bann","12","Age 55-59","All","All persons","Number","8078"
"MYE","Mid-year population estimate","2022","2022","N05000017","Upper Bann","13","Age 60-64","1","Females","Number","3582"
"MYE","Mid-year population estimate","2022","2022","N05000017","Upper Bann","13","Age 60-64","2","Males","Number","3464"
"MYE","Mid-year population estimate","2022","2022","N05000017","Upper Bann","13","Age 60-64","All","All persons","Number","7046"
"MYE","Mid-year population estimate","2022","2022","N05000017","Upper Bann","14","Age 65-69","1","Females","Number","2815"
"MYE","Mid-year population estimate","2022","2022","N05000017","Upper Bann","14","Age 65-69","2","Males","Number","2706"
"MYE","Mid-year population estimate","2022","2022","N05000017","Upper Bann","14","Age 65-69","All","All persons","Number","5521"
"MYE","Mid-year population estimate","2022","2022","N05000017","Upper Bann","15","Age 70-74","1","Females","Number","2510"
"MYE","Mid-year population estimate","2022","2022","N05000017","Upper Bann","15","Age 70-74","2","Males","Number","2321"
"MYE","Mid-year population estimate","2022","2022","N05000017","Upper Bann","15","Age 70-74","All","All persons","Number","4831"
"MYE","Mid-year population estimate","2022","2022","N05000017","Upper Bann","16","Age 75-79","1","Females","Number","2309"
"MYE","Mid-year population estimate","2022","2022","N05000017","Upper Bann","16","Age 75-79","2","Males","Number","1895"
"MYE","Mid-year population estimate","2022","2022","N05000017","Upper Bann","16","Age 75-79","All","All persons","Number","4204"
"MYE","Mid-year population estimate","2022","2022","N05000017","Upper Bann","17","Age 80-84","1","Females","Number","1501"
"MYE","Mid-year population estimate","2022","2022","N05000017","Upper Bann","17","Age 80-84","2","Males","Number","1160"
"MYE","Mid-year population estimate","2022","2022","N05000017","Upper Bann","17","Age 80-84","All","All persons","Number","2661"
"MYE","Mid-year population estimate","2022","2022","N05000017","Upper Bann","18","Age 85-89","1","Females","Number","1001"
"MYE","Mid-year population estimate","2022","2022","N05000017","Upper Bann","18","Age 85-89","2","Males","Number","584"
"MYE","Mid-year population estimate","2022","2022","N05000017","Upper Bann","18","Age 85-89","All","All persons","Number","1585"
"MYE","Mid-year population estimate","2022","2022","N05000017","Upper Bann","19","Age 90+","1","Females","Number","561"
"MYE","Mid-year population estimate","2022","2022","N05000017","Upper Bann","19","Age 90+","2","Males","Number","242"
"MYE","Mid-year population estimate","2022","2022","N05000017","Upper Bann","19","Age 90+","All","All persons","Number","803"
"MYE","Mid-year population estimate","2022","2022","N05000017","Upper Bann","All","All","1","Females","Number","62127"
"MYE","Mid-year population estimate","2022","2022","N05000017","Upper Bann","All","All","2","Males","Number","61001"
"MYE","Mid-year population estimate","2022","2022","N05000017","Upper Bann","All","All","All","All persons","Number","123128"
"MYE","Mid-year population estimate","2022","2022","N05000018","West Tyrone","1","Age 0-4","1","Females","Number","3086"
"MYE","Mid-year population estimate","2022","2022","N05000018","West Tyrone","1","Age 0-4","2","Males","Number","3196"
"MYE","Mid-year population estimate","2022","2022","N05000018","West Tyrone","1","Age 0-4","All","All persons","Number","6282"
"MYE","Mid-year population estimate","2022","2022","N05000018","West Tyrone","2","Age 5-9","1","Females","Number","3346"
"MYE","Mid-year population estimate","2022","2022","N05000018","West Tyrone","2","Age 5-9","2","Males","Number","3270"
"MYE","Mid-year population estimate","2022","2022","N05000018","West Tyrone","2","Age 5-9","All","All persons","Number","6616"
"MYE","Mid-year population estimate","2022","2022","N05000018","West Tyrone","3","Age 10-14","1","Females","Number","3441"
"MYE","Mid-year population estimate","2022","2022","N05000018","West Tyrone","3","Age 10-14","2","Males","Number","3584"
"MYE","Mid-year population estimate","2022","2022","N05000018","West Tyrone","3","Age 10-14","All","All persons","Number","7025"
"MYE","Mid-year population estimate","2022","2022","N05000018","West Tyrone","4","Age 15-19","1","Females","Number","3012"
"MYE","Mid-year population estimate","2022","2022","N05000018","West Tyrone","4","Age 15-19","2","Males","Number","3328"
"MYE","Mid-year population estimate","2022","2022","N05000018","West Tyrone","4","Age 15-19","All","All persons","Number","6340"
"MYE","Mid-year population estimate","2022","2022","N05000018","West Tyrone","5","Age 20-24","1","Females","Number","2449"
"MYE","Mid-year population estimate","2022","2022","N05000018","West Tyrone","5","Age 20-24","2","Males","Number","2795"
"MYE","Mid-year population estimate","2022","2022","N05000018","West Tyrone","5","Age 20-24","All","All persons","Number","5244"
"MYE","Mid-year population estimate","2022","2022","N05000018","West Tyrone","6","Age 25-29","1","Females","Number","2748"
"MYE","Mid-year population estimate","2022","2022","N05000018","West Tyrone","6","Age 25-29","2","Males","Number","2897"
"MYE","Mid-year population estimate","2022","2022","N05000018","West Tyrone","6","Age 25-29","All","All persons","Number","5645"
"MYE","Mid-year population estimate","2022","2022","N05000018","West Tyrone","7","Age 30-34","1","Females","Number","2925"
"MYE","Mid-year population estimate","2022","2022","N05000018","West Tyrone","7","Age 30-34","2","Males","Number","2749"
"MYE","Mid-year population estimate","2022","2022","N05000018","West Tyrone","7","Age 30-34","All","All persons","Number","5674"
"MYE","Mid-year population estimate","2022","2022","N05000018","West Tyrone","8","Age 35-39","1","Females","Number","3326"
"MYE","Mid-year population estimate","2022","2022","N05000018","West Tyrone","8","Age 35-39","2","Males","Number","3101"
"MYE","Mid-year population estimate","2022","2022","N05000018","West Tyrone","8","Age 35-39","All","All persons","Number","6427"
"MYE","Mid-year population estimate","2022","2022","N05000018","West Tyrone","9","Age 40-44","1","Females","Number","3397"
"MYE","Mid-year population estimate","2022","2022","N05000018","West Tyrone","9","Age 40-44","2","Males","Number","3132"
"MYE","Mid-year population estimate","2022","2022","N05000018","West Tyrone","9","Age 40-44","All","All persons","Number","6529"
"MYE","Mid-year population estimate","2022","2022","N05000018","West Tyrone","10","Age 45-49","1","Females","Number","3236"
"MYE","Mid-year population estimate","2022","2022","N05000018","West Tyrone","10","Age 45-49","2","Males","Number","3123"
"MYE","Mid-year population estimate","2022","2022","N05000018","West Tyrone","10","Age 45-49","All","All persons","Number","6359"
"MYE","Mid-year population estimate","2022","2022","N05000018","West Tyrone","11","Age 50-54","1","Females","Number","3539"
"MYE","Mid-year population estimate","2022","2022","N05000018","West Tyrone","11","Age 50-54","2","Males","Number","3435"
"MYE","Mid-year population estimate","2022","2022","N05000018","West Tyrone","11","Age 50-54","All","All persons","Number","6974"
"MYE","Mid-year population estimate","2022","2022","N05000018","West Tyrone","12","Age 55-59","1","Females","Number","3454"
"MYE","Mid-year population estimate","2022","2022","N05000018","West Tyrone","12","Age 55-59","2","Males","Number","3410"
"MYE","Mid-year population estimate","2022","2022","N05000018","West Tyrone","12","Age 55-59","All","All persons","Number","6864"
"MYE","Mid-year population estimate","2022","2022","N05000018","West Tyrone","13","Age 60-64","1","Females","Number","2996"
"MYE","Mid-year population estimate","2022","2022","N05000018","West Tyrone","13","Age 60-64","2","Males","Number","3030"
"MYE","Mid-year population estimate","2022","2022","N05000018","West Tyrone","13","Age 60-64","All","All persons","Number","6026"
"MYE","Mid-year population estimate","2022","2022","N05000018","West Tyrone","14","Age 65-69","1","Females","Number","2628"
"MYE","Mid-year population estimate","2022","2022","N05000018","West Tyrone","14","Age 65-69","2","Males","Number","2712"
"MYE","Mid-year population estimate","2022","2022","N05000018","West Tyrone","14","Age 65-69","All","All persons","Number","5340"
"MYE","Mid-year population estimate","2022","2022","N05000018","West Tyrone","15","Age 70-74","1","Females","Number","2240"
"MYE","Mid-year population estimate","2022","2022","N05000018","West Tyrone","15","Age 70-74","2","Males","Number","2246"
"MYE","Mid-year population estimate","2022","2022","N05000018","West Tyrone","15","Age 70-74","All","All persons","Number","4486"
"MYE","Mid-year population estimate","2022","2022","N05000018","West Tyrone","16","Age 75-79","1","Females","Number","1860"
"MYE","Mid-year population estimate","2022","2022","N05000018","West Tyrone","16","Age 75-79","2","Males","Number","1648"
"MYE","Mid-year population estimate","2022","2022","N05000018","West Tyrone","16","Age 75-79","All","All persons","Number","3508"
"MYE","Mid-year population estimate","2022","2022","N05000018","West Tyrone","17","Age 80-84","1","Females","Number","1274"
"MYE","Mid-year population estimate","2022","2022","N05000018","West Tyrone","17","Age 80-84","2","Males","Number","1093"
"MYE","Mid-year population estimate","2022","2022","N05000018","West Tyrone","17","Age 80-84","All","All persons","Number","2367"
"MYE","Mid-year population estimate","2022","2022","N05000018","West Tyrone","18","Age 85-89","1","Females","Number","777"
"MYE","Mid-year population estimate","2022","2022","N05000018","West Tyrone","18","Age 85-89","2","Males","Number","505"
"MYE","Mid-year population estimate","2022","2022","N05000018","West Tyrone","18","Age 85-89","All","All persons","Number","1282"
"MYE","Mid-year population estimate","2022","2022","N05000018","West Tyrone","19","Age 90+","1","Females","Number","446"
"MYE","Mid-year population estimate","2022","2022","N05000018","West Tyrone","19","Age 90+","2","Males","Number","224"
"MYE","Mid-year population estimate","2022","2022","N05000018","West Tyrone","19","Age 90+","All","All persons","Number","670"
"MYE","Mid-year population estimate","2022","2022","N05000018","West Tyrone","All","All","1","Females","Number","50180"
"MYE","Mid-year population estimate","2022","2022","N05000018","West Tyrone","All","All","2","Males","Number","49478"
"MYE","Mid-year population estimate","2022","2022","N05000018","West Tyrone","All","All","All","All persons","Number","99658"
"MYE","Mid-year population estimate","2022","2022","N92000002","Northern Ireland","1","Age 0-4","1","Females","Number","54565"
"MYE","Mid-year population estimate","2022","2022","N92000002","Northern Ireland","1","Age 0-4","2","Males","Number","57367"
"MYE","Mid-year population estimate","2022","2022","N92000002","Northern Ireland","1","Age 0-4","All","All persons","Number","111932"
"MYE","Mid-year population estimate","2022","2022","N92000002","Northern Ireland","2","Age 5-9","1","Females","Number","60334"
"MYE","Mid-year population estimate","2022","2022","N92000002","Northern Ireland","2","Age 5-9","2","Males","Number","63324"
"MYE","Mid-year population estimate","2022","2022","N92000002","Northern Ireland","2","Age 5-9","All","All persons","Number","123658"
"MYE","Mid-year population estimate","2022","2022","N92000002","Northern Ireland","3","Age 10-14","1","Females","Number","63186"
"MYE","Mid-year population estimate","2022","2022","N92000002","Northern Ireland","3","Age 10-14","2","Males","Number","66103"
"MYE","Mid-year population estimate","2022","2022","N92000002","Northern Ireland","3","Age 10-14","All","All persons","Number","129289"
"MYE","Mid-year population estimate","2022","2022","N92000002","Northern Ireland","4","Age 15-19","1","Females","Number","56224"
"MYE","Mid-year population estimate","2022","2022","N92000002","Northern Ireland","4","Age 15-19","2","Males","Number","59940"
"MYE","Mid-year population estimate","2022","2022","N92000002","Northern Ireland","4","Age 15-19","All","All persons","Number","116164"
"MYE","Mid-year population estimate","2022","2022","N92000002","Northern Ireland","5","Age 20-24","1","Females","Number","50705"
"MYE","Mid-year population estimate","2022","2022","N92000002","Northern Ireland","5","Age 20-24","2","Males","Number","54699"
"MYE","Mid-year population estimate","2022","2022","N92000002","Northern Ireland","5","Age 20-24","All","All persons","Number","105404"
"MYE","Mid-year population estimate","2022","2022","N92000002","Northern Ireland","6","Age 25-29","1","Females","Number","57391"
"MYE","Mid-year population estimate","2022","2022","N92000002","Northern Ireland","6","Age 25-29","2","Males","Number","57839"
"MYE","Mid-year population estimate","2022","2022","N92000002","Northern Ireland","6","Age 25-29","All","All persons","Number","115230"
"MYE","Mid-year population estimate","2022","2022","N92000002","Northern Ireland","7","Age 30-34","1","Females","Number","64202"
"MYE","Mid-year population estimate","2022","2022","N92000002","Northern Ireland","7","Age 30-34","2","Males","Number","60587"
"MYE","Mid-year population estimate","2022","2022","N92000002","Northern Ireland","7","Age 30-34","All","All persons","Number","124789"
"MYE","Mid-year population estimate","2022","2022","N92000002","Northern Ireland","8","Age 35-39","1","Females","Number","66539"
"MYE","Mid-year population estimate","2022","2022","N92000002","Northern Ireland","8","Age 35-39","2","Males","Number","62287"
"MYE","Mid-year population estimate","2022","2022","N92000002","Northern Ireland","8","Age 35-39","All","All persons","Number","128826"
"MYE","Mid-year population estimate","2022","2022","N92000002","Northern Ireland","9","Age 40-44","1","Females","Number","64703"
"MYE","Mid-year population estimate","2022","2022","N92000002","Northern Ireland","9","Age 40-44","2","Males","Number","60428"
"MYE","Mid-year population estimate","2022","2022","N92000002","Northern Ireland","9","Age 40-44","All","All persons","Number","125131"
"MYE","Mid-year population estimate","2022","2022","N92000002","Northern Ireland","10","Age 45-49","1","Females","Number","60331"
"MYE","Mid-year population estimate","2022","2022","N92000002","Northern Ireland","10","Age 45-49","2","Males","Number","58097"
"MYE","Mid-year population estimate","2022","2022","N92000002","Northern Ireland","10","Age 45-49","All","All persons","Number","118428"
"MYE","Mid-year population estimate","2022","2022","N92000002","Northern Ireland","11","Age 50-54","1","Females","Number","65859"
"MYE","Mid-year population estimate","2022","2022","N92000002","Northern Ireland","11","Age 50-54","2","Males","Number","63344"
"MYE","Mid-year population estimate","2022","2022","N92000002","Northern Ireland","11","Age 50-54","All","All persons","Number","129203"
"MYE","Mid-year population estimate","2022","2022","N92000002","Northern Ireland","12","Age 55-59","1","Females","Number","66357"
"MYE","Mid-year population estimate","2022","2022","N92000002","Northern Ireland","12","Age 55-59","2","Males","Number","64027"
"MYE","Mid-year population estimate","2022","2022","N92000002","Northern Ireland","12","Age 55-59","All","All persons","Number","130384"
"MYE","Mid-year population estimate","2022","2022","N92000002","Northern Ireland","13","Age 60-64","1","Females","Number","59687"
"MYE","Mid-year population estimate","2022","2022","N92000002","Northern Ireland","13","Age 60-64","2","Males","Number","56969"
"MYE","Mid-year population estimate","2022","2022","N92000002","Northern Ireland","13","Age 60-64","All","All persons","Number","116656"
"MYE","Mid-year population estimate","2022","2022","N92000002","Northern Ireland","14","Age 65-69","1","Females","Number","48682"
"MYE","Mid-year population estimate","2022","2022","N92000002","Northern Ireland","14","Age 65-69","2","Males","Number","47829"
"MYE","Mid-year population estimate","2022","2022","N92000002","Northern Ireland","14","Age 65-69","All","All persons","Number","96511"
"MYE","Mid-year population estimate","2022","2022","N92000002","Northern Ireland","15","Age 70-74","1","Females","Number","42619"
"MYE","Mid-year population estimate","2022","2022","N92000002","Northern Ireland","15","Age 70-74","2","Males","Number","40134"
"MYE","Mid-year population estimate","2022","2022","N92000002","Northern Ireland","15","Age 70-74","All","All persons","Number","82753"
"MYE","Mid-year population estimate","2022","2022","N92000002","Northern Ireland","16","Age 75-79","1","Females","Number","37570"
"MYE","Mid-year population estimate","2022","2022","N92000002","Northern Ireland","16","Age 75-79","2","Males","Number","32470"
"MYE","Mid-year population estimate","2022","2022","N92000002","Northern Ireland","16","Age 75-79","All","All persons","Number","70040"
"MYE","Mid-year population estimate","2022","2022","N92000002","Northern Ireland","17","Age 80-84","1","Females","Number","25334"
"MYE","Mid-year population estimate","2022","2022","N92000002","Northern Ireland","17","Age 80-84","2","Males","Number","19728"
"MYE","Mid-year population estimate","2022","2022","N92000002","Northern Ireland","17","Age 80-84","All","All persons","Number","45062"
"MYE","Mid-year population estimate","2022","2022","N92000002","Northern Ireland","18","Age 85-89","1","Females","Number","16447"
"MYE","Mid-year population estimate","2022","2022","N92000002","Northern Ireland","18","Age 85-89","2","Males","Number","10531"
"MYE","Mid-year population estimate","2022","2022","N92000002","Northern Ireland","18","Age 85-89","All","All persons","Number","26978"
"MYE","Mid-year population estimate","2022","2022","N92000002","Northern Ireland","19","Age 90+","1","Females","Number","9861"
"MYE","Mid-year population estimate","2022","2022","N92000002","Northern Ireland","19","Age 90+","2","Males","Number","4244"
"MYE","Mid-year population estimate","2022","2022","N92000002","Northern Ireland","19","Age 90+","All","All persons","Number","14105"
"MYE","Mid-year population estimate","2022","2022","N92000002","Northern Ireland","All","All","1","Females","Number","970596"
"MYE","Mid-year population estimate","2022","2022","N92000002","Northern Ireland","All","All","2","Males","Number","939947"
"MYE","Mid-year population estimate","2022","2022","N92000002","Northern Ireland","All","All","All","All persons","Number","1910543"
"MYE","Mid-year population estimate","2023","2023","N05000001","Belfast East","1","Age 0-4","1","Females","Number","2789"
"MYE","Mid-year population estimate","2023","2023","N05000001","Belfast East","1","Age 0-4","2","Males","Number","2944"
"MYE","Mid-year population estimate","2023","2023","N05000001","Belfast East","1","Age 0-4","All","All persons","Number","5733"
"MYE","Mid-year population estimate","2023","2023","N05000001","Belfast East","2","Age 5-9","1","Females","Number","2985"
"MYE","Mid-year population estimate","2023","2023","N05000001","Belfast East","2","Age 5-9","2","Males","Number","3051"
"MYE","Mid-year population estimate","2023","2023","N05000001","Belfast East","2","Age 5-9","All","All persons","Number","6036"
"MYE","Mid-year population estimate","2023","2023","N05000001","Belfast East","3","Age 10-14","1","Females","Number","2919"
"MYE","Mid-year population estimate","2023","2023","N05000001","Belfast East","3","Age 10-14","2","Males","Number","3253"
"MYE","Mid-year population estimate","2023","2023","N05000001","Belfast East","3","Age 10-14","All","All persons","Number","6172"
"MYE","Mid-year population estimate","2023","2023","N05000001","Belfast East","4","Age 15-19","1","Females","Number","2689"
"MYE","Mid-year population estimate","2023","2023","N05000001","Belfast East","4","Age 15-19","2","Males","Number","2901"
"MYE","Mid-year population estimate","2023","2023","N05000001","Belfast East","4","Age 15-19","All","All persons","Number","5590"
"MYE","Mid-year population estimate","2023","2023","N05000001","Belfast East","5","Age 20-24","1","Females","Number","2123"
"MYE","Mid-year population estimate","2023","2023","N05000001","Belfast East","5","Age 20-24","2","Males","Number","2148"
"MYE","Mid-year population estimate","2023","2023","N05000001","Belfast East","5","Age 20-24","All","All persons","Number","4271"
"MYE","Mid-year population estimate","2023","2023","N05000001","Belfast East","6","Age 25-29","1","Females","Number","3680"
"MYE","Mid-year population estimate","2023","2023","N05000001","Belfast East","6","Age 25-29","2","Males","Number","3514"
"MYE","Mid-year population estimate","2023","2023","N05000001","Belfast East","6","Age 25-29","All","All persons","Number","7194"
"MYE","Mid-year population estimate","2023","2023","N05000001","Belfast East","7","Age 30-34","1","Females","Number","4532"
"MYE","Mid-year population estimate","2023","2023","N05000001","Belfast East","7","Age 30-34","2","Males","Number","4362"
"MYE","Mid-year population estimate","2023","2023","N05000001","Belfast East","7","Age 30-34","All","All persons","Number","8894"
"MYE","Mid-year population estimate","2023","2023","N05000001","Belfast East","8","Age 35-39","1","Females","Number","4245"
"MYE","Mid-year population estimate","2023","2023","N05000001","Belfast East","8","Age 35-39","2","Males","Number","4063"
"MYE","Mid-year population estimate","2023","2023","N05000001","Belfast East","8","Age 35-39","All","All persons","Number","8308"
"MYE","Mid-year population estimate","2023","2023","N05000001","Belfast East","9","Age 40-44","1","Females","Number","3748"
"MYE","Mid-year population estimate","2023","2023","N05000001","Belfast East","9","Age 40-44","2","Males","Number","3596"
"MYE","Mid-year population estimate","2023","2023","N05000001","Belfast East","9","Age 40-44","All","All persons","Number","7344"
"MYE","Mid-year population estimate","2023","2023","N05000001","Belfast East","10","Age 45-49","1","Females","Number","3298"
"MYE","Mid-year population estimate","2023","2023","N05000001","Belfast East","10","Age 45-49","2","Males","Number","3172"
"MYE","Mid-year population estimate","2023","2023","N05000001","Belfast East","10","Age 45-49","All","All persons","Number","6470"
"MYE","Mid-year population estimate","2023","2023","N05000001","Belfast East","11","Age 50-54","1","Females","Number","3416"
"MYE","Mid-year population estimate","2023","2023","N05000001","Belfast East","11","Age 50-54","2","Males","Number","3256"
"MYE","Mid-year population estimate","2023","2023","N05000001","Belfast East","11","Age 50-54","All","All persons","Number","6672"
"MYE","Mid-year population estimate","2023","2023","N05000001","Belfast East","12","Age 55-59","1","Females","Number","3534"
"MYE","Mid-year population estimate","2023","2023","N05000001","Belfast East","12","Age 55-59","2","Males","Number","3349"
"MYE","Mid-year population estimate","2023","2023","N05000001","Belfast East","12","Age 55-59","All","All persons","Number","6883"
"MYE","Mid-year population estimate","2023","2023","N05000001","Belfast East","13","Age 60-64","1","Females","Number","3190"
"MYE","Mid-year population estimate","2023","2023","N05000001","Belfast East","13","Age 60-64","2","Males","Number","2978"
"MYE","Mid-year population estimate","2023","2023","N05000001","Belfast East","13","Age 60-64","All","All persons","Number","6168"
"MYE","Mid-year population estimate","2023","2023","N05000001","Belfast East","14","Age 65-69","1","Females","Number","2556"
"MYE","Mid-year population estimate","2023","2023","N05000001","Belfast East","14","Age 65-69","2","Males","Number","2435"
"MYE","Mid-year population estimate","2023","2023","N05000001","Belfast East","14","Age 65-69","All","All persons","Number","4991"
"MYE","Mid-year population estimate","2023","2023","N05000001","Belfast East","15","Age 70-74","1","Females","Number","1937"
"MYE","Mid-year population estimate","2023","2023","N05000001","Belfast East","15","Age 70-74","2","Males","Number","1889"
"MYE","Mid-year population estimate","2023","2023","N05000001","Belfast East","15","Age 70-74","All","All persons","Number","3826"
"MYE","Mid-year population estimate","2023","2023","N05000001","Belfast East","16","Age 75-79","1","Females","Number","1907"
"MYE","Mid-year population estimate","2023","2023","N05000001","Belfast East","16","Age 75-79","2","Males","Number","1506"
"MYE","Mid-year population estimate","2023","2023","N05000001","Belfast East","16","Age 75-79","All","All persons","Number","3413"
"MYE","Mid-year population estimate","2023","2023","N05000001","Belfast East","17","Age 80-84","1","Females","Number","1464"
"MYE","Mid-year population estimate","2023","2023","N05000001","Belfast East","17","Age 80-84","2","Males","Number","1020"
"MYE","Mid-year population estimate","2023","2023","N05000001","Belfast East","17","Age 80-84","All","All persons","Number","2484"
"MYE","Mid-year population estimate","2023","2023","N05000001","Belfast East","18","Age 85-89","1","Females","Number","1003"
"MYE","Mid-year population estimate","2023","2023","N05000001","Belfast East","18","Age 85-89","2","Males","Number","579"
"MYE","Mid-year population estimate","2023","2023","N05000001","Belfast East","18","Age 85-89","All","All persons","Number","1582"
"MYE","Mid-year population estimate","2023","2023","N05000001","Belfast East","19","Age 90+","1","Females","Number","719"
"MYE","Mid-year population estimate","2023","2023","N05000001","Belfast East","19","Age 90+","2","Males","Number","309"
"MYE","Mid-year population estimate","2023","2023","N05000001","Belfast East","19","Age 90+","All","All persons","Number","1028"
"MYE","Mid-year population estimate","2023","2023","N05000001","Belfast East","All","All","1","Females","Number","52734"
"MYE","Mid-year population estimate","2023","2023","N05000001","Belfast East","All","All","2","Males","Number","50325"
"MYE","Mid-year population estimate","2023","2023","N05000001","Belfast East","All","All","All","All persons","Number","103059"
"MYE","Mid-year population estimate","2023","2023","N05000002","Belfast North","1","Age 0-4","1","Females","Number","3085"
"MYE","Mid-year population estimate","2023","2023","N05000002","Belfast North","1","Age 0-4","2","Males","Number","3221"
"MYE","Mid-year population estimate","2023","2023","N05000002","Belfast North","1","Age 0-4","All","All persons","Number","6306"
"MYE","Mid-year population estimate","2023","2023","N05000002","Belfast North","2","Age 5-9","1","Females","Number","3318"
"MYE","Mid-year population estimate","2023","2023","N05000002","Belfast North","2","Age 5-9","2","Males","Number","3511"
"MYE","Mid-year population estimate","2023","2023","N05000002","Belfast North","2","Age 5-9","All","All persons","Number","6829"
"MYE","Mid-year population estimate","2023","2023","N05000002","Belfast North","3","Age 10-14","1","Females","Number","3646"
"MYE","Mid-year population estimate","2023","2023","N05000002","Belfast North","3","Age 10-14","2","Males","Number","3729"
"MYE","Mid-year population estimate","2023","2023","N05000002","Belfast North","3","Age 10-14","All","All persons","Number","7375"
"MYE","Mid-year population estimate","2023","2023","N05000002","Belfast North","4","Age 15-19","1","Females","Number","3499"
"MYE","Mid-year population estimate","2023","2023","N05000002","Belfast North","4","Age 15-19","2","Males","Number","3734"
"MYE","Mid-year population estimate","2023","2023","N05000002","Belfast North","4","Age 15-19","All","All persons","Number","7233"
"MYE","Mid-year population estimate","2023","2023","N05000002","Belfast North","5","Age 20-24","1","Females","Number","3015"
"MYE","Mid-year population estimate","2023","2023","N05000002","Belfast North","5","Age 20-24","2","Males","Number","3214"
"MYE","Mid-year population estimate","2023","2023","N05000002","Belfast North","5","Age 20-24","All","All persons","Number","6229"
"MYE","Mid-year population estimate","2023","2023","N05000002","Belfast North","6","Age 25-29","1","Females","Number","3687"
"MYE","Mid-year population estimate","2023","2023","N05000002","Belfast North","6","Age 25-29","2","Males","Number","3639"
"MYE","Mid-year population estimate","2023","2023","N05000002","Belfast North","6","Age 25-29","All","All persons","Number","7326"
"MYE","Mid-year population estimate","2023","2023","N05000002","Belfast North","7","Age 30-34","1","Females","Number","4058"
"MYE","Mid-year population estimate","2023","2023","N05000002","Belfast North","7","Age 30-34","2","Males","Number","3835"
"MYE","Mid-year population estimate","2023","2023","N05000002","Belfast North","7","Age 30-34","All","All persons","Number","7893"
"MYE","Mid-year population estimate","2023","2023","N05000002","Belfast North","8","Age 35-39","1","Females","Number","4102"
"MYE","Mid-year population estimate","2023","2023","N05000002","Belfast North","8","Age 35-39","2","Males","Number","3677"
"MYE","Mid-year population estimate","2023","2023","N05000002","Belfast North","8","Age 35-39","All","All persons","Number","7779"
"MYE","Mid-year population estimate","2023","2023","N05000002","Belfast North","9","Age 40-44","1","Females","Number","3776"
"MYE","Mid-year population estimate","2023","2023","N05000002","Belfast North","9","Age 40-44","2","Males","Number","3521"
"MYE","Mid-year population estimate","2023","2023","N05000002","Belfast North","9","Age 40-44","All","All persons","Number","7297"
"MYE","Mid-year population estimate","2023","2023","N05000002","Belfast North","10","Age 45-49","1","Females","Number","3194"
"MYE","Mid-year population estimate","2023","2023","N05000002","Belfast North","10","Age 45-49","2","Males","Number","2967"
"MYE","Mid-year population estimate","2023","2023","N05000002","Belfast North","10","Age 45-49","All","All persons","Number","6161"
"MYE","Mid-year population estimate","2023","2023","N05000002","Belfast North","11","Age 50-54","1","Females","Number","3342"
"MYE","Mid-year population estimate","2023","2023","N05000002","Belfast North","11","Age 50-54","2","Males","Number","3137"
"MYE","Mid-year population estimate","2023","2023","N05000002","Belfast North","11","Age 50-54","All","All persons","Number","6479"
"MYE","Mid-year population estimate","2023","2023","N05000002","Belfast North","12","Age 55-59","1","Females","Number","3642"
"MYE","Mid-year population estimate","2023","2023","N05000002","Belfast North","12","Age 55-59","2","Males","Number","3599"
"MYE","Mid-year population estimate","2023","2023","N05000002","Belfast North","12","Age 55-59","All","All persons","Number","7241"
"MYE","Mid-year population estimate","2023","2023","N05000002","Belfast North","13","Age 60-64","1","Females","Number","3435"
"MYE","Mid-year population estimate","2023","2023","N05000002","Belfast North","13","Age 60-64","2","Males","Number","3168"
"MYE","Mid-year population estimate","2023","2023","N05000002","Belfast North","13","Age 60-64","All","All persons","Number","6603"
"MYE","Mid-year population estimate","2023","2023","N05000002","Belfast North","14","Age 65-69","1","Females","Number","2679"
"MYE","Mid-year population estimate","2023","2023","N05000002","Belfast North","14","Age 65-69","2","Males","Number","2540"
"MYE","Mid-year population estimate","2023","2023","N05000002","Belfast North","14","Age 65-69","All","All persons","Number","5219"
"MYE","Mid-year population estimate","2023","2023","N05000002","Belfast North","15","Age 70-74","1","Females","Number","1999"
"MYE","Mid-year population estimate","2023","2023","N05000002","Belfast North","15","Age 70-74","2","Males","Number","1888"
"MYE","Mid-year population estimate","2023","2023","N05000002","Belfast North","15","Age 70-74","All","All persons","Number","3887"
"MYE","Mid-year population estimate","2023","2023","N05000002","Belfast North","16","Age 75-79","1","Females","Number","1846"
"MYE","Mid-year population estimate","2023","2023","N05000002","Belfast North","16","Age 75-79","2","Males","Number","1557"
"MYE","Mid-year population estimate","2023","2023","N05000002","Belfast North","16","Age 75-79","All","All persons","Number","3403"
"MYE","Mid-year population estimate","2023","2023","N05000002","Belfast North","17","Age 80-84","1","Females","Number","1347"
"MYE","Mid-year population estimate","2023","2023","N05000002","Belfast North","17","Age 80-84","2","Males","Number","980"
"MYE","Mid-year population estimate","2023","2023","N05000002","Belfast North","17","Age 80-84","All","All persons","Number","2327"
"MYE","Mid-year population estimate","2023","2023","N05000002","Belfast North","18","Age 85-89","1","Females","Number","993"
"MYE","Mid-year population estimate","2023","2023","N05000002","Belfast North","18","Age 85-89","2","Males","Number","529"
"MYE","Mid-year population estimate","2023","2023","N05000002","Belfast North","18","Age 85-89","All","All persons","Number","1522"
"MYE","Mid-year population estimate","2023","2023","N05000002","Belfast North","19","Age 90+","1","Females","Number","585"
"MYE","Mid-year population estimate","2023","2023","N05000002","Belfast North","19","Age 90+","2","Males","Number","226"
"MYE","Mid-year population estimate","2023","2023","N05000002","Belfast North","19","Age 90+","All","All persons","Number","811"
"MYE","Mid-year population estimate","2023","2023","N05000002","Belfast North","All","All","1","Females","Number","55248"
"MYE","Mid-year population estimate","2023","2023","N05000002","Belfast North","All","All","2","Males","Number","52672"
"MYE","Mid-year population estimate","2023","2023","N05000002","Belfast North","All","All","All","All persons","Number","107920"
"MYE","Mid-year population estimate","2023","2023","N05000003","Belfast South and Mid Down","1","Age 0-4","1","Females","Number","2748"
"MYE","Mid-year population estimate","2023","2023","N05000003","Belfast South and Mid Down","1","Age 0-4","2","Males","Number","2870"
"MYE","Mid-year population estimate","2023","2023","N05000003","Belfast South and Mid Down","1","Age 0-4","All","All persons","Number","5618"
"MYE","Mid-year population estimate","2023","2023","N05000003","Belfast South and Mid Down","2","Age 5-9","1","Females","Number","2892"
"MYE","Mid-year population estimate","2023","2023","N05000003","Belfast South and Mid Down","2","Age 5-9","2","Males","Number","3168"
"MYE","Mid-year population estimate","2023","2023","N05000003","Belfast South and Mid Down","2","Age 5-9","All","All persons","Number","6060"
"MYE","Mid-year population estimate","2023","2023","N05000003","Belfast South and Mid Down","3","Age 10-14","1","Females","Number","3130"
"MYE","Mid-year population estimate","2023","2023","N05000003","Belfast South and Mid Down","3","Age 10-14","2","Males","Number","3216"
"MYE","Mid-year population estimate","2023","2023","N05000003","Belfast South and Mid Down","3","Age 10-14","All","All persons","Number","6346"
"MYE","Mid-year population estimate","2023","2023","N05000003","Belfast South and Mid Down","4","Age 15-19","1","Females","Number","3728"
"MYE","Mid-year population estimate","2023","2023","N05000003","Belfast South and Mid Down","4","Age 15-19","2","Males","Number","3715"
"MYE","Mid-year population estimate","2023","2023","N05000003","Belfast South and Mid Down","4","Age 15-19","All","All persons","Number","7443"
"MYE","Mid-year population estimate","2023","2023","N05000003","Belfast South and Mid Down","5","Age 20-24","1","Females","Number","7958"
"MYE","Mid-year population estimate","2023","2023","N05000003","Belfast South and Mid Down","5","Age 20-24","2","Males","Number","7906"
"MYE","Mid-year population estimate","2023","2023","N05000003","Belfast South and Mid Down","5","Age 20-24","All","All persons","Number","15864"
"MYE","Mid-year population estimate","2023","2023","N05000003","Belfast South and Mid Down","6","Age 25-29","1","Females","Number","5673"
"MYE","Mid-year population estimate","2023","2023","N05000003","Belfast South and Mid Down","6","Age 25-29","2","Males","Number","6111"
"MYE","Mid-year population estimate","2023","2023","N05000003","Belfast South and Mid Down","6","Age 25-29","All","All persons","Number","11784"
"MYE","Mid-year population estimate","2023","2023","N05000003","Belfast South and Mid Down","7","Age 30-34","1","Females","Number","4378"
"MYE","Mid-year population estimate","2023","2023","N05000003","Belfast South and Mid Down","7","Age 30-34","2","Males","Number","4938"
"MYE","Mid-year population estimate","2023","2023","N05000003","Belfast South and Mid Down","7","Age 30-34","All","All persons","Number","9316"
"MYE","Mid-year population estimate","2023","2023","N05000003","Belfast South and Mid Down","8","Age 35-39","1","Females","Number","4130"
"MYE","Mid-year population estimate","2023","2023","N05000003","Belfast South and Mid Down","8","Age 35-39","2","Males","Number","4212"
"MYE","Mid-year population estimate","2023","2023","N05000003","Belfast South and Mid Down","8","Age 35-39","All","All persons","Number","8342"
"MYE","Mid-year population estimate","2023","2023","N05000003","Belfast South and Mid Down","9","Age 40-44","1","Females","Number","3661"
"MYE","Mid-year population estimate","2023","2023","N05000003","Belfast South and Mid Down","9","Age 40-44","2","Males","Number","3796"
"MYE","Mid-year population estimate","2023","2023","N05000003","Belfast South and Mid Down","9","Age 40-44","All","All persons","Number","7457"
"MYE","Mid-year population estimate","2023","2023","N05000003","Belfast South and Mid Down","10","Age 45-49","1","Females","Number","3124"
"MYE","Mid-year population estimate","2023","2023","N05000003","Belfast South and Mid Down","10","Age 45-49","2","Males","Number","3399"
"MYE","Mid-year population estimate","2023","2023","N05000003","Belfast South and Mid Down","10","Age 45-49","All","All persons","Number","6523"
"MYE","Mid-year population estimate","2023","2023","N05000003","Belfast South and Mid Down","11","Age 50-54","1","Females","Number","3167"
"MYE","Mid-year population estimate","2023","2023","N05000003","Belfast South and Mid Down","11","Age 50-54","2","Males","Number","3153"
"MYE","Mid-year population estimate","2023","2023","N05000003","Belfast South and Mid Down","11","Age 50-54","All","All persons","Number","6320"
"MYE","Mid-year population estimate","2023","2023","N05000003","Belfast South and Mid Down","12","Age 55-59","1","Females","Number","3604"
"MYE","Mid-year population estimate","2023","2023","N05000003","Belfast South and Mid Down","12","Age 55-59","2","Males","Number","3340"
"MYE","Mid-year population estimate","2023","2023","N05000003","Belfast South and Mid Down","12","Age 55-59","All","All persons","Number","6944"
"MYE","Mid-year population estimate","2023","2023","N05000003","Belfast South and Mid Down","13","Age 60-64","1","Females","Number","3407"
"MYE","Mid-year population estimate","2023","2023","N05000003","Belfast South and Mid Down","13","Age 60-64","2","Males","Number","3195"
"MYE","Mid-year population estimate","2023","2023","N05000003","Belfast South and Mid Down","13","Age 60-64","All","All persons","Number","6602"
"MYE","Mid-year population estimate","2023","2023","N05000003","Belfast South and Mid Down","14","Age 65-69","1","Females","Number","2797"
"MYE","Mid-year population estimate","2023","2023","N05000003","Belfast South and Mid Down","14","Age 65-69","2","Males","Number","2753"
"MYE","Mid-year population estimate","2023","2023","N05000003","Belfast South and Mid Down","14","Age 65-69","All","All persons","Number","5550"
"MYE","Mid-year population estimate","2023","2023","N05000003","Belfast South and Mid Down","15","Age 70-74","1","Females","Number","2202"
"MYE","Mid-year population estimate","2023","2023","N05000003","Belfast South and Mid Down","15","Age 70-74","2","Males","Number","2092"
"MYE","Mid-year population estimate","2023","2023","N05000003","Belfast South and Mid Down","15","Age 70-74","All","All persons","Number","4294"
"MYE","Mid-year population estimate","2023","2023","N05000003","Belfast South and Mid Down","16","Age 75-79","1","Females","Number","1916"
"MYE","Mid-year population estimate","2023","2023","N05000003","Belfast South and Mid Down","16","Age 75-79","2","Males","Number","1602"
"MYE","Mid-year population estimate","2023","2023","N05000003","Belfast South and Mid Down","16","Age 75-79","All","All persons","Number","3518"
"MYE","Mid-year population estimate","2023","2023","N05000003","Belfast South and Mid Down","17","Age 80-84","1","Females","Number","1427"
"MYE","Mid-year population estimate","2023","2023","N05000003","Belfast South and Mid Down","17","Age 80-84","2","Males","Number","1051"
"MYE","Mid-year population estimate","2023","2023","N05000003","Belfast South and Mid Down","17","Age 80-84","All","All persons","Number","2478"
"MYE","Mid-year population estimate","2023","2023","N05000003","Belfast South and Mid Down","18","Age 85-89","1","Females","Number","980"
"MYE","Mid-year population estimate","2023","2023","N05000003","Belfast South and Mid Down","18","Age 85-89","2","Males","Number","610"
"MYE","Mid-year population estimate","2023","2023","N05000003","Belfast South and Mid Down","18","Age 85-89","All","All persons","Number","1590"
"MYE","Mid-year population estimate","2023","2023","N05000003","Belfast South and Mid Down","19","Age 90+","1","Females","Number","716"
"MYE","Mid-year population estimate","2023","2023","N05000003","Belfast South and Mid Down","19","Age 90+","2","Males","Number","276"
"MYE","Mid-year population estimate","2023","2023","N05000003","Belfast South and Mid Down","19","Age 90+","All","All persons","Number","992"
"MYE","Mid-year population estimate","2023","2023","N05000003","Belfast South and Mid Down","All","All","1","Females","Number","61638"
"MYE","Mid-year population estimate","2023","2023","N05000003","Belfast South and Mid Down","All","All","2","Males","Number","61403"
"MYE","Mid-year population estimate","2023","2023","N05000003","Belfast South and Mid Down","All","All","All","All persons","Number","123041"
"MYE","Mid-year population estimate","2023","2023","N05000004","Belfast West","1","Age 0-4","1","Females","Number","3181"
"MYE","Mid-year population estimate","2023","2023","N05000004","Belfast West","1","Age 0-4","2","Males","Number","3371"
"MYE","Mid-year population estimate","2023","2023","N05000004","Belfast West","1","Age 0-4","All","All persons","Number","6552"
"MYE","Mid-year population estimate","2023","2023","N05000004","Belfast West","2","Age 5-9","1","Females","Number","3510"
"MYE","Mid-year population estimate","2023","2023","N05000004","Belfast West","2","Age 5-9","2","Males","Number","3727"
"MYE","Mid-year population estimate","2023","2023","N05000004","Belfast West","2","Age 5-9","All","All persons","Number","7237"
"MYE","Mid-year population estimate","2023","2023","N05000004","Belfast West","3","Age 10-14","1","Females","Number","3795"
"MYE","Mid-year population estimate","2023","2023","N05000004","Belfast West","3","Age 10-14","2","Males","Number","3830"
"MYE","Mid-year population estimate","2023","2023","N05000004","Belfast West","3","Age 10-14","All","All persons","Number","7625"
"MYE","Mid-year population estimate","2023","2023","N05000004","Belfast West","4","Age 15-19","1","Females","Number","3368"
"MYE","Mid-year population estimate","2023","2023","N05000004","Belfast West","4","Age 15-19","2","Males","Number","3599"
"MYE","Mid-year population estimate","2023","2023","N05000004","Belfast West","4","Age 15-19","All","All persons","Number","6967"
"MYE","Mid-year population estimate","2023","2023","N05000004","Belfast West","5","Age 20-24","1","Females","Number","2659"
"MYE","Mid-year population estimate","2023","2023","N05000004","Belfast West","5","Age 20-24","2","Males","Number","2792"
"MYE","Mid-year population estimate","2023","2023","N05000004","Belfast West","5","Age 20-24","All","All persons","Number","5451"
"MYE","Mid-year population estimate","2023","2023","N05000004","Belfast West","6","Age 25-29","1","Females","Number","3589"
"MYE","Mid-year population estimate","2023","2023","N05000004","Belfast West","6","Age 25-29","2","Males","Number","3198"
"MYE","Mid-year population estimate","2023","2023","N05000004","Belfast West","6","Age 25-29","All","All persons","Number","6787"
"MYE","Mid-year population estimate","2023","2023","N05000004","Belfast West","7","Age 30-34","1","Females","Number","3894"
"MYE","Mid-year population estimate","2023","2023","N05000004","Belfast West","7","Age 30-34","2","Males","Number","3370"
"MYE","Mid-year population estimate","2023","2023","N05000004","Belfast West","7","Age 30-34","All","All persons","Number","7264"
"MYE","Mid-year population estimate","2023","2023","N05000004","Belfast West","8","Age 35-39","1","Females","Number","4183"
"MYE","Mid-year population estimate","2023","2023","N05000004","Belfast West","8","Age 35-39","2","Males","Number","3370"
"MYE","Mid-year population estimate","2023","2023","N05000004","Belfast West","8","Age 35-39","All","All persons","Number","7553"
"MYE","Mid-year population estimate","2023","2023","N05000004","Belfast West","9","Age 40-44","1","Females","Number","3624"
"MYE","Mid-year population estimate","2023","2023","N05000004","Belfast West","9","Age 40-44","2","Males","Number","3044"
"MYE","Mid-year population estimate","2023","2023","N05000004","Belfast West","9","Age 40-44","All","All persons","Number","6668"
"MYE","Mid-year population estimate","2023","2023","N05000004","Belfast West","10","Age 45-49","1","Females","Number","3046"
"MYE","Mid-year population estimate","2023","2023","N05000004","Belfast West","10","Age 45-49","2","Males","Number","2604"
"MYE","Mid-year population estimate","2023","2023","N05000004","Belfast West","10","Age 45-49","All","All persons","Number","5650"
"MYE","Mid-year population estimate","2023","2023","N05000004","Belfast West","11","Age 50-54","1","Females","Number","3197"
"MYE","Mid-year population estimate","2023","2023","N05000004","Belfast West","11","Age 50-54","2","Males","Number","2796"
"MYE","Mid-year population estimate","2023","2023","N05000004","Belfast West","11","Age 50-54","All","All persons","Number","5993"
"MYE","Mid-year population estimate","2023","2023","N05000004","Belfast West","12","Age 55-59","1","Females","Number","3670"
"MYE","Mid-year population estimate","2023","2023","N05000004","Belfast West","12","Age 55-59","2","Males","Number","3272"
"MYE","Mid-year population estimate","2023","2023","N05000004","Belfast West","12","Age 55-59","All","All persons","Number","6942"
"MYE","Mid-year population estimate","2023","2023","N05000004","Belfast West","13","Age 60-64","1","Females","Number","3504"
"MYE","Mid-year population estimate","2023","2023","N05000004","Belfast West","13","Age 60-64","2","Males","Number","3055"
"MYE","Mid-year population estimate","2023","2023","N05000004","Belfast West","13","Age 60-64","All","All persons","Number","6559"
"MYE","Mid-year population estimate","2023","2023","N05000004","Belfast West","14","Age 65-69","1","Females","Number","2718"
"MYE","Mid-year population estimate","2023","2023","N05000004","Belfast West","14","Age 65-69","2","Males","Number","2490"
"MYE","Mid-year population estimate","2023","2023","N05000004","Belfast West","14","Age 65-69","All","All persons","Number","5208"
"MYE","Mid-year population estimate","2023","2023","N05000004","Belfast West","15","Age 70-74","1","Females","Number","1911"
"MYE","Mid-year population estimate","2023","2023","N05000004","Belfast West","15","Age 70-74","2","Males","Number","1762"
"MYE","Mid-year population estimate","2023","2023","N05000004","Belfast West","15","Age 70-74","All","All persons","Number","3673"
"MYE","Mid-year population estimate","2023","2023","N05000004","Belfast West","16","Age 75-79","1","Females","Number","1676"
"MYE","Mid-year population estimate","2023","2023","N05000004","Belfast West","16","Age 75-79","2","Males","Number","1314"
"MYE","Mid-year population estimate","2023","2023","N05000004","Belfast West","16","Age 75-79","All","All persons","Number","2990"
"MYE","Mid-year population estimate","2023","2023","N05000004","Belfast West","17","Age 80-84","1","Females","Number","1179"
"MYE","Mid-year population estimate","2023","2023","N05000004","Belfast West","17","Age 80-84","2","Males","Number","849"
"MYE","Mid-year population estimate","2023","2023","N05000004","Belfast West","17","Age 80-84","All","All persons","Number","2028"
"MYE","Mid-year population estimate","2023","2023","N05000004","Belfast West","18","Age 85-89","1","Females","Number","803"
"MYE","Mid-year population estimate","2023","2023","N05000004","Belfast West","18","Age 85-89","2","Males","Number","447"
"MYE","Mid-year population estimate","2023","2023","N05000004","Belfast West","18","Age 85-89","All","All persons","Number","1250"
"MYE","Mid-year population estimate","2023","2023","N05000004","Belfast West","19","Age 90+","1","Females","Number","434"
"MYE","Mid-year population estimate","2023","2023","N05000004","Belfast West","19","Age 90+","2","Males","Number","184"
"MYE","Mid-year population estimate","2023","2023","N05000004","Belfast West","19","Age 90+","All","All persons","Number","618"
"MYE","Mid-year population estimate","2023","2023","N05000004","Belfast West","All","All","1","Females","Number","53941"
"MYE","Mid-year population estimate","2023","2023","N05000004","Belfast West","All","All","2","Males","Number","49074"
"MYE","Mid-year population estimate","2023","2023","N05000004","Belfast West","All","All","All","All persons","Number","103015"
"MYE","Mid-year population estimate","2023","2023","N05000005","East Antrim","1","Age 0-4","1","Females","Number","2330"
"MYE","Mid-year population estimate","2023","2023","N05000005","East Antrim","1","Age 0-4","2","Males","Number","2446"
"MYE","Mid-year population estimate","2023","2023","N05000005","East Antrim","1","Age 0-4","All","All persons","Number","4776"
"MYE","Mid-year population estimate","2023","2023","N05000005","East Antrim","2","Age 5-9","1","Females","Number","2619"
"MYE","Mid-year population estimate","2023","2023","N05000005","East Antrim","2","Age 5-9","2","Males","Number","2781"
"MYE","Mid-year population estimate","2023","2023","N05000005","East Antrim","2","Age 5-9","All","All persons","Number","5400"
"MYE","Mid-year population estimate","2023","2023","N05000005","East Antrim","3","Age 10-14","1","Females","Number","2883"
"MYE","Mid-year population estimate","2023","2023","N05000005","East Antrim","3","Age 10-14","2","Males","Number","3025"
"MYE","Mid-year population estimate","2023","2023","N05000005","East Antrim","3","Age 10-14","All","All persons","Number","5908"
"MYE","Mid-year population estimate","2023","2023","N05000005","East Antrim","4","Age 15-19","1","Females","Number","2814"
"MYE","Mid-year population estimate","2023","2023","N05000005","East Antrim","4","Age 15-19","2","Males","Number","3093"
"MYE","Mid-year population estimate","2023","2023","N05000005","East Antrim","4","Age 15-19","All","All persons","Number","5907"
"MYE","Mid-year population estimate","2023","2023","N05000005","East Antrim","5","Age 20-24","1","Females","Number","2228"
"MYE","Mid-year population estimate","2023","2023","N05000005","East Antrim","5","Age 20-24","2","Males","Number","2521"
"MYE","Mid-year population estimate","2023","2023","N05000005","East Antrim","5","Age 20-24","All","All persons","Number","4749"
"MYE","Mid-year population estimate","2023","2023","N05000005","East Antrim","6","Age 25-29","1","Females","Number","2521"
"MYE","Mid-year population estimate","2023","2023","N05000005","East Antrim","6","Age 25-29","2","Males","Number","2723"
"MYE","Mid-year population estimate","2023","2023","N05000005","East Antrim","6","Age 25-29","All","All persons","Number","5244"
"MYE","Mid-year population estimate","2023","2023","N05000005","East Antrim","7","Age 30-34","1","Females","Number","2934"
"MYE","Mid-year population estimate","2023","2023","N05000005","East Antrim","7","Age 30-34","2","Males","Number","2696"
"MYE","Mid-year population estimate","2023","2023","N05000005","East Antrim","7","Age 30-34","All","All persons","Number","5630"
"MYE","Mid-year population estimate","2023","2023","N05000005","East Antrim","8","Age 35-39","1","Females","Number","3148"
"MYE","Mid-year population estimate","2023","2023","N05000005","East Antrim","8","Age 35-39","2","Males","Number","2875"
"MYE","Mid-year population estimate","2023","2023","N05000005","East Antrim","8","Age 35-39","All","All persons","Number","6023"
"MYE","Mid-year population estimate","2023","2023","N05000005","East Antrim","9","Age 40-44","1","Females","Number","3221"
"MYE","Mid-year population estimate","2023","2023","N05000005","East Antrim","9","Age 40-44","2","Males","Number","2894"
"MYE","Mid-year population estimate","2023","2023","N05000005","East Antrim","9","Age 40-44","All","All persons","Number","6115"
"MYE","Mid-year population estimate","2023","2023","N05000005","East Antrim","10","Age 45-49","1","Females","Number","3071"
"MYE","Mid-year population estimate","2023","2023","N05000005","East Antrim","10","Age 45-49","2","Males","Number","2802"
"MYE","Mid-year population estimate","2023","2023","N05000005","East Antrim","10","Age 45-49","All","All persons","Number","5873"
"MYE","Mid-year population estimate","2023","2023","N05000005","East Antrim","11","Age 50-54","1","Females","Number","3662"
"MYE","Mid-year population estimate","2023","2023","N05000005","East Antrim","11","Age 50-54","2","Males","Number","3533"
"MYE","Mid-year population estimate","2023","2023","N05000005","East Antrim","11","Age 50-54","All","All persons","Number","7195"
"MYE","Mid-year population estimate","2023","2023","N05000005","East Antrim","12","Age 55-59","1","Females","Number","3920"
"MYE","Mid-year population estimate","2023","2023","N05000005","East Antrim","12","Age 55-59","2","Males","Number","3787"
"MYE","Mid-year population estimate","2023","2023","N05000005","East Antrim","12","Age 55-59","All","All persons","Number","7707"
"MYE","Mid-year population estimate","2023","2023","N05000005","East Antrim","13","Age 60-64","1","Females","Number","3544"
"MYE","Mid-year population estimate","2023","2023","N05000005","East Antrim","13","Age 60-64","2","Males","Number","3558"
"MYE","Mid-year population estimate","2023","2023","N05000005","East Antrim","13","Age 60-64","All","All persons","Number","7102"
"MYE","Mid-year population estimate","2023","2023","N05000005","East Antrim","14","Age 65-69","1","Females","Number","2898"
"MYE","Mid-year population estimate","2023","2023","N05000005","East Antrim","14","Age 65-69","2","Males","Number","2851"
"MYE","Mid-year population estimate","2023","2023","N05000005","East Antrim","14","Age 65-69","All","All persons","Number","5749"
"MYE","Mid-year population estimate","2023","2023","N05000005","East Antrim","15","Age 70-74","1","Females","Number","2512"
"MYE","Mid-year population estimate","2023","2023","N05000005","East Antrim","15","Age 70-74","2","Males","Number","2282"
"MYE","Mid-year population estimate","2023","2023","N05000005","East Antrim","15","Age 70-74","All","All persons","Number","4794"
"MYE","Mid-year population estimate","2023","2023","N05000005","East Antrim","16","Age 75-79","1","Females","Number","2243"
"MYE","Mid-year population estimate","2023","2023","N05000005","East Antrim","16","Age 75-79","2","Males","Number","1992"
"MYE","Mid-year population estimate","2023","2023","N05000005","East Antrim","16","Age 75-79","All","All persons","Number","4235"
"MYE","Mid-year population estimate","2023","2023","N05000005","East Antrim","17","Age 80-84","1","Females","Number","1593"
"MYE","Mid-year population estimate","2023","2023","N05000005","East Antrim","17","Age 80-84","2","Males","Number","1289"
"MYE","Mid-year population estimate","2023","2023","N05000005","East Antrim","17","Age 80-84","All","All persons","Number","2882"
"MYE","Mid-year population estimate","2023","2023","N05000005","East Antrim","18","Age 85-89","1","Females","Number","959"
"MYE","Mid-year population estimate","2023","2023","N05000005","East Antrim","18","Age 85-89","2","Males","Number","608"
"MYE","Mid-year population estimate","2023","2023","N05000005","East Antrim","18","Age 85-89","All","All persons","Number","1567"
"MYE","Mid-year population estimate","2023","2023","N05000005","East Antrim","19","Age 90+","1","Females","Number","521"
"MYE","Mid-year population estimate","2023","2023","N05000005","East Antrim","19","Age 90+","2","Males","Number","277"
"MYE","Mid-year population estimate","2023","2023","N05000005","East Antrim","19","Age 90+","All","All persons","Number","798"
"MYE","Mid-year population estimate","2023","2023","N05000005","East Antrim","All","All","1","Females","Number","49621"
"MYE","Mid-year population estimate","2023","2023","N05000005","East Antrim","All","All","2","Males","Number","48033"
"MYE","Mid-year population estimate","2023","2023","N05000005","East Antrim","All","All","All","All persons","Number","97654"
"MYE","Mid-year population estimate","2023","2023","N05000006","East Londonderry","1","Age 0-4","1","Females","Number","2650"
"MYE","Mid-year population estimate","2023","2023","N05000006","East Londonderry","1","Age 0-4","2","Males","Number","2806"
"MYE","Mid-year population estimate","2023","2023","N05000006","East Londonderry","1","Age 0-4","All","All persons","Number","5456"
"MYE","Mid-year population estimate","2023","2023","N05000006","East Londonderry","2","Age 5-9","1","Females","Number","3111"
"MYE","Mid-year population estimate","2023","2023","N05000006","East Londonderry","2","Age 5-9","2","Males","Number","3242"
"MYE","Mid-year population estimate","2023","2023","N05000006","East Londonderry","2","Age 5-9","All","All persons","Number","6353"
"MYE","Mid-year population estimate","2023","2023","N05000006","East Londonderry","3","Age 10-14","1","Females","Number","3192"
"MYE","Mid-year population estimate","2023","2023","N05000006","East Londonderry","3","Age 10-14","2","Males","Number","3450"
"MYE","Mid-year population estimate","2023","2023","N05000006","East Londonderry","3","Age 10-14","All","All persons","Number","6642"
"MYE","Mid-year population estimate","2023","2023","N05000006","East Londonderry","4","Age 15-19","1","Females","Number","3174"
"MYE","Mid-year population estimate","2023","2023","N05000006","East Londonderry","4","Age 15-19","2","Males","Number","3287"
"MYE","Mid-year population estimate","2023","2023","N05000006","East Londonderry","4","Age 15-19","All","All persons","Number","6461"
"MYE","Mid-year population estimate","2023","2023","N05000006","East Londonderry","5","Age 20-24","1","Females","Number","2553"
"MYE","Mid-year population estimate","2023","2023","N05000006","East Londonderry","5","Age 20-24","2","Males","Number","2725"
"MYE","Mid-year population estimate","2023","2023","N05000006","East Londonderry","5","Age 20-24","All","All persons","Number","5278"
"MYE","Mid-year population estimate","2023","2023","N05000006","East Londonderry","6","Age 25-29","1","Females","Number","2790"
"MYE","Mid-year population estimate","2023","2023","N05000006","East Londonderry","6","Age 25-29","2","Males","Number","2690"
"MYE","Mid-year population estimate","2023","2023","N05000006","East Londonderry","6","Age 25-29","All","All persons","Number","5480"
"MYE","Mid-year population estimate","2023","2023","N05000006","East Londonderry","7","Age 30-34","1","Females","Number","2946"
"MYE","Mid-year population estimate","2023","2023","N05000006","East Londonderry","7","Age 30-34","2","Males","Number","2923"
"MYE","Mid-year population estimate","2023","2023","N05000006","East Londonderry","7","Age 30-34","All","All persons","Number","5869"
"MYE","Mid-year population estimate","2023","2023","N05000006","East Londonderry","8","Age 35-39","1","Females","Number","3124"
"MYE","Mid-year population estimate","2023","2023","N05000006","East Londonderry","8","Age 35-39","2","Males","Number","3139"
"MYE","Mid-year population estimate","2023","2023","N05000006","East Londonderry","8","Age 35-39","All","All persons","Number","6263"
"MYE","Mid-year population estimate","2023","2023","N05000006","East Londonderry","9","Age 40-44","1","Females","Number","3303"
"MYE","Mid-year population estimate","2023","2023","N05000006","East Londonderry","9","Age 40-44","2","Males","Number","2948"
"MYE","Mid-year population estimate","2023","2023","N05000006","East Londonderry","9","Age 40-44","All","All persons","Number","6251"
"MYE","Mid-year population estimate","2023","2023","N05000006","East Londonderry","10","Age 45-49","1","Females","Number","3247"
"MYE","Mid-year population estimate","2023","2023","N05000006","East Londonderry","10","Age 45-49","2","Males","Number","3012"
"MYE","Mid-year population estimate","2023","2023","N05000006","East Londonderry","10","Age 45-49","All","All persons","Number","6259"
"MYE","Mid-year population estimate","2023","2023","N05000006","East Londonderry","11","Age 50-54","1","Females","Number","3779"
"MYE","Mid-year population estimate","2023","2023","N05000006","East Londonderry","11","Age 50-54","2","Males","Number","3600"
"MYE","Mid-year population estimate","2023","2023","N05000006","East Londonderry","11","Age 50-54","All","All persons","Number","7379"
"MYE","Mid-year population estimate","2023","2023","N05000006","East Londonderry","12","Age 55-59","1","Females","Number","3991"
"MYE","Mid-year population estimate","2023","2023","N05000006","East Londonderry","12","Age 55-59","2","Males","Number","3804"
"MYE","Mid-year population estimate","2023","2023","N05000006","East Londonderry","12","Age 55-59","All","All persons","Number","7795"
"MYE","Mid-year population estimate","2023","2023","N05000006","East Londonderry","13","Age 60-64","1","Females","Number","3482"
"MYE","Mid-year population estimate","2023","2023","N05000006","East Londonderry","13","Age 60-64","2","Males","Number","3451"
"MYE","Mid-year population estimate","2023","2023","N05000006","East Londonderry","13","Age 60-64","All","All persons","Number","6933"
"MYE","Mid-year population estimate","2023","2023","N05000006","East Londonderry","14","Age 65-69","1","Females","Number","2948"
"MYE","Mid-year population estimate","2023","2023","N05000006","East Londonderry","14","Age 65-69","2","Males","Number","2917"
"MYE","Mid-year population estimate","2023","2023","N05000006","East Londonderry","14","Age 65-69","All","All persons","Number","5865"
"MYE","Mid-year population estimate","2023","2023","N05000006","East Londonderry","15","Age 70-74","1","Females","Number","2624"
"MYE","Mid-year population estimate","2023","2023","N05000006","East Londonderry","15","Age 70-74","2","Males","Number","2534"
"MYE","Mid-year population estimate","2023","2023","N05000006","East Londonderry","15","Age 70-74","All","All persons","Number","5158"
"MYE","Mid-year population estimate","2023","2023","N05000006","East Londonderry","16","Age 75-79","1","Females","Number","2239"
"MYE","Mid-year population estimate","2023","2023","N05000006","East Londonderry","16","Age 75-79","2","Males","Number","2075"
"MYE","Mid-year population estimate","2023","2023","N05000006","East Londonderry","16","Age 75-79","All","All persons","Number","4314"
"MYE","Mid-year population estimate","2023","2023","N05000006","East Londonderry","17","Age 80-84","1","Females","Number","1653"
"MYE","Mid-year population estimate","2023","2023","N05000006","East Londonderry","17","Age 80-84","2","Males","Number","1271"
"MYE","Mid-year population estimate","2023","2023","N05000006","East Londonderry","17","Age 80-84","All","All persons","Number","2924"
"MYE","Mid-year population estimate","2023","2023","N05000006","East Londonderry","18","Age 85-89","1","Females","Number","929"
"MYE","Mid-year population estimate","2023","2023","N05000006","East Londonderry","18","Age 85-89","2","Males","Number","627"
"MYE","Mid-year population estimate","2023","2023","N05000006","East Londonderry","18","Age 85-89","All","All persons","Number","1556"
"MYE","Mid-year population estimate","2023","2023","N05000006","East Londonderry","19","Age 90+","1","Females","Number","592"
"MYE","Mid-year population estimate","2023","2023","N05000006","East Londonderry","19","Age 90+","2","Males","Number","283"
"MYE","Mid-year population estimate","2023","2023","N05000006","East Londonderry","19","Age 90+","All","All persons","Number","875"
"MYE","Mid-year population estimate","2023","2023","N05000006","East Londonderry","All","All","1","Females","Number","52327"
"MYE","Mid-year population estimate","2023","2023","N05000006","East Londonderry","All","All","2","Males","Number","50784"
"MYE","Mid-year population estimate","2023","2023","N05000006","East Londonderry","All","All","All","All persons","Number","103111"
"MYE","Mid-year population estimate","2023","2023","N05000007","Fermanagh and South Tyrone","1","Age 0-4","1","Females","Number","3455"
"MYE","Mid-year population estimate","2023","2023","N05000007","Fermanagh and South Tyrone","1","Age 0-4","2","Males","Number","3567"
"MYE","Mid-year population estimate","2023","2023","N05000007","Fermanagh and South Tyrone","1","Age 0-4","All","All persons","Number","7022"
"MYE","Mid-year population estimate","2023","2023","N05000007","Fermanagh and South Tyrone","2","Age 5-9","1","Females","Number","3876"
"MYE","Mid-year population estimate","2023","2023","N05000007","Fermanagh and South Tyrone","2","Age 5-9","2","Males","Number","4014"
"MYE","Mid-year population estimate","2023","2023","N05000007","Fermanagh and South Tyrone","2","Age 5-9","All","All persons","Number","7890"
"MYE","Mid-year population estimate","2023","2023","N05000007","Fermanagh and South Tyrone","3","Age 10-14","1","Females","Number","3922"
"MYE","Mid-year population estimate","2023","2023","N05000007","Fermanagh and South Tyrone","3","Age 10-14","2","Males","Number","4128"
"MYE","Mid-year population estimate","2023","2023","N05000007","Fermanagh and South Tyrone","3","Age 10-14","All","All persons","Number","8050"
"MYE","Mid-year population estimate","2023","2023","N05000007","Fermanagh and South Tyrone","4","Age 15-19","1","Females","Number","3409"
"MYE","Mid-year population estimate","2023","2023","N05000007","Fermanagh and South Tyrone","4","Age 15-19","2","Males","Number","3738"
"MYE","Mid-year population estimate","2023","2023","N05000007","Fermanagh and South Tyrone","4","Age 15-19","All","All persons","Number","7147"
"MYE","Mid-year population estimate","2023","2023","N05000007","Fermanagh and South Tyrone","5","Age 20-24","1","Females","Number","2538"
"MYE","Mid-year population estimate","2023","2023","N05000007","Fermanagh and South Tyrone","5","Age 20-24","2","Males","Number","2874"
"MYE","Mid-year population estimate","2023","2023","N05000007","Fermanagh and South Tyrone","5","Age 20-24","All","All persons","Number","5412"
"MYE","Mid-year population estimate","2023","2023","N05000007","Fermanagh and South Tyrone","6","Age 25-29","1","Females","Number","2782"
"MYE","Mid-year population estimate","2023","2023","N05000007","Fermanagh and South Tyrone","6","Age 25-29","2","Males","Number","3227"
"MYE","Mid-year population estimate","2023","2023","N05000007","Fermanagh and South Tyrone","6","Age 25-29","All","All persons","Number","6009"
"MYE","Mid-year population estimate","2023","2023","N05000007","Fermanagh and South Tyrone","7","Age 30-34","1","Females","Number","3263"
"MYE","Mid-year population estimate","2023","2023","N05000007","Fermanagh and South Tyrone","7","Age 30-34","2","Males","Number","3374"
"MYE","Mid-year population estimate","2023","2023","N05000007","Fermanagh and South Tyrone","7","Age 30-34","All","All persons","Number","6637"
"MYE","Mid-year population estimate","2023","2023","N05000007","Fermanagh and South Tyrone","8","Age 35-39","1","Females","Number","3833"
"MYE","Mid-year population estimate","2023","2023","N05000007","Fermanagh and South Tyrone","8","Age 35-39","2","Males","Number","3738"
"MYE","Mid-year population estimate","2023","2023","N05000007","Fermanagh and South Tyrone","8","Age 35-39","All","All persons","Number","7571"
"MYE","Mid-year population estimate","2023","2023","N05000007","Fermanagh and South Tyrone","9","Age 40-44","1","Females","Number","3916"
"MYE","Mid-year population estimate","2023","2023","N05000007","Fermanagh and South Tyrone","9","Age 40-44","2","Males","Number","3968"
"MYE","Mid-year population estimate","2023","2023","N05000007","Fermanagh and South Tyrone","9","Age 40-44","All","All persons","Number","7884"
"MYE","Mid-year population estimate","2023","2023","N05000007","Fermanagh and South Tyrone","10","Age 45-49","1","Females","Number","3542"
"MYE","Mid-year population estimate","2023","2023","N05000007","Fermanagh and South Tyrone","10","Age 45-49","2","Males","Number","3475"
"MYE","Mid-year population estimate","2023","2023","N05000007","Fermanagh and South Tyrone","10","Age 45-49","All","All persons","Number","7017"
"MYE","Mid-year population estimate","2023","2023","N05000007","Fermanagh and South Tyrone","11","Age 50-54","1","Females","Number","3726"
"MYE","Mid-year population estimate","2023","2023","N05000007","Fermanagh and South Tyrone","11","Age 50-54","2","Males","Number","3742"
"MYE","Mid-year population estimate","2023","2023","N05000007","Fermanagh and South Tyrone","11","Age 50-54","All","All persons","Number","7468"
"MYE","Mid-year population estimate","2023","2023","N05000007","Fermanagh and South Tyrone","12","Age 55-59","1","Females","Number","3610"
"MYE","Mid-year population estimate","2023","2023","N05000007","Fermanagh and South Tyrone","12","Age 55-59","2","Males","Number","3568"
"MYE","Mid-year population estimate","2023","2023","N05000007","Fermanagh and South Tyrone","12","Age 55-59","All","All persons","Number","7178"
"MYE","Mid-year population estimate","2023","2023","N05000007","Fermanagh and South Tyrone","13","Age 60-64","1","Females","Number","3347"
"MYE","Mid-year population estimate","2023","2023","N05000007","Fermanagh and South Tyrone","13","Age 60-64","2","Males","Number","3456"
"MYE","Mid-year population estimate","2023","2023","N05000007","Fermanagh and South Tyrone","13","Age 60-64","All","All persons","Number","6803"
"MYE","Mid-year population estimate","2023","2023","N05000007","Fermanagh and South Tyrone","14","Age 65-69","1","Females","Number","2910"
"MYE","Mid-year population estimate","2023","2023","N05000007","Fermanagh and South Tyrone","14","Age 65-69","2","Males","Number","3016"
"MYE","Mid-year population estimate","2023","2023","N05000007","Fermanagh and South Tyrone","14","Age 65-69","All","All persons","Number","5926"
"MYE","Mid-year population estimate","2023","2023","N05000007","Fermanagh and South Tyrone","15","Age 70-74","1","Females","Number","2562"
"MYE","Mid-year population estimate","2023","2023","N05000007","Fermanagh and South Tyrone","15","Age 70-74","2","Males","Number","2562"
"MYE","Mid-year population estimate","2023","2023","N05000007","Fermanagh and South Tyrone","15","Age 70-74","All","All persons","Number","5124"
"MYE","Mid-year population estimate","2023","2023","N05000007","Fermanagh and South Tyrone","16","Age 75-79","1","Females","Number","2149"
"MYE","Mid-year population estimate","2023","2023","N05000007","Fermanagh and South Tyrone","16","Age 75-79","2","Males","Number","2063"
"MYE","Mid-year population estimate","2023","2023","N05000007","Fermanagh and South Tyrone","16","Age 75-79","All","All persons","Number","4212"
"MYE","Mid-year population estimate","2023","2023","N05000007","Fermanagh and South Tyrone","17","Age 80-84","1","Females","Number","1479"
"MYE","Mid-year population estimate","2023","2023","N05000007","Fermanagh and South Tyrone","17","Age 80-84","2","Males","Number","1238"
"MYE","Mid-year population estimate","2023","2023","N05000007","Fermanagh and South Tyrone","17","Age 80-84","All","All persons","Number","2717"
"MYE","Mid-year population estimate","2023","2023","N05000007","Fermanagh and South Tyrone","18","Age 85-89","1","Females","Number","982"
"MYE","Mid-year population estimate","2023","2023","N05000007","Fermanagh and South Tyrone","18","Age 85-89","2","Males","Number","716"
"MYE","Mid-year population estimate","2023","2023","N05000007","Fermanagh and South Tyrone","18","Age 85-89","All","All persons","Number","1698"
"MYE","Mid-year population estimate","2023","2023","N05000007","Fermanagh and South Tyrone","19","Age 90+","1","Females","Number","557"
"MYE","Mid-year population estimate","2023","2023","N05000007","Fermanagh and South Tyrone","19","Age 90+","2","Males","Number","256"
"MYE","Mid-year population estimate","2023","2023","N05000007","Fermanagh and South Tyrone","19","Age 90+","All","All persons","Number","813"
"MYE","Mid-year population estimate","2023","2023","N05000007","Fermanagh and South Tyrone","All","All","1","Females","Number","55858"
"MYE","Mid-year population estimate","2023","2023","N05000007","Fermanagh and South Tyrone","All","All","2","Males","Number","56720"
"MYE","Mid-year population estimate","2023","2023","N05000007","Fermanagh and South Tyrone","All","All","All","All persons","Number","112578"
"MYE","Mid-year population estimate","2023","2023","N05000008","Foyle","1","Age 0-4","1","Females","Number","2870"
"MYE","Mid-year population estimate","2023","2023","N05000008","Foyle","1","Age 0-4","2","Males","Number","3052"
"MYE","Mid-year population estimate","2023","2023","N05000008","Foyle","1","Age 0-4","All","All persons","Number","5922"
"MYE","Mid-year population estimate","2023","2023","N05000008","Foyle","2","Age 5-9","1","Females","Number","3201"
"MYE","Mid-year population estimate","2023","2023","N05000008","Foyle","2","Age 5-9","2","Males","Number","3380"
"MYE","Mid-year population estimate","2023","2023","N05000008","Foyle","2","Age 5-9","All","All persons","Number","6581"
"MYE","Mid-year population estimate","2023","2023","N05000008","Foyle","3","Age 10-14","1","Females","Number","3410"
"MYE","Mid-year population estimate","2023","2023","N05000008","Foyle","3","Age 10-14","2","Males","Number","3492"
"MYE","Mid-year population estimate","2023","2023","N05000008","Foyle","3","Age 10-14","All","All persons","Number","6902"
"MYE","Mid-year population estimate","2023","2023","N05000008","Foyle","4","Age 15-19","1","Females","Number","3198"
"MYE","Mid-year population estimate","2023","2023","N05000008","Foyle","4","Age 15-19","2","Males","Number","3272"
"MYE","Mid-year population estimate","2023","2023","N05000008","Foyle","4","Age 15-19","All","All persons","Number","6470"
"MYE","Mid-year population estimate","2023","2023","N05000008","Foyle","5","Age 20-24","1","Females","Number","2445"
"MYE","Mid-year population estimate","2023","2023","N05000008","Foyle","5","Age 20-24","2","Males","Number","2701"
"MYE","Mid-year population estimate","2023","2023","N05000008","Foyle","5","Age 20-24","All","All persons","Number","5146"
"MYE","Mid-year population estimate","2023","2023","N05000008","Foyle","6","Age 25-29","1","Females","Number","2955"
"MYE","Mid-year population estimate","2023","2023","N05000008","Foyle","6","Age 25-29","2","Males","Number","2834"
"MYE","Mid-year population estimate","2023","2023","N05000008","Foyle","6","Age 25-29","All","All persons","Number","5789"
"MYE","Mid-year population estimate","2023","2023","N05000008","Foyle","7","Age 30-34","1","Females","Number","3470"
"MYE","Mid-year population estimate","2023","2023","N05000008","Foyle","7","Age 30-34","2","Males","Number","2984"
"MYE","Mid-year population estimate","2023","2023","N05000008","Foyle","7","Age 30-34","All","All persons","Number","6454"
"MYE","Mid-year population estimate","2023","2023","N05000008","Foyle","8","Age 35-39","1","Females","Number","3658"
"MYE","Mid-year population estimate","2023","2023","N05000008","Foyle","8","Age 35-39","2","Males","Number","3153"
"MYE","Mid-year population estimate","2023","2023","N05000008","Foyle","8","Age 35-39","All","All persons","Number","6811"
"MYE","Mid-year population estimate","2023","2023","N05000008","Foyle","9","Age 40-44","1","Females","Number","3536"
"MYE","Mid-year population estimate","2023","2023","N05000008","Foyle","9","Age 40-44","2","Males","Number","3023"
"MYE","Mid-year population estimate","2023","2023","N05000008","Foyle","9","Age 40-44","All","All persons","Number","6559"
"MYE","Mid-year population estimate","2023","2023","N05000008","Foyle","10","Age 45-49","1","Females","Number","3110"
"MYE","Mid-year population estimate","2023","2023","N05000008","Foyle","10","Age 45-49","2","Males","Number","2788"
"MYE","Mid-year population estimate","2023","2023","N05000008","Foyle","10","Age 45-49","All","All persons","Number","5898"
"MYE","Mid-year population estimate","2023","2023","N05000008","Foyle","11","Age 50-54","1","Females","Number","3274"
"MYE","Mid-year population estimate","2023","2023","N05000008","Foyle","11","Age 50-54","2","Males","Number","3118"
"MYE","Mid-year population estimate","2023","2023","N05000008","Foyle","11","Age 50-54","All","All persons","Number","6392"
"MYE","Mid-year population estimate","2023","2023","N05000008","Foyle","12","Age 55-59","1","Females","Number","3538"
"MYE","Mid-year population estimate","2023","2023","N05000008","Foyle","12","Age 55-59","2","Males","Number","3192"
"MYE","Mid-year population estimate","2023","2023","N05000008","Foyle","12","Age 55-59","All","All persons","Number","6730"
"MYE","Mid-year population estimate","2023","2023","N05000008","Foyle","13","Age 60-64","1","Females","Number","3262"
"MYE","Mid-year population estimate","2023","2023","N05000008","Foyle","13","Age 60-64","2","Males","Number","3022"
"MYE","Mid-year population estimate","2023","2023","N05000008","Foyle","13","Age 60-64","All","All persons","Number","6284"
"MYE","Mid-year population estimate","2023","2023","N05000008","Foyle","14","Age 65-69","1","Females","Number","2594"
"MYE","Mid-year population estimate","2023","2023","N05000008","Foyle","14","Age 65-69","2","Males","Number","2410"
"MYE","Mid-year population estimate","2023","2023","N05000008","Foyle","14","Age 65-69","All","All persons","Number","5004"
"MYE","Mid-year population estimate","2023","2023","N05000008","Foyle","15","Age 70-74","1","Females","Number","2162"
"MYE","Mid-year population estimate","2023","2023","N05000008","Foyle","15","Age 70-74","2","Males","Number","2031"
"MYE","Mid-year population estimate","2023","2023","N05000008","Foyle","15","Age 70-74","All","All persons","Number","4193"
"MYE","Mid-year population estimate","2023","2023","N05000008","Foyle","16","Age 75-79","1","Females","Number","1682"
"MYE","Mid-year population estimate","2023","2023","N05000008","Foyle","16","Age 75-79","2","Males","Number","1521"
"MYE","Mid-year population estimate","2023","2023","N05000008","Foyle","16","Age 75-79","All","All persons","Number","3203"
"MYE","Mid-year population estimate","2023","2023","N05000008","Foyle","17","Age 80-84","1","Females","Number","1082"
"MYE","Mid-year population estimate","2023","2023","N05000008","Foyle","17","Age 80-84","2","Males","Number","833"
"MYE","Mid-year population estimate","2023","2023","N05000008","Foyle","17","Age 80-84","All","All persons","Number","1915"
"MYE","Mid-year population estimate","2023","2023","N05000008","Foyle","18","Age 85-89","1","Females","Number","686"
"MYE","Mid-year population estimate","2023","2023","N05000008","Foyle","18","Age 85-89","2","Males","Number","405"
"MYE","Mid-year population estimate","2023","2023","N05000008","Foyle","18","Age 85-89","All","All persons","Number","1091"
"MYE","Mid-year population estimate","2023","2023","N05000008","Foyle","19","Age 90+","1","Females","Number","297"
"MYE","Mid-year population estimate","2023","2023","N05000008","Foyle","19","Age 90+","2","Males","Number","149"
"MYE","Mid-year population estimate","2023","2023","N05000008","Foyle","19","Age 90+","All","All persons","Number","446"
"MYE","Mid-year population estimate","2023","2023","N05000008","Foyle","All","All","1","Females","Number","50430"
"MYE","Mid-year population estimate","2023","2023","N05000008","Foyle","All","All","2","Males","Number","47360"
"MYE","Mid-year population estimate","2023","2023","N05000008","Foyle","All","All","All","All persons","Number","97790"
"MYE","Mid-year population estimate","2023","2023","N05000009","Lagan Valley","1","Age 0-4","1","Females","Number","3112"
"MYE","Mid-year population estimate","2023","2023","N05000009","Lagan Valley","1","Age 0-4","2","Males","Number","3325"
"MYE","Mid-year population estimate","2023","2023","N05000009","Lagan Valley","1","Age 0-4","All","All persons","Number","6437"
"MYE","Mid-year population estimate","2023","2023","N05000009","Lagan Valley","2","Age 5-9","1","Females","Number","3494"
"MYE","Mid-year population estimate","2023","2023","N05000009","Lagan Valley","2","Age 5-9","2","Males","Number","3908"
"MYE","Mid-year population estimate","2023","2023","N05000009","Lagan Valley","2","Age 5-9","All","All persons","Number","7402"
"MYE","Mid-year population estimate","2023","2023","N05000009","Lagan Valley","3","Age 10-14","1","Females","Number","3729"
"MYE","Mid-year population estimate","2023","2023","N05000009","Lagan Valley","3","Age 10-14","2","Males","Number","4003"
"MYE","Mid-year population estimate","2023","2023","N05000009","Lagan Valley","3","Age 10-14","All","All persons","Number","7732"
"MYE","Mid-year population estimate","2023","2023","N05000009","Lagan Valley","4","Age 15-19","1","Females","Number","3239"
"MYE","Mid-year population estimate","2023","2023","N05000009","Lagan Valley","4","Age 15-19","2","Males","Number","3540"
"MYE","Mid-year population estimate","2023","2023","N05000009","Lagan Valley","4","Age 15-19","All","All persons","Number","6779"
"MYE","Mid-year population estimate","2023","2023","N05000009","Lagan Valley","5","Age 20-24","1","Females","Number","2240"
"MYE","Mid-year population estimate","2023","2023","N05000009","Lagan Valley","5","Age 20-24","2","Males","Number","2610"
"MYE","Mid-year population estimate","2023","2023","N05000009","Lagan Valley","5","Age 20-24","All","All persons","Number","4850"
"MYE","Mid-year population estimate","2023","2023","N05000009","Lagan Valley","6","Age 25-29","1","Females","Number","3182"
"MYE","Mid-year population estimate","2023","2023","N05000009","Lagan Valley","6","Age 25-29","2","Males","Number","3228"
"MYE","Mid-year population estimate","2023","2023","N05000009","Lagan Valley","6","Age 25-29","All","All persons","Number","6410"
"MYE","Mid-year population estimate","2023","2023","N05000009","Lagan Valley","7","Age 30-34","1","Females","Number","3883"
"MYE","Mid-year population estimate","2023","2023","N05000009","Lagan Valley","7","Age 30-34","2","Males","Number","3686"
"MYE","Mid-year population estimate","2023","2023","N05000009","Lagan Valley","7","Age 30-34","All","All persons","Number","7569"
"MYE","Mid-year population estimate","2023","2023","N05000009","Lagan Valley","8","Age 35-39","1","Females","Number","4166"
"MYE","Mid-year population estimate","2023","2023","N05000009","Lagan Valley","8","Age 35-39","2","Males","Number","3853"
"MYE","Mid-year population estimate","2023","2023","N05000009","Lagan Valley","8","Age 35-39","All","All persons","Number","8019"
"MYE","Mid-year population estimate","2023","2023","N05000009","Lagan Valley","9","Age 40-44","1","Females","Number","4011"
"MYE","Mid-year population estimate","2023","2023","N05000009","Lagan Valley","9","Age 40-44","2","Males","Number","3863"
"MYE","Mid-year population estimate","2023","2023","N05000009","Lagan Valley","9","Age 40-44","All","All persons","Number","7874"
"MYE","Mid-year population estimate","2023","2023","N05000009","Lagan Valley","10","Age 45-49","1","Females","Number","3639"
"MYE","Mid-year population estimate","2023","2023","N05000009","Lagan Valley","10","Age 45-49","2","Males","Number","3442"
"MYE","Mid-year population estimate","2023","2023","N05000009","Lagan Valley","10","Age 45-49","All","All persons","Number","7081"
"MYE","Mid-year population estimate","2023","2023","N05000009","Lagan Valley","11","Age 50-54","1","Females","Number","4008"
"MYE","Mid-year population estimate","2023","2023","N05000009","Lagan Valley","11","Age 50-54","2","Males","Number","3845"
"MYE","Mid-year population estimate","2023","2023","N05000009","Lagan Valley","11","Age 50-54","All","All persons","Number","7853"
"MYE","Mid-year population estimate","2023","2023","N05000009","Lagan Valley","12","Age 55-59","1","Females","Number","4025"
"MYE","Mid-year population estimate","2023","2023","N05000009","Lagan Valley","12","Age 55-59","2","Males","Number","3845"
"MYE","Mid-year population estimate","2023","2023","N05000009","Lagan Valley","12","Age 55-59","All","All persons","Number","7870"
"MYE","Mid-year population estimate","2023","2023","N05000009","Lagan Valley","13","Age 60-64","1","Females","Number","3505"
"MYE","Mid-year population estimate","2023","2023","N05000009","Lagan Valley","13","Age 60-64","2","Males","Number","3365"
"MYE","Mid-year population estimate","2023","2023","N05000009","Lagan Valley","13","Age 60-64","All","All persons","Number","6870"
"MYE","Mid-year population estimate","2023","2023","N05000009","Lagan Valley","14","Age 65-69","1","Females","Number","2830"
"MYE","Mid-year population estimate","2023","2023","N05000009","Lagan Valley","14","Age 65-69","2","Males","Number","2741"
"MYE","Mid-year population estimate","2023","2023","N05000009","Lagan Valley","14","Age 65-69","All","All persons","Number","5571"
"MYE","Mid-year population estimate","2023","2023","N05000009","Lagan Valley","15","Age 70-74","1","Females","Number","2501"
"MYE","Mid-year population estimate","2023","2023","N05000009","Lagan Valley","15","Age 70-74","2","Males","Number","2304"
"MYE","Mid-year population estimate","2023","2023","N05000009","Lagan Valley","15","Age 70-74","All","All persons","Number","4805"
"MYE","Mid-year population estimate","2023","2023","N05000009","Lagan Valley","16","Age 75-79","1","Females","Number","2296"
"MYE","Mid-year population estimate","2023","2023","N05000009","Lagan Valley","16","Age 75-79","2","Males","Number","1986"
"MYE","Mid-year population estimate","2023","2023","N05000009","Lagan Valley","16","Age 75-79","All","All persons","Number","4282"
"MYE","Mid-year population estimate","2023","2023","N05000009","Lagan Valley","17","Age 80-84","1","Females","Number","1728"
"MYE","Mid-year population estimate","2023","2023","N05000009","Lagan Valley","17","Age 80-84","2","Males","Number","1364"
"MYE","Mid-year population estimate","2023","2023","N05000009","Lagan Valley","17","Age 80-84","All","All persons","Number","3092"
"MYE","Mid-year population estimate","2023","2023","N05000009","Lagan Valley","18","Age 85-89","1","Females","Number","1055"
"MYE","Mid-year population estimate","2023","2023","N05000009","Lagan Valley","18","Age 85-89","2","Males","Number","705"
"MYE","Mid-year population estimate","2023","2023","N05000009","Lagan Valley","18","Age 85-89","All","All persons","Number","1760"
"MYE","Mid-year population estimate","2023","2023","N05000009","Lagan Valley","19","Age 90+","1","Females","Number","589"
"MYE","Mid-year population estimate","2023","2023","N05000009","Lagan Valley","19","Age 90+","2","Males","Number","287"
"MYE","Mid-year population estimate","2023","2023","N05000009","Lagan Valley","19","Age 90+","All","All persons","Number","876"
"MYE","Mid-year population estimate","2023","2023","N05000009","Lagan Valley","All","All","1","Females","Number","57232"
"MYE","Mid-year population estimate","2023","2023","N05000009","Lagan Valley","All","All","2","Males","Number","55900"
"MYE","Mid-year population estimate","2023","2023","N05000009","Lagan Valley","All","All","All","All persons","Number","113132"
"MYE","Mid-year population estimate","2023","2023","N05000010","Mid Ulster","1","Age 0-4","1","Females","Number","3411"
"MYE","Mid-year population estimate","2023","2023","N05000010","Mid Ulster","1","Age 0-4","2","Males","Number","3654"
"MYE","Mid-year population estimate","2023","2023","N05000010","Mid Ulster","1","Age 0-4","All","All persons","Number","7065"
"MYE","Mid-year population estimate","2023","2023","N05000010","Mid Ulster","2","Age 5-9","1","Females","Number","3688"
"MYE","Mid-year population estimate","2023","2023","N05000010","Mid Ulster","2","Age 5-9","2","Males","Number","3905"
"MYE","Mid-year population estimate","2023","2023","N05000010","Mid Ulster","2","Age 5-9","All","All persons","Number","7593"
"MYE","Mid-year population estimate","2023","2023","N05000010","Mid Ulster","3","Age 10-14","1","Females","Number","3941"
"MYE","Mid-year population estimate","2023","2023","N05000010","Mid Ulster","3","Age 10-14","2","Males","Number","4001"
"MYE","Mid-year population estimate","2023","2023","N05000010","Mid Ulster","3","Age 10-14","All","All persons","Number","7942"
"MYE","Mid-year population estimate","2023","2023","N05000010","Mid Ulster","4","Age 15-19","1","Females","Number","3477"
"MYE","Mid-year population estimate","2023","2023","N05000010","Mid Ulster","4","Age 15-19","2","Males","Number","3674"
"MYE","Mid-year population estimate","2023","2023","N05000010","Mid Ulster","4","Age 15-19","All","All persons","Number","7151"
"MYE","Mid-year population estimate","2023","2023","N05000010","Mid Ulster","5","Age 20-24","1","Females","Number","2674"
"MYE","Mid-year population estimate","2023","2023","N05000010","Mid Ulster","5","Age 20-24","2","Males","Number","2916"
"MYE","Mid-year population estimate","2023","2023","N05000010","Mid Ulster","5","Age 20-24","All","All persons","Number","5590"
"MYE","Mid-year population estimate","2023","2023","N05000010","Mid Ulster","6","Age 25-29","1","Females","Number","2990"
"MYE","Mid-year population estimate","2023","2023","N05000010","Mid Ulster","6","Age 25-29","2","Males","Number","3207"
"MYE","Mid-year population estimate","2023","2023","N05000010","Mid Ulster","6","Age 25-29","All","All persons","Number","6197"
"MYE","Mid-year population estimate","2023","2023","N05000010","Mid Ulster","7","Age 30-34","1","Females","Number","3425"
"MYE","Mid-year population estimate","2023","2023","N05000010","Mid Ulster","7","Age 30-34","2","Males","Number","3328"
"MYE","Mid-year population estimate","2023","2023","N05000010","Mid Ulster","7","Age 30-34","All","All persons","Number","6753"
"MYE","Mid-year population estimate","2023","2023","N05000010","Mid Ulster","8","Age 35-39","1","Females","Number","3711"
"MYE","Mid-year population estimate","2023","2023","N05000010","Mid Ulster","8","Age 35-39","2","Males","Number","3591"
"MYE","Mid-year population estimate","2023","2023","N05000010","Mid Ulster","8","Age 35-39","All","All persons","Number","7302"
"MYE","Mid-year population estimate","2023","2023","N05000010","Mid Ulster","9","Age 40-44","1","Females","Number","3720"
"MYE","Mid-year population estimate","2023","2023","N05000010","Mid Ulster","9","Age 40-44","2","Males","Number","3599"
"MYE","Mid-year population estimate","2023","2023","N05000010","Mid Ulster","9","Age 40-44","All","All persons","Number","7319"
"MYE","Mid-year population estimate","2023","2023","N05000010","Mid Ulster","10","Age 45-49","1","Females","Number","3387"
"MYE","Mid-year population estimate","2023","2023","N05000010","Mid Ulster","10","Age 45-49","2","Males","Number","3406"
"MYE","Mid-year population estimate","2023","2023","N05000010","Mid Ulster","10","Age 45-49","All","All persons","Number","6793"
"MYE","Mid-year population estimate","2023","2023","N05000010","Mid Ulster","11","Age 50-54","1","Females","Number","3547"
"MYE","Mid-year population estimate","2023","2023","N05000010","Mid Ulster","11","Age 50-54","2","Males","Number","3609"
"MYE","Mid-year population estimate","2023","2023","N05000010","Mid Ulster","11","Age 50-54","All","All persons","Number","7156"
"MYE","Mid-year population estimate","2023","2023","N05000010","Mid Ulster","12","Age 55-59","1","Females","Number","3282"
"MYE","Mid-year population estimate","2023","2023","N05000010","Mid Ulster","12","Age 55-59","2","Males","Number","3308"
"MYE","Mid-year population estimate","2023","2023","N05000010","Mid Ulster","12","Age 55-59","All","All persons","Number","6590"
"MYE","Mid-year population estimate","2023","2023","N05000010","Mid Ulster","13","Age 60-64","1","Females","Number","2996"
"MYE","Mid-year population estimate","2023","2023","N05000010","Mid Ulster","13","Age 60-64","2","Males","Number","2918"
"MYE","Mid-year population estimate","2023","2023","N05000010","Mid Ulster","13","Age 60-64","All","All persons","Number","5914"
"MYE","Mid-year population estimate","2023","2023","N05000010","Mid Ulster","14","Age 65-69","1","Females","Number","2414"
"MYE","Mid-year population estimate","2023","2023","N05000010","Mid Ulster","14","Age 65-69","2","Males","Number","2464"
"MYE","Mid-year population estimate","2023","2023","N05000010","Mid Ulster","14","Age 65-69","All","All persons","Number","4878"
"MYE","Mid-year population estimate","2023","2023","N05000010","Mid Ulster","15","Age 70-74","1","Females","Number","2142"
"MYE","Mid-year population estimate","2023","2023","N05000010","Mid Ulster","15","Age 70-74","2","Males","Number","2083"
"MYE","Mid-year population estimate","2023","2023","N05000010","Mid Ulster","15","Age 70-74","All","All persons","Number","4225"
"MYE","Mid-year population estimate","2023","2023","N05000010","Mid Ulster","16","Age 75-79","1","Females","Number","1872"
"MYE","Mid-year population estimate","2023","2023","N05000010","Mid Ulster","16","Age 75-79","2","Males","Number","1630"
"MYE","Mid-year population estimate","2023","2023","N05000010","Mid Ulster","16","Age 75-79","All","All persons","Number","3502"
"MYE","Mid-year population estimate","2023","2023","N05000010","Mid Ulster","17","Age 80-84","1","Females","Number","1287"
"MYE","Mid-year population estimate","2023","2023","N05000010","Mid Ulster","17","Age 80-84","2","Males","Number","1022"
"MYE","Mid-year population estimate","2023","2023","N05000010","Mid Ulster","17","Age 80-84","All","All persons","Number","2309"
"MYE","Mid-year population estimate","2023","2023","N05000010","Mid Ulster","18","Age 85-89","1","Females","Number","786"
"MYE","Mid-year population estimate","2023","2023","N05000010","Mid Ulster","18","Age 85-89","2","Males","Number","505"
"MYE","Mid-year population estimate","2023","2023","N05000010","Mid Ulster","18","Age 85-89","All","All persons","Number","1291"
"MYE","Mid-year population estimate","2023","2023","N05000010","Mid Ulster","19","Age 90+","1","Females","Number","468"
"MYE","Mid-year population estimate","2023","2023","N05000010","Mid Ulster","19","Age 90+","2","Males","Number","218"
"MYE","Mid-year population estimate","2023","2023","N05000010","Mid Ulster","19","Age 90+","All","All persons","Number","686"
"MYE","Mid-year population estimate","2023","2023","N05000010","Mid Ulster","All","All","1","Females","Number","53218"
"MYE","Mid-year population estimate","2023","2023","N05000010","Mid Ulster","All","All","2","Males","Number","53038"
"MYE","Mid-year population estimate","2023","2023","N05000010","Mid Ulster","All","All","All","All persons","Number","106256"
"MYE","Mid-year population estimate","2023","2023","N05000011","Newry and Armagh","1","Age 0-4","1","Females","Number","3639"
"MYE","Mid-year population estimate","2023","2023","N05000011","Newry and Armagh","1","Age 0-4","2","Males","Number","3829"
"MYE","Mid-year population estimate","2023","2023","N05000011","Newry and Armagh","1","Age 0-4","All","All persons","Number","7468"
"MYE","Mid-year population estimate","2023","2023","N05000011","Newry and Armagh","2","Age 5-9","1","Females","Number","4073"
"MYE","Mid-year population estimate","2023","2023","N05000011","Newry and Armagh","2","Age 5-9","2","Males","Number","4142"
"MYE","Mid-year population estimate","2023","2023","N05000011","Newry and Armagh","2","Age 5-9","All","All persons","Number","8215"
"MYE","Mid-year population estimate","2023","2023","N05000011","Newry and Armagh","3","Age 10-14","1","Females","Number","4163"
"MYE","Mid-year population estimate","2023","2023","N05000011","Newry and Armagh","3","Age 10-14","2","Males","Number","4233"
"MYE","Mid-year population estimate","2023","2023","N05000011","Newry and Armagh","3","Age 10-14","All","All persons","Number","8396"
"MYE","Mid-year population estimate","2023","2023","N05000011","Newry and Armagh","4","Age 15-19","1","Females","Number","3606"
"MYE","Mid-year population estimate","2023","2023","N05000011","Newry and Armagh","4","Age 15-19","2","Males","Number","3886"
"MYE","Mid-year population estimate","2023","2023","N05000011","Newry and Armagh","4","Age 15-19","All","All persons","Number","7492"
"MYE","Mid-year population estimate","2023","2023","N05000011","Newry and Armagh","5","Age 20-24","1","Females","Number","2623"
"MYE","Mid-year population estimate","2023","2023","N05000011","Newry and Armagh","5","Age 20-24","2","Males","Number","2937"
"MYE","Mid-year population estimate","2023","2023","N05000011","Newry and Armagh","5","Age 20-24","All","All persons","Number","5560"
"MYE","Mid-year population estimate","2023","2023","N05000011","Newry and Armagh","6","Age 25-29","1","Females","Number","3226"
"MYE","Mid-year population estimate","2023","2023","N05000011","Newry and Armagh","6","Age 25-29","2","Males","Number","3240"
"MYE","Mid-year population estimate","2023","2023","N05000011","Newry and Armagh","6","Age 25-29","All","All persons","Number","6466"
"MYE","Mid-year population estimate","2023","2023","N05000011","Newry and Armagh","7","Age 30-34","1","Females","Number","3591"
"MYE","Mid-year population estimate","2023","2023","N05000011","Newry and Armagh","7","Age 30-34","2","Males","Number","3379"
"MYE","Mid-year population estimate","2023","2023","N05000011","Newry and Armagh","7","Age 30-34","All","All persons","Number","6970"
"MYE","Mid-year population estimate","2023","2023","N05000011","Newry and Armagh","8","Age 35-39","1","Females","Number","3929"
"MYE","Mid-year population estimate","2023","2023","N05000011","Newry and Armagh","8","Age 35-39","2","Males","Number","3669"
"MYE","Mid-year population estimate","2023","2023","N05000011","Newry and Armagh","8","Age 35-39","All","All persons","Number","7598"
"MYE","Mid-year population estimate","2023","2023","N05000011","Newry and Armagh","9","Age 40-44","1","Females","Number","3917"
"MYE","Mid-year population estimate","2023","2023","N05000011","Newry and Armagh","9","Age 40-44","2","Males","Number","3656"
"MYE","Mid-year population estimate","2023","2023","N05000011","Newry and Armagh","9","Age 40-44","All","All persons","Number","7573"
"MYE","Mid-year population estimate","2023","2023","N05000011","Newry and Armagh","10","Age 45-49","1","Females","Number","3530"
"MYE","Mid-year population estimate","2023","2023","N05000011","Newry and Armagh","10","Age 45-49","2","Males","Number","3478"
"MYE","Mid-year population estimate","2023","2023","N05000011","Newry and Armagh","10","Age 45-49","All","All persons","Number","7008"
"MYE","Mid-year population estimate","2023","2023","N05000011","Newry and Armagh","11","Age 50-54","1","Females","Number","3762"
"MYE","Mid-year population estimate","2023","2023","N05000011","Newry and Armagh","11","Age 50-54","2","Males","Number","3567"
"MYE","Mid-year population estimate","2023","2023","N05000011","Newry and Armagh","11","Age 50-54","All","All persons","Number","7329"
"MYE","Mid-year population estimate","2023","2023","N05000011","Newry and Armagh","12","Age 55-59","1","Females","Number","3668"
"MYE","Mid-year population estimate","2023","2023","N05000011","Newry and Armagh","12","Age 55-59","2","Males","Number","3649"
"MYE","Mid-year population estimate","2023","2023","N05000011","Newry and Armagh","12","Age 55-59","All","All persons","Number","7317"
"MYE","Mid-year population estimate","2023","2023","N05000011","Newry and Armagh","13","Age 60-64","1","Females","Number","3322"
"MYE","Mid-year population estimate","2023","2023","N05000011","Newry and Armagh","13","Age 60-64","2","Males","Number","3132"
"MYE","Mid-year population estimate","2023","2023","N05000011","Newry and Armagh","13","Age 60-64","All","All persons","Number","6454"
"MYE","Mid-year population estimate","2023","2023","N05000011","Newry and Armagh","14","Age 65-69","1","Females","Number","2815"
"MYE","Mid-year population estimate","2023","2023","N05000011","Newry and Armagh","14","Age 65-69","2","Males","Number","2823"
"MYE","Mid-year population estimate","2023","2023","N05000011","Newry and Armagh","14","Age 65-69","All","All persons","Number","5638"
"MYE","Mid-year population estimate","2023","2023","N05000011","Newry and Armagh","15","Age 70-74","1","Females","Number","2373"
"MYE","Mid-year population estimate","2023","2023","N05000011","Newry and Armagh","15","Age 70-74","2","Males","Number","2182"
"MYE","Mid-year population estimate","2023","2023","N05000011","Newry and Armagh","15","Age 70-74","All","All persons","Number","4555"
"MYE","Mid-year population estimate","2023","2023","N05000011","Newry and Armagh","16","Age 75-79","1","Females","Number","2028"
"MYE","Mid-year population estimate","2023","2023","N05000011","Newry and Armagh","16","Age 75-79","2","Males","Number","1821"
"MYE","Mid-year population estimate","2023","2023","N05000011","Newry and Armagh","16","Age 75-79","All","All persons","Number","3849"
"MYE","Mid-year population estimate","2023","2023","N05000011","Newry and Armagh","17","Age 80-84","1","Females","Number","1387"
"MYE","Mid-year population estimate","2023","2023","N05000011","Newry and Armagh","17","Age 80-84","2","Males","Number","1073"
"MYE","Mid-year population estimate","2023","2023","N05000011","Newry and Armagh","17","Age 80-84","All","All persons","Number","2460"
"MYE","Mid-year population estimate","2023","2023","N05000011","Newry and Armagh","18","Age 85-89","1","Females","Number","805"
"MYE","Mid-year population estimate","2023","2023","N05000011","Newry and Armagh","18","Age 85-89","2","Males","Number","567"
"MYE","Mid-year population estimate","2023","2023","N05000011","Newry and Armagh","18","Age 85-89","All","All persons","Number","1372"
"MYE","Mid-year population estimate","2023","2023","N05000011","Newry and Armagh","19","Age 90+","1","Females","Number","520"
"MYE","Mid-year population estimate","2023","2023","N05000011","Newry and Armagh","19","Age 90+","2","Males","Number","206"
"MYE","Mid-year population estimate","2023","2023","N05000011","Newry and Armagh","19","Age 90+","All","All persons","Number","726"
"MYE","Mid-year population estimate","2023","2023","N05000011","Newry and Armagh","All","All","1","Females","Number","56977"
"MYE","Mid-year population estimate","2023","2023","N05000011","Newry and Armagh","All","All","2","Males","Number","55469"
"MYE","Mid-year population estimate","2023","2023","N05000011","Newry and Armagh","All","All","All","All persons","Number","112446"
"MYE","Mid-year population estimate","2023","2023","N05000012","North Antrim","1","Age 0-4","1","Females","Number","2801"
"MYE","Mid-year population estimate","2023","2023","N05000012","North Antrim","1","Age 0-4","2","Males","Number","2952"
"MYE","Mid-year population estimate","2023","2023","N05000012","North Antrim","1","Age 0-4","All","All persons","Number","5753"
"MYE","Mid-year population estimate","2023","2023","N05000012","North Antrim","2","Age 5-9","1","Females","Number","3218"
"MYE","Mid-year population estimate","2023","2023","N05000012","North Antrim","2","Age 5-9","2","Males","Number","3323"
"MYE","Mid-year population estimate","2023","2023","N05000012","North Antrim","2","Age 5-9","All","All persons","Number","6541"
"MYE","Mid-year population estimate","2023","2023","N05000012","North Antrim","3","Age 10-14","1","Females","Number","3308"
"MYE","Mid-year population estimate","2023","2023","N05000012","North Antrim","3","Age 10-14","2","Males","Number","3402"
"MYE","Mid-year population estimate","2023","2023","N05000012","North Antrim","3","Age 10-14","All","All persons","Number","6710"
"MYE","Mid-year population estimate","2023","2023","N05000012","North Antrim","4","Age 15-19","1","Females","Number","3064"
"MYE","Mid-year population estimate","2023","2023","N05000012","North Antrim","4","Age 15-19","2","Males","Number","3261"
"MYE","Mid-year population estimate","2023","2023","N05000012","North Antrim","4","Age 15-19","All","All persons","Number","6325"
"MYE","Mid-year population estimate","2023","2023","N05000012","North Antrim","5","Age 20-24","1","Females","Number","2366"
"MYE","Mid-year population estimate","2023","2023","N05000012","North Antrim","5","Age 20-24","2","Males","Number","2608"
"MYE","Mid-year population estimate","2023","2023","N05000012","North Antrim","5","Age 20-24","All","All persons","Number","4974"
"MYE","Mid-year population estimate","2023","2023","N05000012","North Antrim","6","Age 25-29","1","Females","Number","2835"
"MYE","Mid-year population estimate","2023","2023","N05000012","North Antrim","6","Age 25-29","2","Males","Number","2896"
"MYE","Mid-year population estimate","2023","2023","N05000012","North Antrim","6","Age 25-29","All","All persons","Number","5731"
"MYE","Mid-year population estimate","2023","2023","N05000012","North Antrim","7","Age 30-34","1","Females","Number","3158"
"MYE","Mid-year population estimate","2023","2023","N05000012","North Antrim","7","Age 30-34","2","Males","Number","3093"
"MYE","Mid-year population estimate","2023","2023","N05000012","North Antrim","7","Age 30-34","All","All persons","Number","6251"
"MYE","Mid-year population estimate","2023","2023","N05000012","North Antrim","8","Age 35-39","1","Females","Number","3412"
"MYE","Mid-year population estimate","2023","2023","N05000012","North Antrim","8","Age 35-39","2","Males","Number","3309"
"MYE","Mid-year population estimate","2023","2023","N05000012","North Antrim","8","Age 35-39","All","All persons","Number","6721"
"MYE","Mid-year population estimate","2023","2023","N05000012","North Antrim","9","Age 40-44","1","Females","Number","3507"
"MYE","Mid-year population estimate","2023","2023","N05000012","North Antrim","9","Age 40-44","2","Males","Number","3212"
"MYE","Mid-year population estimate","2023","2023","N05000012","North Antrim","9","Age 40-44","All","All persons","Number","6719"
"MYE","Mid-year population estimate","2023","2023","N05000012","North Antrim","10","Age 45-49","1","Females","Number","3237"
"MYE","Mid-year population estimate","2023","2023","N05000012","North Antrim","10","Age 45-49","2","Males","Number","3154"
"MYE","Mid-year population estimate","2023","2023","N05000012","North Antrim","10","Age 45-49","All","All persons","Number","6391"
"MYE","Mid-year population estimate","2023","2023","N05000012","North Antrim","11","Age 50-54","1","Females","Number","3830"
"MYE","Mid-year population estimate","2023","2023","N05000012","North Antrim","11","Age 50-54","2","Males","Number","3738"
"MYE","Mid-year population estimate","2023","2023","N05000012","North Antrim","11","Age 50-54","All","All persons","Number","7568"
"MYE","Mid-year population estimate","2023","2023","N05000012","North Antrim","12","Age 55-59","1","Females","Number","3807"
"MYE","Mid-year population estimate","2023","2023","N05000012","North Antrim","12","Age 55-59","2","Males","Number","3624"
"MYE","Mid-year population estimate","2023","2023","N05000012","North Antrim","12","Age 55-59","All","All persons","Number","7431"
"MYE","Mid-year population estimate","2023","2023","N05000012","North Antrim","13","Age 60-64","1","Females","Number","3371"
"MYE","Mid-year population estimate","2023","2023","N05000012","North Antrim","13","Age 60-64","2","Males","Number","3321"
"MYE","Mid-year population estimate","2023","2023","N05000012","North Antrim","13","Age 60-64","All","All persons","Number","6692"
"MYE","Mid-year population estimate","2023","2023","N05000012","North Antrim","14","Age 65-69","1","Females","Number","2902"
"MYE","Mid-year population estimate","2023","2023","N05000012","North Antrim","14","Age 65-69","2","Males","Number","2785"
"MYE","Mid-year population estimate","2023","2023","N05000012","North Antrim","14","Age 65-69","All","All persons","Number","5687"
"MYE","Mid-year population estimate","2023","2023","N05000012","North Antrim","15","Age 70-74","1","Females","Number","2588"
"MYE","Mid-year population estimate","2023","2023","N05000012","North Antrim","15","Age 70-74","2","Males","Number","2410"
"MYE","Mid-year population estimate","2023","2023","N05000012","North Antrim","15","Age 70-74","All","All persons","Number","4998"
"MYE","Mid-year population estimate","2023","2023","N05000012","North Antrim","16","Age 75-79","1","Females","Number","2304"
"MYE","Mid-year population estimate","2023","2023","N05000012","North Antrim","16","Age 75-79","2","Males","Number","2018"
"MYE","Mid-year population estimate","2023","2023","N05000012","North Antrim","16","Age 75-79","All","All persons","Number","4322"
"MYE","Mid-year population estimate","2023","2023","N05000012","North Antrim","17","Age 80-84","1","Females","Number","1700"
"MYE","Mid-year population estimate","2023","2023","N05000012","North Antrim","17","Age 80-84","2","Males","Number","1270"
"MYE","Mid-year population estimate","2023","2023","N05000012","North Antrim","17","Age 80-84","All","All persons","Number","2970"
"MYE","Mid-year population estimate","2023","2023","N05000012","North Antrim","18","Age 85-89","1","Females","Number","1032"
"MYE","Mid-year population estimate","2023","2023","N05000012","North Antrim","18","Age 85-89","2","Males","Number","684"
"MYE","Mid-year population estimate","2023","2023","N05000012","North Antrim","18","Age 85-89","All","All persons","Number","1716"
"MYE","Mid-year population estimate","2023","2023","N05000012","North Antrim","19","Age 90+","1","Females","Number","592"
"MYE","Mid-year population estimate","2023","2023","N05000012","North Antrim","19","Age 90+","2","Males","Number","233"
"MYE","Mid-year population estimate","2023","2023","N05000012","North Antrim","19","Age 90+","All","All persons","Number","825"
"MYE","Mid-year population estimate","2023","2023","N05000012","North Antrim","All","All","1","Females","Number","53032"
"MYE","Mid-year population estimate","2023","2023","N05000012","North Antrim","All","All","2","Males","Number","51293"
"MYE","Mid-year population estimate","2023","2023","N05000012","North Antrim","All","All","All","All persons","Number","104325"
"MYE","Mid-year population estimate","2023","2023","N05000013","North Down","1","Age 0-4","1","Females","Number","2146"
"MYE","Mid-year population estimate","2023","2023","N05000013","North Down","1","Age 0-4","2","Males","Number","2337"
"MYE","Mid-year population estimate","2023","2023","N05000013","North Down","1","Age 0-4","All","All persons","Number","4483"
"MYE","Mid-year population estimate","2023","2023","N05000013","North Down","2","Age 5-9","1","Females","Number","2715"
"MYE","Mid-year population estimate","2023","2023","N05000013","North Down","2","Age 5-9","2","Males","Number","2805"
"MYE","Mid-year population estimate","2023","2023","N05000013","North Down","2","Age 5-9","All","All persons","Number","5520"
"MYE","Mid-year population estimate","2023","2023","N05000013","North Down","3","Age 10-14","1","Females","Number","2976"
"MYE","Mid-year population estimate","2023","2023","N05000013","North Down","3","Age 10-14","2","Males","Number","3160"
"MYE","Mid-year population estimate","2023","2023","N05000013","North Down","3","Age 10-14","All","All persons","Number","6136"
"MYE","Mid-year population estimate","2023","2023","N05000013","North Down","4","Age 15-19","1","Females","Number","2736"
"MYE","Mid-year population estimate","2023","2023","N05000013","North Down","4","Age 15-19","2","Males","Number","2861"
"MYE","Mid-year population estimate","2023","2023","N05000013","North Down","4","Age 15-19","All","All persons","Number","5597"
"MYE","Mid-year population estimate","2023","2023","N05000013","North Down","5","Age 20-24","1","Females","Number","1690"
"MYE","Mid-year population estimate","2023","2023","N05000013","North Down","5","Age 20-24","2","Males","Number","2110"
"MYE","Mid-year population estimate","2023","2023","N05000013","North Down","5","Age 20-24","All","All persons","Number","3800"
"MYE","Mid-year population estimate","2023","2023","N05000013","North Down","6","Age 25-29","1","Females","Number","2439"
"MYE","Mid-year population estimate","2023","2023","N05000013","North Down","6","Age 25-29","2","Males","Number","2537"
"MYE","Mid-year population estimate","2023","2023","N05000013","North Down","6","Age 25-29","All","All persons","Number","4976"
"MYE","Mid-year population estimate","2023","2023","N05000013","North Down","7","Age 30-34","1","Females","Number","2853"
"MYE","Mid-year population estimate","2023","2023","N05000013","North Down","7","Age 30-34","2","Males","Number","2690"
"MYE","Mid-year population estimate","2023","2023","N05000013","North Down","7","Age 30-34","All","All persons","Number","5543"
"MYE","Mid-year population estimate","2023","2023","N05000013","North Down","8","Age 35-39","1","Females","Number","3154"
"MYE","Mid-year population estimate","2023","2023","N05000013","North Down","8","Age 35-39","2","Males","Number","2831"
"MYE","Mid-year population estimate","2023","2023","N05000013","North Down","8","Age 35-39","All","All persons","Number","5985"
"MYE","Mid-year population estimate","2023","2023","N05000013","North Down","9","Age 40-44","1","Females","Number","3371"
"MYE","Mid-year population estimate","2023","2023","N05000013","North Down","9","Age 40-44","2","Males","Number","3155"
"MYE","Mid-year population estimate","2023","2023","N05000013","North Down","9","Age 40-44","All","All persons","Number","6526"
"MYE","Mid-year population estimate","2023","2023","N05000013","North Down","10","Age 45-49","1","Females","Number","3241"
"MYE","Mid-year population estimate","2023","2023","N05000013","North Down","10","Age 45-49","2","Males","Number","2853"
"MYE","Mid-year population estimate","2023","2023","N05000013","North Down","10","Age 45-49","All","All persons","Number","6094"
"MYE","Mid-year population estimate","2023","2023","N05000013","North Down","11","Age 50-54","1","Females","Number","3480"
"MYE","Mid-year population estimate","2023","2023","N05000013","North Down","11","Age 50-54","2","Males","Number","3285"
"MYE","Mid-year population estimate","2023","2023","N05000013","North Down","11","Age 50-54","All","All persons","Number","6765"
"MYE","Mid-year population estimate","2023","2023","N05000013","North Down","12","Age 55-59","1","Females","Number","3601"
"MYE","Mid-year population estimate","2023","2023","N05000013","North Down","12","Age 55-59","2","Males","Number","3268"
"MYE","Mid-year population estimate","2023","2023","N05000013","North Down","12","Age 55-59","All","All persons","Number","6869"
"MYE","Mid-year population estimate","2023","2023","N05000013","North Down","13","Age 60-64","1","Females","Number","3505"
"MYE","Mid-year population estimate","2023","2023","N05000013","North Down","13","Age 60-64","2","Males","Number","3168"
"MYE","Mid-year population estimate","2023","2023","N05000013","North Down","13","Age 60-64","All","All persons","Number","6673"
"MYE","Mid-year population estimate","2023","2023","N05000013","North Down","14","Age 65-69","1","Females","Number","3085"
"MYE","Mid-year population estimate","2023","2023","N05000013","North Down","14","Age 65-69","2","Males","Number","2900"
"MYE","Mid-year population estimate","2023","2023","N05000013","North Down","14","Age 65-69","All","All persons","Number","5985"
"MYE","Mid-year population estimate","2023","2023","N05000013","North Down","15","Age 70-74","1","Females","Number","2979"
"MYE","Mid-year population estimate","2023","2023","N05000013","North Down","15","Age 70-74","2","Males","Number","2618"
"MYE","Mid-year population estimate","2023","2023","N05000013","North Down","15","Age 70-74","All","All persons","Number","5597"
"MYE","Mid-year population estimate","2023","2023","N05000013","North Down","16","Age 75-79","1","Females","Number","2886"
"MYE","Mid-year population estimate","2023","2023","N05000013","North Down","16","Age 75-79","2","Males","Number","2489"
"MYE","Mid-year population estimate","2023","2023","N05000013","North Down","16","Age 75-79","All","All persons","Number","5375"
"MYE","Mid-year population estimate","2023","2023","N05000013","North Down","17","Age 80-84","1","Females","Number","1861"
"MYE","Mid-year population estimate","2023","2023","N05000013","North Down","17","Age 80-84","2","Males","Number","1497"
"MYE","Mid-year population estimate","2023","2023","N05000013","North Down","17","Age 80-84","All","All persons","Number","3358"
"MYE","Mid-year population estimate","2023","2023","N05000013","North Down","18","Age 85-89","1","Females","Number","1108"
"MYE","Mid-year population estimate","2023","2023","N05000013","North Down","18","Age 85-89","2","Males","Number","819"
"MYE","Mid-year population estimate","2023","2023","N05000013","North Down","18","Age 85-89","All","All persons","Number","1927"
"MYE","Mid-year population estimate","2023","2023","N05000013","North Down","19","Age 90+","1","Females","Number","746"
"MYE","Mid-year population estimate","2023","2023","N05000013","North Down","19","Age 90+","2","Males","Number","345"
"MYE","Mid-year population estimate","2023","2023","N05000013","North Down","19","Age 90+","All","All persons","Number","1091"
"MYE","Mid-year population estimate","2023","2023","N05000013","North Down","All","All","1","Females","Number","50572"
"MYE","Mid-year population estimate","2023","2023","N05000013","North Down","All","All","2","Males","Number","47728"
"MYE","Mid-year population estimate","2023","2023","N05000013","North Down","All","All","All","All persons","Number","98300"
"MYE","Mid-year population estimate","2023","2023","N05000014","South Antrim","1","Age 0-4","1","Females","Number","2933"
"MYE","Mid-year population estimate","2023","2023","N05000014","South Antrim","1","Age 0-4","2","Males","Number","3118"
"MYE","Mid-year population estimate","2023","2023","N05000014","South Antrim","1","Age 0-4","All","All persons","Number","6051"
"MYE","Mid-year population estimate","2023","2023","N05000014","South Antrim","2","Age 5-9","1","Females","Number","3408"
"MYE","Mid-year population estimate","2023","2023","N05000014","South Antrim","2","Age 5-9","2","Males","Number","3494"
"MYE","Mid-year population estimate","2023","2023","N05000014","South Antrim","2","Age 5-9","All","All persons","Number","6902"
"MYE","Mid-year population estimate","2023","2023","N05000014","South Antrim","3","Age 10-14","1","Females","Number","3663"
"MYE","Mid-year population estimate","2023","2023","N05000014","South Antrim","3","Age 10-14","2","Males","Number","3805"
"MYE","Mid-year population estimate","2023","2023","N05000014","South Antrim","3","Age 10-14","All","All persons","Number","7468"
"MYE","Mid-year population estimate","2023","2023","N05000014","South Antrim","4","Age 15-19","1","Females","Number","3245"
"MYE","Mid-year population estimate","2023","2023","N05000014","South Antrim","4","Age 15-19","2","Males","Number","3533"
"MYE","Mid-year population estimate","2023","2023","N05000014","South Antrim","4","Age 15-19","All","All persons","Number","6778"
"MYE","Mid-year population estimate","2023","2023","N05000014","South Antrim","5","Age 20-24","1","Females","Number","2461"
"MYE","Mid-year population estimate","2023","2023","N05000014","South Antrim","5","Age 20-24","2","Males","Number","2736"
"MYE","Mid-year population estimate","2023","2023","N05000014","South Antrim","5","Age 20-24","All","All persons","Number","5197"
"MYE","Mid-year population estimate","2023","2023","N05000014","South Antrim","6","Age 25-29","1","Females","Number","3181"
"MYE","Mid-year population estimate","2023","2023","N05000014","South Antrim","6","Age 25-29","2","Males","Number","3213"
"MYE","Mid-year population estimate","2023","2023","N05000014","South Antrim","6","Age 25-29","All","All persons","Number","6394"
"MYE","Mid-year population estimate","2023","2023","N05000014","South Antrim","7","Age 30-34","1","Females","Number","3599"
"MYE","Mid-year population estimate","2023","2023","N05000014","South Antrim","7","Age 30-34","2","Males","Number","3407"
"MYE","Mid-year population estimate","2023","2023","N05000014","South Antrim","7","Age 30-34","All","All persons","Number","7006"
"MYE","Mid-year population estimate","2023","2023","N05000014","South Antrim","8","Age 35-39","1","Females","Number","3810"
"MYE","Mid-year population estimate","2023","2023","N05000014","South Antrim","8","Age 35-39","2","Males","Number","3528"
"MYE","Mid-year population estimate","2023","2023","N05000014","South Antrim","8","Age 35-39","All","All persons","Number","7338"
"MYE","Mid-year population estimate","2023","2023","N05000014","South Antrim","9","Age 40-44","1","Females","Number","3859"
"MYE","Mid-year population estimate","2023","2023","N05000014","South Antrim","9","Age 40-44","2","Males","Number","3569"
"MYE","Mid-year population estimate","2023","2023","N05000014","South Antrim","9","Age 40-44","All","All persons","Number","7428"
"MYE","Mid-year population estimate","2023","2023","N05000014","South Antrim","10","Age 45-49","1","Females","Number","3629"
"MYE","Mid-year population estimate","2023","2023","N05000014","South Antrim","10","Age 45-49","2","Males","Number","3514"
"MYE","Mid-year population estimate","2023","2023","N05000014","South Antrim","10","Age 45-49","All","All persons","Number","7143"
"MYE","Mid-year population estimate","2023","2023","N05000014","South Antrim","11","Age 50-54","1","Females","Number","3884"
"MYE","Mid-year population estimate","2023","2023","N05000014","South Antrim","11","Age 50-54","2","Males","Number","3743"
"MYE","Mid-year population estimate","2023","2023","N05000014","South Antrim","11","Age 50-54","All","All persons","Number","7627"
"MYE","Mid-year population estimate","2023","2023","N05000014","South Antrim","12","Age 55-59","1","Females","Number","3822"
"MYE","Mid-year population estimate","2023","2023","N05000014","South Antrim","12","Age 55-59","2","Males","Number","3687"
"MYE","Mid-year population estimate","2023","2023","N05000014","South Antrim","12","Age 55-59","All","All persons","Number","7509"
"MYE","Mid-year population estimate","2023","2023","N05000014","South Antrim","13","Age 60-64","1","Females","Number","3198"
"MYE","Mid-year population estimate","2023","2023","N05000014","South Antrim","13","Age 60-64","2","Males","Number","3150"
"MYE","Mid-year population estimate","2023","2023","N05000014","South Antrim","13","Age 60-64","All","All persons","Number","6348"
"MYE","Mid-year population estimate","2023","2023","N05000014","South Antrim","14","Age 65-69","1","Females","Number","2573"
"MYE","Mid-year population estimate","2023","2023","N05000014","South Antrim","14","Age 65-69","2","Males","Number","2591"
"MYE","Mid-year population estimate","2023","2023","N05000014","South Antrim","14","Age 65-69","All","All persons","Number","5164"
"MYE","Mid-year population estimate","2023","2023","N05000014","South Antrim","15","Age 70-74","1","Females","Number","2465"
"MYE","Mid-year population estimate","2023","2023","N05000014","South Antrim","15","Age 70-74","2","Males","Number","2262"
"MYE","Mid-year population estimate","2023","2023","N05000014","South Antrim","15","Age 70-74","All","All persons","Number","4727"
"MYE","Mid-year population estimate","2023","2023","N05000014","South Antrim","16","Age 75-79","1","Females","Number","2109"
"MYE","Mid-year population estimate","2023","2023","N05000014","South Antrim","16","Age 75-79","2","Males","Number","1829"
"MYE","Mid-year population estimate","2023","2023","N05000014","South Antrim","16","Age 75-79","All","All persons","Number","3938"
"MYE","Mid-year population estimate","2023","2023","N05000014","South Antrim","17","Age 80-84","1","Females","Number","1472"
"MYE","Mid-year population estimate","2023","2023","N05000014","South Antrim","17","Age 80-84","2","Males","Number","1201"
"MYE","Mid-year population estimate","2023","2023","N05000014","South Antrim","17","Age 80-84","All","All persons","Number","2673"
"MYE","Mid-year population estimate","2023","2023","N05000014","South Antrim","18","Age 85-89","1","Females","Number","816"
"MYE","Mid-year population estimate","2023","2023","N05000014","South Antrim","18","Age 85-89","2","Males","Number","649"
"MYE","Mid-year population estimate","2023","2023","N05000014","South Antrim","18","Age 85-89","All","All persons","Number","1465"
"MYE","Mid-year population estimate","2023","2023","N05000014","South Antrim","19","Age 90+","1","Females","Number","461"
"MYE","Mid-year population estimate","2023","2023","N05000014","South Antrim","19","Age 90+","2","Males","Number","226"
"MYE","Mid-year population estimate","2023","2023","N05000014","South Antrim","19","Age 90+","All","All persons","Number","687"
"MYE","Mid-year population estimate","2023","2023","N05000014","South Antrim","All","All","1","Females","Number","54588"
"MYE","Mid-year population estimate","2023","2023","N05000014","South Antrim","All","All","2","Males","Number","53255"
"MYE","Mid-year population estimate","2023","2023","N05000014","South Antrim","All","All","All","All persons","Number","107843"
"MYE","Mid-year population estimate","2023","2023","N05000015","South Down","1","Age 0-4","1","Females","Number","3179"
"MYE","Mid-year population estimate","2023","2023","N05000015","South Down","1","Age 0-4","2","Males","Number","3297"
"MYE","Mid-year population estimate","2023","2023","N05000015","South Down","1","Age 0-4","All","All persons","Number","6476"
"MYE","Mid-year population estimate","2023","2023","N05000015","South Down","2","Age 5-9","1","Females","Number","3561"
"MYE","Mid-year population estimate","2023","2023","N05000015","South Down","2","Age 5-9","2","Males","Number","3844"
"MYE","Mid-year population estimate","2023","2023","N05000015","South Down","2","Age 5-9","All","All persons","Number","7405"
"MYE","Mid-year population estimate","2023","2023","N05000015","South Down","3","Age 10-14","1","Females","Number","3920"
"MYE","Mid-year population estimate","2023","2023","N05000015","South Down","3","Age 10-14","2","Males","Number","4028"
"MYE","Mid-year population estimate","2023","2023","N05000015","South Down","3","Age 10-14","All","All persons","Number","7948"
"MYE","Mid-year population estimate","2023","2023","N05000015","South Down","4","Age 15-19","1","Females","Number","3422"
"MYE","Mid-year population estimate","2023","2023","N05000015","South Down","4","Age 15-19","2","Males","Number","3582"
"MYE","Mid-year population estimate","2023","2023","N05000015","South Down","4","Age 15-19","All","All persons","Number","7004"
"MYE","Mid-year population estimate","2023","2023","N05000015","South Down","5","Age 20-24","1","Females","Number","2466"
"MYE","Mid-year population estimate","2023","2023","N05000015","South Down","5","Age 20-24","2","Males","Number","2771"
"MYE","Mid-year population estimate","2023","2023","N05000015","South Down","5","Age 20-24","All","All persons","Number","5237"
"MYE","Mid-year population estimate","2023","2023","N05000015","South Down","6","Age 25-29","1","Females","Number","2789"
"MYE","Mid-year population estimate","2023","2023","N05000015","South Down","6","Age 25-29","2","Males","Number","2869"
"MYE","Mid-year population estimate","2023","2023","N05000015","South Down","6","Age 25-29","All","All persons","Number","5658"
"MYE","Mid-year population estimate","2023","2023","N05000015","South Down","7","Age 30-34","1","Females","Number","3157"
"MYE","Mid-year population estimate","2023","2023","N05000015","South Down","7","Age 30-34","2","Males","Number","2905"
"MYE","Mid-year population estimate","2023","2023","N05000015","South Down","7","Age 30-34","All","All persons","Number","6062"
"MYE","Mid-year population estimate","2023","2023","N05000015","South Down","8","Age 35-39","1","Females","Number","3615"
"MYE","Mid-year population estimate","2023","2023","N05000015","South Down","8","Age 35-39","2","Males","Number","3303"
"MYE","Mid-year population estimate","2023","2023","N05000015","South Down","8","Age 35-39","All","All persons","Number","6918"
"MYE","Mid-year population estimate","2023","2023","N05000015","South Down","9","Age 40-44","1","Females","Number","3672"
"MYE","Mid-year population estimate","2023","2023","N05000015","South Down","9","Age 40-44","2","Males","Number","3475"
"MYE","Mid-year population estimate","2023","2023","N05000015","South Down","9","Age 40-44","All","All persons","Number","7147"
"MYE","Mid-year population estimate","2023","2023","N05000015","South Down","10","Age 45-49","1","Females","Number","3238"
"MYE","Mid-year population estimate","2023","2023","N05000015","South Down","10","Age 45-49","2","Males","Number","3245"
"MYE","Mid-year population estimate","2023","2023","N05000015","South Down","10","Age 45-49","All","All persons","Number","6483"
"MYE","Mid-year population estimate","2023","2023","N05000015","South Down","11","Age 50-54","1","Females","Number","3739"
"MYE","Mid-year population estimate","2023","2023","N05000015","South Down","11","Age 50-54","2","Males","Number","3507"
"MYE","Mid-year population estimate","2023","2023","N05000015","South Down","11","Age 50-54","All","All persons","Number","7246"
"MYE","Mid-year population estimate","2023","2023","N05000015","South Down","12","Age 55-59","1","Females","Number","3622"
"MYE","Mid-year population estimate","2023","2023","N05000015","South Down","12","Age 55-59","2","Males","Number","3697"
"MYE","Mid-year population estimate","2023","2023","N05000015","South Down","12","Age 55-59","All","All persons","Number","7319"
"MYE","Mid-year population estimate","2023","2023","N05000015","South Down","13","Age 60-64","1","Females","Number","3382"
"MYE","Mid-year population estimate","2023","2023","N05000015","South Down","13","Age 60-64","2","Males","Number","3235"
"MYE","Mid-year population estimate","2023","2023","N05000015","South Down","13","Age 60-64","All","All persons","Number","6617"
"MYE","Mid-year population estimate","2023","2023","N05000015","South Down","14","Age 65-69","1","Females","Number","2851"
"MYE","Mid-year population estimate","2023","2023","N05000015","South Down","14","Age 65-69","2","Males","Number","2808"
"MYE","Mid-year population estimate","2023","2023","N05000015","South Down","14","Age 65-69","All","All persons","Number","5659"
"MYE","Mid-year population estimate","2023","2023","N05000015","South Down","15","Age 70-74","1","Females","Number","2406"
"MYE","Mid-year population estimate","2023","2023","N05000015","South Down","15","Age 70-74","2","Males","Number","2326"
"MYE","Mid-year population estimate","2023","2023","N05000015","South Down","15","Age 70-74","All","All persons","Number","4732"
"MYE","Mid-year population estimate","2023","2023","N05000015","South Down","16","Age 75-79","1","Females","Number","2031"
"MYE","Mid-year population estimate","2023","2023","N05000015","South Down","16","Age 75-79","2","Males","Number","1777"
"MYE","Mid-year population estimate","2023","2023","N05000015","South Down","16","Age 75-79","All","All persons","Number","3808"
"MYE","Mid-year population estimate","2023","2023","N05000015","South Down","17","Age 80-84","1","Females","Number","1323"
"MYE","Mid-year population estimate","2023","2023","N05000015","South Down","17","Age 80-84","2","Males","Number","1106"
"MYE","Mid-year population estimate","2023","2023","N05000015","South Down","17","Age 80-84","All","All persons","Number","2429"
"MYE","Mid-year population estimate","2023","2023","N05000015","South Down","18","Age 85-89","1","Females","Number","846"
"MYE","Mid-year population estimate","2023","2023","N05000015","South Down","18","Age 85-89","2","Males","Number","607"
"MYE","Mid-year population estimate","2023","2023","N05000015","South Down","18","Age 85-89","All","All persons","Number","1453"
"MYE","Mid-year population estimate","2023","2023","N05000015","South Down","19","Age 90+","1","Females","Number","529"
"MYE","Mid-year population estimate","2023","2023","N05000015","South Down","19","Age 90+","2","Males","Number","239"
"MYE","Mid-year population estimate","2023","2023","N05000015","South Down","19","Age 90+","All","All persons","Number","768"
"MYE","Mid-year population estimate","2023","2023","N05000015","South Down","All","All","1","Females","Number","53748"
"MYE","Mid-year population estimate","2023","2023","N05000015","South Down","All","All","2","Males","Number","52621"
"MYE","Mid-year population estimate","2023","2023","N05000015","South Down","All","All","All","All persons","Number","106369"
"MYE","Mid-year population estimate","2023","2023","N05000016","Strangford","1","Age 0-4","1","Females","Number","2407"
"MYE","Mid-year population estimate","2023","2023","N05000016","Strangford","1","Age 0-4","2","Males","Number","2665"
"MYE","Mid-year population estimate","2023","2023","N05000016","Strangford","1","Age 0-4","All","All persons","Number","5072"
"MYE","Mid-year population estimate","2023","2023","N05000016","Strangford","2","Age 5-9","1","Females","Number","2827"
"MYE","Mid-year population estimate","2023","2023","N05000016","Strangford","2","Age 5-9","2","Males","Number","2931"
"MYE","Mid-year population estimate","2023","2023","N05000016","Strangford","2","Age 5-9","All","All persons","Number","5758"
"MYE","Mid-year population estimate","2023","2023","N05000016","Strangford","3","Age 10-14","1","Females","Number","3001"
"MYE","Mid-year population estimate","2023","2023","N05000016","Strangford","3","Age 10-14","2","Males","Number","3144"
"MYE","Mid-year population estimate","2023","2023","N05000016","Strangford","3","Age 10-14","All","All persons","Number","6145"
"MYE","Mid-year population estimate","2023","2023","N05000016","Strangford","4","Age 15-19","1","Females","Number","2805"
"MYE","Mid-year population estimate","2023","2023","N05000016","Strangford","4","Age 15-19","2","Males","Number","3104"
"MYE","Mid-year population estimate","2023","2023","N05000016","Strangford","4","Age 15-19","All","All persons","Number","5909"
"MYE","Mid-year population estimate","2023","2023","N05000016","Strangford","5","Age 20-24","1","Females","Number","2060"
"MYE","Mid-year population estimate","2023","2023","N05000016","Strangford","5","Age 20-24","2","Males","Number","2290"
"MYE","Mid-year population estimate","2023","2023","N05000016","Strangford","5","Age 20-24","All","All persons","Number","4350"
"MYE","Mid-year population estimate","2023","2023","N05000016","Strangford","6","Age 25-29","1","Females","Number","2511"
"MYE","Mid-year population estimate","2023","2023","N05000016","Strangford","6","Age 25-29","2","Males","Number","2749"
"MYE","Mid-year population estimate","2023","2023","N05000016","Strangford","6","Age 25-29","All","All persons","Number","5260"
"MYE","Mid-year population estimate","2023","2023","N05000016","Strangford","7","Age 30-34","1","Females","Number","3057"
"MYE","Mid-year population estimate","2023","2023","N05000016","Strangford","7","Age 30-34","2","Males","Number","2700"
"MYE","Mid-year population estimate","2023","2023","N05000016","Strangford","7","Age 30-34","All","All persons","Number","5757"
"MYE","Mid-year population estimate","2023","2023","N05000016","Strangford","8","Age 35-39","1","Females","Number","3160"
"MYE","Mid-year population estimate","2023","2023","N05000016","Strangford","8","Age 35-39","2","Males","Number","2793"
"MYE","Mid-year population estimate","2023","2023","N05000016","Strangford","8","Age 35-39","All","All persons","Number","5953"
"MYE","Mid-year population estimate","2023","2023","N05000016","Strangford","9","Age 40-44","1","Females","Number","3176"
"MYE","Mid-year population estimate","2023","2023","N05000016","Strangford","9","Age 40-44","2","Males","Number","2918"
"MYE","Mid-year population estimate","2023","2023","N05000016","Strangford","9","Age 40-44","All","All persons","Number","6094"
"MYE","Mid-year population estimate","2023","2023","N05000016","Strangford","10","Age 45-49","1","Females","Number","3121"
"MYE","Mid-year population estimate","2023","2023","N05000016","Strangford","10","Age 45-49","2","Males","Number","2916"
"MYE","Mid-year population estimate","2023","2023","N05000016","Strangford","10","Age 45-49","All","All persons","Number","6037"
"MYE","Mid-year population estimate","2023","2023","N05000016","Strangford","11","Age 50-54","1","Females","Number","3630"
"MYE","Mid-year population estimate","2023","2023","N05000016","Strangford","11","Age 50-54","2","Males","Number","3421"
"MYE","Mid-year population estimate","2023","2023","N05000016","Strangford","11","Age 50-54","All","All persons","Number","7051"
"MYE","Mid-year population estimate","2023","2023","N05000016","Strangford","12","Age 55-59","1","Females","Number","3968"
"MYE","Mid-year population estimate","2023","2023","N05000016","Strangford","12","Age 55-59","2","Males","Number","3693"
"MYE","Mid-year population estimate","2023","2023","N05000016","Strangford","12","Age 55-59","All","All persons","Number","7661"
"MYE","Mid-year population estimate","2023","2023","N05000016","Strangford","13","Age 60-64","1","Females","Number","3581"
"MYE","Mid-year population estimate","2023","2023","N05000016","Strangford","13","Age 60-64","2","Males","Number","3386"
"MYE","Mid-year population estimate","2023","2023","N05000016","Strangford","13","Age 60-64","All","All persons","Number","6967"
"MYE","Mid-year population estimate","2023","2023","N05000016","Strangford","14","Age 65-69","1","Females","Number","3015"
"MYE","Mid-year population estimate","2023","2023","N05000016","Strangford","14","Age 65-69","2","Males","Number","2906"
"MYE","Mid-year population estimate","2023","2023","N05000016","Strangford","14","Age 65-69","All","All persons","Number","5921"
"MYE","Mid-year population estimate","2023","2023","N05000016","Strangford","15","Age 70-74","1","Females","Number","2707"
"MYE","Mid-year population estimate","2023","2023","N05000016","Strangford","15","Age 70-74","2","Males","Number","2563"
"MYE","Mid-year population estimate","2023","2023","N05000016","Strangford","15","Age 70-74","All","All persons","Number","5270"
"MYE","Mid-year population estimate","2023","2023","N05000016","Strangford","16","Age 75-79","1","Females","Number","2531"
"MYE","Mid-year population estimate","2023","2023","N05000016","Strangford","16","Age 75-79","2","Males","Number","2235"
"MYE","Mid-year population estimate","2023","2023","N05000016","Strangford","16","Age 75-79","All","All persons","Number","4766"
"MYE","Mid-year population estimate","2023","2023","N05000016","Strangford","17","Age 80-84","1","Females","Number","1578"
"MYE","Mid-year population estimate","2023","2023","N05000016","Strangford","17","Age 80-84","2","Males","Number","1347"
"MYE","Mid-year population estimate","2023","2023","N05000016","Strangford","17","Age 80-84","All","All persons","Number","2925"
"MYE","Mid-year population estimate","2023","2023","N05000016","Strangford","18","Age 85-89","1","Females","Number","955"
"MYE","Mid-year population estimate","2023","2023","N05000016","Strangford","18","Age 85-89","2","Males","Number","665"
"MYE","Mid-year population estimate","2023","2023","N05000016","Strangford","18","Age 85-89","All","All persons","Number","1620"
"MYE","Mid-year population estimate","2023","2023","N05000016","Strangford","19","Age 90+","1","Females","Number","583"
"MYE","Mid-year population estimate","2023","2023","N05000016","Strangford","19","Age 90+","2","Males","Number","264"
"MYE","Mid-year population estimate","2023","2023","N05000016","Strangford","19","Age 90+","All","All persons","Number","847"
"MYE","Mid-year population estimate","2023","2023","N05000016","Strangford","All","All","1","Females","Number","50673"
"MYE","Mid-year population estimate","2023","2023","N05000016","Strangford","All","All","2","Males","Number","48690"
"MYE","Mid-year population estimate","2023","2023","N05000016","Strangford","All","All","All","All persons","Number","99363"
"MYE","Mid-year population estimate","2023","2023","N05000017","Upper Bann","1","Age 0-4","1","Females","Number","3789"
"MYE","Mid-year population estimate","2023","2023","N05000017","Upper Bann","1","Age 0-4","2","Males","Number","3846"
"MYE","Mid-year population estimate","2023","2023","N05000017","Upper Bann","1","Age 0-4","All","All persons","Number","7635"
"MYE","Mid-year population estimate","2023","2023","N05000017","Upper Bann","2","Age 5-9","1","Females","Number","4046"
"MYE","Mid-year population estimate","2023","2023","N05000017","Upper Bann","2","Age 5-9","2","Males","Number","4425"
"MYE","Mid-year population estimate","2023","2023","N05000017","Upper Bann","2","Age 5-9","All","All persons","Number","8471"
"MYE","Mid-year population estimate","2023","2023","N05000017","Upper Bann","3","Age 10-14","1","Females","Number","4318"
"MYE","Mid-year population estimate","2023","2023","N05000017","Upper Bann","3","Age 10-14","2","Males","Number","4603"
"MYE","Mid-year population estimate","2023","2023","N05000017","Upper Bann","3","Age 10-14","All","All persons","Number","8921"
"MYE","Mid-year population estimate","2023","2023","N05000017","Upper Bann","4","Age 15-19","1","Females","Number","3906"
"MYE","Mid-year population estimate","2023","2023","N05000017","Upper Bann","4","Age 15-19","2","Males","Number","4025"
"MYE","Mid-year population estimate","2023","2023","N05000017","Upper Bann","4","Age 15-19","All","All persons","Number","7931"
"MYE","Mid-year population estimate","2023","2023","N05000017","Upper Bann","5","Age 20-24","1","Females","Number","2746"
"MYE","Mid-year population estimate","2023","2023","N05000017","Upper Bann","5","Age 20-24","2","Males","Number","3195"
"MYE","Mid-year population estimate","2023","2023","N05000017","Upper Bann","5","Age 20-24","All","All persons","Number","5941"
"MYE","Mid-year population estimate","2023","2023","N05000017","Upper Bann","6","Age 25-29","1","Females","Number","3891"
"MYE","Mid-year population estimate","2023","2023","N05000017","Upper Bann","6","Age 25-29","2","Males","Number","3822"
"MYE","Mid-year population estimate","2023","2023","N05000017","Upper Bann","6","Age 25-29","All","All persons","Number","7713"
"MYE","Mid-year population estimate","2023","2023","N05000017","Upper Bann","7","Age 30-34","1","Females","Number","4329"
"MYE","Mid-year population estimate","2023","2023","N05000017","Upper Bann","7","Age 30-34","2","Males","Number","4294"
"MYE","Mid-year population estimate","2023","2023","N05000017","Upper Bann","7","Age 30-34","All","All persons","Number","8623"
"MYE","Mid-year population estimate","2023","2023","N05000017","Upper Bann","8","Age 35-39","1","Females","Number","4607"
"MYE","Mid-year population estimate","2023","2023","N05000017","Upper Bann","8","Age 35-39","2","Males","Number","4422"
"MYE","Mid-year population estimate","2023","2023","N05000017","Upper Bann","8","Age 35-39","All","All persons","Number","9029"
"MYE","Mid-year population estimate","2023","2023","N05000017","Upper Bann","9","Age 40-44","1","Females","Number","4442"
"MYE","Mid-year population estimate","2023","2023","N05000017","Upper Bann","9","Age 40-44","2","Males","Number","4259"
"MYE","Mid-year population estimate","2023","2023","N05000017","Upper Bann","9","Age 40-44","All","All persons","Number","8701"
"MYE","Mid-year population estimate","2023","2023","N05000017","Upper Bann","10","Age 45-49","1","Females","Number","3973"
"MYE","Mid-year population estimate","2023","2023","N05000017","Upper Bann","10","Age 45-49","2","Males","Number","3838"
"MYE","Mid-year population estimate","2023","2023","N05000017","Upper Bann","10","Age 45-49","All","All persons","Number","7811"
"MYE","Mid-year population estimate","2023","2023","N05000017","Upper Bann","11","Age 50-54","1","Females","Number","4024"
"MYE","Mid-year population estimate","2023","2023","N05000017","Upper Bann","11","Age 50-54","2","Males","Number","4056"
"MYE","Mid-year population estimate","2023","2023","N05000017","Upper Bann","11","Age 50-54","All","All persons","Number","8080"
"MYE","Mid-year population estimate","2023","2023","N05000017","Upper Bann","12","Age 55-59","1","Females","Number","4074"
"MYE","Mid-year population estimate","2023","2023","N05000017","Upper Bann","12","Age 55-59","2","Males","Number","4009"
"MYE","Mid-year population estimate","2023","2023","N05000017","Upper Bann","12","Age 55-59","All","All persons","Number","8083"
"MYE","Mid-year population estimate","2023","2023","N05000017","Upper Bann","13","Age 60-64","1","Females","Number","3623"
"MYE","Mid-year population estimate","2023","2023","N05000017","Upper Bann","13","Age 60-64","2","Males","Number","3576"
"MYE","Mid-year population estimate","2023","2023","N05000017","Upper Bann","13","Age 60-64","All","All persons","Number","7199"
"MYE","Mid-year population estimate","2023","2023","N05000017","Upper Bann","14","Age 65-69","1","Females","Number","2975"
"MYE","Mid-year population estimate","2023","2023","N05000017","Upper Bann","14","Age 65-69","2","Males","Number","2827"
"MYE","Mid-year population estimate","2023","2023","N05000017","Upper Bann","14","Age 65-69","All","All persons","Number","5802"
"MYE","Mid-year population estimate","2023","2023","N05000017","Upper Bann","15","Age 70-74","1","Females","Number","2507"
"MYE","Mid-year population estimate","2023","2023","N05000017","Upper Bann","15","Age 70-74","2","Males","Number","2306"
"MYE","Mid-year population estimate","2023","2023","N05000017","Upper Bann","15","Age 70-74","All","All persons","Number","4813"
"MYE","Mid-year population estimate","2023","2023","N05000017","Upper Bann","16","Age 75-79","1","Females","Number","2288"
"MYE","Mid-year population estimate","2023","2023","N05000017","Upper Bann","16","Age 75-79","2","Males","Number","1897"
"MYE","Mid-year population estimate","2023","2023","N05000017","Upper Bann","16","Age 75-79","All","All persons","Number","4185"
"MYE","Mid-year population estimate","2023","2023","N05000017","Upper Bann","17","Age 80-84","1","Females","Number","1612"
"MYE","Mid-year population estimate","2023","2023","N05000017","Upper Bann","17","Age 80-84","2","Males","Number","1246"
"MYE","Mid-year population estimate","2023","2023","N05000017","Upper Bann","17","Age 80-84","All","All persons","Number","2858"
"MYE","Mid-year population estimate","2023","2023","N05000017","Upper Bann","18","Age 85-89","1","Females","Number","1023"
"MYE","Mid-year population estimate","2023","2023","N05000017","Upper Bann","18","Age 85-89","2","Males","Number","607"
"MYE","Mid-year population estimate","2023","2023","N05000017","Upper Bann","18","Age 85-89","All","All persons","Number","1630"
"MYE","Mid-year population estimate","2023","2023","N05000017","Upper Bann","19","Age 90+","1","Females","Number","584"
"MYE","Mid-year population estimate","2023","2023","N05000017","Upper Bann","19","Age 90+","2","Males","Number","255"
"MYE","Mid-year population estimate","2023","2023","N05000017","Upper Bann","19","Age 90+","All","All persons","Number","839"
"MYE","Mid-year population estimate","2023","2023","N05000017","Upper Bann","All","All","1","Females","Number","62757"
"MYE","Mid-year population estimate","2023","2023","N05000017","Upper Bann","All","All","2","Males","Number","61508"
"MYE","Mid-year population estimate","2023","2023","N05000017","Upper Bann","All","All","All","All persons","Number","124265"
"MYE","Mid-year population estimate","2023","2023","N05000018","West Tyrone","1","Age 0-4","1","Females","Number","2949"
"MYE","Mid-year population estimate","2023","2023","N05000018","West Tyrone","1","Age 0-4","2","Males","Number","3132"
"MYE","Mid-year population estimate","2023","2023","N05000018","West Tyrone","1","Age 0-4","All","All persons","Number","6081"
"MYE","Mid-year population estimate","2023","2023","N05000018","West Tyrone","2","Age 5-9","1","Females","Number","3447"
"MYE","Mid-year population estimate","2023","2023","N05000018","West Tyrone","2","Age 5-9","2","Males","Number","3287"
"MYE","Mid-year population estimate","2023","2023","N05000018","West Tyrone","2","Age 5-9","All","All persons","Number","6734"
"MYE","Mid-year population estimate","2023","2023","N05000018","West Tyrone","3","Age 10-14","1","Females","Number","3397"
"MYE","Mid-year population estimate","2023","2023","N05000018","West Tyrone","3","Age 10-14","2","Males","Number","3571"
"MYE","Mid-year population estimate","2023","2023","N05000018","West Tyrone","3","Age 10-14","All","All persons","Number","6968"
"MYE","Mid-year population estimate","2023","2023","N05000018","West Tyrone","4","Age 15-19","1","Females","Number","3093"
"MYE","Mid-year population estimate","2023","2023","N05000018","West Tyrone","4","Age 15-19","2","Males","Number","3343"
"MYE","Mid-year population estimate","2023","2023","N05000018","West Tyrone","4","Age 15-19","All","All persons","Number","6436"
"MYE","Mid-year population estimate","2023","2023","N05000018","West Tyrone","5","Age 20-24","1","Females","Number","2399"
"MYE","Mid-year population estimate","2023","2023","N05000018","West Tyrone","5","Age 20-24","2","Males","Number","2733"
"MYE","Mid-year population estimate","2023","2023","N05000018","West Tyrone","5","Age 20-24","All","All persons","Number","5132"
"MYE","Mid-year population estimate","2023","2023","N05000018","West Tyrone","6","Age 25-29","1","Females","Number","2798"
"MYE","Mid-year population estimate","2023","2023","N05000018","West Tyrone","6","Age 25-29","2","Males","Number","2919"
"MYE","Mid-year population estimate","2023","2023","N05000018","West Tyrone","6","Age 25-29","All","All persons","Number","5717"
"MYE","Mid-year population estimate","2023","2023","N05000018","West Tyrone","7","Age 30-34","1","Females","Number","2843"
"MYE","Mid-year population estimate","2023","2023","N05000018","West Tyrone","7","Age 30-34","2","Males","Number","2762"
"MYE","Mid-year population estimate","2023","2023","N05000018","West Tyrone","7","Age 30-34","All","All persons","Number","5605"
"MYE","Mid-year population estimate","2023","2023","N05000018","West Tyrone","8","Age 35-39","1","Females","Number","3316"
"MYE","Mid-year population estimate","2023","2023","N05000018","West Tyrone","8","Age 35-39","2","Males","Number","3093"
"MYE","Mid-year population estimate","2023","2023","N05000018","West Tyrone","8","Age 35-39","All","All persons","Number","6409"
"MYE","Mid-year population estimate","2023","2023","N05000018","West Tyrone","9","Age 40-44","1","Females","Number","3386"
"MYE","Mid-year population estimate","2023","2023","N05000018","West Tyrone","9","Age 40-44","2","Males","Number","3139"
"MYE","Mid-year population estimate","2023","2023","N05000018","West Tyrone","9","Age 40-44","All","All persons","Number","6525"
"MYE","Mid-year population estimate","2023","2023","N05000018","West Tyrone","10","Age 45-49","1","Females","Number","3194"
"MYE","Mid-year population estimate","2023","2023","N05000018","West Tyrone","10","Age 45-49","2","Males","Number","3095"
"MYE","Mid-year population estimate","2023","2023","N05000018","West Tyrone","10","Age 45-49","All","All persons","Number","6289"
"MYE","Mid-year population estimate","2023","2023","N05000018","West Tyrone","11","Age 50-54","1","Females","Number","3520"
"MYE","Mid-year population estimate","2023","2023","N05000018","West Tyrone","11","Age 50-54","2","Males","Number","3438"
"MYE","Mid-year population estimate","2023","2023","N05000018","West Tyrone","11","Age 50-54","All","All persons","Number","6958"
"MYE","Mid-year population estimate","2023","2023","N05000018","West Tyrone","12","Age 55-59","1","Females","Number","3493"
"MYE","Mid-year population estimate","2023","2023","N05000018","West Tyrone","12","Age 55-59","2","Males","Number","3374"
"MYE","Mid-year population estimate","2023","2023","N05000018","West Tyrone","12","Age 55-59","All","All persons","Number","6867"
"MYE","Mid-year population estimate","2023","2023","N05000018","West Tyrone","13","Age 60-64","1","Females","Number","3055"
"MYE","Mid-year population estimate","2023","2023","N05000018","West Tyrone","13","Age 60-64","2","Males","Number","3105"
"MYE","Mid-year population estimate","2023","2023","N05000018","West Tyrone","13","Age 60-64","All","All persons","Number","6160"
"MYE","Mid-year population estimate","2023","2023","N05000018","West Tyrone","14","Age 65-69","1","Females","Number","2656"
"MYE","Mid-year population estimate","2023","2023","N05000018","West Tyrone","14","Age 65-69","2","Males","Number","2716"
"MYE","Mid-year population estimate","2023","2023","N05000018","West Tyrone","14","Age 65-69","All","All persons","Number","5372"
"MYE","Mid-year population estimate","2023","2023","N05000018","West Tyrone","15","Age 70-74","1","Females","Number","2265"
"MYE","Mid-year population estimate","2023","2023","N05000018","West Tyrone","15","Age 70-74","2","Males","Number","2317"
"MYE","Mid-year population estimate","2023","2023","N05000018","West Tyrone","15","Age 70-74","All","All persons","Number","4582"
"MYE","Mid-year population estimate","2023","2023","N05000018","West Tyrone","16","Age 75-79","1","Females","Number","1959"
"MYE","Mid-year population estimate","2023","2023","N05000018","West Tyrone","16","Age 75-79","2","Males","Number","1704"
"MYE","Mid-year population estimate","2023","2023","N05000018","West Tyrone","16","Age 75-79","All","All persons","Number","3663"
"MYE","Mid-year population estimate","2023","2023","N05000018","West Tyrone","17","Age 80-84","1","Females","Number","1269"
"MYE","Mid-year population estimate","2023","2023","N05000018","West Tyrone","17","Age 80-84","2","Males","Number","1092"
"MYE","Mid-year population estimate","2023","2023","N05000018","West Tyrone","17","Age 80-84","All","All persons","Number","2361"
"MYE","Mid-year population estimate","2023","2023","N05000018","West Tyrone","18","Age 85-89","1","Females","Number","799"
"MYE","Mid-year population estimate","2023","2023","N05000018","West Tyrone","18","Age 85-89","2","Males","Number","569"
"MYE","Mid-year population estimate","2023","2023","N05000018","West Tyrone","18","Age 85-89","All","All persons","Number","1368"
"MYE","Mid-year population estimate","2023","2023","N05000018","West Tyrone","19","Age 90+","1","Females","Number","465"
"MYE","Mid-year population estimate","2023","2023","N05000018","West Tyrone","19","Age 90+","2","Males","Number","223"
"MYE","Mid-year population estimate","2023","2023","N05000018","West Tyrone","19","Age 90+","All","All persons","Number","688"
"MYE","Mid-year population estimate","2023","2023","N05000018","West Tyrone","All","All","1","Females","Number","50303"
"MYE","Mid-year population estimate","2023","2023","N05000018","West Tyrone","All","All","2","Males","Number","49612"
"MYE","Mid-year population estimate","2023","2023","N05000018","West Tyrone","All","All","All","All persons","Number","99915"
"MYE","Mid-year population estimate","2023","2023","N92000002","Northern Ireland","1","Age 0-4","1","Females","Number","53474"
"MYE","Mid-year population estimate","2023","2023","N92000002","Northern Ireland","1","Age 0-4","2","Males","Number","56432"
"MYE","Mid-year population estimate","2023","2023","N92000002","Northern Ireland","1","Age 0-4","All","All persons","Number","109906"
"MYE","Mid-year population estimate","2023","2023","N92000002","Northern Ireland","2","Age 5-9","1","Females","Number","59989"
"MYE","Mid-year population estimate","2023","2023","N92000002","Northern Ireland","2","Age 5-9","2","Males","Number","62938"
"MYE","Mid-year population estimate","2023","2023","N92000002","Northern Ireland","2","Age 5-9","All","All persons","Number","122927"
"MYE","Mid-year population estimate","2023","2023","N92000002","Northern Ireland","3","Age 10-14","1","Females","Number","63313"
"MYE","Mid-year population estimate","2023","2023","N92000002","Northern Ireland","3","Age 10-14","2","Males","Number","66073"
"MYE","Mid-year population estimate","2023","2023","N92000002","Northern Ireland","3","Age 10-14","All","All persons","Number","129386"
"MYE","Mid-year population estimate","2023","2023","N92000002","Northern Ireland","4","Age 15-19","1","Females","Number","58472"
"MYE","Mid-year population estimate","2023","2023","N92000002","Northern Ireland","4","Age 15-19","2","Males","Number","62148"
"MYE","Mid-year population estimate","2023","2023","N92000002","Northern Ireland","4","Age 15-19","All","All persons","Number","120620"
"MYE","Mid-year population estimate","2023","2023","N92000002","Northern Ireland","5","Age 20-24","1","Females","Number","49244"
"MYE","Mid-year population estimate","2023","2023","N92000002","Northern Ireland","5","Age 20-24","2","Males","Number","53787"
"MYE","Mid-year population estimate","2023","2023","N92000002","Northern Ireland","5","Age 20-24","All","All persons","Number","103031"
"MYE","Mid-year population estimate","2023","2023","N92000002","Northern Ireland","6","Age 25-29","1","Females","Number","57519"
"MYE","Mid-year population estimate","2023","2023","N92000002","Northern Ireland","6","Age 25-29","2","Males","Number","58616"
"MYE","Mid-year population estimate","2023","2023","N92000002","Northern Ireland","6","Age 25-29","All","All persons","Number","116135"
"MYE","Mid-year population estimate","2023","2023","N92000002","Northern Ireland","7","Age 30-34","1","Females","Number","63370"
"MYE","Mid-year population estimate","2023","2023","N92000002","Northern Ireland","7","Age 30-34","2","Males","Number","60726"
"MYE","Mid-year population estimate","2023","2023","N92000002","Northern Ireland","7","Age 30-34","All","All persons","Number","124096"
"MYE","Mid-year population estimate","2023","2023","N92000002","Northern Ireland","8","Age 35-39","1","Females","Number","67303"
"MYE","Mid-year population estimate","2023","2023","N92000002","Northern Ireland","8","Age 35-39","2","Males","Number","62619"
"MYE","Mid-year population estimate","2023","2023","N92000002","Northern Ireland","8","Age 35-39","All","All persons","Number","129922"
"MYE","Mid-year population estimate","2023","2023","N92000002","Northern Ireland","9","Age 40-44","1","Females","Number","65846"
"MYE","Mid-year population estimate","2023","2023","N92000002","Northern Ireland","9","Age 40-44","2","Males","Number","61635"
"MYE","Mid-year population estimate","2023","2023","N92000002","Northern Ireland","9","Age 40-44","All","All persons","Number","127481"
"MYE","Mid-year population estimate","2023","2023","N92000002","Northern Ireland","10","Age 45-49","1","Females","Number","59821"
"MYE","Mid-year population estimate","2023","2023","N92000002","Northern Ireland","10","Age 45-49","2","Males","Number","57160"
"MYE","Mid-year population estimate","2023","2023","N92000002","Northern Ireland","10","Age 45-49","All","All persons","Number","116981"
"MYE","Mid-year population estimate","2023","2023","N92000002","Northern Ireland","11","Age 50-54","1","Females","Number","64987"
"MYE","Mid-year population estimate","2023","2023","N92000002","Northern Ireland","11","Age 50-54","2","Males","Number","62544"
"MYE","Mid-year population estimate","2023","2023","N92000002","Northern Ireland","11","Age 50-54","All","All persons","Number","127531"
"MYE","Mid-year population estimate","2023","2023","N92000002","Northern Ireland","12","Age 55-59","1","Females","Number","66871"
"MYE","Mid-year population estimate","2023","2023","N92000002","Northern Ireland","12","Age 55-59","2","Males","Number","64065"
"MYE","Mid-year population estimate","2023","2023","N92000002","Northern Ireland","12","Age 55-59","All","All persons","Number","130936"
"MYE","Mid-year population estimate","2023","2023","N92000002","Northern Ireland","13","Age 60-64","1","Females","Number","60709"
"MYE","Mid-year population estimate","2023","2023","N92000002","Northern Ireland","13","Age 60-64","2","Males","Number","58239"
"MYE","Mid-year population estimate","2023","2023","N92000002","Northern Ireland","13","Age 60-64","All","All persons","Number","118948"
"MYE","Mid-year population estimate","2023","2023","N92000002","Northern Ireland","14","Age 65-69","1","Females","Number","50216"
"MYE","Mid-year population estimate","2023","2023","N92000002","Northern Ireland","14","Age 65-69","2","Males","Number","48973"
"MYE","Mid-year population estimate","2023","2023","N92000002","Northern Ireland","14","Age 65-69","All","All persons","Number","99189"
"MYE","Mid-year population estimate","2023","2023","N92000002","Northern Ireland","15","Age 70-74","1","Females","Number","42842"
"MYE","Mid-year population estimate","2023","2023","N92000002","Northern Ireland","15","Age 70-74","2","Males","Number","40411"
"MYE","Mid-year population estimate","2023","2023","N92000002","Northern Ireland","15","Age 70-74","All","All persons","Number","83253"
"MYE","Mid-year population estimate","2023","2023","N92000002","Northern Ireland","16","Age 75-79","1","Females","Number","37962"
"MYE","Mid-year population estimate","2023","2023","N92000002","Northern Ireland","16","Age 75-79","2","Males","Number","33016"
"MYE","Mid-year population estimate","2023","2023","N92000002","Northern Ireland","16","Age 75-79","All","All persons","Number","70978"
"MYE","Mid-year population estimate","2023","2023","N92000002","Northern Ireland","17","Age 80-84","1","Females","Number","26441"
"MYE","Mid-year population estimate","2023","2023","N92000002","Northern Ireland","17","Age 80-84","2","Males","Number","20749"
"MYE","Mid-year population estimate","2023","2023","N92000002","Northern Ireland","17","Age 80-84","All","All persons","Number","47190"
"MYE","Mid-year population estimate","2023","2023","N92000002","Northern Ireland","18","Age 85-89","1","Females","Number","16560"
"MYE","Mid-year population estimate","2023","2023","N92000002","Northern Ireland","18","Age 85-89","2","Males","Number","10898"
"MYE","Mid-year population estimate","2023","2023","N92000002","Northern Ireland","18","Age 85-89","All","All persons","Number","27458"
"MYE","Mid-year population estimate","2023","2023","N92000002","Northern Ireland","19","Age 90+","1","Females","Number","9958"
"MYE","Mid-year population estimate","2023","2023","N92000002","Northern Ireland","19","Age 90+","2","Males","Number","4456"
"MYE","Mid-year population estimate","2023","2023","N92000002","Northern Ireland","19","Age 90+","All","All persons","Number","14414"
"MYE","Mid-year population estimate","2023","2023","N92000002","Northern Ireland","All","All","1","Females","Number","974897"
"MYE","Mid-year population estimate","2023","2023","N92000002","Northern Ireland","All","All","2","Males","Number","945485"
"MYE","Mid-year population estimate","2023","2023","N92000002","Northern Ireland","All","All","All","All persons","Number","1920382"
"MYE","Mid-year population estimate","2024","2024","N05000001","Belfast East","1","Age 0-4","1","Females","Number","2715"
"MYE","Mid-year population estimate","2024","2024","N05000001","Belfast East","1","Age 0-4","2","Males","Number","2844"
"MYE","Mid-year population estimate","2024","2024","N05000001","Belfast East","1","Age 0-4","All","All persons","Number","5559"
"MYE","Mid-year population estimate","2024","2024","N05000001","Belfast East","2","Age 5-9","1","Females","Number","2935"
"MYE","Mid-year population estimate","2024","2024","N05000001","Belfast East","2","Age 5-9","2","Males","Number","3035"
"MYE","Mid-year population estimate","2024","2024","N05000001","Belfast East","2","Age 5-9","All","All persons","Number","5970"
"MYE","Mid-year population estimate","2024","2024","N05000001","Belfast East","3","Age 10-14","1","Females","Number","2982"
"MYE","Mid-year population estimate","2024","2024","N05000001","Belfast East","3","Age 10-14","2","Males","Number","3258"
"MYE","Mid-year population estimate","2024","2024","N05000001","Belfast East","3","Age 10-14","All","All persons","Number","6240"
"MYE","Mid-year population estimate","2024","2024","N05000001","Belfast East","4","Age 15-19","1","Females","Number","2825"
"MYE","Mid-year population estimate","2024","2024","N05000001","Belfast East","4","Age 15-19","2","Males","Number","2988"
"MYE","Mid-year population estimate","2024","2024","N05000001","Belfast East","4","Age 15-19","All","All persons","Number","5813"
"MYE","Mid-year population estimate","2024","2024","N05000001","Belfast East","5","Age 20-24","1","Females","Number","2117"
"MYE","Mid-year population estimate","2024","2024","N05000001","Belfast East","5","Age 20-24","2","Males","Number","2211"
"MYE","Mid-year population estimate","2024","2024","N05000001","Belfast East","5","Age 20-24","All","All persons","Number","4328"
"MYE","Mid-year population estimate","2024","2024","N05000001","Belfast East","6","Age 25-29","1","Females","Number","3515"
"MYE","Mid-year population estimate","2024","2024","N05000001","Belfast East","6","Age 25-29","2","Males","Number","3407"
"MYE","Mid-year population estimate","2024","2024","N05000001","Belfast East","6","Age 25-29","All","All persons","Number","6922"
"MYE","Mid-year population estimate","2024","2024","N05000001","Belfast East","7","Age 30-34","1","Females","Number","4534"
"MYE","Mid-year population estimate","2024","2024","N05000001","Belfast East","7","Age 30-34","2","Males","Number","4343"
"MYE","Mid-year population estimate","2024","2024","N05000001","Belfast East","7","Age 30-34","All","All persons","Number","8877"
"MYE","Mid-year population estimate","2024","2024","N05000001","Belfast East","8","Age 35-39","1","Females","Number","4309"
"MYE","Mid-year population estimate","2024","2024","N05000001","Belfast East","8","Age 35-39","2","Males","Number","4216"
"MYE","Mid-year population estimate","2024","2024","N05000001","Belfast East","8","Age 35-39","All","All persons","Number","8525"
"MYE","Mid-year population estimate","2024","2024","N05000001","Belfast East","9","Age 40-44","1","Females","Number","3791"
"MYE","Mid-year population estimate","2024","2024","N05000001","Belfast East","9","Age 40-44","2","Males","Number","3598"
"MYE","Mid-year population estimate","2024","2024","N05000001","Belfast East","9","Age 40-44","All","All persons","Number","7389"
"MYE","Mid-year population estimate","2024","2024","N05000001","Belfast East","10","Age 45-49","1","Females","Number","3382"
"MYE","Mid-year population estimate","2024","2024","N05000001","Belfast East","10","Age 45-49","2","Males","Number","3212"
"MYE","Mid-year population estimate","2024","2024","N05000001","Belfast East","10","Age 45-49","All","All persons","Number","6594"
"MYE","Mid-year population estimate","2024","2024","N05000001","Belfast East","11","Age 50-54","1","Females","Number","3301"
"MYE","Mid-year population estimate","2024","2024","N05000001","Belfast East","11","Age 50-54","2","Males","Number","3252"
"MYE","Mid-year population estimate","2024","2024","N05000001","Belfast East","11","Age 50-54","All","All persons","Number","6553"
"MYE","Mid-year population estimate","2024","2024","N05000001","Belfast East","12","Age 55-59","1","Females","Number","3507"
"MYE","Mid-year population estimate","2024","2024","N05000001","Belfast East","12","Age 55-59","2","Males","Number","3301"
"MYE","Mid-year population estimate","2024","2024","N05000001","Belfast East","12","Age 55-59","All","All persons","Number","6808"
"MYE","Mid-year population estimate","2024","2024","N05000001","Belfast East","13","Age 60-64","1","Females","Number","3245"
"MYE","Mid-year population estimate","2024","2024","N05000001","Belfast East","13","Age 60-64","2","Males","Number","3033"
"MYE","Mid-year population estimate","2024","2024","N05000001","Belfast East","13","Age 60-64","All","All persons","Number","6278"
"MYE","Mid-year population estimate","2024","2024","N05000001","Belfast East","14","Age 65-69","1","Females","Number","2696"
"MYE","Mid-year population estimate","2024","2024","N05000001","Belfast East","14","Age 65-69","2","Males","Number","2420"
"MYE","Mid-year population estimate","2024","2024","N05000001","Belfast East","14","Age 65-69","All","All persons","Number","5116"
"MYE","Mid-year population estimate","2024","2024","N05000001","Belfast East","15","Age 70-74","1","Females","Number","1978"
"MYE","Mid-year population estimate","2024","2024","N05000001","Belfast East","15","Age 70-74","2","Males","Number","1963"
"MYE","Mid-year population estimate","2024","2024","N05000001","Belfast East","15","Age 70-74","All","All persons","Number","3941"
"MYE","Mid-year population estimate","2024","2024","N05000001","Belfast East","16","Age 75-79","1","Females","Number","1835"
"MYE","Mid-year population estimate","2024","2024","N05000001","Belfast East","16","Age 75-79","2","Males","Number","1473"
"MYE","Mid-year population estimate","2024","2024","N05000001","Belfast East","16","Age 75-79","All","All persons","Number","3308"
"MYE","Mid-year population estimate","2024","2024","N05000001","Belfast East","17","Age 80-84","1","Females","Number","1527"
"MYE","Mid-year population estimate","2024","2024","N05000001","Belfast East","17","Age 80-84","2","Males","Number","1061"
"MYE","Mid-year population estimate","2024","2024","N05000001","Belfast East","17","Age 80-84","All","All persons","Number","2588"
"MYE","Mid-year population estimate","2024","2024","N05000001","Belfast East","18","Age 85-89","1","Females","Number","1003"
"MYE","Mid-year population estimate","2024","2024","N05000001","Belfast East","18","Age 85-89","2","Males","Number","592"
"MYE","Mid-year population estimate","2024","2024","N05000001","Belfast East","18","Age 85-89","All","All persons","Number","1595"
"MYE","Mid-year population estimate","2024","2024","N05000001","Belfast East","19","Age 90+","1","Females","Number","675"
"MYE","Mid-year population estimate","2024","2024","N05000001","Belfast East","19","Age 90+","2","Males","Number","314"
"MYE","Mid-year population estimate","2024","2024","N05000001","Belfast East","19","Age 90+","All","All persons","Number","989"
"MYE","Mid-year population estimate","2024","2024","N05000001","Belfast East","All","All","1","Females","Number","52872"
"MYE","Mid-year population estimate","2024","2024","N05000001","Belfast East","All","All","2","Males","Number","50521"
"MYE","Mid-year population estimate","2024","2024","N05000001","Belfast East","All","All","All","All persons","Number","103393"
"MYE","Mid-year population estimate","2024","2024","N05000002","Belfast North","1","Age 0-4","1","Females","Number","3001"
"MYE","Mid-year population estimate","2024","2024","N05000002","Belfast North","1","Age 0-4","2","Males","Number","3136"
"MYE","Mid-year population estimate","2024","2024","N05000002","Belfast North","1","Age 0-4","All","All persons","Number","6137"
"MYE","Mid-year population estimate","2024","2024","N05000002","Belfast North","2","Age 5-9","1","Females","Number","3332"
"MYE","Mid-year population estimate","2024","2024","N05000002","Belfast North","2","Age 5-9","2","Males","Number","3485"
"MYE","Mid-year population estimate","2024","2024","N05000002","Belfast North","2","Age 5-9","All","All persons","Number","6817"
"MYE","Mid-year population estimate","2024","2024","N05000002","Belfast North","3","Age 10-14","1","Females","Number","3598"
"MYE","Mid-year population estimate","2024","2024","N05000002","Belfast North","3","Age 10-14","2","Males","Number","3737"
"MYE","Mid-year population estimate","2024","2024","N05000002","Belfast North","3","Age 10-14","All","All persons","Number","7335"
"MYE","Mid-year population estimate","2024","2024","N05000002","Belfast North","4","Age 15-19","1","Females","Number","3665"
"MYE","Mid-year population estimate","2024","2024","N05000002","Belfast North","4","Age 15-19","2","Males","Number","3843"
"MYE","Mid-year population estimate","2024","2024","N05000002","Belfast North","4","Age 15-19","All","All persons","Number","7508"
"MYE","Mid-year population estimate","2024","2024","N05000002","Belfast North","5","Age 20-24","1","Females","Number","3230"
"MYE","Mid-year population estimate","2024","2024","N05000002","Belfast North","5","Age 20-24","2","Males","Number","3352"
"MYE","Mid-year population estimate","2024","2024","N05000002","Belfast North","5","Age 20-24","All","All persons","Number","6582"
"MYE","Mid-year population estimate","2024","2024","N05000002","Belfast North","6","Age 25-29","1","Females","Number","3606"
"MYE","Mid-year population estimate","2024","2024","N05000002","Belfast North","6","Age 25-29","2","Males","Number","3653"
"MYE","Mid-year population estimate","2024","2024","N05000002","Belfast North","6","Age 25-29","All","All persons","Number","7259"
"MYE","Mid-year population estimate","2024","2024","N05000002","Belfast North","7","Age 30-34","1","Females","Number","4026"
"MYE","Mid-year population estimate","2024","2024","N05000002","Belfast North","7","Age 30-34","2","Males","Number","3917"
"MYE","Mid-year population estimate","2024","2024","N05000002","Belfast North","7","Age 30-34","All","All persons","Number","7943"
"MYE","Mid-year population estimate","2024","2024","N05000002","Belfast North","8","Age 35-39","1","Females","Number","4236"
"MYE","Mid-year population estimate","2024","2024","N05000002","Belfast North","8","Age 35-39","2","Males","Number","3787"
"MYE","Mid-year population estimate","2024","2024","N05000002","Belfast North","8","Age 35-39","All","All persons","Number","8023"
"MYE","Mid-year population estimate","2024","2024","N05000002","Belfast North","9","Age 40-44","1","Females","Number","3833"
"MYE","Mid-year population estimate","2024","2024","N05000002","Belfast North","9","Age 40-44","2","Males","Number","3489"
"MYE","Mid-year population estimate","2024","2024","N05000002","Belfast North","9","Age 40-44","All","All persons","Number","7322"
"MYE","Mid-year population estimate","2024","2024","N05000002","Belfast North","10","Age 45-49","1","Females","Number","3188"
"MYE","Mid-year population estimate","2024","2024","N05000002","Belfast North","10","Age 45-49","2","Males","Number","3054"
"MYE","Mid-year population estimate","2024","2024","N05000002","Belfast North","10","Age 45-49","All","All persons","Number","6242"
"MYE","Mid-year population estimate","2024","2024","N05000002","Belfast North","11","Age 50-54","1","Females","Number","3295"
"MYE","Mid-year population estimate","2024","2024","N05000002","Belfast North","11","Age 50-54","2","Males","Number","3039"
"MYE","Mid-year population estimate","2024","2024","N05000002","Belfast North","11","Age 50-54","All","All persons","Number","6334"
"MYE","Mid-year population estimate","2024","2024","N05000002","Belfast North","12","Age 55-59","1","Females","Number","3565"
"MYE","Mid-year population estimate","2024","2024","N05000002","Belfast North","12","Age 55-59","2","Males","Number","3492"
"MYE","Mid-year population estimate","2024","2024","N05000002","Belfast North","12","Age 55-59","All","All persons","Number","7057"
"MYE","Mid-year population estimate","2024","2024","N05000002","Belfast North","13","Age 60-64","1","Females","Number","3478"
"MYE","Mid-year population estimate","2024","2024","N05000002","Belfast North","13","Age 60-64","2","Males","Number","3217"
"MYE","Mid-year population estimate","2024","2024","N05000002","Belfast North","13","Age 60-64","All","All persons","Number","6695"
"MYE","Mid-year population estimate","2024","2024","N05000002","Belfast North","14","Age 65-69","1","Females","Number","2825"
"MYE","Mid-year population estimate","2024","2024","N05000002","Belfast North","14","Age 65-69","2","Males","Number","2584"
"MYE","Mid-year population estimate","2024","2024","N05000002","Belfast North","14","Age 65-69","All","All persons","Number","5409"
"MYE","Mid-year population estimate","2024","2024","N05000002","Belfast North","15","Age 70-74","1","Females","Number","2002"
"MYE","Mid-year population estimate","2024","2024","N05000002","Belfast North","15","Age 70-74","2","Males","Number","1946"
"MYE","Mid-year population estimate","2024","2024","N05000002","Belfast North","15","Age 70-74","All","All persons","Number","3948"
"MYE","Mid-year population estimate","2024","2024","N05000002","Belfast North","16","Age 75-79","1","Females","Number","1829"
"MYE","Mid-year population estimate","2024","2024","N05000002","Belfast North","16","Age 75-79","2","Males","Number","1530"
"MYE","Mid-year population estimate","2024","2024","N05000002","Belfast North","16","Age 75-79","All","All persons","Number","3359"
"MYE","Mid-year population estimate","2024","2024","N05000002","Belfast North","17","Age 80-84","1","Females","Number","1362"
"MYE","Mid-year population estimate","2024","2024","N05000002","Belfast North","17","Age 80-84","2","Males","Number","1005"
"MYE","Mid-year population estimate","2024","2024","N05000002","Belfast North","17","Age 80-84","All","All persons","Number","2367"
"MYE","Mid-year population estimate","2024","2024","N05000002","Belfast North","18","Age 85-89","1","Females","Number","962"
"MYE","Mid-year population estimate","2024","2024","N05000002","Belfast North","18","Age 85-89","2","Males","Number","532"
"MYE","Mid-year population estimate","2024","2024","N05000002","Belfast North","18","Age 85-89","All","All persons","Number","1494"
"MYE","Mid-year population estimate","2024","2024","N05000002","Belfast North","19","Age 90+","1","Females","Number","572"
"MYE","Mid-year population estimate","2024","2024","N05000002","Belfast North","19","Age 90+","2","Males","Number","240"
"MYE","Mid-year population estimate","2024","2024","N05000002","Belfast North","19","Age 90+","All","All persons","Number","812"
"MYE","Mid-year population estimate","2024","2024","N05000002","Belfast North","All","All","1","Females","Number","55605"
"MYE","Mid-year population estimate","2024","2024","N05000002","Belfast North","All","All","2","Males","Number","53038"
"MYE","Mid-year population estimate","2024","2024","N05000002","Belfast North","All","All","All","All persons","Number","108643"
"MYE","Mid-year population estimate","2024","2024","N05000003","Belfast South and Mid Down","1","Age 0-4","1","Females","Number","2667"
"MYE","Mid-year population estimate","2024","2024","N05000003","Belfast South and Mid Down","1","Age 0-4","2","Males","Number","2787"
"MYE","Mid-year population estimate","2024","2024","N05000003","Belfast South and Mid Down","1","Age 0-4","All","All persons","Number","5454"
"MYE","Mid-year population estimate","2024","2024","N05000003","Belfast South and Mid Down","2","Age 5-9","1","Females","Number","2936"
"MYE","Mid-year population estimate","2024","2024","N05000003","Belfast South and Mid Down","2","Age 5-9","2","Males","Number","3183"
"MYE","Mid-year population estimate","2024","2024","N05000003","Belfast South and Mid Down","2","Age 5-9","All","All persons","Number","6119"
"MYE","Mid-year population estimate","2024","2024","N05000003","Belfast South and Mid Down","3","Age 10-14","1","Females","Number","3151"
"MYE","Mid-year population estimate","2024","2024","N05000003","Belfast South and Mid Down","3","Age 10-14","2","Males","Number","3197"
"MYE","Mid-year population estimate","2024","2024","N05000003","Belfast South and Mid Down","3","Age 10-14","All","All persons","Number","6348"
"MYE","Mid-year population estimate","2024","2024","N05000003","Belfast South and Mid Down","4","Age 15-19","1","Females","Number","3827"
"MYE","Mid-year population estimate","2024","2024","N05000003","Belfast South and Mid Down","4","Age 15-19","2","Males","Number","3717"
"MYE","Mid-year population estimate","2024","2024","N05000003","Belfast South and Mid Down","4","Age 15-19","All","All persons","Number","7544"
"MYE","Mid-year population estimate","2024","2024","N05000003","Belfast South and Mid Down","5","Age 20-24","1","Females","Number","8100"
"MYE","Mid-year population estimate","2024","2024","N05000003","Belfast South and Mid Down","5","Age 20-24","2","Males","Number","7659"
"MYE","Mid-year population estimate","2024","2024","N05000003","Belfast South and Mid Down","5","Age 20-24","All","All persons","Number","15759"
"MYE","Mid-year population estimate","2024","2024","N05000003","Belfast South and Mid Down","6","Age 25-29","1","Females","Number","5875"
"MYE","Mid-year population estimate","2024","2024","N05000003","Belfast South and Mid Down","6","Age 25-29","2","Males","Number","6411"
"MYE","Mid-year population estimate","2024","2024","N05000003","Belfast South and Mid Down","6","Age 25-29","All","All persons","Number","12286"
"MYE","Mid-year population estimate","2024","2024","N05000003","Belfast South and Mid Down","7","Age 30-34","1","Females","Number","4548"
"MYE","Mid-year population estimate","2024","2024","N05000003","Belfast South and Mid Down","7","Age 30-34","2","Males","Number","5044"
"MYE","Mid-year population estimate","2024","2024","N05000003","Belfast South and Mid Down","7","Age 30-34","All","All persons","Number","9592"
"MYE","Mid-year population estimate","2024","2024","N05000003","Belfast South and Mid Down","8","Age 35-39","1","Females","Number","4201"
"MYE","Mid-year population estimate","2024","2024","N05000003","Belfast South and Mid Down","8","Age 35-39","2","Males","Number","4368"
"MYE","Mid-year population estimate","2024","2024","N05000003","Belfast South and Mid Down","8","Age 35-39","All","All persons","Number","8569"
"MYE","Mid-year population estimate","2024","2024","N05000003","Belfast South and Mid Down","9","Age 40-44","1","Females","Number","3721"
"MYE","Mid-year population estimate","2024","2024","N05000003","Belfast South and Mid Down","9","Age 40-44","2","Males","Number","3795"
"MYE","Mid-year population estimate","2024","2024","N05000003","Belfast South and Mid Down","9","Age 40-44","All","All persons","Number","7516"
"MYE","Mid-year population estimate","2024","2024","N05000003","Belfast South and Mid Down","10","Age 45-49","1","Females","Number","3220"
"MYE","Mid-year population estimate","2024","2024","N05000003","Belfast South and Mid Down","10","Age 45-49","2","Males","Number","3474"
"MYE","Mid-year population estimate","2024","2024","N05000003","Belfast South and Mid Down","10","Age 45-49","All","All persons","Number","6694"
"MYE","Mid-year population estimate","2024","2024","N05000003","Belfast South and Mid Down","11","Age 50-54","1","Females","Number","3152"
"MYE","Mid-year population estimate","2024","2024","N05000003","Belfast South and Mid Down","11","Age 50-54","2","Males","Number","3166"
"MYE","Mid-year population estimate","2024","2024","N05000003","Belfast South and Mid Down","11","Age 50-54","All","All persons","Number","6318"
"MYE","Mid-year population estimate","2024","2024","N05000003","Belfast South and Mid Down","12","Age 55-59","1","Females","Number","3436"
"MYE","Mid-year population estimate","2024","2024","N05000003","Belfast South and Mid Down","12","Age 55-59","2","Males","Number","3238"
"MYE","Mid-year population estimate","2024","2024","N05000003","Belfast South and Mid Down","12","Age 55-59","All","All persons","Number","6674"
"MYE","Mid-year population estimate","2024","2024","N05000003","Belfast South and Mid Down","13","Age 60-64","1","Females","Number","3476"
"MYE","Mid-year population estimate","2024","2024","N05000003","Belfast South and Mid Down","13","Age 60-64","2","Males","Number","3223"
"MYE","Mid-year population estimate","2024","2024","N05000003","Belfast South and Mid Down","13","Age 60-64","All","All persons","Number","6699"
"MYE","Mid-year population estimate","2024","2024","N05000003","Belfast South and Mid Down","14","Age 65-69","1","Females","Number","2924"
"MYE","Mid-year population estimate","2024","2024","N05000003","Belfast South and Mid Down","14","Age 65-69","2","Males","Number","2781"
"MYE","Mid-year population estimate","2024","2024","N05000003","Belfast South and Mid Down","14","Age 65-69","All","All persons","Number","5705"
"MYE","Mid-year population estimate","2024","2024","N05000003","Belfast South and Mid Down","15","Age 70-74","1","Females","Number","2219"
"MYE","Mid-year population estimate","2024","2024","N05000003","Belfast South and Mid Down","15","Age 70-74","2","Males","Number","2148"
"MYE","Mid-year population estimate","2024","2024","N05000003","Belfast South and Mid Down","15","Age 70-74","All","All persons","Number","4367"
"MYE","Mid-year population estimate","2024","2024","N05000003","Belfast South and Mid Down","16","Age 75-79","1","Females","Number","1897"
"MYE","Mid-year population estimate","2024","2024","N05000003","Belfast South and Mid Down","16","Age 75-79","2","Males","Number","1646"
"MYE","Mid-year population estimate","2024","2024","N05000003","Belfast South and Mid Down","16","Age 75-79","All","All persons","Number","3543"
"MYE","Mid-year population estimate","2024","2024","N05000003","Belfast South and Mid Down","17","Age 80-84","1","Females","Number","1476"
"MYE","Mid-year population estimate","2024","2024","N05000003","Belfast South and Mid Down","17","Age 80-84","2","Males","Number","1094"
"MYE","Mid-year population estimate","2024","2024","N05000003","Belfast South and Mid Down","17","Age 80-84","All","All persons","Number","2570"
"MYE","Mid-year population estimate","2024","2024","N05000003","Belfast South and Mid Down","18","Age 85-89","1","Females","Number","993"
"MYE","Mid-year population estimate","2024","2024","N05000003","Belfast South and Mid Down","18","Age 85-89","2","Males","Number","608"
"MYE","Mid-year population estimate","2024","2024","N05000003","Belfast South and Mid Down","18","Age 85-89","All","All persons","Number","1601"
"MYE","Mid-year population estimate","2024","2024","N05000003","Belfast South and Mid Down","19","Age 90+","1","Females","Number","681"
"MYE","Mid-year population estimate","2024","2024","N05000003","Belfast South and Mid Down","19","Age 90+","2","Males","Number","284"
"MYE","Mid-year population estimate","2024","2024","N05000003","Belfast South and Mid Down","19","Age 90+","All","All persons","Number","965"
"MYE","Mid-year population estimate","2024","2024","N05000003","Belfast South and Mid Down","All","All","1","Females","Number","62500"
"MYE","Mid-year population estimate","2024","2024","N05000003","Belfast South and Mid Down","All","All","2","Males","Number","61823"
"MYE","Mid-year population estimate","2024","2024","N05000003","Belfast South and Mid Down","All","All","All","All persons","Number","124323"
"MYE","Mid-year population estimate","2024","2024","N05000004","Belfast West","1","Age 0-4","1","Females","Number","3127"
"MYE","Mid-year population estimate","2024","2024","N05000004","Belfast West","1","Age 0-4","2","Males","Number","3328"
"MYE","Mid-year population estimate","2024","2024","N05000004","Belfast West","1","Age 0-4","All","All persons","Number","6455"
"MYE","Mid-year population estimate","2024","2024","N05000004","Belfast West","2","Age 5-9","1","Females","Number","3447"
"MYE","Mid-year population estimate","2024","2024","N05000004","Belfast West","2","Age 5-9","2","Males","Number","3667"
"MYE","Mid-year population estimate","2024","2024","N05000004","Belfast West","2","Age 5-9","All","All persons","Number","7114"
"MYE","Mid-year population estimate","2024","2024","N05000004","Belfast West","3","Age 10-14","1","Females","Number","3784"
"MYE","Mid-year population estimate","2024","2024","N05000004","Belfast West","3","Age 10-14","2","Males","Number","3823"
"MYE","Mid-year population estimate","2024","2024","N05000004","Belfast West","3","Age 10-14","All","All persons","Number","7607"
"MYE","Mid-year population estimate","2024","2024","N05000004","Belfast West","4","Age 15-19","1","Females","Number","3487"
"MYE","Mid-year population estimate","2024","2024","N05000004","Belfast West","4","Age 15-19","2","Males","Number","3672"
"MYE","Mid-year population estimate","2024","2024","N05000004","Belfast West","4","Age 15-19","All","All persons","Number","7159"
"MYE","Mid-year population estimate","2024","2024","N05000004","Belfast West","5","Age 20-24","1","Females","Number","2623"
"MYE","Mid-year population estimate","2024","2024","N05000004","Belfast West","5","Age 20-24","2","Males","Number","2894"
"MYE","Mid-year population estimate","2024","2024","N05000004","Belfast West","5","Age 20-24","All","All persons","Number","5517"
"MYE","Mid-year population estimate","2024","2024","N05000004","Belfast West","6","Age 25-29","1","Females","Number","3462"
"MYE","Mid-year population estimate","2024","2024","N05000004","Belfast West","6","Age 25-29","2","Males","Number","3249"
"MYE","Mid-year population estimate","2024","2024","N05000004","Belfast West","6","Age 25-29","All","All persons","Number","6711"
"MYE","Mid-year population estimate","2024","2024","N05000004","Belfast West","7","Age 30-34","1","Females","Number","3853"
"MYE","Mid-year population estimate","2024","2024","N05000004","Belfast West","7","Age 30-34","2","Males","Number","3323"
"MYE","Mid-year population estimate","2024","2024","N05000004","Belfast West","7","Age 30-34","All","All persons","Number","7176"
"MYE","Mid-year population estimate","2024","2024","N05000004","Belfast West","8","Age 35-39","1","Females","Number","4212"
"MYE","Mid-year population estimate","2024","2024","N05000004","Belfast West","8","Age 35-39","2","Males","Number","3351"
"MYE","Mid-year population estimate","2024","2024","N05000004","Belfast West","8","Age 35-39","All","All persons","Number","7563"
"MYE","Mid-year population estimate","2024","2024","N05000004","Belfast West","9","Age 40-44","1","Females","Number","3740"
"MYE","Mid-year population estimate","2024","2024","N05000004","Belfast West","9","Age 40-44","2","Males","Number","3135"
"MYE","Mid-year population estimate","2024","2024","N05000004","Belfast West","9","Age 40-44","All","All persons","Number","6875"
"MYE","Mid-year population estimate","2024","2024","N05000004","Belfast West","10","Age 45-49","1","Females","Number","3154"
"MYE","Mid-year population estimate","2024","2024","N05000004","Belfast West","10","Age 45-49","2","Males","Number","2702"
"MYE","Mid-year population estimate","2024","2024","N05000004","Belfast West","10","Age 45-49","All","All persons","Number","5856"
"MYE","Mid-year population estimate","2024","2024","N05000004","Belfast West","11","Age 50-54","1","Females","Number","3098"
"MYE","Mid-year population estimate","2024","2024","N05000004","Belfast West","11","Age 50-54","2","Males","Number","2656"
"MYE","Mid-year population estimate","2024","2024","N05000004","Belfast West","11","Age 50-54","All","All persons","Number","5754"
"MYE","Mid-year population estimate","2024","2024","N05000004","Belfast West","12","Age 55-59","1","Females","Number","3607"
"MYE","Mid-year population estimate","2024","2024","N05000004","Belfast West","12","Age 55-59","2","Males","Number","3172"
"MYE","Mid-year population estimate","2024","2024","N05000004","Belfast West","12","Age 55-59","All","All persons","Number","6779"
"MYE","Mid-year population estimate","2024","2024","N05000004","Belfast West","13","Age 60-64","1","Females","Number","3565"
"MYE","Mid-year population estimate","2024","2024","N05000004","Belfast West","13","Age 60-64","2","Males","Number","3113"
"MYE","Mid-year population estimate","2024","2024","N05000004","Belfast West","13","Age 60-64","All","All persons","Number","6678"
"MYE","Mid-year population estimate","2024","2024","N05000004","Belfast West","14","Age 65-69","1","Females","Number","2842"
"MYE","Mid-year population estimate","2024","2024","N05000004","Belfast West","14","Age 65-69","2","Males","Number","2541"
"MYE","Mid-year population estimate","2024","2024","N05000004","Belfast West","14","Age 65-69","All","All persons","Number","5383"
"MYE","Mid-year population estimate","2024","2024","N05000004","Belfast West","15","Age 70-74","1","Females","Number","1989"
"MYE","Mid-year population estimate","2024","2024","N05000004","Belfast West","15","Age 70-74","2","Males","Number","1815"
"MYE","Mid-year population estimate","2024","2024","N05000004","Belfast West","15","Age 70-74","All","All persons","Number","3804"
"MYE","Mid-year population estimate","2024","2024","N05000004","Belfast West","16","Age 75-79","1","Females","Number","1620"
"MYE","Mid-year population estimate","2024","2024","N05000004","Belfast West","16","Age 75-79","2","Males","Number","1358"
"MYE","Mid-year population estimate","2024","2024","N05000004","Belfast West","16","Age 75-79","All","All persons","Number","2978"
"MYE","Mid-year population estimate","2024","2024","N05000004","Belfast West","17","Age 80-84","1","Females","Number","1182"
"MYE","Mid-year population estimate","2024","2024","N05000004","Belfast West","17","Age 80-84","2","Males","Number","845"
"MYE","Mid-year population estimate","2024","2024","N05000004","Belfast West","17","Age 80-84","All","All persons","Number","2027"
"MYE","Mid-year population estimate","2024","2024","N05000004","Belfast West","18","Age 85-89","1","Females","Number","782"
"MYE","Mid-year population estimate","2024","2024","N05000004","Belfast West","18","Age 85-89","2","Males","Number","448"
"MYE","Mid-year population estimate","2024","2024","N05000004","Belfast West","18","Age 85-89","All","All persons","Number","1230"
"MYE","Mid-year population estimate","2024","2024","N05000004","Belfast West","19","Age 90+","1","Females","Number","469"
"MYE","Mid-year population estimate","2024","2024","N05000004","Belfast West","19","Age 90+","2","Males","Number","206"
"MYE","Mid-year population estimate","2024","2024","N05000004","Belfast West","19","Age 90+","All","All persons","Number","675"
"MYE","Mid-year population estimate","2024","2024","N05000004","Belfast West","All","All","1","Females","Number","54043"
"MYE","Mid-year population estimate","2024","2024","N05000004","Belfast West","All","All","2","Males","Number","49298"
"MYE","Mid-year population estimate","2024","2024","N05000004","Belfast West","All","All","All","All persons","Number","103341"
"MYE","Mid-year population estimate","2024","2024","N05000005","East Antrim","1","Age 0-4","1","Females","Number","2220"
"MYE","Mid-year population estimate","2024","2024","N05000005","East Antrim","1","Age 0-4","2","Males","Number","2406"
"MYE","Mid-year population estimate","2024","2024","N05000005","East Antrim","1","Age 0-4","All","All persons","Number","4626"
"MYE","Mid-year population estimate","2024","2024","N05000005","East Antrim","2","Age 5-9","1","Females","Number","2648"
"MYE","Mid-year population estimate","2024","2024","N05000005","East Antrim","2","Age 5-9","2","Males","Number","2752"
"MYE","Mid-year population estimate","2024","2024","N05000005","East Antrim","2","Age 5-9","All","All persons","Number","5400"
"MYE","Mid-year population estimate","2024","2024","N05000005","East Antrim","3","Age 10-14","1","Females","Number","2883"
"MYE","Mid-year population estimate","2024","2024","N05000005","East Antrim","3","Age 10-14","2","Males","Number","3031"
"MYE","Mid-year population estimate","2024","2024","N05000005","East Antrim","3","Age 10-14","All","All persons","Number","5914"
"MYE","Mid-year population estimate","2024","2024","N05000005","East Antrim","4","Age 15-19","1","Females","Number","2863"
"MYE","Mid-year population estimate","2024","2024","N05000005","East Antrim","4","Age 15-19","2","Males","Number","3089"
"MYE","Mid-year population estimate","2024","2024","N05000005","East Antrim","4","Age 15-19","All","All persons","Number","5952"
"MYE","Mid-year population estimate","2024","2024","N05000005","East Antrim","5","Age 20-24","1","Females","Number","2183"
"MYE","Mid-year population estimate","2024","2024","N05000005","East Antrim","5","Age 20-24","2","Males","Number","2510"
"MYE","Mid-year population estimate","2024","2024","N05000005","East Antrim","5","Age 20-24","All","All persons","Number","4693"
"MYE","Mid-year population estimate","2024","2024","N05000005","East Antrim","6","Age 25-29","1","Females","Number","2527"
"MYE","Mid-year population estimate","2024","2024","N05000005","East Antrim","6","Age 25-29","2","Males","Number","2617"
"MYE","Mid-year population estimate","2024","2024","N05000005","East Antrim","6","Age 25-29","All","All persons","Number","5144"
"MYE","Mid-year population estimate","2024","2024","N05000005","East Antrim","7","Age 30-34","1","Females","Number","2859"
"MYE","Mid-year population estimate","2024","2024","N05000005","East Antrim","7","Age 30-34","2","Males","Number","2685"
"MYE","Mid-year population estimate","2024","2024","N05000005","East Antrim","7","Age 30-34","All","All persons","Number","5544"
"MYE","Mid-year population estimate","2024","2024","N05000005","East Antrim","8","Age 35-39","1","Females","Number","3206"
"MYE","Mid-year population estimate","2024","2024","N05000005","East Antrim","8","Age 35-39","2","Males","Number","2896"
"MYE","Mid-year population estimate","2024","2024","N05000005","East Antrim","8","Age 35-39","All","All persons","Number","6102"
"MYE","Mid-year population estimate","2024","2024","N05000005","East Antrim","9","Age 40-44","1","Females","Number","3119"
"MYE","Mid-year population estimate","2024","2024","N05000005","East Antrim","9","Age 40-44","2","Males","Number","2887"
"MYE","Mid-year population estimate","2024","2024","N05000005","East Antrim","9","Age 40-44","All","All persons","Number","6006"
"MYE","Mid-year population estimate","2024","2024","N05000005","East Antrim","10","Age 45-49","1","Females","Number","3111"
"MYE","Mid-year population estimate","2024","2024","N05000005","East Antrim","10","Age 45-49","2","Males","Number","2768"
"MYE","Mid-year population estimate","2024","2024","N05000005","East Antrim","10","Age 45-49","All","All persons","Number","5879"
"MYE","Mid-year population estimate","2024","2024","N05000005","East Antrim","11","Age 50-54","1","Females","Number","3572"
"MYE","Mid-year population estimate","2024","2024","N05000005","East Antrim","11","Age 50-54","2","Males","Number","3411"
"MYE","Mid-year population estimate","2024","2024","N05000005","East Antrim","11","Age 50-54","All","All persons","Number","6983"
"MYE","Mid-year population estimate","2024","2024","N05000005","East Antrim","12","Age 55-59","1","Females","Number","3884"
"MYE","Mid-year population estimate","2024","2024","N05000005","East Antrim","12","Age 55-59","2","Males","Number","3789"
"MYE","Mid-year population estimate","2024","2024","N05000005","East Antrim","12","Age 55-59","All","All persons","Number","7673"
"MYE","Mid-year population estimate","2024","2024","N05000005","East Antrim","13","Age 60-64","1","Females","Number","3637"
"MYE","Mid-year population estimate","2024","2024","N05000005","East Antrim","13","Age 60-64","2","Males","Number","3528"
"MYE","Mid-year population estimate","2024","2024","N05000005","East Antrim","13","Age 60-64","All","All persons","Number","7165"
"MYE","Mid-year population estimate","2024","2024","N05000005","East Antrim","14","Age 65-69","1","Females","Number","2992"
"MYE","Mid-year population estimate","2024","2024","N05000005","East Antrim","14","Age 65-69","2","Males","Number","2963"
"MYE","Mid-year population estimate","2024","2024","N05000005","East Antrim","14","Age 65-69","All","All persons","Number","5955"
"MYE","Mid-year population estimate","2024","2024","N05000005","East Antrim","15","Age 70-74","1","Females","Number","2479"
"MYE","Mid-year population estimate","2024","2024","N05000005","East Antrim","15","Age 70-74","2","Males","Number","2361"
"MYE","Mid-year population estimate","2024","2024","N05000005","East Antrim","15","Age 70-74","All","All persons","Number","4840"
"MYE","Mid-year population estimate","2024","2024","N05000005","East Antrim","16","Age 75-79","1","Females","Number","2226"
"MYE","Mid-year population estimate","2024","2024","N05000005","East Antrim","16","Age 75-79","2","Males","Number","1956"
"MYE","Mid-year population estimate","2024","2024","N05000005","East Antrim","16","Age 75-79","All","All persons","Number","4182"
"MYE","Mid-year population estimate","2024","2024","N05000005","East Antrim","17","Age 80-84","1","Females","Number","1678"
"MYE","Mid-year population estimate","2024","2024","N05000005","East Antrim","17","Age 80-84","2","Males","Number","1320"
"MYE","Mid-year population estimate","2024","2024","N05000005","East Antrim","17","Age 80-84","All","All persons","Number","2998"
"MYE","Mid-year population estimate","2024","2024","N05000005","East Antrim","18","Age 85-89","1","Females","Number","990"
"MYE","Mid-year population estimate","2024","2024","N05000005","East Antrim","18","Age 85-89","2","Males","Number","639"
"MYE","Mid-year population estimate","2024","2024","N05000005","East Antrim","18","Age 85-89","All","All persons","Number","1629"
"MYE","Mid-year population estimate","2024","2024","N05000005","East Antrim","19","Age 90+","1","Females","Number","559"
"MYE","Mid-year population estimate","2024","2024","N05000005","East Antrim","19","Age 90+","2","Males","Number","272"
"MYE","Mid-year population estimate","2024","2024","N05000005","East Antrim","19","Age 90+","All","All persons","Number","831"
"MYE","Mid-year population estimate","2024","2024","N05000005","East Antrim","All","All","1","Females","Number","49636"
"MYE","Mid-year population estimate","2024","2024","N05000005","East Antrim","All","All","2","Males","Number","47880"
"MYE","Mid-year population estimate","2024","2024","N05000005","East Antrim","All","All","All","All persons","Number","97516"
"MYE","Mid-year population estimate","2024","2024","N05000006","East Londonderry","1","Age 0-4","1","Females","Number","2529"
"MYE","Mid-year population estimate","2024","2024","N05000006","East Londonderry","1","Age 0-4","2","Males","Number","2749"
"MYE","Mid-year population estimate","2024","2024","N05000006","East Londonderry","1","Age 0-4","All","All persons","Number","5278"
"MYE","Mid-year population estimate","2024","2024","N05000006","East Londonderry","2","Age 5-9","1","Females","Number","3129"
"MYE","Mid-year population estimate","2024","2024","N05000006","East Londonderry","2","Age 5-9","2","Males","Number","3215"
"MYE","Mid-year population estimate","2024","2024","N05000006","East Londonderry","2","Age 5-9","All","All persons","Number","6344"
"MYE","Mid-year population estimate","2024","2024","N05000006","East Londonderry","3","Age 10-14","1","Females","Number","3173"
"MYE","Mid-year population estimate","2024","2024","N05000006","East Londonderry","3","Age 10-14","2","Males","Number","3492"
"MYE","Mid-year population estimate","2024","2024","N05000006","East Londonderry","3","Age 10-14","All","All persons","Number","6665"
"MYE","Mid-year population estimate","2024","2024","N05000006","East Londonderry","4","Age 15-19","1","Females","Number","3260"
"MYE","Mid-year population estimate","2024","2024","N05000006","East Londonderry","4","Age 15-19","2","Males","Number","3342"
"MYE","Mid-year population estimate","2024","2024","N05000006","East Londonderry","4","Age 15-19","All","All persons","Number","6602"
"MYE","Mid-year population estimate","2024","2024","N05000006","East Londonderry","5","Age 20-24","1","Females","Number","2704"
"MYE","Mid-year population estimate","2024","2024","N05000006","East Londonderry","5","Age 20-24","2","Males","Number","2781"
"MYE","Mid-year population estimate","2024","2024","N05000006","East Londonderry","5","Age 20-24","All","All persons","Number","5485"
"MYE","Mid-year population estimate","2024","2024","N05000006","East Londonderry","6","Age 25-29","1","Females","Number","2733"
"MYE","Mid-year population estimate","2024","2024","N05000006","East Londonderry","6","Age 25-29","2","Males","Number","2719"
"MYE","Mid-year population estimate","2024","2024","N05000006","East Londonderry","6","Age 25-29","All","All persons","Number","5452"
"MYE","Mid-year population estimate","2024","2024","N05000006","East Londonderry","7","Age 30-34","1","Females","Number","2917"
"MYE","Mid-year population estimate","2024","2024","N05000006","East Londonderry","7","Age 30-34","2","Males","Number","2890"
"MYE","Mid-year population estimate","2024","2024","N05000006","East Londonderry","7","Age 30-34","All","All persons","Number","5807"
"MYE","Mid-year population estimate","2024","2024","N05000006","East Londonderry","8","Age 35-39","1","Females","Number","3169"
"MYE","Mid-year population estimate","2024","2024","N05000006","East Londonderry","8","Age 35-39","2","Males","Number","3241"
"MYE","Mid-year population estimate","2024","2024","N05000006","East Londonderry","8","Age 35-39","All","All persons","Number","6410"
"MYE","Mid-year population estimate","2024","2024","N05000006","East Londonderry","9","Age 40-44","1","Females","Number","3306"
"MYE","Mid-year population estimate","2024","2024","N05000006","East Londonderry","9","Age 40-44","2","Males","Number","2992"
"MYE","Mid-year population estimate","2024","2024","N05000006","East Londonderry","9","Age 40-44","All","All persons","Number","6298"
"MYE","Mid-year population estimate","2024","2024","N05000006","East Londonderry","10","Age 45-49","1","Females","Number","3180"
"MYE","Mid-year population estimate","2024","2024","N05000006","East Londonderry","10","Age 45-49","2","Males","Number","2979"
"MYE","Mid-year population estimate","2024","2024","N05000006","East Londonderry","10","Age 45-49","All","All persons","Number","6159"
"MYE","Mid-year population estimate","2024","2024","N05000006","East Londonderry","11","Age 50-54","1","Females","Number","3718"
"MYE","Mid-year population estimate","2024","2024","N05000006","East Londonderry","11","Age 50-54","2","Males","Number","3483"
"MYE","Mid-year population estimate","2024","2024","N05000006","East Londonderry","11","Age 50-54","All","All persons","Number","7201"
"MYE","Mid-year population estimate","2024","2024","N05000006","East Londonderry","12","Age 55-59","1","Females","Number","3988"
"MYE","Mid-year population estimate","2024","2024","N05000006","East Londonderry","12","Age 55-59","2","Males","Number","3812"
"MYE","Mid-year population estimate","2024","2024","N05000006","East Londonderry","12","Age 55-59","All","All persons","Number","7800"
"MYE","Mid-year population estimate","2024","2024","N05000006","East Londonderry","13","Age 60-64","1","Females","Number","3522"
"MYE","Mid-year population estimate","2024","2024","N05000006","East Londonderry","13","Age 60-64","2","Males","Number","3450"
"MYE","Mid-year population estimate","2024","2024","N05000006","East Londonderry","13","Age 60-64","All","All persons","Number","6972"
"MYE","Mid-year population estimate","2024","2024","N05000006","East Londonderry","14","Age 65-69","1","Females","Number","3054"
"MYE","Mid-year population estimate","2024","2024","N05000006","East Londonderry","14","Age 65-69","2","Males","Number","2979"
"MYE","Mid-year population estimate","2024","2024","N05000006","East Londonderry","14","Age 65-69","All","All persons","Number","6033"
"MYE","Mid-year population estimate","2024","2024","N05000006","East Londonderry","15","Age 70-74","1","Females","Number","2576"
"MYE","Mid-year population estimate","2024","2024","N05000006","East Londonderry","15","Age 70-74","2","Males","Number","2536"
"MYE","Mid-year population estimate","2024","2024","N05000006","East Londonderry","15","Age 70-74","All","All persons","Number","5112"
"MYE","Mid-year population estimate","2024","2024","N05000006","East Londonderry","16","Age 75-79","1","Females","Number","2294"
"MYE","Mid-year population estimate","2024","2024","N05000006","East Londonderry","16","Age 75-79","2","Males","Number","2109"
"MYE","Mid-year population estimate","2024","2024","N05000006","East Londonderry","16","Age 75-79","All","All persons","Number","4403"
"MYE","Mid-year population estimate","2024","2024","N05000006","East Londonderry","17","Age 80-84","1","Females","Number","1708"
"MYE","Mid-year population estimate","2024","2024","N05000006","East Londonderry","17","Age 80-84","2","Males","Number","1332"
"MYE","Mid-year population estimate","2024","2024","N05000006","East Londonderry","17","Age 80-84","All","All persons","Number","3040"
"MYE","Mid-year population estimate","2024","2024","N05000006","East Londonderry","18","Age 85-89","1","Females","Number","984"
"MYE","Mid-year population estimate","2024","2024","N05000006","East Londonderry","18","Age 85-89","2","Males","Number","660"
"MYE","Mid-year population estimate","2024","2024","N05000006","East Londonderry","18","Age 85-89","All","All persons","Number","1644"
"MYE","Mid-year population estimate","2024","2024","N05000006","East Londonderry","19","Age 90+","1","Females","Number","590"
"MYE","Mid-year population estimate","2024","2024","N05000006","East Londonderry","19","Age 90+","2","Males","Number","288"
"MYE","Mid-year population estimate","2024","2024","N05000006","East Londonderry","19","Age 90+","All","All persons","Number","878"
"MYE","Mid-year population estimate","2024","2024","N05000006","East Londonderry","All","All","1","Females","Number","52534"
"MYE","Mid-year population estimate","2024","2024","N05000006","East Londonderry","All","All","2","Males","Number","51049"
"MYE","Mid-year population estimate","2024","2024","N05000006","East Londonderry","All","All","All","All persons","Number","103583"
"MYE","Mid-year population estimate","2024","2024","N05000007","Fermanagh and South Tyrone","1","Age 0-4","1","Females","Number","3397"
"MYE","Mid-year population estimate","2024","2024","N05000007","Fermanagh and South Tyrone","1","Age 0-4","2","Males","Number","3495"
"MYE","Mid-year population estimate","2024","2024","N05000007","Fermanagh and South Tyrone","1","Age 0-4","All","All persons","Number","6892"
"MYE","Mid-year population estimate","2024","2024","N05000007","Fermanagh and South Tyrone","2","Age 5-9","1","Females","Number","3839"
"MYE","Mid-year population estimate","2024","2024","N05000007","Fermanagh and South Tyrone","2","Age 5-9","2","Males","Number","3985"
"MYE","Mid-year population estimate","2024","2024","N05000007","Fermanagh and South Tyrone","2","Age 5-9","All","All persons","Number","7824"
"MYE","Mid-year population estimate","2024","2024","N05000007","Fermanagh and South Tyrone","3","Age 10-14","1","Females","Number","3916"
"MYE","Mid-year population estimate","2024","2024","N05000007","Fermanagh and South Tyrone","3","Age 10-14","2","Males","Number","4097"
"MYE","Mid-year population estimate","2024","2024","N05000007","Fermanagh and South Tyrone","3","Age 10-14","All","All persons","Number","8013"
"MYE","Mid-year population estimate","2024","2024","N05000007","Fermanagh and South Tyrone","4","Age 15-19","1","Females","Number","3471"
"MYE","Mid-year population estimate","2024","2024","N05000007","Fermanagh and South Tyrone","4","Age 15-19","2","Males","Number","3912"
"MYE","Mid-year population estimate","2024","2024","N05000007","Fermanagh and South Tyrone","4","Age 15-19","All","All persons","Number","7383"
"MYE","Mid-year population estimate","2024","2024","N05000007","Fermanagh and South Tyrone","5","Age 20-24","1","Females","Number","2493"
"MYE","Mid-year population estimate","2024","2024","N05000007","Fermanagh and South Tyrone","5","Age 20-24","2","Males","Number","2888"
"MYE","Mid-year population estimate","2024","2024","N05000007","Fermanagh and South Tyrone","5","Age 20-24","All","All persons","Number","5381"
"MYE","Mid-year population estimate","2024","2024","N05000007","Fermanagh and South Tyrone","6","Age 25-29","1","Females","Number","2779"
"MYE","Mid-year population estimate","2024","2024","N05000007","Fermanagh and South Tyrone","6","Age 25-29","2","Males","Number","3159"
"MYE","Mid-year population estimate","2024","2024","N05000007","Fermanagh and South Tyrone","6","Age 25-29","All","All persons","Number","5938"
"MYE","Mid-year population estimate","2024","2024","N05000007","Fermanagh and South Tyrone","7","Age 30-34","1","Females","Number","3133"
"MYE","Mid-year population estimate","2024","2024","N05000007","Fermanagh and South Tyrone","7","Age 30-34","2","Males","Number","3332"
"MYE","Mid-year population estimate","2024","2024","N05000007","Fermanagh and South Tyrone","7","Age 30-34","All","All persons","Number","6465"
"MYE","Mid-year population estimate","2024","2024","N05000007","Fermanagh and South Tyrone","8","Age 35-39","1","Females","Number","3734"
"MYE","Mid-year population estimate","2024","2024","N05000007","Fermanagh and South Tyrone","8","Age 35-39","2","Males","Number","3729"
"MYE","Mid-year population estimate","2024","2024","N05000007","Fermanagh and South Tyrone","8","Age 35-39","All","All persons","Number","7463"
"MYE","Mid-year population estimate","2024","2024","N05000007","Fermanagh and South Tyrone","9","Age 40-44","1","Females","Number","3912"
"MYE","Mid-year population estimate","2024","2024","N05000007","Fermanagh and South Tyrone","9","Age 40-44","2","Males","Number","3928"
"MYE","Mid-year population estimate","2024","2024","N05000007","Fermanagh and South Tyrone","9","Age 40-44","All","All persons","Number","7840"
"MYE","Mid-year population estimate","2024","2024","N05000007","Fermanagh and South Tyrone","10","Age 45-49","1","Females","Number","3570"
"MYE","Mid-year population estimate","2024","2024","N05000007","Fermanagh and South Tyrone","10","Age 45-49","2","Males","Number","3517"
"MYE","Mid-year population estimate","2024","2024","N05000007","Fermanagh and South Tyrone","10","Age 45-49","All","All persons","Number","7087"
"MYE","Mid-year population estimate","2024","2024","N05000007","Fermanagh and South Tyrone","11","Age 50-54","1","Females","Number","3678"
"MYE","Mid-year population estimate","2024","2024","N05000007","Fermanagh and South Tyrone","11","Age 50-54","2","Males","Number","3720"
"MYE","Mid-year population estimate","2024","2024","N05000007","Fermanagh and South Tyrone","11","Age 50-54","All","All persons","Number","7398"
"MYE","Mid-year population estimate","2024","2024","N05000007","Fermanagh and South Tyrone","12","Age 55-59","1","Females","Number","3678"
"MYE","Mid-year population estimate","2024","2024","N05000007","Fermanagh and South Tyrone","12","Age 55-59","2","Males","Number","3568"
"MYE","Mid-year population estimate","2024","2024","N05000007","Fermanagh and South Tyrone","12","Age 55-59","All","All persons","Number","7246"
"MYE","Mid-year population estimate","2024","2024","N05000007","Fermanagh and South Tyrone","13","Age 60-64","1","Females","Number","3454"
"MYE","Mid-year population estimate","2024","2024","N05000007","Fermanagh and South Tyrone","13","Age 60-64","2","Males","Number","3542"
"MYE","Mid-year population estimate","2024","2024","N05000007","Fermanagh and South Tyrone","13","Age 60-64","All","All persons","Number","6996"
"MYE","Mid-year population estimate","2024","2024","N05000007","Fermanagh and South Tyrone","14","Age 65-69","1","Females","Number","2958"
"MYE","Mid-year population estimate","2024","2024","N05000007","Fermanagh and South Tyrone","14","Age 65-69","2","Males","Number","2991"
"MYE","Mid-year population estimate","2024","2024","N05000007","Fermanagh and South Tyrone","14","Age 65-69","All","All persons","Number","5949"
"MYE","Mid-year population estimate","2024","2024","N05000007","Fermanagh and South Tyrone","15","Age 70-74","1","Females","Number","2593"
"MYE","Mid-year population estimate","2024","2024","N05000007","Fermanagh and South Tyrone","15","Age 70-74","2","Males","Number","2574"
"MYE","Mid-year population estimate","2024","2024","N05000007","Fermanagh and South Tyrone","15","Age 70-74","All","All persons","Number","5167"
"MYE","Mid-year population estimate","2024","2024","N05000007","Fermanagh and South Tyrone","16","Age 75-79","1","Females","Number","2214"
"MYE","Mid-year population estimate","2024","2024","N05000007","Fermanagh and South Tyrone","16","Age 75-79","2","Males","Number","2136"
"MYE","Mid-year population estimate","2024","2024","N05000007","Fermanagh and South Tyrone","16","Age 75-79","All","All persons","Number","4350"
"MYE","Mid-year population estimate","2024","2024","N05000007","Fermanagh and South Tyrone","17","Age 80-84","1","Females","Number","1518"
"MYE","Mid-year population estimate","2024","2024","N05000007","Fermanagh and South Tyrone","17","Age 80-84","2","Males","Number","1328"
"MYE","Mid-year population estimate","2024","2024","N05000007","Fermanagh and South Tyrone","17","Age 80-84","All","All persons","Number","2846"
"MYE","Mid-year population estimate","2024","2024","N05000007","Fermanagh and South Tyrone","18","Age 85-89","1","Females","Number","990"
"MYE","Mid-year population estimate","2024","2024","N05000007","Fermanagh and South Tyrone","18","Age 85-89","2","Males","Number","740"
"MYE","Mid-year population estimate","2024","2024","N05000007","Fermanagh and South Tyrone","18","Age 85-89","All","All persons","Number","1730"
"MYE","Mid-year population estimate","2024","2024","N05000007","Fermanagh and South Tyrone","19","Age 90+","1","Females","Number","595"
"MYE","Mid-year population estimate","2024","2024","N05000007","Fermanagh and South Tyrone","19","Age 90+","2","Males","Number","275"
"MYE","Mid-year population estimate","2024","2024","N05000007","Fermanagh and South Tyrone","19","Age 90+","All","All persons","Number","870"
"MYE","Mid-year population estimate","2024","2024","N05000007","Fermanagh and South Tyrone","All","All","1","Females","Number","55922"
"MYE","Mid-year population estimate","2024","2024","N05000007","Fermanagh and South Tyrone","All","All","2","Males","Number","56916"
"MYE","Mid-year population estimate","2024","2024","N05000007","Fermanagh and South Tyrone","All","All","All","All persons","Number","112838"
"MYE","Mid-year population estimate","2024","2024","N05000008","Foyle","1","Age 0-4","1","Females","Number","2817"
"MYE","Mid-year population estimate","2024","2024","N05000008","Foyle","1","Age 0-4","2","Males","Number","3018"
"MYE","Mid-year population estimate","2024","2024","N05000008","Foyle","1","Age 0-4","All","All persons","Number","5835"
"MYE","Mid-year population estimate","2024","2024","N05000008","Foyle","2","Age 5-9","1","Females","Number","3201"
"MYE","Mid-year population estimate","2024","2024","N05000008","Foyle","2","Age 5-9","2","Males","Number","3387"
"MYE","Mid-year population estimate","2024","2024","N05000008","Foyle","2","Age 5-9","All","All persons","Number","6588"
"MYE","Mid-year population estimate","2024","2024","N05000008","Foyle","3","Age 10-14","1","Females","Number","3418"
"MYE","Mid-year population estimate","2024","2024","N05000008","Foyle","3","Age 10-14","2","Males","Number","3511"
"MYE","Mid-year population estimate","2024","2024","N05000008","Foyle","3","Age 10-14","All","All persons","Number","6929"
"MYE","Mid-year population estimate","2024","2024","N05000008","Foyle","4","Age 15-19","1","Females","Number","3269"
"MYE","Mid-year population estimate","2024","2024","N05000008","Foyle","4","Age 15-19","2","Males","Number","3348"
"MYE","Mid-year population estimate","2024","2024","N05000008","Foyle","4","Age 15-19","All","All persons","Number","6617"
"MYE","Mid-year population estimate","2024","2024","N05000008","Foyle","5","Age 20-24","1","Females","Number","2590"
"MYE","Mid-year population estimate","2024","2024","N05000008","Foyle","5","Age 20-24","2","Males","Number","2782"
"MYE","Mid-year population estimate","2024","2024","N05000008","Foyle","5","Age 20-24","All","All persons","Number","5372"
"MYE","Mid-year population estimate","2024","2024","N05000008","Foyle","6","Age 25-29","1","Females","Number","3056"
"MYE","Mid-year population estimate","2024","2024","N05000008","Foyle","6","Age 25-29","2","Males","Number","2935"
"MYE","Mid-year population estimate","2024","2024","N05000008","Foyle","6","Age 25-29","All","All persons","Number","5991"
"MYE","Mid-year population estimate","2024","2024","N05000008","Foyle","7","Age 30-34","1","Females","Number","3408"
"MYE","Mid-year population estimate","2024","2024","N05000008","Foyle","7","Age 30-34","2","Males","Number","2966"
"MYE","Mid-year population estimate","2024","2024","N05000008","Foyle","7","Age 30-34","All","All persons","Number","6374"
"MYE","Mid-year population estimate","2024","2024","N05000008","Foyle","8","Age 35-39","1","Females","Number","3790"
"MYE","Mid-year population estimate","2024","2024","N05000008","Foyle","8","Age 35-39","2","Males","Number","3309"
"MYE","Mid-year population estimate","2024","2024","N05000008","Foyle","8","Age 35-39","All","All persons","Number","7099"
"MYE","Mid-year population estimate","2024","2024","N05000008","Foyle","9","Age 40-44","1","Females","Number","3609"
"MYE","Mid-year population estimate","2024","2024","N05000008","Foyle","9","Age 40-44","2","Males","Number","3145"
"MYE","Mid-year population estimate","2024","2024","N05000008","Foyle","9","Age 40-44","All","All persons","Number","6754"
"MYE","Mid-year population estimate","2024","2024","N05000008","Foyle","10","Age 45-49","1","Females","Number","3203"
"MYE","Mid-year population estimate","2024","2024","N05000008","Foyle","10","Age 45-49","2","Males","Number","2807"
"MYE","Mid-year population estimate","2024","2024","N05000008","Foyle","10","Age 45-49","All","All persons","Number","6010"
"MYE","Mid-year population estimate","2024","2024","N05000008","Foyle","11","Age 50-54","1","Females","Number","3219"
"MYE","Mid-year population estimate","2024","2024","N05000008","Foyle","11","Age 50-54","2","Males","Number","3048"
"MYE","Mid-year population estimate","2024","2024","N05000008","Foyle","11","Age 50-54","All","All persons","Number","6267"
"MYE","Mid-year population estimate","2024","2024","N05000008","Foyle","12","Age 55-59","1","Females","Number","3501"
"MYE","Mid-year population estimate","2024","2024","N05000008","Foyle","12","Age 55-59","2","Males","Number","3174"
"MYE","Mid-year population estimate","2024","2024","N05000008","Foyle","12","Age 55-59","All","All persons","Number","6675"
"MYE","Mid-year population estimate","2024","2024","N05000008","Foyle","13","Age 60-64","1","Females","Number","3312"
"MYE","Mid-year population estimate","2024","2024","N05000008","Foyle","13","Age 60-64","2","Males","Number","3103"
"MYE","Mid-year population estimate","2024","2024","N05000008","Foyle","13","Age 60-64","All","All persons","Number","6415"
"MYE","Mid-year population estimate","2024","2024","N05000008","Foyle","14","Age 65-69","1","Females","Number","2646"
"MYE","Mid-year population estimate","2024","2024","N05000008","Foyle","14","Age 65-69","2","Males","Number","2487"
"MYE","Mid-year population estimate","2024","2024","N05000008","Foyle","14","Age 65-69","All","All persons","Number","5133"
"MYE","Mid-year population estimate","2024","2024","N05000008","Foyle","15","Age 70-74","1","Females","Number","2243"
"MYE","Mid-year population estimate","2024","2024","N05000008","Foyle","15","Age 70-74","2","Males","Number","1995"
"MYE","Mid-year population estimate","2024","2024","N05000008","Foyle","15","Age 70-74","All","All persons","Number","4238"
"MYE","Mid-year population estimate","2024","2024","N05000008","Foyle","16","Age 75-79","1","Females","Number","1676"
"MYE","Mid-year population estimate","2024","2024","N05000008","Foyle","16","Age 75-79","2","Males","Number","1628"
"MYE","Mid-year population estimate","2024","2024","N05000008","Foyle","16","Age 75-79","All","All persons","Number","3304"
"MYE","Mid-year population estimate","2024","2024","N05000008","Foyle","17","Age 80-84","1","Females","Number","1152"
"MYE","Mid-year population estimate","2024","2024","N05000008","Foyle","17","Age 80-84","2","Males","Number","880"
"MYE","Mid-year population estimate","2024","2024","N05000008","Foyle","17","Age 80-84","All","All persons","Number","2032"
"MYE","Mid-year population estimate","2024","2024","N05000008","Foyle","18","Age 85-89","1","Females","Number","690"
"MYE","Mid-year population estimate","2024","2024","N05000008","Foyle","18","Age 85-89","2","Males","Number","425"
"MYE","Mid-year population estimate","2024","2024","N05000008","Foyle","18","Age 85-89","All","All persons","Number","1115"
"MYE","Mid-year population estimate","2024","2024","N05000008","Foyle","19","Age 90+","1","Females","Number","313"
"MYE","Mid-year population estimate","2024","2024","N05000008","Foyle","19","Age 90+","2","Males","Number","151"
"MYE","Mid-year population estimate","2024","2024","N05000008","Foyle","19","Age 90+","All","All persons","Number","464"
"MYE","Mid-year population estimate","2024","2024","N05000008","Foyle","All","All","1","Females","Number","51113"
"MYE","Mid-year population estimate","2024","2024","N05000008","Foyle","All","All","2","Males","Number","48099"
"MYE","Mid-year population estimate","2024","2024","N05000008","Foyle","All","All","All","All persons","Number","99212"
"MYE","Mid-year population estimate","2024","2024","N05000009","Lagan Valley","1","Age 0-4","1","Females","Number","3020"
"MYE","Mid-year population estimate","2024","2024","N05000009","Lagan Valley","1","Age 0-4","2","Males","Number","3310"
"MYE","Mid-year population estimate","2024","2024","N05000009","Lagan Valley","1","Age 0-4","All","All persons","Number","6330"
"MYE","Mid-year population estimate","2024","2024","N05000009","Lagan Valley","2","Age 5-9","1","Females","Number","3547"
"MYE","Mid-year population estimate","2024","2024","N05000009","Lagan Valley","2","Age 5-9","2","Males","Number","3862"
"MYE","Mid-year population estimate","2024","2024","N05000009","Lagan Valley","2","Age 5-9","All","All persons","Number","7409"
"MYE","Mid-year population estimate","2024","2024","N05000009","Lagan Valley","3","Age 10-14","1","Females","Number","3667"
"MYE","Mid-year population estimate","2024","2024","N05000009","Lagan Valley","3","Age 10-14","2","Males","Number","4007"
"MYE","Mid-year population estimate","2024","2024","N05000009","Lagan Valley","3","Age 10-14","All","All persons","Number","7674"
"MYE","Mid-year population estimate","2024","2024","N05000009","Lagan Valley","4","Age 15-19","1","Females","Number","3349"
"MYE","Mid-year population estimate","2024","2024","N05000009","Lagan Valley","4","Age 15-19","2","Males","Number","3654"
"MYE","Mid-year population estimate","2024","2024","N05000009","Lagan Valley","4","Age 15-19","All","All persons","Number","7003"
"MYE","Mid-year population estimate","2024","2024","N05000009","Lagan Valley","5","Age 20-24","1","Females","Number","2290"
"MYE","Mid-year population estimate","2024","2024","N05000009","Lagan Valley","5","Age 20-24","2","Males","Number","2623"
"MYE","Mid-year population estimate","2024","2024","N05000009","Lagan Valley","5","Age 20-24","All","All persons","Number","4913"
"MYE","Mid-year population estimate","2024","2024","N05000009","Lagan Valley","6","Age 25-29","1","Females","Number","2983"
"MYE","Mid-year population estimate","2024","2024","N05000009","Lagan Valley","6","Age 25-29","2","Males","Number","3111"
"MYE","Mid-year population estimate","2024","2024","N05000009","Lagan Valley","6","Age 25-29","All","All persons","Number","6094"
"MYE","Mid-year population estimate","2024","2024","N05000009","Lagan Valley","7","Age 30-34","1","Females","Number","3913"
"MYE","Mid-year population estimate","2024","2024","N05000009","Lagan Valley","7","Age 30-34","2","Males","Number","3716"
"MYE","Mid-year population estimate","2024","2024","N05000009","Lagan Valley","7","Age 30-34","All","All persons","Number","7629"
"MYE","Mid-year population estimate","2024","2024","N05000009","Lagan Valley","8","Age 35-39","1","Females","Number","4106"
"MYE","Mid-year population estimate","2024","2024","N05000009","Lagan Valley","8","Age 35-39","2","Males","Number","3902"
"MYE","Mid-year population estimate","2024","2024","N05000009","Lagan Valley","8","Age 35-39","All","All persons","Number","8008"
"MYE","Mid-year population estimate","2024","2024","N05000009","Lagan Valley","9","Age 40-44","1","Females","Number","4060"
"MYE","Mid-year population estimate","2024","2024","N05000009","Lagan Valley","9","Age 40-44","2","Males","Number","3822"
"MYE","Mid-year population estimate","2024","2024","N05000009","Lagan Valley","9","Age 40-44","All","All persons","Number","7882"
"MYE","Mid-year population estimate","2024","2024","N05000009","Lagan Valley","10","Age 45-49","1","Females","Number","3624"
"MYE","Mid-year population estimate","2024","2024","N05000009","Lagan Valley","10","Age 45-49","2","Males","Number","3548"
"MYE","Mid-year population estimate","2024","2024","N05000009","Lagan Valley","10","Age 45-49","All","All persons","Number","7172"
"MYE","Mid-year population estimate","2024","2024","N05000009","Lagan Valley","11","Age 50-54","1","Females","Number","3864"
"MYE","Mid-year population estimate","2024","2024","N05000009","Lagan Valley","11","Age 50-54","2","Males","Number","3742"
"MYE","Mid-year population estimate","2024","2024","N05000009","Lagan Valley","11","Age 50-54","All","All persons","Number","7606"
"MYE","Mid-year population estimate","2024","2024","N05000009","Lagan Valley","12","Age 55-59","1","Females","Number","4085"
"MYE","Mid-year population estimate","2024","2024","N05000009","Lagan Valley","12","Age 55-59","2","Males","Number","3884"
"MYE","Mid-year population estimate","2024","2024","N05000009","Lagan Valley","12","Age 55-59","All","All persons","Number","7969"
"MYE","Mid-year population estimate","2024","2024","N05000009","Lagan Valley","13","Age 60-64","1","Females","Number","3559"
"MYE","Mid-year population estimate","2024","2024","N05000009","Lagan Valley","13","Age 60-64","2","Males","Number","3448"
"MYE","Mid-year population estimate","2024","2024","N05000009","Lagan Valley","13","Age 60-64","All","All persons","Number","7007"
"MYE","Mid-year population estimate","2024","2024","N05000009","Lagan Valley","14","Age 65-69","1","Females","Number","3002"
"MYE","Mid-year population estimate","2024","2024","N05000009","Lagan Valley","14","Age 65-69","2","Males","Number","2818"
"MYE","Mid-year population estimate","2024","2024","N05000009","Lagan Valley","14","Age 65-69","All","All persons","Number","5820"
"MYE","Mid-year population estimate","2024","2024","N05000009","Lagan Valley","15","Age 70-74","1","Females","Number","2422"
"MYE","Mid-year population estimate","2024","2024","N05000009","Lagan Valley","15","Age 70-74","2","Males","Number","2339"
"MYE","Mid-year population estimate","2024","2024","N05000009","Lagan Valley","15","Age 70-74","All","All persons","Number","4761"
"MYE","Mid-year population estimate","2024","2024","N05000009","Lagan Valley","16","Age 75-79","1","Females","Number","2334"
"MYE","Mid-year population estimate","2024","2024","N05000009","Lagan Valley","16","Age 75-79","2","Males","Number","2029"
"MYE","Mid-year population estimate","2024","2024","N05000009","Lagan Valley","16","Age 75-79","All","All persons","Number","4363"
"MYE","Mid-year population estimate","2024","2024","N05000009","Lagan Valley","17","Age 80-84","1","Females","Number","1781"
"MYE","Mid-year population estimate","2024","2024","N05000009","Lagan Valley","17","Age 80-84","2","Males","Number","1381"
"MYE","Mid-year population estimate","2024","2024","N05000009","Lagan Valley","17","Age 80-84","All","All persons","Number","3162"
"MYE","Mid-year population estimate","2024","2024","N05000009","Lagan Valley","18","Age 85-89","1","Females","Number","1118"
"MYE","Mid-year population estimate","2024","2024","N05000009","Lagan Valley","18","Age 85-89","2","Males","Number","736"
"MYE","Mid-year population estimate","2024","2024","N05000009","Lagan Valley","18","Age 85-89","All","All persons","Number","1854"
"MYE","Mid-year population estimate","2024","2024","N05000009","Lagan Valley","19","Age 90+","1","Females","Number","588"
"MYE","Mid-year population estimate","2024","2024","N05000009","Lagan Valley","19","Age 90+","2","Males","Number","289"
"MYE","Mid-year population estimate","2024","2024","N05000009","Lagan Valley","19","Age 90+","All","All persons","Number","877"
"MYE","Mid-year population estimate","2024","2024","N05000009","Lagan Valley","All","All","1","Females","Number","57312"
"MYE","Mid-year population estimate","2024","2024","N05000009","Lagan Valley","All","All","2","Males","Number","56221"
"MYE","Mid-year population estimate","2024","2024","N05000009","Lagan Valley","All","All","All","All persons","Number","113533"
"MYE","Mid-year population estimate","2024","2024","N05000010","Mid Ulster","1","Age 0-4","1","Females","Number","3373"
"MYE","Mid-year population estimate","2024","2024","N05000010","Mid Ulster","1","Age 0-4","2","Males","Number","3605"
"MYE","Mid-year population estimate","2024","2024","N05000010","Mid Ulster","1","Age 0-4","All","All persons","Number","6978"
"MYE","Mid-year population estimate","2024","2024","N05000010","Mid Ulster","2","Age 5-9","1","Females","Number","3642"
"MYE","Mid-year population estimate","2024","2024","N05000010","Mid Ulster","2","Age 5-9","2","Males","Number","3911"
"MYE","Mid-year population estimate","2024","2024","N05000010","Mid Ulster","2","Age 5-9","All","All persons","Number","7553"
"MYE","Mid-year population estimate","2024","2024","N05000010","Mid Ulster","3","Age 10-14","1","Females","Number","3864"
"MYE","Mid-year population estimate","2024","2024","N05000010","Mid Ulster","3","Age 10-14","2","Males","Number","4050"
"MYE","Mid-year population estimate","2024","2024","N05000010","Mid Ulster","3","Age 10-14","All","All persons","Number","7914"
"MYE","Mid-year population estimate","2024","2024","N05000010","Mid Ulster","4","Age 15-19","1","Females","Number","3632"
"MYE","Mid-year population estimate","2024","2024","N05000010","Mid Ulster","4","Age 15-19","2","Males","Number","3720"
"MYE","Mid-year population estimate","2024","2024","N05000010","Mid Ulster","4","Age 15-19","All","All persons","Number","7352"
"MYE","Mid-year population estimate","2024","2024","N05000010","Mid Ulster","5","Age 20-24","1","Females","Number","2540"
"MYE","Mid-year population estimate","2024","2024","N05000010","Mid Ulster","5","Age 20-24","2","Males","Number","2906"
"MYE","Mid-year population estimate","2024","2024","N05000010","Mid Ulster","5","Age 20-24","All","All persons","Number","5446"
"MYE","Mid-year population estimate","2024","2024","N05000010","Mid Ulster","6","Age 25-29","1","Females","Number","2964"
"MYE","Mid-year population estimate","2024","2024","N05000010","Mid Ulster","6","Age 25-29","2","Males","Number","3217"
"MYE","Mid-year population estimate","2024","2024","N05000010","Mid Ulster","6","Age 25-29","All","All persons","Number","6181"
"MYE","Mid-year population estimate","2024","2024","N05000010","Mid Ulster","7","Age 30-34","1","Females","Number","3308"
"MYE","Mid-year population estimate","2024","2024","N05000010","Mid Ulster","7","Age 30-34","2","Males","Number","3279"
"MYE","Mid-year population estimate","2024","2024","N05000010","Mid Ulster","7","Age 30-34","All","All persons","Number","6587"
"MYE","Mid-year population estimate","2024","2024","N05000010","Mid Ulster","8","Age 35-39","1","Females","Number","3713"
"MYE","Mid-year population estimate","2024","2024","N05000010","Mid Ulster","8","Age 35-39","2","Males","Number","3624"
"MYE","Mid-year population estimate","2024","2024","N05000010","Mid Ulster","8","Age 35-39","All","All persons","Number","7337"
"MYE","Mid-year population estimate","2024","2024","N05000010","Mid Ulster","9","Age 40-44","1","Females","Number","3752"
"MYE","Mid-year population estimate","2024","2024","N05000010","Mid Ulster","9","Age 40-44","2","Males","Number","3614"
"MYE","Mid-year population estimate","2024","2024","N05000010","Mid Ulster","9","Age 40-44","All","All persons","Number","7366"
"MYE","Mid-year population estimate","2024","2024","N05000010","Mid Ulster","10","Age 45-49","1","Females","Number","3436"
"MYE","Mid-year population estimate","2024","2024","N05000010","Mid Ulster","10","Age 45-49","2","Males","Number","3401"
"MYE","Mid-year population estimate","2024","2024","N05000010","Mid Ulster","10","Age 45-49","All","All persons","Number","6837"
"MYE","Mid-year population estimate","2024","2024","N05000010","Mid Ulster","11","Age 50-54","1","Females","Number","3490"
"MYE","Mid-year population estimate","2024","2024","N05000010","Mid Ulster","11","Age 50-54","2","Males","Number","3669"
"MYE","Mid-year population estimate","2024","2024","N05000010","Mid Ulster","11","Age 50-54","All","All persons","Number","7159"
"MYE","Mid-year population estimate","2024","2024","N05000010","Mid Ulster","12","Age 55-59","1","Females","Number","3363"
"MYE","Mid-year population estimate","2024","2024","N05000010","Mid Ulster","12","Age 55-59","2","Males","Number","3306"
"MYE","Mid-year population estimate","2024","2024","N05000010","Mid Ulster","12","Age 55-59","All","All persons","Number","6669"
"MYE","Mid-year population estimate","2024","2024","N05000010","Mid Ulster","13","Age 60-64","1","Females","Number","3072"
"MYE","Mid-year population estimate","2024","2024","N05000010","Mid Ulster","13","Age 60-64","2","Males","Number","3027"
"MYE","Mid-year population estimate","2024","2024","N05000010","Mid Ulster","13","Age 60-64","All","All persons","Number","6099"
"MYE","Mid-year population estimate","2024","2024","N05000010","Mid Ulster","14","Age 65-69","1","Females","Number","2502"
"MYE","Mid-year population estimate","2024","2024","N05000010","Mid Ulster","14","Age 65-69","2","Males","Number","2512"
"MYE","Mid-year population estimate","2024","2024","N05000010","Mid Ulster","14","Age 65-69","All","All persons","Number","5014"
"MYE","Mid-year population estimate","2024","2024","N05000010","Mid Ulster","15","Age 70-74","1","Females","Number","2147"
"MYE","Mid-year population estimate","2024","2024","N05000010","Mid Ulster","15","Age 70-74","2","Males","Number","2126"
"MYE","Mid-year population estimate","2024","2024","N05000010","Mid Ulster","15","Age 70-74","All","All persons","Number","4273"
"MYE","Mid-year population estimate","2024","2024","N05000010","Mid Ulster","16","Age 75-79","1","Females","Number","1886"
"MYE","Mid-year population estimate","2024","2024","N05000010","Mid Ulster","16","Age 75-79","2","Males","Number","1656"
"MYE","Mid-year population estimate","2024","2024","N05000010","Mid Ulster","16","Age 75-79","All","All persons","Number","3542"
"MYE","Mid-year population estimate","2024","2024","N05000010","Mid Ulster","17","Age 80-84","1","Females","Number","1375"
"MYE","Mid-year population estimate","2024","2024","N05000010","Mid Ulster","17","Age 80-84","2","Males","Number","1085"
"MYE","Mid-year population estimate","2024","2024","N05000010","Mid Ulster","17","Age 80-84","All","All persons","Number","2460"
"MYE","Mid-year population estimate","2024","2024","N05000010","Mid Ulster","18","Age 85-89","1","Females","Number","813"
"MYE","Mid-year population estimate","2024","2024","N05000010","Mid Ulster","18","Age 85-89","2","Males","Number","525"
"MYE","Mid-year population estimate","2024","2024","N05000010","Mid Ulster","18","Age 85-89","All","All persons","Number","1338"
"MYE","Mid-year population estimate","2024","2024","N05000010","Mid Ulster","19","Age 90+","1","Females","Number","487"
"MYE","Mid-year population estimate","2024","2024","N05000010","Mid Ulster","19","Age 90+","2","Males","Number","223"
"MYE","Mid-year population estimate","2024","2024","N05000010","Mid Ulster","19","Age 90+","All","All persons","Number","710"
"MYE","Mid-year population estimate","2024","2024","N05000010","Mid Ulster","All","All","1","Females","Number","53359"
"MYE","Mid-year population estimate","2024","2024","N05000010","Mid Ulster","All","All","2","Males","Number","53456"
"MYE","Mid-year population estimate","2024","2024","N05000010","Mid Ulster","All","All","All","All persons","Number","106815"
"MYE","Mid-year population estimate","2024","2024","N05000011","Newry and Armagh","1","Age 0-4","1","Females","Number","3623"
"MYE","Mid-year population estimate","2024","2024","N05000011","Newry and Armagh","1","Age 0-4","2","Males","Number","3665"
"MYE","Mid-year population estimate","2024","2024","N05000011","Newry and Armagh","1","Age 0-4","All","All persons","Number","7288"
"MYE","Mid-year population estimate","2024","2024","N05000011","Newry and Armagh","2","Age 5-9","1","Females","Number","3944"
"MYE","Mid-year population estimate","2024","2024","N05000011","Newry and Armagh","2","Age 5-9","2","Males","Number","4137"
"MYE","Mid-year population estimate","2024","2024","N05000011","Newry and Armagh","2","Age 5-9","All","All persons","Number","8081"
"MYE","Mid-year population estimate","2024","2024","N05000011","Newry and Armagh","3","Age 10-14","1","Females","Number","4196"
"MYE","Mid-year population estimate","2024","2024","N05000011","Newry and Armagh","3","Age 10-14","2","Males","Number","4269"
"MYE","Mid-year population estimate","2024","2024","N05000011","Newry and Armagh","3","Age 10-14","All","All persons","Number","8465"
"MYE","Mid-year population estimate","2024","2024","N05000011","Newry and Armagh","4","Age 15-19","1","Females","Number","3619"
"MYE","Mid-year population estimate","2024","2024","N05000011","Newry and Armagh","4","Age 15-19","2","Males","Number","3919"
"MYE","Mid-year population estimate","2024","2024","N05000011","Newry and Armagh","4","Age 15-19","All","All persons","Number","7538"
"MYE","Mid-year population estimate","2024","2024","N05000011","Newry and Armagh","5","Age 20-24","1","Females","Number","2577"
"MYE","Mid-year population estimate","2024","2024","N05000011","Newry and Armagh","5","Age 20-24","2","Males","Number","3030"
"MYE","Mid-year population estimate","2024","2024","N05000011","Newry and Armagh","5","Age 20-24","All","All persons","Number","5607"
"MYE","Mid-year population estimate","2024","2024","N05000011","Newry and Armagh","6","Age 25-29","1","Females","Number","3133"
"MYE","Mid-year population estimate","2024","2024","N05000011","Newry and Armagh","6","Age 25-29","2","Males","Number","3224"
"MYE","Mid-year population estimate","2024","2024","N05000011","Newry and Armagh","6","Age 25-29","All","All persons","Number","6357"
"MYE","Mid-year population estimate","2024","2024","N05000011","Newry and Armagh","7","Age 30-34","1","Females","Number","3470"
"MYE","Mid-year population estimate","2024","2024","N05000011","Newry and Armagh","7","Age 30-34","2","Males","Number","3391"
"MYE","Mid-year population estimate","2024","2024","N05000011","Newry and Armagh","7","Age 30-34","All","All persons","Number","6861"
"MYE","Mid-year population estimate","2024","2024","N05000011","Newry and Armagh","8","Age 35-39","1","Females","Number","3824"
"MYE","Mid-year population estimate","2024","2024","N05000011","Newry and Armagh","8","Age 35-39","2","Males","Number","3622"
"MYE","Mid-year population estimate","2024","2024","N05000011","Newry and Armagh","8","Age 35-39","All","All persons","Number","7446"
"MYE","Mid-year population estimate","2024","2024","N05000011","Newry and Armagh","9","Age 40-44","1","Females","Number","3969"
"MYE","Mid-year population estimate","2024","2024","N05000011","Newry and Armagh","9","Age 40-44","2","Males","Number","3626"
"MYE","Mid-year population estimate","2024","2024","N05000011","Newry and Armagh","9","Age 40-44","All","All persons","Number","7595"
"MYE","Mid-year population estimate","2024","2024","N05000011","Newry and Armagh","10","Age 45-49","1","Females","Number","3513"
"MYE","Mid-year population estimate","2024","2024","N05000011","Newry and Armagh","10","Age 45-49","2","Males","Number","3534"
"MYE","Mid-year population estimate","2024","2024","N05000011","Newry and Armagh","10","Age 45-49","All","All persons","Number","7047"
"MYE","Mid-year population estimate","2024","2024","N05000011","Newry and Armagh","11","Age 50-54","1","Females","Number","3675"
"MYE","Mid-year population estimate","2024","2024","N05000011","Newry and Armagh","11","Age 50-54","2","Males","Number","3551"
"MYE","Mid-year population estimate","2024","2024","N05000011","Newry and Armagh","11","Age 50-54","All","All persons","Number","7226"
"MYE","Mid-year population estimate","2024","2024","N05000011","Newry and Armagh","12","Age 55-59","1","Females","Number","3711"
"MYE","Mid-year population estimate","2024","2024","N05000011","Newry and Armagh","12","Age 55-59","2","Males","Number","3636"
"MYE","Mid-year population estimate","2024","2024","N05000011","Newry and Armagh","12","Age 55-59","All","All persons","Number","7347"
"MYE","Mid-year population estimate","2024","2024","N05000011","Newry and Armagh","13","Age 60-64","1","Females","Number","3384"
"MYE","Mid-year population estimate","2024","2024","N05000011","Newry and Armagh","13","Age 60-64","2","Males","Number","3187"
"MYE","Mid-year population estimate","2024","2024","N05000011","Newry and Armagh","13","Age 60-64","All","All persons","Number","6571"
"MYE","Mid-year population estimate","2024","2024","N05000011","Newry and Armagh","14","Age 65-69","1","Females","Number","2903"
"MYE","Mid-year population estimate","2024","2024","N05000011","Newry and Armagh","14","Age 65-69","2","Males","Number","2865"
"MYE","Mid-year population estimate","2024","2024","N05000011","Newry and Armagh","14","Age 65-69","All","All persons","Number","5768"
"MYE","Mid-year population estimate","2024","2024","N05000011","Newry and Armagh","15","Age 70-74","1","Females","Number","2390"
"MYE","Mid-year population estimate","2024","2024","N05000011","Newry and Armagh","15","Age 70-74","2","Males","Number","2213"
"MYE","Mid-year population estimate","2024","2024","N05000011","Newry and Armagh","15","Age 70-74","All","All persons","Number","4603"
"MYE","Mid-year population estimate","2024","2024","N05000011","Newry and Armagh","16","Age 75-79","1","Females","Number","2009"
"MYE","Mid-year population estimate","2024","2024","N05000011","Newry and Armagh","16","Age 75-79","2","Males","Number","1843"
"MYE","Mid-year population estimate","2024","2024","N05000011","Newry and Armagh","16","Age 75-79","All","All persons","Number","3852"
"MYE","Mid-year population estimate","2024","2024","N05000011","Newry and Armagh","17","Age 80-84","1","Females","Number","1460"
"MYE","Mid-year population estimate","2024","2024","N05000011","Newry and Armagh","17","Age 80-84","2","Males","Number","1163"
"MYE","Mid-year population estimate","2024","2024","N05000011","Newry and Armagh","17","Age 80-84","All","All persons","Number","2623"
"MYE","Mid-year population estimate","2024","2024","N05000011","Newry and Armagh","18","Age 85-89","1","Females","Number","857"
"MYE","Mid-year population estimate","2024","2024","N05000011","Newry and Armagh","18","Age 85-89","2","Males","Number","580"
"MYE","Mid-year population estimate","2024","2024","N05000011","Newry and Armagh","18","Age 85-89","All","All persons","Number","1437"
"MYE","Mid-year population estimate","2024","2024","N05000011","Newry and Armagh","19","Age 90+","1","Females","Number","498"
"MYE","Mid-year population estimate","2024","2024","N05000011","Newry and Armagh","19","Age 90+","2","Males","Number","215"
"MYE","Mid-year population estimate","2024","2024","N05000011","Newry and Armagh","19","Age 90+","All","All persons","Number","713"
"MYE","Mid-year population estimate","2024","2024","N05000011","Newry and Armagh","All","All","1","Females","Number","56755"
"MYE","Mid-year population estimate","2024","2024","N05000011","Newry and Armagh","All","All","2","Males","Number","55670"
"MYE","Mid-year population estimate","2024","2024","N05000011","Newry and Armagh","All","All","All","All persons","Number","112425"
"MYE","Mid-year population estimate","2024","2024","N05000012","North Antrim","1","Age 0-4","1","Females","Number","2727"
"MYE","Mid-year population estimate","2024","2024","N05000012","North Antrim","1","Age 0-4","2","Males","Number","2934"
"MYE","Mid-year population estimate","2024","2024","N05000012","North Antrim","1","Age 0-4","All","All persons","Number","5661"
"MYE","Mid-year population estimate","2024","2024","N05000012","North Antrim","2","Age 5-9","1","Females","Number","3157"
"MYE","Mid-year population estimate","2024","2024","N05000012","North Antrim","2","Age 5-9","2","Males","Number","3285"
"MYE","Mid-year population estimate","2024","2024","N05000012","North Antrim","2","Age 5-9","All","All persons","Number","6442"
"MYE","Mid-year population estimate","2024","2024","N05000012","North Antrim","3","Age 10-14","1","Females","Number","3361"
"MYE","Mid-year population estimate","2024","2024","N05000012","North Antrim","3","Age 10-14","2","Males","Number","3409"
"MYE","Mid-year population estimate","2024","2024","N05000012","North Antrim","3","Age 10-14","All","All persons","Number","6770"
"MYE","Mid-year population estimate","2024","2024","N05000012","North Antrim","4","Age 15-19","1","Females","Number","3097"
"MYE","Mid-year population estimate","2024","2024","N05000012","North Antrim","4","Age 15-19","2","Males","Number","3280"
"MYE","Mid-year population estimate","2024","2024","N05000012","North Antrim","4","Age 15-19","All","All persons","Number","6377"
"MYE","Mid-year population estimate","2024","2024","N05000012","North Antrim","5","Age 20-24","1","Females","Number","2326"
"MYE","Mid-year population estimate","2024","2024","N05000012","North Antrim","5","Age 20-24","2","Males","Number","2579"
"MYE","Mid-year population estimate","2024","2024","N05000012","North Antrim","5","Age 20-24","All","All persons","Number","4905"
"MYE","Mid-year population estimate","2024","2024","N05000012","North Antrim","6","Age 25-29","1","Females","Number","2795"
"MYE","Mid-year population estimate","2024","2024","N05000012","North Antrim","6","Age 25-29","2","Males","Number","2984"
"MYE","Mid-year population estimate","2024","2024","N05000012","North Antrim","6","Age 25-29","All","All persons","Number","5779"
"MYE","Mid-year population estimate","2024","2024","N05000012","North Antrim","7","Age 30-34","1","Females","Number","3095"
"MYE","Mid-year population estimate","2024","2024","N05000012","North Antrim","7","Age 30-34","2","Males","Number","3119"
"MYE","Mid-year population estimate","2024","2024","N05000012","North Antrim","7","Age 30-34","All","All persons","Number","6214"
"MYE","Mid-year population estimate","2024","2024","N05000012","North Antrim","8","Age 35-39","1","Females","Number","3350"
"MYE","Mid-year population estimate","2024","2024","N05000012","North Antrim","8","Age 35-39","2","Males","Number","3367"
"MYE","Mid-year population estimate","2024","2024","N05000012","North Antrim","8","Age 35-39","All","All persons","Number","6717"
"MYE","Mid-year population estimate","2024","2024","N05000012","North Antrim","9","Age 40-44","1","Females","Number","3483"
"MYE","Mid-year population estimate","2024","2024","N05000012","North Antrim","9","Age 40-44","2","Males","Number","3174"
"MYE","Mid-year population estimate","2024","2024","N05000012","North Antrim","9","Age 40-44","All","All persons","Number","6657"
"MYE","Mid-year population estimate","2024","2024","N05000012","North Antrim","10","Age 45-49","1","Females","Number","3270"
"MYE","Mid-year population estimate","2024","2024","N05000012","North Antrim","10","Age 45-49","2","Males","Number","3091"
"MYE","Mid-year population estimate","2024","2024","N05000012","North Antrim","10","Age 45-49","All","All persons","Number","6361"
"MYE","Mid-year population estimate","2024","2024","N05000012","North Antrim","11","Age 50-54","1","Females","Number","3672"
"MYE","Mid-year population estimate","2024","2024","N05000012","North Antrim","11","Age 50-54","2","Males","Number","3657"
"MYE","Mid-year population estimate","2024","2024","N05000012","North Antrim","11","Age 50-54","All","All persons","Number","7329"
"MYE","Mid-year population estimate","2024","2024","N05000012","North Antrim","12","Age 55-59","1","Females","Number","3826"
"MYE","Mid-year population estimate","2024","2024","N05000012","North Antrim","12","Age 55-59","2","Males","Number","3645"
"MYE","Mid-year population estimate","2024","2024","N05000012","North Antrim","12","Age 55-59","All","All persons","Number","7471"
"MYE","Mid-year population estimate","2024","2024","N05000012","North Antrim","13","Age 60-64","1","Females","Number","3411"
"MYE","Mid-year population estimate","2024","2024","N05000012","North Antrim","13","Age 60-64","2","Males","Number","3351"
"MYE","Mid-year population estimate","2024","2024","N05000012","North Antrim","13","Age 60-64","All","All persons","Number","6762"
"MYE","Mid-year population estimate","2024","2024","N05000012","North Antrim","14","Age 65-69","1","Females","Number","3054"
"MYE","Mid-year population estimate","2024","2024","N05000012","North Antrim","14","Age 65-69","2","Males","Number","2882"
"MYE","Mid-year population estimate","2024","2024","N05000012","North Antrim","14","Age 65-69","All","All persons","Number","5936"
"MYE","Mid-year population estimate","2024","2024","N05000012","North Antrim","15","Age 70-74","1","Females","Number","2545"
"MYE","Mid-year population estimate","2024","2024","N05000012","North Antrim","15","Age 70-74","2","Males","Number","2428"
"MYE","Mid-year population estimate","2024","2024","N05000012","North Antrim","15","Age 70-74","All","All persons","Number","4973"
"MYE","Mid-year population estimate","2024","2024","N05000012","North Antrim","16","Age 75-79","1","Females","Number","2327"
"MYE","Mid-year population estimate","2024","2024","N05000012","North Antrim","16","Age 75-79","2","Males","Number","1987"
"MYE","Mid-year population estimate","2024","2024","N05000012","North Antrim","16","Age 75-79","All","All persons","Number","4314"
"MYE","Mid-year population estimate","2024","2024","N05000012","North Antrim","17","Age 80-84","1","Females","Number","1699"
"MYE","Mid-year population estimate","2024","2024","N05000012","North Antrim","17","Age 80-84","2","Males","Number","1351"
"MYE","Mid-year population estimate","2024","2024","N05000012","North Antrim","17","Age 80-84","All","All persons","Number","3050"
"MYE","Mid-year population estimate","2024","2024","N05000012","North Antrim","18","Age 85-89","1","Females","Number","1076"
"MYE","Mid-year population estimate","2024","2024","N05000012","North Antrim","18","Age 85-89","2","Males","Number","734"
"MYE","Mid-year population estimate","2024","2024","N05000012","North Antrim","18","Age 85-89","All","All persons","Number","1810"
"MYE","Mid-year population estimate","2024","2024","N05000012","North Antrim","19","Age 90+","1","Females","Number","600"
"MYE","Mid-year population estimate","2024","2024","N05000012","North Antrim","19","Age 90+","2","Males","Number","256"
"MYE","Mid-year population estimate","2024","2024","N05000012","North Antrim","19","Age 90+","All","All persons","Number","856"
"MYE","Mid-year population estimate","2024","2024","N05000012","North Antrim","All","All","1","Females","Number","52871"
"MYE","Mid-year population estimate","2024","2024","N05000012","North Antrim","All","All","2","Males","Number","51513"
"MYE","Mid-year population estimate","2024","2024","N05000012","North Antrim","All","All","All","All persons","Number","104384"
"MYE","Mid-year population estimate","2024","2024","N05000013","North Down","1","Age 0-4","1","Females","Number","2054"
"MYE","Mid-year population estimate","2024","2024","N05000013","North Down","1","Age 0-4","2","Males","Number","2234"
"MYE","Mid-year population estimate","2024","2024","N05000013","North Down","1","Age 0-4","All","All persons","Number","4288"
"MYE","Mid-year population estimate","2024","2024","N05000013","North Down","2","Age 5-9","1","Females","Number","2664"
"MYE","Mid-year population estimate","2024","2024","N05000013","North Down","2","Age 5-9","2","Males","Number","2798"
"MYE","Mid-year population estimate","2024","2024","N05000013","North Down","2","Age 5-9","All","All persons","Number","5462"
"MYE","Mid-year population estimate","2024","2024","N05000013","North Down","3","Age 10-14","1","Females","Number","2966"
"MYE","Mid-year population estimate","2024","2024","N05000013","North Down","3","Age 10-14","2","Males","Number","3117"
"MYE","Mid-year population estimate","2024","2024","N05000013","North Down","3","Age 10-14","All","All persons","Number","6083"
"MYE","Mid-year population estimate","2024","2024","N05000013","North Down","4","Age 15-19","1","Females","Number","2854"
"MYE","Mid-year population estimate","2024","2024","N05000013","North Down","4","Age 15-19","2","Males","Number","2995"
"MYE","Mid-year population estimate","2024","2024","N05000013","North Down","4","Age 15-19","All","All persons","Number","5849"
"MYE","Mid-year population estimate","2024","2024","N05000013","North Down","5","Age 20-24","1","Females","Number","1797"
"MYE","Mid-year population estimate","2024","2024","N05000013","North Down","5","Age 20-24","2","Males","Number","2152"
"MYE","Mid-year population estimate","2024","2024","N05000013","North Down","5","Age 20-24","All","All persons","Number","3949"
"MYE","Mid-year population estimate","2024","2024","N05000013","North Down","6","Age 25-29","1","Females","Number","2391"
"MYE","Mid-year population estimate","2024","2024","N05000013","North Down","6","Age 25-29","2","Males","Number","2510"
"MYE","Mid-year population estimate","2024","2024","N05000013","North Down","6","Age 25-29","All","All persons","Number","4901"
"MYE","Mid-year population estimate","2024","2024","N05000013","North Down","7","Age 30-34","1","Females","Number","2832"
"MYE","Mid-year population estimate","2024","2024","N05000013","North Down","7","Age 30-34","2","Males","Number","2712"
"MYE","Mid-year population estimate","2024","2024","N05000013","North Down","7","Age 30-34","All","All persons","Number","5544"
"MYE","Mid-year population estimate","2024","2024","N05000013","North Down","8","Age 35-39","1","Females","Number","3127"
"MYE","Mid-year population estimate","2024","2024","N05000013","North Down","8","Age 35-39","2","Males","Number","2801"
"MYE","Mid-year population estimate","2024","2024","N05000013","North Down","8","Age 35-39","All","All persons","Number","5928"
"MYE","Mid-year population estimate","2024","2024","N05000013","North Down","9","Age 40-44","1","Females","Number","3420"
"MYE","Mid-year population estimate","2024","2024","N05000013","North Down","9","Age 40-44","2","Males","Number","3161"
"MYE","Mid-year population estimate","2024","2024","N05000013","North Down","9","Age 40-44","All","All persons","Number","6581"
"MYE","Mid-year population estimate","2024","2024","N05000013","North Down","10","Age 45-49","1","Females","Number","3251"
"MYE","Mid-year population estimate","2024","2024","N05000013","North Down","10","Age 45-49","2","Males","Number","2854"
"MYE","Mid-year population estimate","2024","2024","N05000013","North Down","10","Age 45-49","All","All persons","Number","6105"
"MYE","Mid-year population estimate","2024","2024","N05000013","North Down","11","Age 50-54","1","Females","Number","3424"
"MYE","Mid-year population estimate","2024","2024","N05000013","North Down","11","Age 50-54","2","Males","Number","3223"
"MYE","Mid-year population estimate","2024","2024","N05000013","North Down","11","Age 50-54","All","All persons","Number","6647"
"MYE","Mid-year population estimate","2024","2024","N05000013","North Down","12","Age 55-59","1","Females","Number","3576"
"MYE","Mid-year population estimate","2024","2024","N05000013","North Down","12","Age 55-59","2","Males","Number","3252"
"MYE","Mid-year population estimate","2024","2024","N05000013","North Down","12","Age 55-59","All","All persons","Number","6828"
"MYE","Mid-year population estimate","2024","2024","N05000013","North Down","13","Age 60-64","1","Females","Number","3583"
"MYE","Mid-year population estimate","2024","2024","N05000013","North Down","13","Age 60-64","2","Males","Number","3195"
"MYE","Mid-year population estimate","2024","2024","N05000013","North Down","13","Age 60-64","All","All persons","Number","6778"
"MYE","Mid-year population estimate","2024","2024","N05000013","North Down","14","Age 65-69","1","Females","Number","3126"
"MYE","Mid-year population estimate","2024","2024","N05000013","North Down","14","Age 65-69","2","Males","Number","2879"
"MYE","Mid-year population estimate","2024","2024","N05000013","North Down","14","Age 65-69","All","All persons","Number","6005"
"MYE","Mid-year population estimate","2024","2024","N05000013","North Down","15","Age 70-74","1","Females","Number","2917"
"MYE","Mid-year population estimate","2024","2024","N05000013","North Down","15","Age 70-74","2","Males","Number","2595"
"MYE","Mid-year population estimate","2024","2024","N05000013","North Down","15","Age 70-74","All","All persons","Number","5512"
"MYE","Mid-year population estimate","2024","2024","N05000013","North Down","16","Age 75-79","1","Females","Number","2880"
"MYE","Mid-year population estimate","2024","2024","N05000013","North Down","16","Age 75-79","2","Males","Number","2460"
"MYE","Mid-year population estimate","2024","2024","N05000013","North Down","16","Age 75-79","All","All persons","Number","5340"
"MYE","Mid-year population estimate","2024","2024","N05000013","North Down","17","Age 80-84","1","Females","Number","1985"
"MYE","Mid-year population estimate","2024","2024","N05000013","North Down","17","Age 80-84","2","Males","Number","1622"
"MYE","Mid-year population estimate","2024","2024","N05000013","North Down","17","Age 80-84","All","All persons","Number","3607"
"MYE","Mid-year population estimate","2024","2024","N05000013","North Down","18","Age 85-89","1","Females","Number","1146"
"MYE","Mid-year population estimate","2024","2024","N05000013","North Down","18","Age 85-89","2","Males","Number","859"
"MYE","Mid-year population estimate","2024","2024","N05000013","North Down","18","Age 85-89","All","All persons","Number","2005"
"MYE","Mid-year population estimate","2024","2024","N05000013","North Down","19","Age 90+","1","Females","Number","778"
"MYE","Mid-year population estimate","2024","2024","N05000013","North Down","19","Age 90+","2","Males","Number","359"
"MYE","Mid-year population estimate","2024","2024","N05000013","North Down","19","Age 90+","All","All persons","Number","1137"
"MYE","Mid-year population estimate","2024","2024","N05000013","North Down","All","All","1","Females","Number","50771"
"MYE","Mid-year population estimate","2024","2024","N05000013","North Down","All","All","2","Males","Number","47778"
"MYE","Mid-year population estimate","2024","2024","N05000013","North Down","All","All","All","All persons","Number","98549"
"MYE","Mid-year population estimate","2024","2024","N05000014","South Antrim","1","Age 0-4","1","Females","Number","2881"
"MYE","Mid-year population estimate","2024","2024","N05000014","South Antrim","1","Age 0-4","2","Males","Number","3009"
"MYE","Mid-year population estimate","2024","2024","N05000014","South Antrim","1","Age 0-4","All","All persons","Number","5890"
"MYE","Mid-year population estimate","2024","2024","N05000014","South Antrim","2","Age 5-9","1","Females","Number","3415"
"MYE","Mid-year population estimate","2024","2024","N05000014","South Antrim","2","Age 5-9","2","Males","Number","3422"
"MYE","Mid-year population estimate","2024","2024","N05000014","South Antrim","2","Age 5-9","All","All persons","Number","6837"
"MYE","Mid-year population estimate","2024","2024","N05000014","South Antrim","3","Age 10-14","1","Females","Number","3590"
"MYE","Mid-year population estimate","2024","2024","N05000014","South Antrim","3","Age 10-14","2","Males","Number","3802"
"MYE","Mid-year population estimate","2024","2024","N05000014","South Antrim","3","Age 10-14","All","All persons","Number","7392"
"MYE","Mid-year population estimate","2024","2024","N05000014","South Antrim","4","Age 15-19","1","Females","Number","3384"
"MYE","Mid-year population estimate","2024","2024","N05000014","South Antrim","4","Age 15-19","2","Males","Number","3612"
"MYE","Mid-year population estimate","2024","2024","N05000014","South Antrim","4","Age 15-19","All","All persons","Number","6996"
"MYE","Mid-year population estimate","2024","2024","N05000014","South Antrim","5","Age 20-24","1","Females","Number","2462"
"MYE","Mid-year population estimate","2024","2024","N05000014","South Antrim","5","Age 20-24","2","Males","Number","2814"
"MYE","Mid-year population estimate","2024","2024","N05000014","South Antrim","5","Age 20-24","All","All persons","Number","5276"
"MYE","Mid-year population estimate","2024","2024","N05000014","South Antrim","6","Age 25-29","1","Females","Number","3189"
"MYE","Mid-year population estimate","2024","2024","N05000014","South Antrim","6","Age 25-29","2","Males","Number","3240"
"MYE","Mid-year population estimate","2024","2024","N05000014","South Antrim","6","Age 25-29","All","All persons","Number","6429"
"MYE","Mid-year population estimate","2024","2024","N05000014","South Antrim","7","Age 30-34","1","Females","Number","3629"
"MYE","Mid-year population estimate","2024","2024","N05000014","South Antrim","7","Age 30-34","2","Males","Number","3390"
"MYE","Mid-year population estimate","2024","2024","N05000014","South Antrim","7","Age 30-34","All","All persons","Number","7019"
"MYE","Mid-year population estimate","2024","2024","N05000014","South Antrim","8","Age 35-39","1","Females","Number","3806"
"MYE","Mid-year population estimate","2024","2024","N05000014","South Antrim","8","Age 35-39","2","Males","Number","3549"
"MYE","Mid-year population estimate","2024","2024","N05000014","South Antrim","8","Age 35-39","All","All persons","Number","7355"
"MYE","Mid-year population estimate","2024","2024","N05000014","South Antrim","9","Age 40-44","1","Females","Number","3949"
"MYE","Mid-year population estimate","2024","2024","N05000014","South Antrim","9","Age 40-44","2","Males","Number","3608"
"MYE","Mid-year population estimate","2024","2024","N05000014","South Antrim","9","Age 40-44","All","All persons","Number","7557"
"MYE","Mid-year population estimate","2024","2024","N05000014","South Antrim","10","Age 45-49","1","Females","Number","3674"
"MYE","Mid-year population estimate","2024","2024","N05000014","South Antrim","10","Age 45-49","2","Males","Number","3501"
"MYE","Mid-year population estimate","2024","2024","N05000014","South Antrim","10","Age 45-49","All","All persons","Number","7175"
"MYE","Mid-year population estimate","2024","2024","N05000014","South Antrim","11","Age 50-54","1","Females","Number","3801"
"MYE","Mid-year population estimate","2024","2024","N05000014","South Antrim","11","Age 50-54","2","Males","Number","3677"
"MYE","Mid-year population estimate","2024","2024","N05000014","South Antrim","11","Age 50-54","All","All persons","Number","7478"
"MYE","Mid-year population estimate","2024","2024","N05000014","South Antrim","12","Age 55-59","1","Females","Number","3785"
"MYE","Mid-year population estimate","2024","2024","N05000014","South Antrim","12","Age 55-59","2","Males","Number","3707"
"MYE","Mid-year population estimate","2024","2024","N05000014","South Antrim","12","Age 55-59","All","All persons","Number","7492"
"MYE","Mid-year population estimate","2024","2024","N05000014","South Antrim","13","Age 60-64","1","Females","Number","3382"
"MYE","Mid-year population estimate","2024","2024","N05000014","South Antrim","13","Age 60-64","2","Males","Number","3261"
"MYE","Mid-year population estimate","2024","2024","N05000014","South Antrim","13","Age 60-64","All","All persons","Number","6643"
"MYE","Mid-year population estimate","2024","2024","N05000014","South Antrim","14","Age 65-69","1","Females","Number","2643"
"MYE","Mid-year population estimate","2024","2024","N05000014","South Antrim","14","Age 65-69","2","Males","Number","2603"
"MYE","Mid-year population estimate","2024","2024","N05000014","South Antrim","14","Age 65-69","All","All persons","Number","5246"
"MYE","Mid-year population estimate","2024","2024","N05000014","South Antrim","15","Age 70-74","1","Females","Number","2452"
"MYE","Mid-year population estimate","2024","2024","N05000014","South Antrim","15","Age 70-74","2","Males","Number","2251"
"MYE","Mid-year population estimate","2024","2024","N05000014","South Antrim","15","Age 70-74","All","All persons","Number","4703"
"MYE","Mid-year population estimate","2024","2024","N05000014","South Antrim","16","Age 75-79","1","Females","Number","2101"
"MYE","Mid-year population estimate","2024","2024","N05000014","South Antrim","16","Age 75-79","2","Males","Number","1896"
"MYE","Mid-year population estimate","2024","2024","N05000014","South Antrim","16","Age 75-79","All","All persons","Number","3997"
"MYE","Mid-year population estimate","2024","2024","N05000014","South Antrim","17","Age 80-84","1","Females","Number","1553"
"MYE","Mid-year population estimate","2024","2024","N05000014","South Antrim","17","Age 80-84","2","Males","Number","1278"
"MYE","Mid-year population estimate","2024","2024","N05000014","South Antrim","17","Age 80-84","All","All persons","Number","2831"
"MYE","Mid-year population estimate","2024","2024","N05000014","South Antrim","18","Age 85-89","1","Females","Number","844"
"MYE","Mid-year population estimate","2024","2024","N05000014","South Antrim","18","Age 85-89","2","Males","Number","648"
"MYE","Mid-year population estimate","2024","2024","N05000014","South Antrim","18","Age 85-89","All","All persons","Number","1492"
"MYE","Mid-year population estimate","2024","2024","N05000014","South Antrim","19","Age 90+","1","Females","Number","469"
"MYE","Mid-year population estimate","2024","2024","N05000014","South Antrim","19","Age 90+","2","Males","Number","246"
"MYE","Mid-year population estimate","2024","2024","N05000014","South Antrim","19","Age 90+","All","All persons","Number","715"
"MYE","Mid-year population estimate","2024","2024","N05000014","South Antrim","All","All","1","Females","Number","55009"
"MYE","Mid-year population estimate","2024","2024","N05000014","South Antrim","All","All","2","Males","Number","53514"
"MYE","Mid-year population estimate","2024","2024","N05000014","South Antrim","All","All","All","All persons","Number","108523"
"MYE","Mid-year population estimate","2024","2024","N05000015","South Down","1","Age 0-4","1","Females","Number","3083"
"MYE","Mid-year population estimate","2024","2024","N05000015","South Down","1","Age 0-4","2","Males","Number","3154"
"MYE","Mid-year population estimate","2024","2024","N05000015","South Down","1","Age 0-4","All","All persons","Number","6237"
"MYE","Mid-year population estimate","2024","2024","N05000015","South Down","2","Age 5-9","1","Females","Number","3519"
"MYE","Mid-year population estimate","2024","2024","N05000015","South Down","2","Age 5-9","2","Males","Number","3775"
"MYE","Mid-year population estimate","2024","2024","N05000015","South Down","2","Age 5-9","All","All persons","Number","7294"
"MYE","Mid-year population estimate","2024","2024","N05000015","South Down","3","Age 10-14","1","Females","Number","3879"
"MYE","Mid-year population estimate","2024","2024","N05000015","South Down","3","Age 10-14","2","Males","Number","3980"
"MYE","Mid-year population estimate","2024","2024","N05000015","South Down","3","Age 10-14","All","All persons","Number","7859"
"MYE","Mid-year population estimate","2024","2024","N05000015","South Down","4","Age 15-19","1","Females","Number","3547"
"MYE","Mid-year population estimate","2024","2024","N05000015","South Down","4","Age 15-19","2","Males","Number","3651"
"MYE","Mid-year population estimate","2024","2024","N05000015","South Down","4","Age 15-19","All","All persons","Number","7198"
"MYE","Mid-year population estimate","2024","2024","N05000015","South Down","5","Age 20-24","1","Females","Number","2397"
"MYE","Mid-year population estimate","2024","2024","N05000015","South Down","5","Age 20-24","2","Males","Number","2777"
"MYE","Mid-year population estimate","2024","2024","N05000015","South Down","5","Age 20-24","All","All persons","Number","5174"
"MYE","Mid-year population estimate","2024","2024","N05000015","South Down","6","Age 25-29","1","Females","Number","2720"
"MYE","Mid-year population estimate","2024","2024","N05000015","South Down","6","Age 25-29","2","Males","Number","2959"
"MYE","Mid-year population estimate","2024","2024","N05000015","South Down","6","Age 25-29","All","All persons","Number","5679"
"MYE","Mid-year population estimate","2024","2024","N05000015","South Down","7","Age 30-34","1","Females","Number","3048"
"MYE","Mid-year population estimate","2024","2024","N05000015","South Down","7","Age 30-34","2","Males","Number","2872"
"MYE","Mid-year population estimate","2024","2024","N05000015","South Down","7","Age 30-34","All","All persons","Number","5920"
"MYE","Mid-year population estimate","2024","2024","N05000015","South Down","8","Age 35-39","1","Females","Number","3557"
"MYE","Mid-year population estimate","2024","2024","N05000015","South Down","8","Age 35-39","2","Males","Number","3198"
"MYE","Mid-year population estimate","2024","2024","N05000015","South Down","8","Age 35-39","All","All persons","Number","6755"
"MYE","Mid-year population estimate","2024","2024","N05000015","South Down","9","Age 40-44","1","Females","Number","3653"
"MYE","Mid-year population estimate","2024","2024","N05000015","South Down","9","Age 40-44","2","Males","Number","3500"
"MYE","Mid-year population estimate","2024","2024","N05000015","South Down","9","Age 40-44","All","All persons","Number","7153"
"MYE","Mid-year population estimate","2024","2024","N05000015","South Down","10","Age 45-49","1","Females","Number","3254"
"MYE","Mid-year population estimate","2024","2024","N05000015","South Down","10","Age 45-49","2","Males","Number","3241"
"MYE","Mid-year population estimate","2024","2024","N05000015","South Down","10","Age 45-49","All","All persons","Number","6495"
"MYE","Mid-year population estimate","2024","2024","N05000015","South Down","11","Age 50-54","1","Females","Number","3652"
"MYE","Mid-year population estimate","2024","2024","N05000015","South Down","11","Age 50-54","2","Males","Number","3408"
"MYE","Mid-year population estimate","2024","2024","N05000015","South Down","11","Age 50-54","All","All persons","Number","7060"
"MYE","Mid-year population estimate","2024","2024","N05000015","South Down","12","Age 55-59","1","Females","Number","3648"
"MYE","Mid-year population estimate","2024","2024","N05000015","South Down","12","Age 55-59","2","Males","Number","3633"
"MYE","Mid-year population estimate","2024","2024","N05000015","South Down","12","Age 55-59","All","All persons","Number","7281"
"MYE","Mid-year population estimate","2024","2024","N05000015","South Down","13","Age 60-64","1","Females","Number","3458"
"MYE","Mid-year population estimate","2024","2024","N05000015","South Down","13","Age 60-64","2","Males","Number","3369"
"MYE","Mid-year population estimate","2024","2024","N05000015","South Down","13","Age 60-64","All","All persons","Number","6827"
"MYE","Mid-year population estimate","2024","2024","N05000015","South Down","14","Age 65-69","1","Females","Number","2920"
"MYE","Mid-year population estimate","2024","2024","N05000015","South Down","14","Age 65-69","2","Males","Number","2836"
"MYE","Mid-year population estimate","2024","2024","N05000015","South Down","14","Age 65-69","All","All persons","Number","5756"
"MYE","Mid-year population estimate","2024","2024","N05000015","South Down","15","Age 70-74","1","Females","Number","2444"
"MYE","Mid-year population estimate","2024","2024","N05000015","South Down","15","Age 70-74","2","Males","Number","2355"
"MYE","Mid-year population estimate","2024","2024","N05000015","South Down","15","Age 70-74","All","All persons","Number","4799"
"MYE","Mid-year population estimate","2024","2024","N05000015","South Down","16","Age 75-79","1","Females","Number","2084"
"MYE","Mid-year population estimate","2024","2024","N05000015","South Down","16","Age 75-79","2","Males","Number","1831"
"MYE","Mid-year population estimate","2024","2024","N05000015","South Down","16","Age 75-79","All","All persons","Number","3915"
"MYE","Mid-year population estimate","2024","2024","N05000015","South Down","17","Age 80-84","1","Females","Number","1387"
"MYE","Mid-year population estimate","2024","2024","N05000015","South Down","17","Age 80-84","2","Males","Number","1151"
"MYE","Mid-year population estimate","2024","2024","N05000015","South Down","17","Age 80-84","All","All persons","Number","2538"
"MYE","Mid-year population estimate","2024","2024","N05000015","South Down","18","Age 85-89","1","Females","Number","843"
"MYE","Mid-year population estimate","2024","2024","N05000015","South Down","18","Age 85-89","2","Males","Number","602"
"MYE","Mid-year population estimate","2024","2024","N05000015","South Down","18","Age 85-89","All","All persons","Number","1445"
"MYE","Mid-year population estimate","2024","2024","N05000015","South Down","19","Age 90+","1","Females","Number","530"
"MYE","Mid-year population estimate","2024","2024","N05000015","South Down","19","Age 90+","2","Males","Number","249"
"MYE","Mid-year population estimate","2024","2024","N05000015","South Down","19","Age 90+","All","All persons","Number","779"
"MYE","Mid-year population estimate","2024","2024","N05000015","South Down","All","All","1","Females","Number","53623"
"MYE","Mid-year population estimate","2024","2024","N05000015","South Down","All","All","2","Males","Number","52541"
"MYE","Mid-year population estimate","2024","2024","N05000015","South Down","All","All","All","All persons","Number","106164"
"MYE","Mid-year population estimate","2024","2024","N05000016","Strangford","1","Age 0-4","1","Females","Number","2357"
"MYE","Mid-year population estimate","2024","2024","N05000016","Strangford","1","Age 0-4","2","Males","Number","2637"
"MYE","Mid-year population estimate","2024","2024","N05000016","Strangford","1","Age 0-4","All","All persons","Number","4994"
"MYE","Mid-year population estimate","2024","2024","N05000016","Strangford","2","Age 5-9","1","Females","Number","2848"
"MYE","Mid-year population estimate","2024","2024","N05000016","Strangford","2","Age 5-9","2","Males","Number","2962"
"MYE","Mid-year population estimate","2024","2024","N05000016","Strangford","2","Age 5-9","All","All persons","Number","5810"
"MYE","Mid-year population estimate","2024","2024","N05000016","Strangford","3","Age 10-14","1","Females","Number","2946"
"MYE","Mid-year population estimate","2024","2024","N05000016","Strangford","3","Age 10-14","2","Males","Number","3131"
"MYE","Mid-year population estimate","2024","2024","N05000016","Strangford","3","Age 10-14","All","All persons","Number","6077"
"MYE","Mid-year population estimate","2024","2024","N05000016","Strangford","4","Age 15-19","1","Females","Number","2823"
"MYE","Mid-year population estimate","2024","2024","N05000016","Strangford","4","Age 15-19","2","Males","Number","3136"
"MYE","Mid-year population estimate","2024","2024","N05000016","Strangford","4","Age 15-19","All","All persons","Number","5959"
"MYE","Mid-year population estimate","2024","2024","N05000016","Strangford","5","Age 20-24","1","Females","Number","2040"
"MYE","Mid-year population estimate","2024","2024","N05000016","Strangford","5","Age 20-24","2","Males","Number","2252"
"MYE","Mid-year population estimate","2024","2024","N05000016","Strangford","5","Age 20-24","All","All persons","Number","4292"
"MYE","Mid-year population estimate","2024","2024","N05000016","Strangford","6","Age 25-29","1","Females","Number","2531"
"MYE","Mid-year population estimate","2024","2024","N05000016","Strangford","6","Age 25-29","2","Males","Number","2739"
"MYE","Mid-year population estimate","2024","2024","N05000016","Strangford","6","Age 25-29","All","All persons","Number","5270"
"MYE","Mid-year population estimate","2024","2024","N05000016","Strangford","7","Age 30-34","1","Females","Number","2989"
"MYE","Mid-year population estimate","2024","2024","N05000016","Strangford","7","Age 30-34","2","Males","Number","2606"
"MYE","Mid-year population estimate","2024","2024","N05000016","Strangford","7","Age 30-34","All","All persons","Number","5595"
"MYE","Mid-year population estimate","2024","2024","N05000016","Strangford","8","Age 35-39","1","Females","Number","3226"
"MYE","Mid-year population estimate","2024","2024","N05000016","Strangford","8","Age 35-39","2","Males","Number","2875"
"MYE","Mid-year population estimate","2024","2024","N05000016","Strangford","8","Age 35-39","All","All persons","Number","6101"
"MYE","Mid-year population estimate","2024","2024","N05000016","Strangford","9","Age 40-44","1","Females","Number","3105"
"MYE","Mid-year population estimate","2024","2024","N05000016","Strangford","9","Age 40-44","2","Males","Number","2906"
"MYE","Mid-year population estimate","2024","2024","N05000016","Strangford","9","Age 40-44","All","All persons","Number","6011"
"MYE","Mid-year population estimate","2024","2024","N05000016","Strangford","10","Age 45-49","1","Females","Number","3149"
"MYE","Mid-year population estimate","2024","2024","N05000016","Strangford","10","Age 45-49","2","Males","Number","2886"
"MYE","Mid-year population estimate","2024","2024","N05000016","Strangford","10","Age 45-49","All","All persons","Number","6035"
"MYE","Mid-year population estimate","2024","2024","N05000016","Strangford","11","Age 50-54","1","Females","Number","3544"
"MYE","Mid-year population estimate","2024","2024","N05000016","Strangford","11","Age 50-54","2","Males","Number","3257"
"MYE","Mid-year population estimate","2024","2024","N05000016","Strangford","11","Age 50-54","All","All persons","Number","6801"
"MYE","Mid-year population estimate","2024","2024","N05000016","Strangford","12","Age 55-59","1","Females","Number","3881"
"MYE","Mid-year population estimate","2024","2024","N05000016","Strangford","12","Age 55-59","2","Males","Number","3655"
"MYE","Mid-year population estimate","2024","2024","N05000016","Strangford","12","Age 55-59","All","All persons","Number","7536"
"MYE","Mid-year population estimate","2024","2024","N05000016","Strangford","13","Age 60-64","1","Females","Number","3684"
"MYE","Mid-year population estimate","2024","2024","N05000016","Strangford","13","Age 60-64","2","Males","Number","3470"
"MYE","Mid-year population estimate","2024","2024","N05000016","Strangford","13","Age 60-64","All","All persons","Number","7154"
"MYE","Mid-year population estimate","2024","2024","N05000016","Strangford","14","Age 65-69","1","Females","Number","3082"
"MYE","Mid-year population estimate","2024","2024","N05000016","Strangford","14","Age 65-69","2","Males","Number","2970"
"MYE","Mid-year population estimate","2024","2024","N05000016","Strangford","14","Age 65-69","All","All persons","Number","6052"
"MYE","Mid-year population estimate","2024","2024","N05000016","Strangford","15","Age 70-74","1","Females","Number","2684"
"MYE","Mid-year population estimate","2024","2024","N05000016","Strangford","15","Age 70-74","2","Males","Number","2539"
"MYE","Mid-year population estimate","2024","2024","N05000016","Strangford","15","Age 70-74","All","All persons","Number","5223"
"MYE","Mid-year population estimate","2024","2024","N05000016","Strangford","16","Age 75-79","1","Females","Number","2577"
"MYE","Mid-year population estimate","2024","2024","N05000016","Strangford","16","Age 75-79","2","Males","Number","2265"
"MYE","Mid-year population estimate","2024","2024","N05000016","Strangford","16","Age 75-79","All","All persons","Number","4842"
"MYE","Mid-year population estimate","2024","2024","N05000016","Strangford","17","Age 80-84","1","Females","Number","1661"
"MYE","Mid-year population estimate","2024","2024","N05000016","Strangford","17","Age 80-84","2","Males","Number","1424"
"MYE","Mid-year population estimate","2024","2024","N05000016","Strangford","17","Age 80-84","All","All persons","Number","3085"
"MYE","Mid-year population estimate","2024","2024","N05000016","Strangford","18","Age 85-89","1","Females","Number","998"
"MYE","Mid-year population estimate","2024","2024","N05000016","Strangford","18","Age 85-89","2","Males","Number","694"
"MYE","Mid-year population estimate","2024","2024","N05000016","Strangford","18","Age 85-89","All","All persons","Number","1692"
"MYE","Mid-year population estimate","2024","2024","N05000016","Strangford","19","Age 90+","1","Females","Number","594"
"MYE","Mid-year population estimate","2024","2024","N05000016","Strangford","19","Age 90+","2","Males","Number","256"
"MYE","Mid-year population estimate","2024","2024","N05000016","Strangford","19","Age 90+","All","All persons","Number","850"
"MYE","Mid-year population estimate","2024","2024","N05000016","Strangford","All","All","1","Females","Number","50719"
"MYE","Mid-year population estimate","2024","2024","N05000016","Strangford","All","All","2","Males","Number","48660"
"MYE","Mid-year population estimate","2024","2024","N05000016","Strangford","All","All","All","All persons","Number","99379"
"MYE","Mid-year population estimate","2024","2024","N05000017","Upper Bann","1","Age 0-4","1","Females","Number","3673"
"MYE","Mid-year population estimate","2024","2024","N05000017","Upper Bann","1","Age 0-4","2","Males","Number","3726"
"MYE","Mid-year population estimate","2024","2024","N05000017","Upper Bann","1","Age 0-4","All","All persons","Number","7399"
"MYE","Mid-year population estimate","2024","2024","N05000017","Upper Bann","2","Age 5-9","1","Females","Number","4040"
"MYE","Mid-year population estimate","2024","2024","N05000017","Upper Bann","2","Age 5-9","2","Males","Number","4414"
"MYE","Mid-year population estimate","2024","2024","N05000017","Upper Bann","2","Age 5-9","All","All persons","Number","8454"
"MYE","Mid-year population estimate","2024","2024","N05000017","Upper Bann","3","Age 10-14","1","Females","Number","4385"
"MYE","Mid-year population estimate","2024","2024","N05000017","Upper Bann","3","Age 10-14","2","Males","Number","4572"
"MYE","Mid-year population estimate","2024","2024","N05000017","Upper Bann","3","Age 10-14","All","All persons","Number","8957"
"MYE","Mid-year population estimate","2024","2024","N05000017","Upper Bann","4","Age 15-19","1","Females","Number","3949"
"MYE","Mid-year population estimate","2024","2024","N05000017","Upper Bann","4","Age 15-19","2","Males","Number","4252"
"MYE","Mid-year population estimate","2024","2024","N05000017","Upper Bann","4","Age 15-19","All","All persons","Number","8201"
"MYE","Mid-year population estimate","2024","2024","N05000017","Upper Bann","5","Age 20-24","1","Females","Number","2742"
"MYE","Mid-year population estimate","2024","2024","N05000017","Upper Bann","5","Age 20-24","2","Males","Number","3193"
"MYE","Mid-year population estimate","2024","2024","N05000017","Upper Bann","5","Age 20-24","All","All persons","Number","5935"
"MYE","Mid-year population estimate","2024","2024","N05000017","Upper Bann","6","Age 25-29","1","Females","Number","3773"
"MYE","Mid-year population estimate","2024","2024","N05000017","Upper Bann","6","Age 25-29","2","Males","Number","3852"
"MYE","Mid-year population estimate","2024","2024","N05000017","Upper Bann","6","Age 25-29","All","All persons","Number","7625"
"MYE","Mid-year population estimate","2024","2024","N05000017","Upper Bann","7","Age 30-34","1","Females","Number","4387"
"MYE","Mid-year population estimate","2024","2024","N05000017","Upper Bann","7","Age 30-34","2","Males","Number","4258"
"MYE","Mid-year population estimate","2024","2024","N05000017","Upper Bann","7","Age 30-34","All","All persons","Number","8645"
"MYE","Mid-year population estimate","2024","2024","N05000017","Upper Bann","8","Age 35-39","1","Females","Number","4563"
"MYE","Mid-year population estimate","2024","2024","N05000017","Upper Bann","8","Age 35-39","2","Males","Number","4495"
"MYE","Mid-year population estimate","2024","2024","N05000017","Upper Bann","8","Age 35-39","All","All persons","Number","9058"
"MYE","Mid-year population estimate","2024","2024","N05000017","Upper Bann","9","Age 40-44","1","Females","Number","4495"
"MYE","Mid-year population estimate","2024","2024","N05000017","Upper Bann","9","Age 40-44","2","Males","Number","4300"
"MYE","Mid-year population estimate","2024","2024","N05000017","Upper Bann","9","Age 40-44","All","All persons","Number","8795"
"MYE","Mid-year population estimate","2024","2024","N05000017","Upper Bann","10","Age 45-49","1","Females","Number","4048"
"MYE","Mid-year population estimate","2024","2024","N05000017","Upper Bann","10","Age 45-49","2","Males","Number","3916"
"MYE","Mid-year population estimate","2024","2024","N05000017","Upper Bann","10","Age 45-49","All","All persons","Number","7964"
"MYE","Mid-year population estimate","2024","2024","N05000017","Upper Bann","11","Age 50-54","1","Females","Number","4031"
"MYE","Mid-year population estimate","2024","2024","N05000017","Upper Bann","11","Age 50-54","2","Males","Number","4011"
"MYE","Mid-year population estimate","2024","2024","N05000017","Upper Bann","11","Age 50-54","All","All persons","Number","8042"
"MYE","Mid-year population estimate","2024","2024","N05000017","Upper Bann","12","Age 55-59","1","Females","Number","4016"
"MYE","Mid-year population estimate","2024","2024","N05000017","Upper Bann","12","Age 55-59","2","Males","Number","3999"
"MYE","Mid-year population estimate","2024","2024","N05000017","Upper Bann","12","Age 55-59","All","All persons","Number","8015"
"MYE","Mid-year population estimate","2024","2024","N05000017","Upper Bann","13","Age 60-64","1","Females","Number","3730"
"MYE","Mid-year population estimate","2024","2024","N05000017","Upper Bann","13","Age 60-64","2","Males","Number","3673"
"MYE","Mid-year population estimate","2024","2024","N05000017","Upper Bann","13","Age 60-64","All","All persons","Number","7403"
"MYE","Mid-year population estimate","2024","2024","N05000017","Upper Bann","14","Age 65-69","1","Females","Number","3080"
"MYE","Mid-year population estimate","2024","2024","N05000017","Upper Bann","14","Age 65-69","2","Males","Number","2879"
"MYE","Mid-year population estimate","2024","2024","N05000017","Upper Bann","14","Age 65-69","All","All persons","Number","5959"
"MYE","Mid-year population estimate","2024","2024","N05000017","Upper Bann","15","Age 70-74","1","Females","Number","2571"
"MYE","Mid-year population estimate","2024","2024","N05000017","Upper Bann","15","Age 70-74","2","Males","Number","2316"
"MYE","Mid-year population estimate","2024","2024","N05000017","Upper Bann","15","Age 70-74","All","All persons","Number","4887"
"MYE","Mid-year population estimate","2024","2024","N05000017","Upper Bann","16","Age 75-79","1","Females","Number","2284"
"MYE","Mid-year population estimate","2024","2024","N05000017","Upper Bann","16","Age 75-79","2","Males","Number","1931"
"MYE","Mid-year population estimate","2024","2024","N05000017","Upper Bann","16","Age 75-79","All","All persons","Number","4215"
"MYE","Mid-year population estimate","2024","2024","N05000017","Upper Bann","17","Age 80-84","1","Females","Number","1650"
"MYE","Mid-year population estimate","2024","2024","N05000017","Upper Bann","17","Age 80-84","2","Males","Number","1319"
"MYE","Mid-year population estimate","2024","2024","N05000017","Upper Bann","17","Age 80-84","All","All persons","Number","2969"
"MYE","Mid-year population estimate","2024","2024","N05000017","Upper Bann","18","Age 85-89","1","Females","Number","1051"
"MYE","Mid-year population estimate","2024","2024","N05000017","Upper Bann","18","Age 85-89","2","Males","Number","636"
"MYE","Mid-year population estimate","2024","2024","N05000017","Upper Bann","18","Age 85-89","All","All persons","Number","1687"
"MYE","Mid-year population estimate","2024","2024","N05000017","Upper Bann","19","Age 90+","1","Females","Number","557"
"MYE","Mid-year population estimate","2024","2024","N05000017","Upper Bann","19","Age 90+","2","Males","Number","265"
"MYE","Mid-year population estimate","2024","2024","N05000017","Upper Bann","19","Age 90+","All","All persons","Number","822"
"MYE","Mid-year population estimate","2024","2024","N05000017","Upper Bann","All","All","1","Females","Number","63025"
"MYE","Mid-year population estimate","2024","2024","N05000017","Upper Bann","All","All","2","Males","Number","62007"
"MYE","Mid-year population estimate","2024","2024","N05000017","Upper Bann","All","All","All","All persons","Number","125032"
"MYE","Mid-year population estimate","2024","2024","N05000018","West Tyrone","1","Age 0-4","1","Females","Number","2952"
"MYE","Mid-year population estimate","2024","2024","N05000018","West Tyrone","1","Age 0-4","2","Males","Number","3013"
"MYE","Mid-year population estimate","2024","2024","N05000018","West Tyrone","1","Age 0-4","All","All persons","Number","5965"
"MYE","Mid-year population estimate","2024","2024","N05000018","West Tyrone","2","Age 5-9","1","Females","Number","3345"
"MYE","Mid-year population estimate","2024","2024","N05000018","West Tyrone","2","Age 5-9","2","Males","Number","3376"
"MYE","Mid-year population estimate","2024","2024","N05000018","West Tyrone","2","Age 5-9","All","All persons","Number","6721"
"MYE","Mid-year population estimate","2024","2024","N05000018","West Tyrone","3","Age 10-14","1","Females","Number","3446"
"MYE","Mid-year population estimate","2024","2024","N05000018","West Tyrone","3","Age 10-14","2","Males","Number","3446"
"MYE","Mid-year population estimate","2024","2024","N05000018","West Tyrone","3","Age 10-14","All","All persons","Number","6892"
"MYE","Mid-year population estimate","2024","2024","N05000018","West Tyrone","4","Age 15-19","1","Females","Number","3146"
"MYE","Mid-year population estimate","2024","2024","N05000018","West Tyrone","4","Age 15-19","2","Males","Number","3433"
"MYE","Mid-year population estimate","2024","2024","N05000018","West Tyrone","4","Age 15-19","All","All persons","Number","6579"
"MYE","Mid-year population estimate","2024","2024","N05000018","West Tyrone","5","Age 20-24","1","Females","Number","2326"
"MYE","Mid-year population estimate","2024","2024","N05000018","West Tyrone","5","Age 20-24","2","Males","Number","2696"
"MYE","Mid-year population estimate","2024","2024","N05000018","West Tyrone","5","Age 20-24","All","All persons","Number","5022"
"MYE","Mid-year population estimate","2024","2024","N05000018","West Tyrone","6","Age 25-29","1","Females","Number","2849"
"MYE","Mid-year population estimate","2024","2024","N05000018","West Tyrone","6","Age 25-29","2","Males","Number","3022"
"MYE","Mid-year population estimate","2024","2024","N05000018","West Tyrone","6","Age 25-29","All","All persons","Number","5871"
"MYE","Mid-year population estimate","2024","2024","N05000018","West Tyrone","7","Age 30-34","1","Females","Number","2774"
"MYE","Mid-year population estimate","2024","2024","N05000018","West Tyrone","7","Age 30-34","2","Males","Number","2765"
"MYE","Mid-year population estimate","2024","2024","N05000018","West Tyrone","7","Age 30-34","All","All persons","Number","5539"
"MYE","Mid-year population estimate","2024","2024","N05000018","West Tyrone","8","Age 35-39","1","Females","Number","3238"
"MYE","Mid-year population estimate","2024","2024","N05000018","West Tyrone","8","Age 35-39","2","Males","Number","3039"
"MYE","Mid-year population estimate","2024","2024","N05000018","West Tyrone","8","Age 35-39","All","All persons","Number","6277"
"MYE","Mid-year population estimate","2024","2024","N05000018","West Tyrone","9","Age 40-44","1","Females","Number","3390"
"MYE","Mid-year population estimate","2024","2024","N05000018","West Tyrone","9","Age 40-44","2","Males","Number","3207"
"MYE","Mid-year population estimate","2024","2024","N05000018","West Tyrone","9","Age 40-44","All","All persons","Number","6597"
"MYE","Mid-year population estimate","2024","2024","N05000018","West Tyrone","10","Age 45-49","1","Females","Number","3190"
"MYE","Mid-year population estimate","2024","2024","N05000018","West Tyrone","10","Age 45-49","2","Males","Number","3044"
"MYE","Mid-year population estimate","2024","2024","N05000018","West Tyrone","10","Age 45-49","All","All persons","Number","6234"
"MYE","Mid-year population estimate","2024","2024","N05000018","West Tyrone","11","Age 50-54","1","Females","Number","3432"
"MYE","Mid-year population estimate","2024","2024","N05000018","West Tyrone","11","Age 50-54","2","Males","Number","3427"
"MYE","Mid-year population estimate","2024","2024","N05000018","West Tyrone","11","Age 50-54","All","All persons","Number","6859"
"MYE","Mid-year population estimate","2024","2024","N05000018","West Tyrone","12","Age 55-59","1","Females","Number","3584"
"MYE","Mid-year population estimate","2024","2024","N05000018","West Tyrone","12","Age 55-59","2","Males","Number","3350"
"MYE","Mid-year population estimate","2024","2024","N05000018","West Tyrone","12","Age 55-59","All","All persons","Number","6934"
"MYE","Mid-year population estimate","2024","2024","N05000018","West Tyrone","13","Age 60-64","1","Females","Number","3064"
"MYE","Mid-year population estimate","2024","2024","N05000018","West Tyrone","13","Age 60-64","2","Males","Number","3185"
"MYE","Mid-year population estimate","2024","2024","N05000018","West Tyrone","13","Age 60-64","All","All persons","Number","6249"
"MYE","Mid-year population estimate","2024","2024","N05000018","West Tyrone","14","Age 65-69","1","Females","Number","2761"
"MYE","Mid-year population estimate","2024","2024","N05000018","West Tyrone","14","Age 65-69","2","Males","Number","2720"
"MYE","Mid-year population estimate","2024","2024","N05000018","West Tyrone","14","Age 65-69","All","All persons","Number","5481"
"MYE","Mid-year population estimate","2024","2024","N05000018","West Tyrone","15","Age 70-74","1","Females","Number","2302"
"MYE","Mid-year population estimate","2024","2024","N05000018","West Tyrone","15","Age 70-74","2","Males","Number","2327"
"MYE","Mid-year population estimate","2024","2024","N05000018","West Tyrone","15","Age 70-74","All","All persons","Number","4629"
"MYE","Mid-year population estimate","2024","2024","N05000018","West Tyrone","16","Age 75-79","1","Females","Number","1998"
"MYE","Mid-year population estimate","2024","2024","N05000018","West Tyrone","16","Age 75-79","2","Males","Number","1797"
"MYE","Mid-year population estimate","2024","2024","N05000018","West Tyrone","16","Age 75-79","All","All persons","Number","3795"
"MYE","Mid-year population estimate","2024","2024","N05000018","West Tyrone","17","Age 80-84","1","Females","Number","1313"
"MYE","Mid-year population estimate","2024","2024","N05000018","West Tyrone","17","Age 80-84","2","Males","Number","1122"
"MYE","Mid-year population estimate","2024","2024","N05000018","West Tyrone","17","Age 80-84","All","All persons","Number","2435"
"MYE","Mid-year population estimate","2024","2024","N05000018","West Tyrone","18","Age 85-89","1","Females","Number","801"
"MYE","Mid-year population estimate","2024","2024","N05000018","West Tyrone","18","Age 85-89","2","Males","Number","614"
"MYE","Mid-year population estimate","2024","2024","N05000018","West Tyrone","18","Age 85-89","All","All persons","Number","1415"
"MYE","Mid-year population estimate","2024","2024","N05000018","West Tyrone","19","Age 90+","1","Females","Number","485"
"MYE","Mid-year population estimate","2024","2024","N05000018","West Tyrone","19","Age 90+","2","Males","Number","223"
"MYE","Mid-year population estimate","2024","2024","N05000018","West Tyrone","19","Age 90+","All","All persons","Number","708"
"MYE","Mid-year population estimate","2024","2024","N05000018","West Tyrone","All","All","1","Females","Number","50396"
"MYE","Mid-year population estimate","2024","2024","N05000018","West Tyrone","All","All","2","Males","Number","49806"
"MYE","Mid-year population estimate","2024","2024","N05000018","West Tyrone","All","All","All","All persons","Number","100202"
"MYE","Mid-year population estimate","2024","2024","N92000002","Northern Ireland","1","Age 0-4","1","Females","Number","52216"
"MYE","Mid-year population estimate","2024","2024","N92000002","Northern Ireland","1","Age 0-4","2","Males","Number","55050"
"MYE","Mid-year population estimate","2024","2024","N92000002","Northern Ireland","1","Age 0-4","All","All persons","Number","107266"
"MYE","Mid-year population estimate","2024","2024","N92000002","Northern Ireland","2","Age 5-9","1","Females","Number","59588"
"MYE","Mid-year population estimate","2024","2024","N92000002","Northern Ireland","2","Age 5-9","2","Males","Number","62651"
"MYE","Mid-year population estimate","2024","2024","N92000002","Northern Ireland","2","Age 5-9","All","All persons","Number","122239"
"MYE","Mid-year population estimate","2024","2024","N92000002","Northern Ireland","3","Age 10-14","1","Females","Number","63205"
"MYE","Mid-year population estimate","2024","2024","N92000002","Northern Ireland","3","Age 10-14","2","Males","Number","65929"
"MYE","Mid-year population estimate","2024","2024","N92000002","Northern Ireland","3","Age 10-14","All","All persons","Number","129134"
"MYE","Mid-year population estimate","2024","2024","N92000002","Northern Ireland","4","Age 15-19","1","Females","Number","60067"
"MYE","Mid-year population estimate","2024","2024","N92000002","Northern Ireland","4","Age 15-19","2","Males","Number","63563"
"MYE","Mid-year population estimate","2024","2024","N92000002","Northern Ireland","4","Age 15-19","All","All persons","Number","123630"
"MYE","Mid-year population estimate","2024","2024","N92000002","Northern Ireland","5","Age 20-24","1","Females","Number","49537"
"MYE","Mid-year population estimate","2024","2024","N92000002","Northern Ireland","5","Age 20-24","2","Males","Number","54099"
"MYE","Mid-year population estimate","2024","2024","N92000002","Northern Ireland","5","Age 20-24","All","All persons","Number","103636"
"MYE","Mid-year population estimate","2024","2024","N92000002","Northern Ireland","6","Age 25-29","1","Females","Number","56881"
"MYE","Mid-year population estimate","2024","2024","N92000002","Northern Ireland","6","Age 25-29","2","Males","Number","59008"
"MYE","Mid-year population estimate","2024","2024","N92000002","Northern Ireland","6","Age 25-29","All","All persons","Number","115889"
"MYE","Mid-year population estimate","2024","2024","N92000002","Northern Ireland","7","Age 30-34","1","Females","Number","62723"
"MYE","Mid-year population estimate","2024","2024","N92000002","Northern Ireland","7","Age 30-34","2","Males","Number","60608"
"MYE","Mid-year population estimate","2024","2024","N92000002","Northern Ireland","7","Age 30-34","All","All persons","Number","123331"
"MYE","Mid-year population estimate","2024","2024","N92000002","Northern Ireland","8","Age 35-39","1","Females","Number","67367"
"MYE","Mid-year population estimate","2024","2024","N92000002","Northern Ireland","8","Age 35-39","2","Males","Number","63369"
"MYE","Mid-year population estimate","2024","2024","N92000002","Northern Ireland","8","Age 35-39","All","All persons","Number","130736"
"MYE","Mid-year population estimate","2024","2024","N92000002","Northern Ireland","9","Age 40-44","1","Females","Number","66307"
"MYE","Mid-year population estimate","2024","2024","N92000002","Northern Ireland","9","Age 40-44","2","Males","Number","61887"
"MYE","Mid-year population estimate","2024","2024","N92000002","Northern Ireland","9","Age 40-44","All","All persons","Number","128194"
"MYE","Mid-year population estimate","2024","2024","N92000002","Northern Ireland","10","Age 45-49","1","Females","Number","60417"
"MYE","Mid-year population estimate","2024","2024","N92000002","Northern Ireland","10","Age 45-49","2","Males","Number","57529"
"MYE","Mid-year population estimate","2024","2024","N92000002","Northern Ireland","10","Age 45-49","All","All persons","Number","117946"
"MYE","Mid-year population estimate","2024","2024","N92000002","Northern Ireland","11","Age 50-54","1","Females","Number","63618"
"MYE","Mid-year population estimate","2024","2024","N92000002","Northern Ireland","11","Age 50-54","2","Males","Number","61397"
"MYE","Mid-year population estimate","2024","2024","N92000002","Northern Ireland","11","Age 50-54","All","All persons","Number","125015"
"MYE","Mid-year population estimate","2024","2024","N92000002","Northern Ireland","12","Age 55-59","1","Females","Number","66641"
"MYE","Mid-year population estimate","2024","2024","N92000002","Northern Ireland","12","Age 55-59","2","Males","Number","63613"
"MYE","Mid-year population estimate","2024","2024","N92000002","Northern Ireland","12","Age 55-59","All","All persons","Number","130254"
"MYE","Mid-year population estimate","2024","2024","N92000002","Northern Ireland","13","Age 60-64","1","Females","Number","62016"
"MYE","Mid-year population estimate","2024","2024","N92000002","Northern Ireland","13","Age 60-64","2","Males","Number","59375"
"MYE","Mid-year population estimate","2024","2024","N92000002","Northern Ireland","13","Age 60-64","All","All persons","Number","121391"
"MYE","Mid-year population estimate","2024","2024","N92000002","Northern Ireland","14","Age 65-69","1","Females","Number","52010"
"MYE","Mid-year population estimate","2024","2024","N92000002","Northern Ireland","14","Age 65-69","2","Males","Number","49710"
"MYE","Mid-year population estimate","2024","2024","N92000002","Northern Ireland","14","Age 65-69","All","All persons","Number","101720"
"MYE","Mid-year population estimate","2024","2024","N92000002","Northern Ireland","15","Age 70-74","1","Females","Number","42953"
"MYE","Mid-year population estimate","2024","2024","N92000002","Northern Ireland","15","Age 70-74","2","Males","Number","40827"
"MYE","Mid-year population estimate","2024","2024","N92000002","Northern Ireland","15","Age 70-74","All","All persons","Number","83780"
"MYE","Mid-year population estimate","2024","2024","N92000002","Northern Ireland","16","Age 75-79","1","Females","Number","38071"
"MYE","Mid-year population estimate","2024","2024","N92000002","Northern Ireland","16","Age 75-79","2","Males","Number","33531"
"MYE","Mid-year population estimate","2024","2024","N92000002","Northern Ireland","16","Age 75-79","All","All persons","Number","71602"
"MYE","Mid-year population estimate","2024","2024","N92000002","Northern Ireland","17","Age 80-84","1","Females","Number","27467"
"MYE","Mid-year population estimate","2024","2024","N92000002","Northern Ireland","17","Age 80-84","2","Males","Number","21761"
"MYE","Mid-year population estimate","2024","2024","N92000002","Northern Ireland","17","Age 80-84","All","All persons","Number","49228"
"MYE","Mid-year population estimate","2024","2024","N92000002","Northern Ireland","18","Age 85-89","1","Females","Number","16941"
"MYE","Mid-year population estimate","2024","2024","N92000002","Northern Ireland","18","Age 85-89","2","Males","Number","11272"
"MYE","Mid-year population estimate","2024","2024","N92000002","Northern Ireland","18","Age 85-89","All","All persons","Number","28213"
"MYE","Mid-year population estimate","2024","2024","N92000002","Northern Ireland","19","Age 90+","1","Females","Number","10040"
"MYE","Mid-year population estimate","2024","2024","N92000002","Northern Ireland","19","Age 90+","2","Males","Number","4611"
"MYE","Mid-year population estimate","2024","2024","N92000002","Northern Ireland","19","Age 90+","All","All persons","Number","14651"
"MYE","Mid-year population estimate","2024","2024","N92000002","Northern Ireland","All","All","1","Females","Number","978065"
"MYE","Mid-year population estimate","2024","2024","N92000002","Northern Ireland","All","All","2","Males","Number","949790"
"MYE","Mid-year population estimate","2024","2024","N92000002","Northern Ireland","All","All","All","All persons","Number","1927855"
