"DATE_NAME","GEOGRAPHY_NAME","GEOGRAPHY_CODE","GENDER_NAME","C_AGE_NAME","MEASURES_NAME","OBS_VALUE"
"2024","Bishop Auckland","E14001101","Total","All Ages","Value",94708
"2024","Bishop Auckland","E14001101","Total","Age 0 - 4","Value",4169
"2024","Bishop Auckland","E14001101","Total","Aged 5-9","Value",4664
"2024","Bishop Auckland","E14001101","Total","Aged 10-14","Value",5360
"2024","Bishop Auckland","E14001101","Total","Aged 15-19","Value",5211
"2024","Bishop Auckland","E14001101","Total","Aged 20-24","Value",4778
"2024","Bishop Auckland","E14001101","Total","Aged 25-29","Value",4732
"2024","Bishop Auckland","E14001101","Total","Aged 30-34","Value",5041
"2024","Bishop Auckland","E14001101","Total","Aged 35-39","Value",5306
"2024","Bishop Auckland","E14001101","Total","Aged 40-44","Value",5306
"2024","Bishop Auckland","E14001101","Total","Aged 45-49","Value",5059
"2024","Bishop Auckland","E14001101","Total","Aged 50-54","Value",6442
"2024","Bishop Auckland","E14001101","Total","Aged 55-59","Value",7591
"2024","Bishop Auckland","E14001101","Total","Aged 60-64","Value",7373
"2024","Bishop Auckland","E14001101","Total","Aged 65-69","Value",6536
"2024","Bishop Auckland","E14001101","Total","Aged 70-74","Value",5730
"2024","Bishop Auckland","E14001101","Total","Aged 75-79","Value",5381
"2024","Bishop Auckland","E14001101","Total","Aged 80-84","Value",3135
"2024","Bishop Auckland","E14001101","Total","Aged 85+","Value",2894
"2024","Blaydon and Consett","E14001106","Total","All Ages","Value",93967
"2024","Blaydon and Consett","E14001106","Total","Age 0 - 4","Value",4335
"2024","Blaydon and Consett","E14001106","Total","Aged 5-9","Value",5028
"2024","Blaydon and Consett","E14001106","Total","Aged 10-14","Value",5316
"2024","Blaydon and Consett","E14001106","Total","Aged 15-19","Value",5124
"2024","Blaydon and Consett","E14001106","Total","Aged 20-24","Value",4320
"2024","Blaydon and Consett","E14001106","Total","Aged 25-29","Value",5467
"2024","Blaydon and Consett","E14001106","Total","Aged 30-34","Value",6046
"2024","Blaydon and Consett","E14001106","Total","Aged 35-39","Value",5923
"2024","Blaydon and Consett","E14001106","Total","Aged 40-44","Value",6155
"2024","Blaydon and Consett","E14001106","Total","Aged 45-49","Value",5356
"2024","Blaydon and Consett","E14001106","Total","Aged 50-54","Value",6246
"2024","Blaydon and Consett","E14001106","Total","Aged 55-59","Value",7071
"2024","Blaydon and Consett","E14001106","Total","Aged 60-64","Value",6590
"2024","Blaydon and Consett","E14001106","Total","Aged 65-69","Value",5785
"2024","Blaydon and Consett","E14001106","Total","Aged 70-74","Value",4891
"2024","Blaydon and Consett","E14001106","Total","Aged 75-79","Value",4642
"2024","Blaydon and Consett","E14001106","Total","Aged 80-84","Value",2878
"2024","Blaydon and Consett","E14001106","Total","Aged 85+","Value",2794
"2024","Blyth and Ashington","E14001107","Total","All Ages","Value",105952
"2024","Blyth and Ashington","E14001107","Total","Age 0 - 4","Value",5444
"2024","Blyth and Ashington","E14001107","Total","Aged 5-9","Value",5996
"2024","Blyth and Ashington","E14001107","Total","Aged 10-14","Value",6366
"2024","Blyth and Ashington","E14001107","Total","Aged 15-19","Value",5729
"2024","Blyth and Ashington","E14001107","Total","Aged 20-24","Value",5322
"2024","Blyth and Ashington","E14001107","Total","Aged 25-29","Value",6695
"2024","Blyth and Ashington","E14001107","Total","Aged 30-34","Value",6934
"2024","Blyth and Ashington","E14001107","Total","Aged 35-39","Value",6866
"2024","Blyth and Ashington","E14001107","Total","Aged 40-44","Value",6206
"2024","Blyth and Ashington","E14001107","Total","Aged 45-49","Value",5676
"2024","Blyth and Ashington","E14001107","Total","Aged 50-54","Value",6861
"2024","Blyth and Ashington","E14001107","Total","Aged 55-59","Value",7714
"2024","Blyth and Ashington","E14001107","Total","Aged 60-64","Value",7563
"2024","Blyth and Ashington","E14001107","Total","Aged 65-69","Value",6326
"2024","Blyth and Ashington","E14001107","Total","Aged 70-74","Value",5683
"2024","Blyth and Ashington","E14001107","Total","Aged 75-79","Value",5190
"2024","Blyth and Ashington","E14001107","Total","Aged 80-84","Value",2965
"2024","Blyth and Ashington","E14001107","Total","Aged 85+","Value",2416
"2024","City of Durham","E14001173","Total","All Ages","Value",103412
"2024","City of Durham","E14001173","Total","Age 0 - 4","Value",3728
"2024","City of Durham","E14001173","Total","Aged 5-9","Value",4478
"2024","City of Durham","E14001173","Total","Aged 10-14","Value",5200
"2024","City of Durham","E14001173","Total","Aged 15-19","Value",8488
"2024","City of Durham","E14001173","Total","Aged 20-24","Value",14871
"2024","City of Durham","E14001173","Total","Aged 25-29","Value",5194
"2024","City of Durham","E14001173","Total","Aged 30-34","Value",5456
"2024","City of Durham","E14001173","Total","Aged 35-39","Value",5946
"2024","City of Durham","E14001173","Total","Aged 40-44","Value",5811
"2024","City of Durham","E14001173","Total","Aged 45-49","Value",5368
"2024","City of Durham","E14001173","Total","Aged 50-54","Value",5984
"2024","City of Durham","E14001173","Total","Aged 55-59","Value",6304
"2024","City of Durham","E14001173","Total","Aged 60-64","Value",6186
"2024","City of Durham","E14001173","Total","Aged 65-69","Value",5534
"2024","City of Durham","E14001173","Total","Aged 70-74","Value",5061
"2024","City of Durham","E14001173","Total","Aged 75-79","Value",4690
"2024","City of Durham","E14001173","Total","Aged 80-84","Value",2782
"2024","City of Durham","E14001173","Total","Aged 85+","Value",2331
"2024","Cramlington and Killingworth","E14001183","Total","All Ages","Value",101016
"2024","Cramlington and Killingworth","E14001183","Total","Age 0 - 4","Value",4958
"2024","Cramlington and Killingworth","E14001183","Total","Aged 5-9","Value",5439
"2024","Cramlington and Killingworth","E14001183","Total","Aged 10-14","Value",5658
"2024","Cramlington and Killingworth","E14001183","Total","Aged 15-19","Value",5270
"2024","Cramlington and Killingworth","E14001183","Total","Aged 20-24","Value",4485
"2024","Cramlington and Killingworth","E14001183","Total","Aged 25-29","Value",5881
"2024","Cramlington and Killingworth","E14001183","Total","Aged 30-34","Value",6940
"2024","Cramlington and Killingworth","E14001183","Total","Aged 35-39","Value",6873
"2024","Cramlington and Killingworth","E14001183","Total","Aged 40-44","Value",6692
"2024","Cramlington and Killingworth","E14001183","Total","Aged 45-49","Value",6100
"2024","Cramlington and Killingworth","E14001183","Total","Aged 50-54","Value",6725
"2024","Cramlington and Killingworth","E14001183","Total","Aged 55-59","Value",7037
"2024","Cramlington and Killingworth","E14001183","Total","Aged 60-64","Value",6639
"2024","Cramlington and Killingworth","E14001183","Total","Aged 65-69","Value",6197
"2024","Cramlington and Killingworth","E14001183","Total","Aged 70-74","Value",5747
"2024","Cramlington and Killingworth","E14001183","Total","Aged 75-79","Value",5342
"2024","Cramlington and Killingworth","E14001183","Total","Aged 80-84","Value",2671
"2024","Cramlington and Killingworth","E14001183","Total","Aged 85+","Value",2362
"2024","Darlington","E14001190","Total","All Ages","Value",101267
"2024","Darlington","E14001190","Total","Age 0 - 4","Value",5076
"2024","Darlington","E14001190","Total","Aged 5-9","Value",5577
"2024","Darlington","E14001190","Total","Aged 10-14","Value",6232
"2024","Darlington","E14001190","Total","Aged 15-19","Value",5814
"2024","Darlington","E14001190","Total","Aged 20-24","Value",4634
"2024","Darlington","E14001190","Total","Aged 25-29","Value",6490
"2024","Darlington","E14001190","Total","Aged 30-34","Value",6922
"2024","Darlington","E14001190","Total","Aged 35-39","Value",6835
"2024","Darlington","E14001190","Total","Aged 40-44","Value",6425
"2024","Darlington","E14001190","Total","Aged 45-49","Value",5968
"2024","Darlington","E14001190","Total","Aged 50-54","Value",6648
"2024","Darlington","E14001190","Total","Aged 55-59","Value",7021
"2024","Darlington","E14001190","Total","Aged 60-64","Value",6708
"2024","Darlington","E14001190","Total","Aged 65-69","Value",5826
"2024","Darlington","E14001190","Total","Aged 70-74","Value",4872
"2024","Darlington","E14001190","Total","Aged 75-79","Value",4647
"2024","Darlington","E14001190","Total","Aged 80-84","Value",2765
"2024","Darlington","E14001190","Total","Aged 85+","Value",2807
"2024","Easington","E14001211","Total","All Ages","Value",96193
"2024","Easington","E14001211","Total","Age 0 - 4","Value",4727
"2024","Easington","E14001211","Total","Aged 5-9","Value",5308
"2024","Easington","E14001211","Total","Aged 10-14","Value",5789
"2024","Easington","E14001211","Total","Aged 15-19","Value",5644
"2024","Easington","E14001211","Total","Aged 20-24","Value",5269
"2024","Easington","E14001211","Total","Aged 25-29","Value",5466
"2024","Easington","E14001211","Total","Aged 30-34","Value",6003
"2024","Easington","E14001211","Total","Aged 35-39","Value",6160
"2024","Easington","E14001211","Total","Aged 40-44","Value",5981
"2024","Easington","E14001211","Total","Aged 45-49","Value",5292
"2024","Easington","E14001211","Total","Aged 50-54","Value",6244
"2024","Easington","E14001211","Total","Aged 55-59","Value",7235
"2024","Easington","E14001211","Total","Aged 60-64","Value",6959
"2024","Easington","E14001211","Total","Aged 65-69","Value",6107
"2024","Easington","E14001211","Total","Aged 70-74","Value",4830
"2024","Easington","E14001211","Total","Aged 75-79","Value",4156
"2024","Easington","E14001211","Total","Aged 80-84","Value",2621
"2024","Easington","E14001211","Total","Aged 85+","Value",2402
"2024","Gateshead Central and Whickham","E14001244","Total","All Ages","Value",102168
"2024","Gateshead Central and Whickham","E14001244","Total","Age 0 - 4","Value",5165
"2024","Gateshead Central and Whickham","E14001244","Total","Aged 5-9","Value",5826
"2024","Gateshead Central and Whickham","E14001244","Total","Aged 10-14","Value",5948
"2024","Gateshead Central and Whickham","E14001244","Total","Aged 15-19","Value",6698
"2024","Gateshead Central and Whickham","E14001244","Total","Aged 20-24","Value",5549
"2024","Gateshead Central and Whickham","E14001244","Total","Aged 25-29","Value",7329
"2024","Gateshead Central and Whickham","E14001244","Total","Aged 30-34","Value",7708
"2024","Gateshead Central and Whickham","E14001244","Total","Aged 35-39","Value",7273
"2024","Gateshead Central and Whickham","E14001244","Total","Aged 40-44","Value",6714
"2024","Gateshead Central and Whickham","E14001244","Total","Aged 45-49","Value",5768
"2024","Gateshead Central and Whickham","E14001244","Total","Aged 50-54","Value",6273
"2024","Gateshead Central and Whickham","E14001244","Total","Aged 55-59","Value",6630
"2024","Gateshead Central and Whickham","E14001244","Total","Aged 60-64","Value",6273
"2024","Gateshead Central and Whickham","E14001244","Total","Aged 65-69","Value",5242
"2024","Gateshead Central and Whickham","E14001244","Total","Aged 70-74","Value",4429
"2024","Gateshead Central and Whickham","E14001244","Total","Aged 75-79","Value",4152
"2024","Gateshead Central and Whickham","E14001244","Total","Aged 80-84","Value",2516
"2024","Gateshead Central and Whickham","E14001244","Total","Aged 85+","Value",2675
"2024","Hartlepool","E14001272","Total","All Ages","Value",98180
"2024","Hartlepool","E14001272","Total","Age 0 - 4","Value",5143
"2024","Hartlepool","E14001272","Total","Aged 5-9","Value",5827
"2024","Hartlepool","E14001272","Total","Aged 10-14","Value",6308
"2024","Hartlepool","E14001272","Total","Aged 15-19","Value",6058
"2024","Hartlepool","E14001272","Total","Aged 20-24","Value",5326
"2024","Hartlepool","E14001272","Total","Aged 25-29","Value",5996
"2024","Hartlepool","E14001272","Total","Aged 30-34","Value",6397
"2024","Hartlepool","E14001272","Total","Aged 35-39","Value",6451
"2024","Hartlepool","E14001272","Total","Aged 40-44","Value",5814
"2024","Hartlepool","E14001272","Total","Aged 45-49","Value",5199
"2024","Hartlepool","E14001272","Total","Aged 50-54","Value",6142
"2024","Hartlepool","E14001272","Total","Aged 55-59","Value",6956
"2024","Hartlepool","E14001272","Total","Aged 60-64","Value",6915
"2024","Hartlepool","E14001272","Total","Aged 65-69","Value",5812
"2024","Hartlepool","E14001272","Total","Aged 70-74","Value",4810
"2024","Hartlepool","E14001272","Total","Aged 75-79","Value",4210
"2024","Hartlepool","E14001272","Total","Aged 80-84","Value",2357
"2024","Hartlepool","E14001272","Total","Aged 85+","Value",2459
"2024","Hexham","E14001285","Total","All Ages","Value",96315
"2024","Hexham","E14001285","Total","Age 0 - 4","Value",3717
"2024","Hexham","E14001285","Total","Aged 5-9","Value",4718
"2024","Hexham","E14001285","Total","Aged 10-14","Value",5239
"2024","Hexham","E14001285","Total","Aged 15-19","Value",4970
"2024","Hexham","E14001285","Total","Aged 20-24","Value",3676
"2024","Hexham","E14001285","Total","Aged 25-29","Value",4061
"2024","Hexham","E14001285","Total","Aged 30-34","Value",4496
"2024","Hexham","E14001285","Total","Aged 35-39","Value",5150
"2024","Hexham","E14001285","Total","Aged 40-44","Value",5584
"2024","Hexham","E14001285","Total","Aged 45-49","Value",5431
"2024","Hexham","E14001285","Total","Aged 50-54","Value",6491
"2024","Hexham","E14001285","Total","Aged 55-59","Value",7486
"2024","Hexham","E14001285","Total","Aged 60-64","Value",8087
"2024","Hexham","E14001285","Total","Aged 65-69","Value",7240
"2024","Hexham","E14001285","Total","Aged 70-74","Value",6318
"2024","Hexham","E14001285","Total","Aged 75-79","Value",6072
"2024","Hexham","E14001285","Total","Aged 80-84","Value",3821
"2024","Hexham","E14001285","Total","Aged 85+","Value",3758
"2024","Houghton and Sunderland South","E14001295","Total","All Ages","Value",106116
"2024","Houghton and Sunderland South","E14001295","Total","Age 0 - 4","Value",5548
"2024","Houghton and Sunderland South","E14001295","Total","Aged 5-9","Value",6006
"2024","Houghton and Sunderland South","E14001295","Total","Aged 10-14","Value",6170
"2024","Houghton and Sunderland South","E14001295","Total","Aged 15-19","Value",5846
"2024","Houghton and Sunderland South","E14001295","Total","Aged 20-24","Value",4931
"2024","Houghton and Sunderland South","E14001295","Total","Aged 25-29","Value",6397
"2024","Houghton and Sunderland South","E14001295","Total","Aged 30-34","Value",7738
"2024","Houghton and Sunderland South","E14001295","Total","Aged 35-39","Value",7233
"2024","Houghton and Sunderland South","E14001295","Total","Aged 40-44","Value",6497
"2024","Houghton and Sunderland South","E14001295","Total","Aged 45-49","Value",5779
"2024","Houghton and Sunderland South","E14001295","Total","Aged 50-54","Value",6929
"2024","Houghton and Sunderland South","E14001295","Total","Aged 55-59","Value",7577
"2024","Houghton and Sunderland South","E14001295","Total","Aged 60-64","Value",7085
"2024","Houghton and Sunderland South","E14001295","Total","Aged 65-69","Value",6336
"2024","Houghton and Sunderland South","E14001295","Total","Aged 70-74","Value",5261
"2024","Houghton and Sunderland South","E14001295","Total","Aged 75-79","Value",4890
"2024","Houghton and Sunderland South","E14001295","Total","Aged 80-84","Value",2928
"2024","Houghton and Sunderland South","E14001295","Total","Aged 85+","Value",2965
"2024","Jarrow and Gateshead East","E14001307","Total","All Ages","Value",96434
"2024","Jarrow and Gateshead East","E14001307","Total","Age 0 - 4","Value",4933
"2024","Jarrow and Gateshead East","E14001307","Total","Aged 5-9","Value",5648
"2024","Jarrow and Gateshead East","E14001307","Total","Aged 10-14","Value",6015
"2024","Jarrow and Gateshead East","E14001307","Total","Aged 15-19","Value",5414
"2024","Jarrow and Gateshead East","E14001307","Total","Aged 20-24","Value",4827
"2024","Jarrow and Gateshead East","E14001307","Total","Aged 25-29","Value",5840
"2024","Jarrow and Gateshead East","E14001307","Total","Aged 30-34","Value",6496
"2024","Jarrow and Gateshead East","E14001307","Total","Aged 35-39","Value",6925
"2024","Jarrow and Gateshead East","E14001307","Total","Aged 40-44","Value",6278
"2024","Jarrow and Gateshead East","E14001307","Total","Aged 45-49","Value",5259
"2024","Jarrow and Gateshead East","E14001307","Total","Aged 50-54","Value",5926
"2024","Jarrow and Gateshead East","E14001307","Total","Aged 55-59","Value",6768
"2024","Jarrow and Gateshead East","E14001307","Total","Aged 60-64","Value",6615
"2024","Jarrow and Gateshead East","E14001307","Total","Aged 65-69","Value",5866
"2024","Jarrow and Gateshead East","E14001307","Total","Aged 70-74","Value",4859
"2024","Jarrow and Gateshead East","E14001307","Total","Aged 75-79","Value",4055
"2024","Jarrow and Gateshead East","E14001307","Total","Aged 80-84","Value",2364
"2024","Jarrow and Gateshead East","E14001307","Total","Aged 85+","Value",2346
"2024","Middlesbrough and Thornaby East","E14001367","Total","All Ages","Value",121218
"2024","Middlesbrough and Thornaby East","E14001367","Total","Age 0 - 4","Value",7555
"2024","Middlesbrough and Thornaby East","E14001367","Total","Aged 5-9","Value",8165
"2024","Middlesbrough and Thornaby East","E14001367","Total","Aged 10-14","Value",8359
"2024","Middlesbrough and Thornaby East","E14001367","Total","Aged 15-19","Value",7595
"2024","Middlesbrough and Thornaby East","E14001367","Total","Aged 20-24","Value",8801
"2024","Middlesbrough and Thornaby East","E14001367","Total","Aged 25-29","Value",10705
"2024","Middlesbrough and Thornaby East","E14001367","Total","Aged 30-34","Value",10331
"2024","Middlesbrough and Thornaby East","E14001367","Total","Aged 35-39","Value",9521
"2024","Middlesbrough and Thornaby East","E14001367","Total","Aged 40-44","Value",7838
"2024","Middlesbrough and Thornaby East","E14001367","Total","Aged 45-49","Value",6110
"2024","Middlesbrough and Thornaby East","E14001367","Total","Aged 50-54","Value",6011
"2024","Middlesbrough and Thornaby East","E14001367","Total","Aged 55-59","Value",6455
"2024","Middlesbrough and Thornaby East","E14001367","Total","Aged 60-64","Value",6336
"2024","Middlesbrough and Thornaby East","E14001367","Total","Aged 65-69","Value",5568
"2024","Middlesbrough and Thornaby East","E14001367","Total","Aged 70-74","Value",4288
"2024","Middlesbrough and Thornaby East","E14001367","Total","Aged 75-79","Value",3484
"2024","Middlesbrough and Thornaby East","E14001367","Total","Aged 80-84","Value",2105
"2024","Middlesbrough and Thornaby East","E14001367","Total","Aged 85+","Value",1991
"2024","Middlesbrough South and East Cleveland","E14001368","Total","All Ages","Value",96154
"2024","Middlesbrough South and East Cleveland","E14001368","Total","Age 0 - 4","Value",4883
"2024","Middlesbrough South and East Cleveland","E14001368","Total","Aged 5-9","Value",5289
"2024","Middlesbrough South and East Cleveland","E14001368","Total","Aged 10-14","Value",5921
"2024","Middlesbrough South and East Cleveland","E14001368","Total","Aged 15-19","Value",5316
"2024","Middlesbrough South and East Cleveland","E14001368","Total","Aged 20-24","Value",4393
"2024","Middlesbrough South and East Cleveland","E14001368","Total","Aged 25-29","Value",5407
"2024","Middlesbrough South and East Cleveland","E14001368","Total","Aged 30-34","Value",6197
"2024","Middlesbrough South and East Cleveland","E14001368","Total","Aged 35-39","Value",5977
"2024","Middlesbrough South and East Cleveland","E14001368","Total","Aged 40-44","Value",5603
"2024","Middlesbrough South and East Cleveland","E14001368","Total","Aged 45-49","Value",4905
"2024","Middlesbrough South and East Cleveland","E14001368","Total","Aged 50-54","Value",5954
"2024","Middlesbrough South and East Cleveland","E14001368","Total","Aged 55-59","Value",6864
"2024","Middlesbrough South and East Cleveland","E14001368","Total","Aged 60-64","Value",6816
"2024","Middlesbrough South and East Cleveland","E14001368","Total","Aged 65-69","Value",6222
"2024","Middlesbrough South and East Cleveland","E14001368","Total","Aged 70-74","Value",5602
"2024","Middlesbrough South and East Cleveland","E14001368","Total","Aged 75-79","Value",5015
"2024","Middlesbrough South and East Cleveland","E14001368","Total","Aged 80-84","Value",2932
"2024","Middlesbrough South and East Cleveland","E14001368","Total","Aged 85+","Value",2858
"2024","Newcastle upon Tyne Central and West","E14001377","Total","All Ages","Value",140482
"2024","Newcastle upon Tyne Central and West","E14001377","Total","Age 0 - 4","Value",7832
"2024","Newcastle upon Tyne Central and West","E14001377","Total","Aged 5-9","Value",8445
"2024","Newcastle upon Tyne Central and West","E14001377","Total","Aged 10-14","Value",8313
"2024","Newcastle upon Tyne Central and West","E14001377","Total","Aged 15-19","Value",11923
"2024","Newcastle upon Tyne Central and West","E14001377","Total","Aged 20-24","Value",16432
"2024","Newcastle upon Tyne Central and West","E14001377","Total","Aged 25-29","Value",11463
"2024","Newcastle upon Tyne Central and West","E14001377","Total","Aged 30-34","Value",10351
"2024","Newcastle upon Tyne Central and West","E14001377","Total","Aged 35-39","Value",9993
"2024","Newcastle upon Tyne Central and West","E14001377","Total","Aged 40-44","Value",8427
"2024","Newcastle upon Tyne Central and West","E14001377","Total","Aged 45-49","Value",7245
"2024","Newcastle upon Tyne Central and West","E14001377","Total","Aged 50-54","Value",6901
"2024","Newcastle upon Tyne Central and West","E14001377","Total","Aged 55-59","Value",7072
"2024","Newcastle upon Tyne Central and West","E14001377","Total","Aged 60-64","Value",6862
"2024","Newcastle upon Tyne Central and West","E14001377","Total","Aged 65-69","Value",5757
"2024","Newcastle upon Tyne Central and West","E14001377","Total","Aged 70-74","Value",4436
"2024","Newcastle upon Tyne Central and West","E14001377","Total","Aged 75-79","Value",3888
"2024","Newcastle upon Tyne Central and West","E14001377","Total","Aged 80-84","Value",2456
"2024","Newcastle upon Tyne Central and West","E14001377","Total","Aged 85+","Value",2686
"2024","Newcastle upon Tyne East and Wallsend","E14001378","Total","All Ages","Value",120018
"2024","Newcastle upon Tyne East and Wallsend","E14001378","Total","Age 0 - 4","Value",5430
"2024","Newcastle upon Tyne East and Wallsend","E14001378","Total","Aged 5-9","Value",6157
"2024","Newcastle upon Tyne East and Wallsend","E14001378","Total","Aged 10-14","Value",6338
"2024","Newcastle upon Tyne East and Wallsend","E14001378","Total","Aged 15-19","Value",8590
"2024","Newcastle upon Tyne East and Wallsend","E14001378","Total","Aged 20-24","Value",13275
"2024","Newcastle upon Tyne East and Wallsend","E14001378","Total","Aged 25-29","Value",10133
"2024","Newcastle upon Tyne East and Wallsend","E14001378","Total","Aged 30-34","Value",9440
"2024","Newcastle upon Tyne East and Wallsend","E14001378","Total","Aged 35-39","Value",8356
"2024","Newcastle upon Tyne East and Wallsend","E14001378","Total","Aged 40-44","Value",7299
"2024","Newcastle upon Tyne East and Wallsend","E14001378","Total","Aged 45-49","Value",6110
"2024","Newcastle upon Tyne East and Wallsend","E14001378","Total","Aged 50-54","Value",6516
"2024","Newcastle upon Tyne East and Wallsend","E14001378","Total","Aged 55-59","Value",6890
"2024","Newcastle upon Tyne East and Wallsend","E14001378","Total","Aged 60-64","Value",6711
"2024","Newcastle upon Tyne East and Wallsend","E14001378","Total","Aged 65-69","Value",5941
"2024","Newcastle upon Tyne East and Wallsend","E14001378","Total","Aged 70-74","Value",4624
"2024","Newcastle upon Tyne East and Wallsend","E14001378","Total","Aged 75-79","Value",3967
"2024","Newcastle upon Tyne East and Wallsend","E14001378","Total","Aged 80-84","Value",2314
"2024","Newcastle upon Tyne East and Wallsend","E14001378","Total","Aged 85+","Value",1927
"2024","Newcastle upon Tyne North","E14001379","Total","All Ages","Value",112244
"2024","Newcastle upon Tyne North","E14001379","Total","Age 0 - 4","Value",5170
"2024","Newcastle upon Tyne North","E14001379","Total","Aged 5-9","Value",5820
"2024","Newcastle upon Tyne North","E14001379","Total","Aged 10-14","Value",6044
"2024","Newcastle upon Tyne North","E14001379","Total","Aged 15-19","Value",5728
"2024","Newcastle upon Tyne North","E14001379","Total","Aged 20-24","Value",16331
"2024","Newcastle upon Tyne North","E14001379","Total","Aged 25-29","Value",7112
"2024","Newcastle upon Tyne North","E14001379","Total","Aged 30-34","Value",7488
"2024","Newcastle upon Tyne North","E14001379","Total","Aged 35-39","Value",7519
"2024","Newcastle upon Tyne North","E14001379","Total","Aged 40-44","Value",7394
"2024","Newcastle upon Tyne North","E14001379","Total","Aged 45-49","Value",5986
"2024","Newcastle upon Tyne North","E14001379","Total","Aged 50-54","Value",5964
"2024","Newcastle upon Tyne North","E14001379","Total","Aged 55-59","Value",6067
"2024","Newcastle upon Tyne North","E14001379","Total","Aged 60-64","Value",6185
"2024","Newcastle upon Tyne North","E14001379","Total","Aged 65-69","Value",5487
"2024","Newcastle upon Tyne North","E14001379","Total","Aged 70-74","Value",4682
"2024","Newcastle upon Tyne North","E14001379","Total","Aged 75-79","Value",4092
"2024","Newcastle upon Tyne North","E14001379","Total","Aged 80-84","Value",2359
"2024","Newcastle upon Tyne North","E14001379","Total","Aged 85+","Value",2816
"2024","Newton Aycliffe and Spennymoor","E14001382","Total","All Ages","Value",98579
"2024","Newton Aycliffe and Spennymoor","E14001382","Total","Age 0 - 4","Value",5092
"2024","Newton Aycliffe and Spennymoor","E14001382","Total","Aged 5-9","Value",5381
"2024","Newton Aycliffe and Spennymoor","E14001382","Total","Aged 10-14","Value",5877
"2024","Newton Aycliffe and Spennymoor","E14001382","Total","Aged 15-19","Value",5513
"2024","Newton Aycliffe and Spennymoor","E14001382","Total","Aged 20-24","Value",5323
"2024","Newton Aycliffe and Spennymoor","E14001382","Total","Aged 25-29","Value",5716
"2024","Newton Aycliffe and Spennymoor","E14001382","Total","Aged 30-34","Value",6356
"2024","Newton Aycliffe and Spennymoor","E14001382","Total","Aged 35-39","Value",6183
"2024","Newton Aycliffe and Spennymoor","E14001382","Total","Aged 40-44","Value",5801
"2024","Newton Aycliffe and Spennymoor","E14001382","Total","Aged 45-49","Value",5402
"2024","Newton Aycliffe and Spennymoor","E14001382","Total","Aged 50-54","Value",6361
"2024","Newton Aycliffe and Spennymoor","E14001382","Total","Aged 55-59","Value",7490
"2024","Newton Aycliffe and Spennymoor","E14001382","Total","Aged 60-64","Value",6996
"2024","Newton Aycliffe and Spennymoor","E14001382","Total","Aged 65-69","Value",5848
"2024","Newton Aycliffe and Spennymoor","E14001382","Total","Aged 70-74","Value",5344
"2024","Newton Aycliffe and Spennymoor","E14001382","Total","Aged 75-79","Value",4695
"2024","Newton Aycliffe and Spennymoor","E14001382","Total","Aged 80-84","Value",2865
"2024","Newton Aycliffe and Spennymoor","E14001382","Total","Aged 85+","Value",2336
"2024","North Durham","E14001389","Total","All Ages","Value",97555
"2024","North Durham","E14001389","Total","Age 0 - 4","Value",4305
"2024","North Durham","E14001389","Total","Aged 5-9","Value",5241
"2024","North Durham","E14001389","Total","Aged 10-14","Value",5569
"2024","North Durham","E14001389","Total","Aged 15-19","Value",5421
"2024","North Durham","E14001389","Total","Aged 20-24","Value",4967
"2024","North Durham","E14001389","Total","Aged 25-29","Value",5508
"2024","North Durham","E14001389","Total","Aged 30-34","Value",5919
"2024","North Durham","E14001389","Total","Aged 35-39","Value",6029
"2024","North Durham","E14001389","Total","Aged 40-44","Value",5728
"2024","North Durham","E14001389","Total","Aged 45-49","Value",5207
"2024","North Durham","E14001389","Total","Aged 50-54","Value",6723
"2024","North Durham","E14001389","Total","Aged 55-59","Value",7564
"2024","North Durham","E14001389","Total","Aged 60-64","Value",7130
"2024","North Durham","E14001389","Total","Aged 65-69","Value",6183
"2024","North Durham","E14001389","Total","Aged 70-74","Value",5292
"2024","North Durham","E14001389","Total","Aged 75-79","Value",5091
"2024","North Durham","E14001389","Total","Aged 80-84","Value",2934
"2024","North Durham","E14001389","Total","Aged 85+","Value",2744
"2024","North Northumberland","E14001397","Total","All Ages","Value",93814
"2024","North Northumberland","E14001397","Total","Age 0 - 4","Value",3240
"2024","North Northumberland","E14001397","Total","Aged 5-9","Value",4133
"2024","North Northumberland","E14001397","Total","Aged 10-14","Value",4640
"2024","North Northumberland","E14001397","Total","Aged 15-19","Value",4371
"2024","North Northumberland","E14001397","Total","Aged 20-24","Value",3350
"2024","North Northumberland","E14001397","Total","Aged 25-29","Value",3969
"2024","North Northumberland","E14001397","Total","Aged 30-34","Value",4408
"2024","North Northumberland","E14001397","Total","Aged 35-39","Value",4853
"2024","North Northumberland","E14001397","Total","Aged 40-44","Value",4895
"2024","North Northumberland","E14001397","Total","Aged 45-49","Value",4765
"2024","North Northumberland","E14001397","Total","Aged 50-54","Value",6179
"2024","North Northumberland","E14001397","Total","Aged 55-59","Value",7382
"2024","North Northumberland","E14001397","Total","Aged 60-64","Value",8589
"2024","North Northumberland","E14001397","Total","Aged 65-69","Value",8111
"2024","North Northumberland","E14001397","Total","Aged 70-74","Value",7028
"2024","North Northumberland","E14001397","Total","Aged 75-79","Value",6437
"2024","North Northumberland","E14001397","Total","Aged 80-84","Value",3831
"2024","North Northumberland","E14001397","Total","Aged 85+","Value",3633
"2024","Redcar","E14001440","Total","All Ages","Value",95623
"2024","Redcar","E14001440","Total","Age 0 - 4","Value",4571
"2024","Redcar","E14001440","Total","Aged 5-9","Value",5402
"2024","Redcar","E14001440","Total","Aged 10-14","Value",5861
"2024","Redcar","E14001440","Total","Aged 15-19","Value",5388
"2024","Redcar","E14001440","Total","Aged 20-24","Value",4484
"2024","Redcar","E14001440","Total","Aged 25-29","Value",5201
"2024","Redcar","E14001440","Total","Aged 30-34","Value",5721
"2024","Redcar","E14001440","Total","Aged 35-39","Value",5897
"2024","Redcar","E14001440","Total","Aged 40-44","Value",5529
"2024","Redcar","E14001440","Total","Aged 45-49","Value",4876
"2024","Redcar","E14001440","Total","Aged 50-54","Value",6105
"2024","Redcar","E14001440","Total","Aged 55-59","Value",7189
"2024","Redcar","E14001440","Total","Aged 60-64","Value",7156
"2024","Redcar","E14001440","Total","Aged 65-69","Value",6104
"2024","Redcar","E14001440","Total","Aged 70-74","Value",5181
"2024","Redcar","E14001440","Total","Aged 75-79","Value",4962
"2024","Redcar","E14001440","Total","Aged 80-84","Value",3153
"2024","Redcar","E14001440","Total","Aged 85+","Value",2843
"2024","South Shields","E14001492","Total","All Ages","Value",90422
"2024","South Shields","E14001492","Total","Age 0 - 4","Value",4286
"2024","South Shields","E14001492","Total","Aged 5-9","Value",5051
"2024","South Shields","E14001492","Total","Aged 10-14","Value",5170
"2024","South Shields","E14001492","Total","Aged 15-19","Value",4988
"2024","South Shields","E14001492","Total","Aged 20-24","Value",4453
"2024","South Shields","E14001492","Total","Aged 25-29","Value",5076
"2024","South Shields","E14001492","Total","Aged 30-34","Value",5650
"2024","South Shields","E14001492","Total","Aged 35-39","Value",6019
"2024","South Shields","E14001492","Total","Aged 40-44","Value",5531
"2024","South Shields","E14001492","Total","Aged 45-49","Value",4918
"2024","South Shields","E14001492","Total","Aged 50-54","Value",5644
"2024","South Shields","E14001492","Total","Aged 55-59","Value",6445
"2024","South Shields","E14001492","Total","Aged 60-64","Value",6694
"2024","South Shields","E14001492","Total","Aged 65-69","Value",5877
"2024","South Shields","E14001492","Total","Aged 70-74","Value",4887
"2024","South Shields","E14001492","Total","Aged 75-79","Value",4397
"2024","South Shields","E14001492","Total","Aged 80-84","Value",2594
"2024","South Shields","E14001492","Total","Aged 85+","Value",2742
"2024","Stockton North","E14001518","Total","All Ages","Value",104884
"2024","Stockton North","E14001518","Total","Age 0 - 4","Value",5960
"2024","Stockton North","E14001518","Total","Aged 5-9","Value",6456
"2024","Stockton North","E14001518","Total","Aged 10-14","Value",6840
"2024","Stockton North","E14001518","Total","Aged 15-19","Value",6456
"2024","Stockton North","E14001518","Total","Aged 20-24","Value",5014
"2024","Stockton North","E14001518","Total","Aged 25-29","Value",6926
"2024","Stockton North","E14001518","Total","Aged 30-34","Value",7947
"2024","Stockton North","E14001518","Total","Aged 35-39","Value",7953
"2024","Stockton North","E14001518","Total","Aged 40-44","Value",6791
"2024","Stockton North","E14001518","Total","Aged 45-49","Value",5708
"2024","Stockton North","E14001518","Total","Aged 50-54","Value",6197
"2024","Stockton North","E14001518","Total","Aged 55-59","Value",6724
"2024","Stockton North","E14001518","Total","Aged 60-64","Value",6831
"2024","Stockton North","E14001518","Total","Aged 65-69","Value",5837
"2024","Stockton North","E14001518","Total","Aged 70-74","Value",4579
"2024","Stockton North","E14001518","Total","Aged 75-79","Value",3977
"2024","Stockton North","E14001518","Total","Aged 80-84","Value",2405
"2024","Stockton North","E14001518","Total","Aged 85+","Value",2283
"2024","Stockton West","E14001519","Total","All Ages","Value",95532
"2024","Stockton West","E14001519","Total","Age 0 - 4","Value",4248
"2024","Stockton West","E14001519","Total","Aged 5-9","Value",5417
"2024","Stockton West","E14001519","Total","Aged 10-14","Value",6275
"2024","Stockton West","E14001519","Total","Aged 15-19","Value",5743
"2024","Stockton West","E14001519","Total","Aged 20-24","Value",3889
"2024","Stockton West","E14001519","Total","Aged 25-29","Value",4677
"2024","Stockton West","E14001519","Total","Aged 30-34","Value",5598
"2024","Stockton West","E14001519","Total","Aged 35-39","Value",6131
"2024","Stockton West","E14001519","Total","Aged 40-44","Value",6279
"2024","Stockton West","E14001519","Total","Aged 45-49","Value",5840
"2024","Stockton West","E14001519","Total","Aged 50-54","Value",6677
"2024","Stockton West","E14001519","Total","Aged 55-59","Value",6928
"2024","Stockton West","E14001519","Total","Aged 60-64","Value",6567
"2024","Stockton West","E14001519","Total","Aged 65-69","Value",5742
"2024","Stockton West","E14001519","Total","Aged 70-74","Value",5181
"2024","Stockton West","E14001519","Total","Aged 75-79","Value",4817
"2024","Stockton West","E14001519","Total","Aged 80-84","Value",2989
"2024","Stockton West","E14001519","Total","Aged 85+","Value",2534
"2024","Sunderland Central","E14001531","Total","All Ages","Value",104783
"2024","Sunderland Central","E14001531","Total","Age 0 - 4","Value",5005
"2024","Sunderland Central","E14001531","Total","Aged 5-9","Value",5532
"2024","Sunderland Central","E14001531","Total","Aged 10-14","Value",5621
"2024","Sunderland Central","E14001531","Total","Aged 15-19","Value",6141
"2024","Sunderland Central","E14001531","Total","Aged 20-24","Value",6489
"2024","Sunderland Central","E14001531","Total","Aged 25-29","Value",7028
"2024","Sunderland Central","E14001531","Total","Aged 30-34","Value",8010
"2024","Sunderland Central","E14001531","Total","Aged 35-39","Value",7931
"2024","Sunderland Central","E14001531","Total","Aged 40-44","Value",6592
"2024","Sunderland Central","E14001531","Total","Aged 45-49","Value",5699
"2024","Sunderland Central","E14001531","Total","Aged 50-54","Value",6301
"2024","Sunderland Central","E14001531","Total","Aged 55-59","Value",6748
"2024","Sunderland Central","E14001531","Total","Aged 60-64","Value",7138
"2024","Sunderland Central","E14001531","Total","Aged 65-69","Value",6125
"2024","Sunderland Central","E14001531","Total","Aged 70-74","Value",4817
"2024","Sunderland Central","E14001531","Total","Aged 75-79","Value",4195
"2024","Sunderland Central","E14001531","Total","Aged 80-84","Value",2585
"2024","Sunderland Central","E14001531","Total","Aged 85+","Value",2826
"2024","Tynemouth","E14001557","Total","All Ages","Value",97209
"2024","Tynemouth","E14001557","Total","Age 0 - 4","Value",4196
"2024","Tynemouth","E14001557","Total","Aged 5-9","Value",5408
"2024","Tynemouth","E14001557","Total","Aged 10-14","Value",5691
"2024","Tynemouth","E14001557","Total","Aged 15-19","Value",5347
"2024","Tynemouth","E14001557","Total","Aged 20-24","Value",4159
"2024","Tynemouth","E14001557","Total","Aged 25-29","Value",4872
"2024","Tynemouth","E14001557","Total","Aged 30-34","Value",5595
"2024","Tynemouth","E14001557","Total","Aged 35-39","Value",6270
"2024","Tynemouth","E14001557","Total","Aged 40-44","Value",6809
"2024","Tynemouth","E14001557","Total","Aged 45-49","Value",6057
"2024","Tynemouth","E14001557","Total","Aged 50-54","Value",6733
"2024","Tynemouth","E14001557","Total","Aged 55-59","Value",6822
"2024","Tynemouth","E14001557","Total","Aged 60-64","Value",6706
"2024","Tynemouth","E14001557","Total","Aged 65-69","Value",5839
"2024","Tynemouth","E14001557","Total","Aged 70-74","Value",5450
"2024","Tynemouth","E14001557","Total","Aged 75-79","Value",5056
"2024","Tynemouth","E14001557","Total","Aged 80-84","Value",3046
"2024","Tynemouth","E14001557","Total","Aged 85+","Value",3153
"2024","Washington and Gateshead South","E14001567","Total","All Ages","Value",96433
"2024","Washington and Gateshead South","E14001567","Total","Age 0 - 4","Value",4617
"2024","Washington and Gateshead South","E14001567","Total","Aged 5-9","Value",5420
"2024","Washington and Gateshead South","E14001567","Total","Aged 10-14","Value",5820
"2024","Washington and Gateshead South","E14001567","Total","Aged 15-19","Value",5580
"2024","Washington and Gateshead South","E14001567","Total","Aged 20-24","Value",4800
"2024","Washington and Gateshead South","E14001567","Total","Aged 25-29","Value",5526
"2024","Washington and Gateshead South","E14001567","Total","Aged 30-34","Value",6159
"2024","Washington and Gateshead South","E14001567","Total","Aged 35-39","Value",6437
"2024","Washington and Gateshead South","E14001567","Total","Aged 40-44","Value",6179
"2024","Washington and Gateshead South","E14001567","Total","Aged 45-49","Value",5619
"2024","Washington and Gateshead South","E14001567","Total","Aged 50-54","Value",6395
"2024","Washington and Gateshead South","E14001567","Total","Aged 55-59","Value",6472
"2024","Washington and Gateshead South","E14001567","Total","Aged 60-64","Value",6407
"2024","Washington and Gateshead South","E14001567","Total","Aged 65-69","Value",6154
"2024","Washington and Gateshead South","E14001567","Total","Aged 70-74","Value",5520
"2024","Washington and Gateshead South","E14001567","Total","Aged 75-79","Value",4671
"2024","Washington and Gateshead South","E14001567","Total","Aged 80-84","Value",2605
"2024","Washington and Gateshead South","E14001567","Total","Aged 85+","Value",2052
"2024","Altrincham and Sale West","E14001065","Total","All Ages","Value",102116
"2024","Altrincham and Sale West","E14001065","Total","Age 0 - 4","Value",4827
"2024","Altrincham and Sale West","E14001065","Total","Aged 5-9","Value",7103
"2024","Altrincham and Sale West","E14001065","Total","Aged 10-14","Value",8175
"2024","Altrincham and Sale West","E14001065","Total","Aged 15-19","Value",6479
"2024","Altrincham and Sale West","E14001065","Total","Aged 20-24","Value",4084
"2024","Altrincham and Sale West","E14001065","Total","Aged 25-29","Value",4658
"2024","Altrincham and Sale West","E14001065","Total","Aged 30-34","Value",5201
"2024","Altrincham and Sale West","E14001065","Total","Aged 35-39","Value",6489
"2024","Altrincham and Sale West","E14001065","Total","Aged 40-44","Value",7959
"2024","Altrincham and Sale West","E14001065","Total","Aged 45-49","Value",7466
"2024","Altrincham and Sale West","E14001065","Total","Aged 50-54","Value",7231
"2024","Altrincham and Sale West","E14001065","Total","Aged 55-59","Value",6729
"2024","Altrincham and Sale West","E14001065","Total","Aged 60-64","Value",5906
"2024","Altrincham and Sale West","E14001065","Total","Aged 65-69","Value",4965
"2024","Altrincham and Sale West","E14001065","Total","Aged 70-74","Value",4427
"2024","Altrincham and Sale West","E14001065","Total","Aged 75-79","Value",4273
"2024","Altrincham and Sale West","E14001065","Total","Aged 80-84","Value",3048
"2024","Altrincham and Sale West","E14001065","Total","Aged 85+","Value",3096
"2024","Ashton-under-Lyne","E14001070","Total","All Ages","Value",104543
"2024","Ashton-under-Lyne","E14001070","Total","Age 0 - 4","Value",6114
"2024","Ashton-under-Lyne","E14001070","Total","Aged 5-9","Value",6572
"2024","Ashton-under-Lyne","E14001070","Total","Aged 10-14","Value",7271
"2024","Ashton-under-Lyne","E14001070","Total","Aged 15-19","Value",6470
"2024","Ashton-under-Lyne","E14001070","Total","Aged 20-24","Value",5506
"2024","Ashton-under-Lyne","E14001070","Total","Aged 25-29","Value",6994
"2024","Ashton-under-Lyne","E14001070","Total","Aged 30-34","Value",7929
"2024","Ashton-under-Lyne","E14001070","Total","Aged 35-39","Value",7886
"2024","Ashton-under-Lyne","E14001070","Total","Aged 40-44","Value",7062
"2024","Ashton-under-Lyne","E14001070","Total","Aged 45-49","Value",6135
"2024","Ashton-under-Lyne","E14001070","Total","Aged 50-54","Value",6541
"2024","Ashton-under-Lyne","E14001070","Total","Aged 55-59","Value",6869
"2024","Ashton-under-Lyne","E14001070","Total","Aged 60-64","Value",6203
"2024","Ashton-under-Lyne","E14001070","Total","Aged 65-69","Value",5098
"2024","Ashton-under-Lyne","E14001070","Total","Aged 70-74","Value",4171
"2024","Ashton-under-Lyne","E14001070","Total","Aged 75-79","Value",3723
"2024","Ashton-under-Lyne","E14001070","Total","Aged 80-84","Value",2250
"2024","Ashton-under-Lyne","E14001070","Total","Aged 85+","Value",1749
"2024","Barrow and Furness","E14001076","Total","All Ages","Value",98553
"2024","Barrow and Furness","E14001076","Total","Age 0 - 4","Value",4447
"2024","Barrow and Furness","E14001076","Total","Aged 5-9","Value",5252
"2024","Barrow and Furness","E14001076","Total","Aged 10-14","Value",5249
"2024","Barrow and Furness","E14001076","Total","Aged 15-19","Value",5159
"2024","Barrow and Furness","E14001076","Total","Aged 20-24","Value",4703
"2024","Barrow and Furness","E14001076","Total","Aged 25-29","Value",5881
"2024","Barrow and Furness","E14001076","Total","Aged 30-34","Value",6338
"2024","Barrow and Furness","E14001076","Total","Aged 35-39","Value",6160
"2024","Barrow and Furness","E14001076","Total","Aged 40-44","Value",5446
"2024","Barrow and Furness","E14001076","Total","Aged 45-49","Value",5092
"2024","Barrow and Furness","E14001076","Total","Aged 50-54","Value",6583
"2024","Barrow and Furness","E14001076","Total","Aged 55-59","Value",7570
"2024","Barrow and Furness","E14001076","Total","Aged 60-64","Value",7464
"2024","Barrow and Furness","E14001076","Total","Aged 65-69","Value",6132
"2024","Barrow and Furness","E14001076","Total","Aged 70-74","Value",5548
"2024","Barrow and Furness","E14001076","Total","Aged 75-79","Value",5342
"2024","Barrow and Furness","E14001076","Total","Aged 80-84","Value",3321
"2024","Barrow and Furness","E14001076","Total","Aged 85+","Value",2866
"2024","Birkenhead","E14001091","Total","All Ages","Value",109787
"2024","Birkenhead","E14001091","Total","Age 0 - 4","Value",5816
"2024","Birkenhead","E14001091","Total","Aged 5-9","Value",6480
"2024","Birkenhead","E14001091","Total","Aged 10-14","Value",6981
"2024","Birkenhead","E14001091","Total","Aged 15-19","Value",6690
"2024","Birkenhead","E14001091","Total","Aged 20-24","Value",6001
"2024","Birkenhead","E14001091","Total","Aged 25-29","Value",7131
"2024","Birkenhead","E14001091","Total","Aged 30-34","Value",7605
"2024","Birkenhead","E14001091","Total","Aged 35-39","Value",7418
"2024","Birkenhead","E14001091","Total","Aged 40-44","Value",7006
"2024","Birkenhead","E14001091","Total","Aged 45-49","Value",6352
"2024","Birkenhead","E14001091","Total","Aged 50-54","Value",7120
"2024","Birkenhead","E14001091","Total","Aged 55-59","Value",7630
"2024","Birkenhead","E14001091","Total","Aged 60-64","Value",7275
"2024","Birkenhead","E14001091","Total","Aged 65-69","Value",5801
"2024","Birkenhead","E14001091","Total","Aged 70-74","Value",5020
"2024","Birkenhead","E14001091","Total","Aged 75-79","Value",4309
"2024","Birkenhead","E14001091","Total","Aged 80-84","Value",2812
"2024","Birkenhead","E14001091","Total","Aged 85+","Value",2340
"2024","Blackburn","E14001102","Total","All Ages","Value",118957
"2024","Blackburn","E14001102","Total","Age 0 - 4","Value",7976
"2024","Blackburn","E14001102","Total","Aged 5-9","Value",9089
"2024","Blackburn","E14001102","Total","Aged 10-14","Value",9726
"2024","Blackburn","E14001102","Total","Aged 15-19","Value",9374
"2024","Blackburn","E14001102","Total","Aged 20-24","Value",7958
"2024","Blackburn","E14001102","Total","Aged 25-29","Value",8115
"2024","Blackburn","E14001102","Total","Aged 30-34","Value",8188
"2024","Blackburn","E14001102","Total","Aged 35-39","Value",8499
"2024","Blackburn","E14001102","Total","Aged 40-44","Value",8435
"2024","Blackburn","E14001102","Total","Aged 45-49","Value",7248
"2024","Blackburn","E14001102","Total","Aged 50-54","Value",6969
"2024","Blackburn","E14001102","Total","Aged 55-59","Value",6474
"2024","Blackburn","E14001102","Total","Aged 60-64","Value",5611
"2024","Blackburn","E14001102","Total","Aged 65-69","Value",4654
"2024","Blackburn","E14001102","Total","Aged 70-74","Value",3822
"2024","Blackburn","E14001102","Total","Aged 75-79","Value",3114
"2024","Blackburn","E14001102","Total","Aged 80-84","Value",1863
"2024","Blackburn","E14001102","Total","Aged 85+","Value",1842
"2024","Blackley and Middleton South","E14001103","Total","All Ages","Value",115363
"2024","Blackley and Middleton South","E14001103","Total","Age 0 - 4","Value",7731
"2024","Blackley and Middleton South","E14001103","Total","Aged 5-9","Value",9131
"2024","Blackley and Middleton South","E14001103","Total","Aged 10-14","Value",9459
"2024","Blackley and Middleton South","E14001103","Total","Aged 15-19","Value",8167
"2024","Blackley and Middleton South","E14001103","Total","Aged 20-24","Value",6896
"2024","Blackley and Middleton South","E14001103","Total","Aged 25-29","Value",7232
"2024","Blackley and Middleton South","E14001103","Total","Aged 30-34","Value",8279
"2024","Blackley and Middleton South","E14001103","Total","Aged 35-39","Value",8489
"2024","Blackley and Middleton South","E14001103","Total","Aged 40-44","Value",8154
"2024","Blackley and Middleton South","E14001103","Total","Aged 45-49","Value",6990
"2024","Blackley and Middleton South","E14001103","Total","Aged 50-54","Value",6598
"2024","Blackley and Middleton South","E14001103","Total","Aged 55-59","Value",6860
"2024","Blackley and Middleton South","E14001103","Total","Aged 60-64","Value",5941
"2024","Blackley and Middleton South","E14001103","Total","Aged 65-69","Value",4819
"2024","Blackley and Middleton South","E14001103","Total","Aged 70-74","Value",3614
"2024","Blackley and Middleton South","E14001103","Total","Aged 75-79","Value",3204
"2024","Blackley and Middleton South","E14001103","Total","Aged 80-84","Value",1997
"2024","Blackley and Middleton South","E14001103","Total","Aged 85+","Value",1802
"2024","Blackpool North and Fleetwood","E14001104","Total","All Ages","Value",97700
"2024","Blackpool North and Fleetwood","E14001104","Total","Age 0 - 4","Value",3907
"2024","Blackpool North and Fleetwood","E14001104","Total","Aged 5-9","Value",4831
"2024","Blackpool North and Fleetwood","E14001104","Total","Aged 10-14","Value",5245
"2024","Blackpool North and Fleetwood","E14001104","Total","Aged 15-19","Value",5212
"2024","Blackpool North and Fleetwood","E14001104","Total","Aged 20-24","Value",4326
"2024","Blackpool North and Fleetwood","E14001104","Total","Aged 25-29","Value",4798
"2024","Blackpool North and Fleetwood","E14001104","Total","Aged 30-34","Value",5543
"2024","Blackpool North and Fleetwood","E14001104","Total","Aged 35-39","Value",5548
"2024","Blackpool North and Fleetwood","E14001104","Total","Aged 40-44","Value",5192
"2024","Blackpool North and Fleetwood","E14001104","Total","Aged 45-49","Value",4820
"2024","Blackpool North and Fleetwood","E14001104","Total","Aged 50-54","Value",6360
"2024","Blackpool North and Fleetwood","E14001104","Total","Aged 55-59","Value",7743
"2024","Blackpool North and Fleetwood","E14001104","Total","Aged 60-64","Value",7793
"2024","Blackpool North and Fleetwood","E14001104","Total","Aged 65-69","Value",6753
"2024","Blackpool North and Fleetwood","E14001104","Total","Aged 70-74","Value",6144
"2024","Blackpool North and Fleetwood","E14001104","Total","Aged 75-79","Value",6078
"2024","Blackpool North and Fleetwood","E14001104","Total","Aged 80-84","Value",3971
"2024","Blackpool North and Fleetwood","E14001104","Total","Aged 85+","Value",3436
"2024","Blackpool South","E14001105","Total","All Ages","Value",112596
"2024","Blackpool South","E14001105","Total","Age 0 - 4","Value",6041
"2024","Blackpool South","E14001105","Total","Aged 5-9","Value",6716
"2024","Blackpool South","E14001105","Total","Aged 10-14","Value",6716
"2024","Blackpool South","E14001105","Total","Aged 15-19","Value",6562
"2024","Blackpool South","E14001105","Total","Aged 20-24","Value",5904
"2024","Blackpool South","E14001105","Total","Aged 25-29","Value",6941
"2024","Blackpool South","E14001105","Total","Aged 30-34","Value",7922
"2024","Blackpool South","E14001105","Total","Aged 35-39","Value",7959
"2024","Blackpool South","E14001105","Total","Aged 40-44","Value",6928
"2024","Blackpool South","E14001105","Total","Aged 45-49","Value",6060
"2024","Blackpool South","E14001105","Total","Aged 50-54","Value",7325
"2024","Blackpool South","E14001105","Total","Aged 55-59","Value",8347
"2024","Blackpool South","E14001105","Total","Aged 60-64","Value",7906
"2024","Blackpool South","E14001105","Total","Aged 65-69","Value",6360
"2024","Blackpool South","E14001105","Total","Aged 70-74","Value",4803
"2024","Blackpool South","E14001105","Total","Aged 75-79","Value",4641
"2024","Blackpool South","E14001105","Total","Aged 80-84","Value",2804
"2024","Blackpool South","E14001105","Total","Aged 85+","Value",2661
"2024","Bolton North East","E14001110","Total","All Ages","Value",119077
"2024","Bolton North East","E14001110","Total","Age 0 - 4","Value",7239
"2024","Bolton North East","E14001110","Total","Aged 5-9","Value",7850
"2024","Bolton North East","E14001110","Total","Aged 10-14","Value",8365
"2024","Bolton North East","E14001110","Total","Aged 15-19","Value",7722
"2024","Bolton North East","E14001110","Total","Aged 20-24","Value",6696
"2024","Bolton North East","E14001110","Total","Aged 25-29","Value",7380
"2024","Bolton North East","E14001110","Total","Aged 30-34","Value",8023
"2024","Bolton North East","E14001110","Total","Aged 35-39","Value",8442
"2024","Bolton North East","E14001110","Total","Aged 40-44","Value",7775
"2024","Bolton North East","E14001110","Total","Aged 45-49","Value",6892
"2024","Bolton North East","E14001110","Total","Aged 50-54","Value",7469
"2024","Bolton North East","E14001110","Total","Aged 55-59","Value",7349
"2024","Bolton North East","E14001110","Total","Aged 60-64","Value",6736
"2024","Bolton North East","E14001110","Total","Aged 65-69","Value",5437
"2024","Bolton North East","E14001110","Total","Aged 70-74","Value",5121
"2024","Bolton North East","E14001110","Total","Aged 75-79","Value",5046
"2024","Bolton North East","E14001110","Total","Aged 80-84","Value",3034
"2024","Bolton North East","E14001110","Total","Aged 85+","Value",2501
"2024","Bolton South and Walkden","E14001111","Total","All Ages","Value",130467
"2024","Bolton South and Walkden","E14001111","Total","Age 0 - 4","Value",9416
"2024","Bolton South and Walkden","E14001111","Total","Aged 5-9","Value",9982
"2024","Bolton South and Walkden","E14001111","Total","Aged 10-14","Value",10206
"2024","Bolton South and Walkden","E14001111","Total","Aged 15-19","Value",9668
"2024","Bolton South and Walkden","E14001111","Total","Aged 20-24","Value",7909
"2024","Bolton South and Walkden","E14001111","Total","Aged 25-29","Value",9471
"2024","Bolton South and Walkden","E14001111","Total","Aged 30-34","Value",9865
"2024","Bolton South and Walkden","E14001111","Total","Aged 35-39","Value",10044
"2024","Bolton South and Walkden","E14001111","Total","Aged 40-44","Value",8864
"2024","Bolton South and Walkden","E14001111","Total","Aged 45-49","Value",7218
"2024","Bolton South and Walkden","E14001111","Total","Aged 50-54","Value",7455
"2024","Bolton South and Walkden","E14001111","Total","Aged 55-59","Value",7169
"2024","Bolton South and Walkden","E14001111","Total","Aged 60-64","Value",6325
"2024","Bolton South and Walkden","E14001111","Total","Aged 65-69","Value",5064
"2024","Bolton South and Walkden","E14001111","Total","Aged 70-74","Value",4201
"2024","Bolton South and Walkden","E14001111","Total","Aged 75-79","Value",3530
"2024","Bolton South and Walkden","E14001111","Total","Aged 80-84","Value",2077
"2024","Bolton South and Walkden","E14001111","Total","Aged 85+","Value",2003
"2024","Bolton West","E14001112","Total","All Ages","Value",102636
"2024","Bolton West","E14001112","Total","Age 0 - 4","Value",5656
"2024","Bolton West","E14001112","Total","Aged 5-9","Value",6303
"2024","Bolton West","E14001112","Total","Aged 10-14","Value",6898
"2024","Bolton West","E14001112","Total","Aged 15-19","Value",5832
"2024","Bolton West","E14001112","Total","Aged 20-24","Value",4883
"2024","Bolton West","E14001112","Total","Aged 25-29","Value",5786
"2024","Bolton West","E14001112","Total","Aged 30-34","Value",6645
"2024","Bolton West","E14001112","Total","Aged 35-39","Value",6968
"2024","Bolton West","E14001112","Total","Aged 40-44","Value",6877
"2024","Bolton West","E14001112","Total","Aged 45-49","Value",6037
"2024","Bolton West","E14001112","Total","Aged 50-54","Value",6718
"2024","Bolton West","E14001112","Total","Aged 55-59","Value",7247
"2024","Bolton West","E14001112","Total","Aged 60-64","Value",6420
"2024","Bolton West","E14001112","Total","Aged 65-69","Value",5418
"2024","Bolton West","E14001112","Total","Aged 70-74","Value",4781
"2024","Bolton West","E14001112","Total","Aged 75-79","Value",4634
"2024","Bolton West","E14001112","Total","Aged 80-84","Value",3052
"2024","Bolton West","E14001112","Total","Aged 85+","Value",2481
"2024","Bootle","E14001113","Total","All Ages","Value",104269
"2024","Bootle","E14001113","Total","Age 0 - 4","Value",5915
"2024","Bootle","E14001113","Total","Aged 5-9","Value",6394
"2024","Bootle","E14001113","Total","Aged 10-14","Value",6291
"2024","Bootle","E14001113","Total","Aged 15-19","Value",5683
"2024","Bootle","E14001113","Total","Aged 20-24","Value",5365
"2024","Bootle","E14001113","Total","Aged 25-29","Value",6865
"2024","Bootle","E14001113","Total","Aged 30-34","Value",7564
"2024","Bootle","E14001113","Total","Aged 35-39","Value",7776
"2024","Bootle","E14001113","Total","Aged 40-44","Value",6909
"2024","Bootle","E14001113","Total","Aged 45-49","Value",5625
"2024","Bootle","E14001113","Total","Aged 50-54","Value",6657
"2024","Bootle","E14001113","Total","Aged 55-59","Value",7300
"2024","Bootle","E14001113","Total","Aged 60-64","Value",7432
"2024","Bootle","E14001113","Total","Aged 65-69","Value",5972
"2024","Bootle","E14001113","Total","Aged 70-74","Value",4489
"2024","Bootle","E14001113","Total","Aged 75-79","Value",3736
"2024","Bootle","E14001113","Total","Aged 80-84","Value",2306
"2024","Bootle","E14001113","Total","Aged 85+","Value",1990
"2024","Burnley","E14001142","Total","All Ages","Value",114851
"2024","Burnley","E14001142","Total","Age 0 - 4","Value",6833
"2024","Burnley","E14001142","Total","Aged 5-9","Value",7663
"2024","Burnley","E14001142","Total","Aged 10-14","Value",7861
"2024","Burnley","E14001142","Total","Aged 15-19","Value",7551
"2024","Burnley","E14001142","Total","Aged 20-24","Value",6412
"2024","Burnley","E14001142","Total","Aged 25-29","Value",7320
"2024","Burnley","E14001142","Total","Aged 30-34","Value",8082
"2024","Burnley","E14001142","Total","Aged 35-39","Value",8075
"2024","Burnley","E14001142","Total","Aged 40-44","Value",7423
"2024","Burnley","E14001142","Total","Aged 45-49","Value",6505
"2024","Burnley","E14001142","Total","Aged 50-54","Value",6807
"2024","Burnley","E14001142","Total","Aged 55-59","Value",7059
"2024","Burnley","E14001142","Total","Aged 60-64","Value",6769
"2024","Burnley","E14001142","Total","Aged 65-69","Value",5657
"2024","Burnley","E14001142","Total","Aged 70-74","Value",5000
"2024","Burnley","E14001142","Total","Aged 75-79","Value",4684
"2024","Burnley","E14001142","Total","Aged 80-84","Value",2795
"2024","Burnley","E14001142","Total","Aged 85+","Value",2355
"2024","Bury North","E14001144","Total","All Ages","Value",105497
"2024","Bury North","E14001144","Total","Age 0 - 4","Value",5513
"2024","Bury North","E14001144","Total","Aged 5-9","Value",6390
"2024","Bury North","E14001144","Total","Aged 10-14","Value",6933
"2024","Bury North","E14001144","Total","Aged 15-19","Value",6552
"2024","Bury North","E14001144","Total","Aged 20-24","Value",5396
"2024","Bury North","E14001144","Total","Aged 25-29","Value",6141
"2024","Bury North","E14001144","Total","Aged 30-34","Value",6770
"2024","Bury North","E14001144","Total","Aged 35-39","Value",7064
"2024","Bury North","E14001144","Total","Aged 40-44","Value",6936
"2024","Bury North","E14001144","Total","Aged 45-49","Value",6236
"2024","Bury North","E14001144","Total","Aged 50-54","Value",7005
"2024","Bury North","E14001144","Total","Aged 55-59","Value",7287
"2024","Bury North","E14001144","Total","Aged 60-64","Value",6716
"2024","Bury North","E14001144","Total","Aged 65-69","Value",5385
"2024","Bury North","E14001144","Total","Aged 70-74","Value",4873
"2024","Bury North","E14001144","Total","Aged 75-79","Value",4873
"2024","Bury North","E14001144","Total","Aged 80-84","Value",2958
"2024","Bury North","E14001144","Total","Aged 85+","Value",2469
"2024","Bury South","E14001145","Total","All Ages","Value",110558
"2024","Bury South","E14001145","Total","Age 0 - 4","Value",7222
"2024","Bury South","E14001145","Total","Aged 5-9","Value",7570
"2024","Bury South","E14001145","Total","Aged 10-14","Value",8147
"2024","Bury South","E14001145","Total","Aged 15-19","Value",7141
"2024","Bury South","E14001145","Total","Aged 20-24","Value",5966
"2024","Bury South","E14001145","Total","Aged 25-29","Value",7091
"2024","Bury South","E14001145","Total","Aged 30-34","Value",8148
"2024","Bury South","E14001145","Total","Aged 35-39","Value",8201
"2024","Bury South","E14001145","Total","Aged 40-44","Value",7552
"2024","Bury South","E14001145","Total","Aged 45-49","Value",6405
"2024","Bury South","E14001145","Total","Aged 50-54","Value",6469
"2024","Bury South","E14001145","Total","Aged 55-59","Value",6516
"2024","Bury South","E14001145","Total","Aged 60-64","Value",6188
"2024","Bury South","E14001145","Total","Aged 65-69","Value",4915
"2024","Bury South","E14001145","Total","Aged 70-74","Value",4247
"2024","Bury South","E14001145","Total","Aged 75-79","Value",3974
"2024","Bury South","E14001145","Total","Aged 80-84","Value",2437
"2024","Bury South","E14001145","Total","Aged 85+","Value",2369
"2024","Carlisle","E14001152","Total","All Ages","Value",107219
"2024","Carlisle","E14001152","Total","Age 0 - 4","Value",5192
"2024","Carlisle","E14001152","Total","Aged 5-9","Value",5722
"2024","Carlisle","E14001152","Total","Aged 10-14","Value",6159
"2024","Carlisle","E14001152","Total","Aged 15-19","Value",5810
"2024","Carlisle","E14001152","Total","Aged 20-24","Value",5213
"2024","Carlisle","E14001152","Total","Aged 25-29","Value",6466
"2024","Carlisle","E14001152","Total","Aged 30-34","Value",7298
"2024","Carlisle","E14001152","Total","Aged 35-39","Value",6906
"2024","Carlisle","E14001152","Total","Aged 40-44","Value",6717
"2024","Carlisle","E14001152","Total","Aged 45-49","Value",5734
"2024","Carlisle","E14001152","Total","Aged 50-54","Value",7055
"2024","Carlisle","E14001152","Total","Aged 55-59","Value",7676
"2024","Carlisle","E14001152","Total","Aged 60-64","Value",7738
"2024","Carlisle","E14001152","Total","Aged 65-69","Value",6529
"2024","Carlisle","E14001152","Total","Aged 70-74","Value",5677
"2024","Carlisle","E14001152","Total","Aged 75-79","Value",5020
"2024","Carlisle","E14001152","Total","Aged 80-84","Value",3196
"2024","Carlisle","E14001152","Total","Aged 85+","Value",3111
"2024","Cheadle","E14001158","Total","All Ages","Value",98780
"2024","Cheadle","E14001158","Total","Age 0 - 4","Value",4853
"2024","Cheadle","E14001158","Total","Aged 5-9","Value",6206
"2024","Cheadle","E14001158","Total","Aged 10-14","Value",6627
"2024","Cheadle","E14001158","Total","Aged 15-19","Value",5647
"2024","Cheadle","E14001158","Total","Aged 20-24","Value",3743
"2024","Cheadle","E14001158","Total","Aged 25-29","Value",4462
"2024","Cheadle","E14001158","Total","Aged 30-34","Value",5489
"2024","Cheadle","E14001158","Total","Aged 35-39","Value",6500
"2024","Cheadle","E14001158","Total","Aged 40-44","Value",7055
"2024","Cheadle","E14001158","Total","Aged 45-49","Value",6676
"2024","Cheadle","E14001158","Total","Aged 50-54","Value",6655
"2024","Cheadle","E14001158","Total","Aged 55-59","Value",6527
"2024","Cheadle","E14001158","Total","Aged 60-64","Value",6164
"2024","Cheadle","E14001158","Total","Aged 65-69","Value",5326
"2024","Cheadle","E14001158","Total","Aged 70-74","Value",4953
"2024","Cheadle","E14001158","Total","Aged 75-79","Value",4904
"2024","Cheadle","E14001158","Total","Aged 80-84","Value",3379
"2024","Cheadle","E14001158","Total","Aged 85+","Value",3614
"2024","Chester North and Neston","E14001163","Total","All Ages","Value",98180
"2024","Chester North and Neston","E14001163","Total","Age 0 - 4","Value",3974
"2024","Chester North and Neston","E14001163","Total","Aged 5-9","Value",4480
"2024","Chester North and Neston","E14001163","Total","Aged 10-14","Value",4874
"2024","Chester North and Neston","E14001163","Total","Aged 15-19","Value",5811
"2024","Chester North and Neston","E14001163","Total","Aged 20-24","Value",7327
"2024","Chester North and Neston","E14001163","Total","Aged 25-29","Value",7278
"2024","Chester North and Neston","E14001163","Total","Aged 30-34","Value",6944
"2024","Chester North and Neston","E14001163","Total","Aged 35-39","Value",6409
"2024","Chester North and Neston","E14001163","Total","Aged 40-44","Value",5963
"2024","Chester North and Neston","E14001163","Total","Aged 45-49","Value",5393
"2024","Chester North and Neston","E14001163","Total","Aged 50-54","Value",5998
"2024","Chester North and Neston","E14001163","Total","Aged 55-59","Value",6248
"2024","Chester North and Neston","E14001163","Total","Aged 60-64","Value",6259
"2024","Chester North and Neston","E14001163","Total","Aged 65-69","Value",5392
"2024","Chester North and Neston","E14001163","Total","Aged 70-74","Value",4778
"2024","Chester North and Neston","E14001163","Total","Aged 75-79","Value",4613
"2024","Chester North and Neston","E14001163","Total","Aged 80-84","Value",3216
"2024","Chester North and Neston","E14001163","Total","Aged 85+","Value",3223
"2024","Chester South and Eddisbury","E14001164","Total","All Ages","Value",98252
"2024","Chester South and Eddisbury","E14001164","Total","Age 0 - 4","Value",4241
"2024","Chester South and Eddisbury","E14001164","Total","Aged 5-9","Value",5219
"2024","Chester South and Eddisbury","E14001164","Total","Aged 10-14","Value",5855
"2024","Chester South and Eddisbury","E14001164","Total","Aged 15-19","Value",5592
"2024","Chester South and Eddisbury","E14001164","Total","Aged 20-24","Value",3964
"2024","Chester South and Eddisbury","E14001164","Total","Aged 25-29","Value",4062
"2024","Chester South and Eddisbury","E14001164","Total","Aged 30-34","Value",5086
"2024","Chester South and Eddisbury","E14001164","Total","Aged 35-39","Value",5576
"2024","Chester South and Eddisbury","E14001164","Total","Aged 40-44","Value",5849
"2024","Chester South and Eddisbury","E14001164","Total","Aged 45-49","Value",5868
"2024","Chester South and Eddisbury","E14001164","Total","Aged 50-54","Value",7218
"2024","Chester South and Eddisbury","E14001164","Total","Aged 55-59","Value",7715
"2024","Chester South and Eddisbury","E14001164","Total","Aged 60-64","Value",7468
"2024","Chester South and Eddisbury","E14001164","Total","Aged 65-69","Value",6150
"2024","Chester South and Eddisbury","E14001164","Total","Aged 70-74","Value",5756
"2024","Chester South and Eddisbury","E14001164","Total","Aged 75-79","Value",5593
"2024","Chester South and Eddisbury","E14001164","Total","Aged 80-84","Value",3797
"2024","Chester South and Eddisbury","E14001164","Total","Aged 85+","Value",3243
"2024","Chorley","E14001170","Total","All Ages","Value",104093
"2024","Chorley","E14001170","Total","Age 0 - 4","Value",5044
"2024","Chorley","E14001170","Total","Aged 5-9","Value",6055
"2024","Chorley","E14001170","Total","Aged 10-14","Value",6477
"2024","Chorley","E14001170","Total","Aged 15-19","Value",5700
"2024","Chorley","E14001170","Total","Aged 20-24","Value",4630
"2024","Chorley","E14001170","Total","Aged 25-29","Value",5878
"2024","Chorley","E14001170","Total","Aged 30-34","Value",6729
"2024","Chorley","E14001170","Total","Aged 35-39","Value",7296
"2024","Chorley","E14001170","Total","Aged 40-44","Value",6978
"2024","Chorley","E14001170","Total","Aged 45-49","Value",6398
"2024","Chorley","E14001170","Total","Aged 50-54","Value",7376
"2024","Chorley","E14001170","Total","Aged 55-59","Value",7558
"2024","Chorley","E14001170","Total","Aged 60-64","Value",6833
"2024","Chorley","E14001170","Total","Aged 65-69","Value",5626
"2024","Chorley","E14001170","Total","Aged 70-74","Value",5107
"2024","Chorley","E14001170","Total","Aged 75-79","Value",4984
"2024","Chorley","E14001170","Total","Aged 80-84","Value",2992
"2024","Chorley","E14001170","Total","Aged 85+","Value",2432
"2024","Congleton","E14001178","Total","All Ages","Value",96644
"2024","Congleton","E14001178","Total","Age 0 - 4","Value",4969
"2024","Congleton","E14001178","Total","Aged 5-9","Value",5323
"2024","Congleton","E14001178","Total","Aged 10-14","Value",5447
"2024","Congleton","E14001178","Total","Aged 15-19","Value",4848
"2024","Congleton","E14001178","Total","Aged 20-24","Value",3616
"2024","Congleton","E14001178","Total","Aged 25-29","Value",4935
"2024","Congleton","E14001178","Total","Aged 30-34","Value",6138
"2024","Congleton","E14001178","Total","Aged 35-39","Value",6155
"2024","Congleton","E14001178","Total","Aged 40-44","Value",5742
"2024","Congleton","E14001178","Total","Aged 45-49","Value",5551
"2024","Congleton","E14001178","Total","Aged 50-54","Value",6506
"2024","Congleton","E14001178","Total","Aged 55-59","Value",7159
"2024","Congleton","E14001178","Total","Aged 60-64","Value",6816
"2024","Congleton","E14001178","Total","Aged 65-69","Value",5614
"2024","Congleton","E14001178","Total","Aged 70-74","Value",5295
"2024","Congleton","E14001178","Total","Aged 75-79","Value",5545
"2024","Congleton","E14001178","Total","Aged 80-84","Value",3725
"2024","Congleton","E14001178","Total","Aged 85+","Value",3260
"2024","Crewe and Nantwich","E14001185","Total","All Ages","Value",117420
"2024","Crewe and Nantwich","E14001185","Total","Age 0 - 4","Value",6203
"2024","Crewe and Nantwich","E14001185","Total","Aged 5-9","Value",6983
"2024","Crewe and Nantwich","E14001185","Total","Aged 10-14","Value",6999
"2024","Crewe and Nantwich","E14001185","Total","Aged 15-19","Value",6335
"2024","Crewe and Nantwich","E14001185","Total","Aged 20-24","Value",5345
"2024","Crewe and Nantwich","E14001185","Total","Aged 25-29","Value",7985
"2024","Crewe and Nantwich","E14001185","Total","Aged 30-34","Value",8908
"2024","Crewe and Nantwich","E14001185","Total","Aged 35-39","Value",8979
"2024","Crewe and Nantwich","E14001185","Total","Aged 40-44","Value",8001
"2024","Crewe and Nantwich","E14001185","Total","Aged 45-49","Value",6815
"2024","Crewe and Nantwich","E14001185","Total","Aged 50-54","Value",7796
"2024","Crewe and Nantwich","E14001185","Total","Aged 55-59","Value",8069
"2024","Crewe and Nantwich","E14001185","Total","Aged 60-64","Value",7216
"2024","Crewe and Nantwich","E14001185","Total","Aged 65-69","Value",5748
"2024","Crewe and Nantwich","E14001185","Total","Aged 70-74","Value",4976
"2024","Crewe and Nantwich","E14001185","Total","Aged 75-79","Value",4982
"2024","Crewe and Nantwich","E14001185","Total","Aged 80-84","Value",3045
"2024","Crewe and Nantwich","E14001185","Total","Aged 85+","Value",3035
"2024","Ellesmere Port and Bromborough","E14001222","Total","All Ages","Value",99518
"2024","Ellesmere Port and Bromborough","E14001222","Total","Age 0 - 4","Value",5515
"2024","Ellesmere Port and Bromborough","E14001222","Total","Aged 5-9","Value",5921
"2024","Ellesmere Port and Bromborough","E14001222","Total","Aged 10-14","Value",5967
"2024","Ellesmere Port and Bromborough","E14001222","Total","Aged 15-19","Value",5194
"2024","Ellesmere Port and Bromborough","E14001222","Total","Aged 20-24","Value",4875
"2024","Ellesmere Port and Bromborough","E14001222","Total","Aged 25-29","Value",6488
"2024","Ellesmere Port and Bromborough","E14001222","Total","Aged 30-34","Value",7579
"2024","Ellesmere Port and Bromborough","E14001222","Total","Aged 35-39","Value",7300
"2024","Ellesmere Port and Bromborough","E14001222","Total","Aged 40-44","Value",6420
"2024","Ellesmere Port and Bromborough","E14001222","Total","Aged 45-49","Value",5460
"2024","Ellesmere Port and Bromborough","E14001222","Total","Aged 50-54","Value",6203
"2024","Ellesmere Port and Bromborough","E14001222","Total","Aged 55-59","Value",6878
"2024","Ellesmere Port and Bromborough","E14001222","Total","Aged 60-64","Value",6718
"2024","Ellesmere Port and Bromborough","E14001222","Total","Aged 65-69","Value",5388
"2024","Ellesmere Port and Bromborough","E14001222","Total","Aged 70-74","Value",4557
"2024","Ellesmere Port and Bromborough","E14001222","Total","Aged 75-79","Value",3990
"2024","Ellesmere Port and Bromborough","E14001222","Total","Aged 80-84","Value",2656
"2024","Ellesmere Port and Bromborough","E14001222","Total","Aged 85+","Value",2409
"2024","Fylde","E14001242","Total","All Ages","Value",101421
"2024","Fylde","E14001242","Total","Age 0 - 4","Value",3954
"2024","Fylde","E14001242","Total","Aged 5-9","Value",4605
"2024","Fylde","E14001242","Total","Aged 10-14","Value",5252
"2024","Fylde","E14001242","Total","Aged 15-19","Value",4735
"2024","Fylde","E14001242","Total","Aged 20-24","Value",3740
"2024","Fylde","E14001242","Total","Aged 25-29","Value",4579
"2024","Fylde","E14001242","Total","Aged 30-34","Value",5206
"2024","Fylde","E14001242","Total","Aged 35-39","Value",5489
"2024","Fylde","E14001242","Total","Aged 40-44","Value",5764
"2024","Fylde","E14001242","Total","Aged 45-49","Value",5271
"2024","Fylde","E14001242","Total","Aged 50-54","Value",6702
"2024","Fylde","E14001242","Total","Aged 55-59","Value",8033
"2024","Fylde","E14001242","Total","Aged 60-64","Value",8583
"2024","Fylde","E14001242","Total","Aged 65-69","Value",7562
"2024","Fylde","E14001242","Total","Aged 70-74","Value",6780
"2024","Fylde","E14001242","Total","Aged 75-79","Value",6630
"2024","Fylde","E14001242","Total","Aged 80-84","Value",4268
"2024","Fylde","E14001242","Total","Aged 85+","Value",4268
"2024","Gorton and Denton","E14001251","Total","All Ages","Value",119094
"2024","Gorton and Denton","E14001251","Total","Age 0 - 4","Value",8393
"2024","Gorton and Denton","E14001251","Total","Aged 5-9","Value",8479
"2024","Gorton and Denton","E14001251","Total","Aged 10-14","Value",8997
"2024","Gorton and Denton","E14001251","Total","Aged 15-19","Value",8229
"2024","Gorton and Denton","E14001251","Total","Aged 20-24","Value",7763
"2024","Gorton and Denton","E14001251","Total","Aged 25-29","Value",8382
"2024","Gorton and Denton","E14001251","Total","Aged 30-34","Value",8886
"2024","Gorton and Denton","E14001251","Total","Aged 35-39","Value",9234
"2024","Gorton and Denton","E14001251","Total","Aged 40-44","Value",8378
"2024","Gorton and Denton","E14001251","Total","Aged 45-49","Value",7358
"2024","Gorton and Denton","E14001251","Total","Aged 50-54","Value",6878
"2024","Gorton and Denton","E14001251","Total","Aged 55-59","Value",6931
"2024","Gorton and Denton","E14001251","Total","Aged 60-64","Value",5883
"2024","Gorton and Denton","E14001251","Total","Aged 65-69","Value",4452
"2024","Gorton and Denton","E14001251","Total","Aged 70-74","Value",3718
"2024","Gorton and Denton","E14001251","Total","Aged 75-79","Value",3021
"2024","Gorton and Denton","E14001251","Total","Aged 80-84","Value",2118
"2024","Gorton and Denton","E14001251","Total","Aged 85+","Value",1994
"2024","Hazel Grove","E14001277","Total","All Ages","Value",96717
"2024","Hazel Grove","E14001277","Total","Age 0 - 4","Value",4958
"2024","Hazel Grove","E14001277","Total","Aged 5-9","Value",5552
"2024","Hazel Grove","E14001277","Total","Aged 10-14","Value",5635
"2024","Hazel Grove","E14001277","Total","Aged 15-19","Value",5278
"2024","Hazel Grove","E14001277","Total","Aged 20-24","Value",3828
"2024","Hazel Grove","E14001277","Total","Aged 25-29","Value",5091
"2024","Hazel Grove","E14001277","Total","Aged 30-34","Value",6218
"2024","Hazel Grove","E14001277","Total","Aged 35-39","Value",6482
"2024","Hazel Grove","E14001277","Total","Aged 40-44","Value",6195
"2024","Hazel Grove","E14001277","Total","Aged 45-49","Value",5512
"2024","Hazel Grove","E14001277","Total","Aged 50-54","Value",6080
"2024","Hazel Grove","E14001277","Total","Aged 55-59","Value",6754
"2024","Hazel Grove","E14001277","Total","Aged 60-64","Value",6319
"2024","Hazel Grove","E14001277","Total","Aged 65-69","Value",5606
"2024","Hazel Grove","E14001277","Total","Aged 70-74","Value",5038
"2024","Hazel Grove","E14001277","Total","Aged 75-79","Value",5230
"2024","Hazel Grove","E14001277","Total","Aged 80-84","Value",3555
"2024","Hazel Grove","E14001277","Total","Aged 85+","Value",3386
"2024","Heywood and Middleton North","E14001286","Total","All Ages","Value",106043
"2024","Heywood and Middleton North","E14001286","Total","Age 0 - 4","Value",6849
"2024","Heywood and Middleton North","E14001286","Total","Aged 5-9","Value",7339
"2024","Heywood and Middleton North","E14001286","Total","Aged 10-14","Value",7401
"2024","Heywood and Middleton North","E14001286","Total","Aged 15-19","Value",6654
"2024","Heywood and Middleton North","E14001286","Total","Aged 20-24","Value",5245
"2024","Heywood and Middleton North","E14001286","Total","Aged 25-29","Value",6455
"2024","Heywood and Middleton North","E14001286","Total","Aged 30-34","Value",7612
"2024","Heywood and Middleton North","E14001286","Total","Aged 35-39","Value",7648
"2024","Heywood and Middleton North","E14001286","Total","Aged 40-44","Value",7005
"2024","Heywood and Middleton North","E14001286","Total","Aged 45-49","Value",6047
"2024","Heywood and Middleton North","E14001286","Total","Aged 50-54","Value",6367
"2024","Heywood and Middleton North","E14001286","Total","Aged 55-59","Value",6712
"2024","Heywood and Middleton North","E14001286","Total","Aged 60-64","Value",6164
"2024","Heywood and Middleton North","E14001286","Total","Aged 65-69","Value",5284
"2024","Heywood and Middleton North","E14001286","Total","Aged 70-74","Value",4661
"2024","Heywood and Middleton North","E14001286","Total","Aged 75-79","Value",4068
"2024","Heywood and Middleton North","E14001286","Total","Aged 80-84","Value",2335
"2024","Heywood and Middleton North","E14001286","Total","Aged 85+","Value",2197
"2024","Hyndburn","E14001299","Total","All Ages","Value",98266
"2024","Hyndburn","E14001299","Total","Age 0 - 4","Value",5690
"2024","Hyndburn","E14001299","Total","Aged 5-9","Value",6143
"2024","Hyndburn","E14001299","Total","Aged 10-14","Value",6488
"2024","Hyndburn","E14001299","Total","Aged 15-19","Value",6145
"2024","Hyndburn","E14001299","Total","Aged 20-24","Value",5535
"2024","Hyndburn","E14001299","Total","Aged 25-29","Value",6496
"2024","Hyndburn","E14001299","Total","Aged 30-34","Value",6909
"2024","Hyndburn","E14001299","Total","Aged 35-39","Value",6854
"2024","Hyndburn","E14001299","Total","Aged 40-44","Value",6136
"2024","Hyndburn","E14001299","Total","Aged 45-49","Value",5385
"2024","Hyndburn","E14001299","Total","Aged 50-54","Value",6338
"2024","Hyndburn","E14001299","Total","Aged 55-59","Value",6608
"2024","Hyndburn","E14001299","Total","Aged 60-64","Value",5867
"2024","Hyndburn","E14001299","Total","Aged 65-69","Value",4826
"2024","Hyndburn","E14001299","Total","Aged 70-74","Value",4151
"2024","Hyndburn","E14001299","Total","Aged 75-79","Value",4100
"2024","Hyndburn","E14001299","Total","Aged 80-84","Value",2475
"2024","Hyndburn","E14001299","Total","Aged 85+","Value",2120
"2024","Knowsley","E14001317","Total","All Ages","Value",99058
"2024","Knowsley","E14001317","Total","Age 0 - 4","Value",6313
"2024","Knowsley","E14001317","Total","Aged 5-9","Value",6422
"2024","Knowsley","E14001317","Total","Aged 10-14","Value",6037
"2024","Knowsley","E14001317","Total","Aged 15-19","Value",5670
"2024","Knowsley","E14001317","Total","Aged 20-24","Value",5128
"2024","Knowsley","E14001317","Total","Aged 25-29","Value",6794
"2024","Knowsley","E14001317","Total","Aged 30-34","Value",7785
"2024","Knowsley","E14001317","Total","Aged 35-39","Value",7488
"2024","Knowsley","E14001317","Total","Aged 40-44","Value",6303
"2024","Knowsley","E14001317","Total","Aged 45-49","Value",5148
"2024","Knowsley","E14001317","Total","Aged 50-54","Value",5902
"2024","Knowsley","E14001317","Total","Aged 55-59","Value",6569
"2024","Knowsley","E14001317","Total","Aged 60-64","Value",6612
"2024","Knowsley","E14001317","Total","Aged 65-69","Value",5649
"2024","Knowsley","E14001317","Total","Aged 70-74","Value",4272
"2024","Knowsley","E14001317","Total","Aged 75-79","Value",3208
"2024","Knowsley","E14001317","Total","Aged 80-84","Value",1838
"2024","Knowsley","E14001317","Total","Aged 85+","Value",1920
"2024","Lancaster and Wyre","E14001318","Total","All Ages","Value",100770
"2024","Lancaster and Wyre","E14001318","Total","Age 0 - 4","Value",4242
"2024","Lancaster and Wyre","E14001318","Total","Aged 5-9","Value",4664
"2024","Lancaster and Wyre","E14001318","Total","Aged 10-14","Value",5168
"2024","Lancaster and Wyre","E14001318","Total","Aged 15-19","Value",8154
"2024","Lancaster and Wyre","E14001318","Total","Aged 20-24","Value",11484
"2024","Lancaster and Wyre","E14001318","Total","Aged 25-29","Value",5158
"2024","Lancaster and Wyre","E14001318","Total","Aged 30-34","Value",5692
"2024","Lancaster and Wyre","E14001318","Total","Aged 35-39","Value",5948
"2024","Lancaster and Wyre","E14001318","Total","Aged 40-44","Value",5773
"2024","Lancaster and Wyre","E14001318","Total","Aged 45-49","Value",4858
"2024","Lancaster and Wyre","E14001318","Total","Aged 50-54","Value",5866
"2024","Lancaster and Wyre","E14001318","Total","Aged 55-59","Value",6599
"2024","Lancaster and Wyre","E14001318","Total","Aged 60-64","Value",6505
"2024","Lancaster and Wyre","E14001318","Total","Aged 65-69","Value",5737
"2024","Lancaster and Wyre","E14001318","Total","Aged 70-74","Value",4920
"2024","Lancaster and Wyre","E14001318","Total","Aged 75-79","Value",4683
"2024","Lancaster and Wyre","E14001318","Total","Aged 80-84","Value",2747
"2024","Lancaster and Wyre","E14001318","Total","Aged 85+","Value",2572
"2024","Leigh and Atherton","E14001329","Total","All Ages","Value",115520
"2024","Leigh and Atherton","E14001329","Total","Age 0 - 4","Value",6456
"2024","Leigh and Atherton","E14001329","Total","Aged 5-9","Value",6918
"2024","Leigh and Atherton","E14001329","Total","Aged 10-14","Value",7174
"2024","Leigh and Atherton","E14001329","Total","Aged 15-19","Value",6340
"2024","Leigh and Atherton","E14001329","Total","Aged 20-24","Value",5514
"2024","Leigh and Atherton","E14001329","Total","Aged 25-29","Value",7661
"2024","Leigh and Atherton","E14001329","Total","Aged 30-34","Value",8835
"2024","Leigh and Atherton","E14001329","Total","Aged 35-39","Value",8543
"2024","Leigh and Atherton","E14001329","Total","Aged 40-44","Value",7802
"2024","Leigh and Atherton","E14001329","Total","Aged 45-49","Value",6567
"2024","Leigh and Atherton","E14001329","Total","Aged 50-54","Value",7583
"2024","Leigh and Atherton","E14001329","Total","Aged 55-59","Value",7966
"2024","Leigh and Atherton","E14001329","Total","Aged 60-64","Value",7103
"2024","Leigh and Atherton","E14001329","Total","Aged 65-69","Value",5716
"2024","Leigh and Atherton","E14001329","Total","Aged 70-74","Value",5114
"2024","Leigh and Atherton","E14001329","Total","Aged 75-79","Value",4964
"2024","Leigh and Atherton","E14001329","Total","Aged 80-84","Value",3158
"2024","Leigh and Atherton","E14001329","Total","Aged 85+","Value",2106
"2024","Liverpool Garston","E14001337","Total","All Ages","Value",94876
"2024","Liverpool Garston","E14001337","Total","Age 0 - 4","Value",5246
"2024","Liverpool Garston","E14001337","Total","Aged 5-9","Value",6204
"2024","Liverpool Garston","E14001337","Total","Aged 10-14","Value",5640
"2024","Liverpool Garston","E14001337","Total","Aged 15-19","Value",5189
"2024","Liverpool Garston","E14001337","Total","Aged 20-24","Value",5037
"2024","Liverpool Garston","E14001337","Total","Aged 25-29","Value",4833
"2024","Liverpool Garston","E14001337","Total","Aged 30-34","Value",6206
"2024","Liverpool Garston","E14001337","Total","Aged 35-39","Value",6823
"2024","Liverpool Garston","E14001337","Total","Aged 40-44","Value",6267
"2024","Liverpool Garston","E14001337","Total","Aged 45-49","Value",5132
"2024","Liverpool Garston","E14001337","Total","Aged 50-54","Value",5581
"2024","Liverpool Garston","E14001337","Total","Aged 55-59","Value",6114
"2024","Liverpool Garston","E14001337","Total","Aged 60-64","Value",6597
"2024","Liverpool Garston","E14001337","Total","Aged 65-69","Value",5752
"2024","Liverpool Garston","E14001337","Total","Aged 70-74","Value",4762
"2024","Liverpool Garston","E14001337","Total","Aged 75-79","Value",4125
"2024","Liverpool Garston","E14001337","Total","Aged 80-84","Value",2809
"2024","Liverpool Garston","E14001337","Total","Aged 85+","Value",2559
"2024","Liverpool Riverside","E14001338","Total","All Ages","Value",131612
"2024","Liverpool Riverside","E14001338","Total","Age 0 - 4","Value",5742
"2024","Liverpool Riverside","E14001338","Total","Aged 5-9","Value",5614
"2024","Liverpool Riverside","E14001338","Total","Aged 10-14","Value",5397
"2024","Liverpool Riverside","E14001338","Total","Aged 15-19","Value",12389
"2024","Liverpool Riverside","E14001338","Total","Aged 20-24","Value",25092
"2024","Liverpool Riverside","E14001338","Total","Aged 25-29","Value",15750
"2024","Liverpool Riverside","E14001338","Total","Aged 30-34","Value",11698
"2024","Liverpool Riverside","E14001338","Total","Aged 35-39","Value",9019
"2024","Liverpool Riverside","E14001338","Total","Aged 40-44","Value",6679
"2024","Liverpool Riverside","E14001338","Total","Aged 45-49","Value",5480
"2024","Liverpool Riverside","E14001338","Total","Aged 50-54","Value",5483
"2024","Liverpool Riverside","E14001338","Total","Aged 55-59","Value",5314
"2024","Liverpool Riverside","E14001338","Total","Aged 60-64","Value",5248
"2024","Liverpool Riverside","E14001338","Total","Aged 65-69","Value",4069
"2024","Liverpool Riverside","E14001338","Total","Aged 70-74","Value",3361
"2024","Liverpool Riverside","E14001338","Total","Aged 75-79","Value",2684
"2024","Liverpool Riverside","E14001338","Total","Aged 80-84","Value",1442
"2024","Liverpool Riverside","E14001338","Total","Aged 85+","Value",1151
"2024","Liverpool Walton","E14001339","Total","All Ages","Value",102441
"2024","Liverpool Walton","E14001339","Total","Age 0 - 4","Value",5914
"2024","Liverpool Walton","E14001339","Total","Aged 5-9","Value",6948
"2024","Liverpool Walton","E14001339","Total","Aged 10-14","Value",6513
"2024","Liverpool Walton","E14001339","Total","Aged 15-19","Value",6251
"2024","Liverpool Walton","E14001339","Total","Aged 20-24","Value",6339
"2024","Liverpool Walton","E14001339","Total","Aged 25-29","Value",6279
"2024","Liverpool Walton","E14001339","Total","Aged 30-34","Value",7477
"2024","Liverpool Walton","E14001339","Total","Aged 35-39","Value",7589
"2024","Liverpool Walton","E14001339","Total","Aged 40-44","Value",6723
"2024","Liverpool Walton","E14001339","Total","Aged 45-49","Value",5549
"2024","Liverpool Walton","E14001339","Total","Aged 50-54","Value",6228
"2024","Liverpool Walton","E14001339","Total","Aged 55-59","Value",6507
"2024","Liverpool Walton","E14001339","Total","Aged 60-64","Value",6932
"2024","Liverpool Walton","E14001339","Total","Aged 65-69","Value",5630
"2024","Liverpool Walton","E14001339","Total","Aged 70-74","Value",4351
"2024","Liverpool Walton","E14001339","Total","Aged 75-79","Value",3313
"2024","Liverpool Walton","E14001339","Total","Aged 80-84","Value",1924
"2024","Liverpool Walton","E14001339","Total","Aged 85+","Value",1974
"2024","Liverpool Wavertree","E14001340","Total","All Ages","Value",107913
"2024","Liverpool Wavertree","E14001340","Total","Age 0 - 4","Value",5401
"2024","Liverpool Wavertree","E14001340","Total","Aged 5-9","Value",5405
"2024","Liverpool Wavertree","E14001340","Total","Aged 10-14","Value",5170
"2024","Liverpool Wavertree","E14001340","Total","Aged 15-19","Value",6982
"2024","Liverpool Wavertree","E14001340","Total","Aged 20-24","Value",16874
"2024","Liverpool Wavertree","E14001340","Total","Aged 25-29","Value",8442
"2024","Liverpool Wavertree","E14001340","Total","Aged 30-34","Value",7951
"2024","Liverpool Wavertree","E14001340","Total","Aged 35-39","Value",7669
"2024","Liverpool Wavertree","E14001340","Total","Aged 40-44","Value",6762
"2024","Liverpool Wavertree","E14001340","Total","Aged 45-49","Value",5382
"2024","Liverpool Wavertree","E14001340","Total","Aged 50-54","Value",5483
"2024","Liverpool Wavertree","E14001340","Total","Aged 55-59","Value",5518
"2024","Liverpool Wavertree","E14001340","Total","Aged 60-64","Value",5348
"2024","Liverpool Wavertree","E14001340","Total","Aged 65-69","Value",4699
"2024","Liverpool Wavertree","E14001340","Total","Aged 70-74","Value",3900
"2024","Liverpool Wavertree","E14001340","Total","Aged 75-79","Value",3275
"2024","Liverpool Wavertree","E14001340","Total","Aged 80-84","Value",1891
"2024","Liverpool Wavertree","E14001340","Total","Aged 85+","Value",1761
"2024","Liverpool West Derby","E14001341","Total","All Ages","Value",101144
"2024","Liverpool West Derby","E14001341","Total","Age 0 - 4","Value",5910
"2024","Liverpool West Derby","E14001341","Total","Aged 5-9","Value",6289
"2024","Liverpool West Derby","E14001341","Total","Aged 10-14","Value",6133
"2024","Liverpool West Derby","E14001341","Total","Aged 15-19","Value",5783
"2024","Liverpool West Derby","E14001341","Total","Aged 20-24","Value",6043
"2024","Liverpool West Derby","E14001341","Total","Aged 25-29","Value",6575
"2024","Liverpool West Derby","E14001341","Total","Aged 30-34","Value",7666
"2024","Liverpool West Derby","E14001341","Total","Aged 35-39","Value",7405
"2024","Liverpool West Derby","E14001341","Total","Aged 40-44","Value",6511
"2024","Liverpool West Derby","E14001341","Total","Aged 45-49","Value",5420
"2024","Liverpool West Derby","E14001341","Total","Aged 50-54","Value",5928
"2024","Liverpool West Derby","E14001341","Total","Aged 55-59","Value",6564
"2024","Liverpool West Derby","E14001341","Total","Aged 60-64","Value",6887
"2024","Liverpool West Derby","E14001341","Total","Aged 65-69","Value",5479
"2024","Liverpool West Derby","E14001341","Total","Aged 70-74","Value",4363
"2024","Liverpool West Derby","E14001341","Total","Aged 75-79","Value",3568
"2024","Liverpool West Derby","E14001341","Total","Aged 80-84","Value",2292
"2024","Liverpool West Derby","E14001341","Total","Aged 85+","Value",2328
"2024","Macclesfield","E14001347","Total","All Ages","Value",98756
"2024","Macclesfield","E14001347","Total","Age 0 - 4","Value",4377
"2024","Macclesfield","E14001347","Total","Aged 5-9","Value",5198
"2024","Macclesfield","E14001347","Total","Aged 10-14","Value",5680
"2024","Macclesfield","E14001347","Total","Aged 15-19","Value",4856
"2024","Macclesfield","E14001347","Total","Aged 20-24","Value",3507
"2024","Macclesfield","E14001347","Total","Aged 25-29","Value",5179
"2024","Macclesfield","E14001347","Total","Aged 30-34","Value",5827
"2024","Macclesfield","E14001347","Total","Aged 35-39","Value",6255
"2024","Macclesfield","E14001347","Total","Aged 40-44","Value",6182
"2024","Macclesfield","E14001347","Total","Aged 45-49","Value",5951
"2024","Macclesfield","E14001347","Total","Aged 50-54","Value",6756
"2024","Macclesfield","E14001347","Total","Aged 55-59","Value",7439
"2024","Macclesfield","E14001347","Total","Aged 60-64","Value",7360
"2024","Macclesfield","E14001347","Total","Aged 65-69","Value",5914
"2024","Macclesfield","E14001347","Total","Aged 70-74","Value",5532
"2024","Macclesfield","E14001347","Total","Aged 75-79","Value",5694
"2024","Macclesfield","E14001347","Total","Aged 80-84","Value",3707
"2024","Macclesfield","E14001347","Total","Aged 85+","Value",3342
"2024","Makerfield","E14001350","Total","All Ages","Value",105450
"2024","Makerfield","E14001350","Total","Age 0 - 4","Value",5065
"2024","Makerfield","E14001350","Total","Aged 5-9","Value",6003
"2024","Makerfield","E14001350","Total","Aged 10-14","Value",6318
"2024","Makerfield","E14001350","Total","Aged 15-19","Value",6079
"2024","Makerfield","E14001350","Total","Aged 20-24","Value",5168
"2024","Makerfield","E14001350","Total","Aged 25-29","Value",6095
"2024","Makerfield","E14001350","Total","Aged 30-34","Value",6967
"2024","Makerfield","E14001350","Total","Aged 35-39","Value",6993
"2024","Makerfield","E14001350","Total","Aged 40-44","Value",6671
"2024","Makerfield","E14001350","Total","Aged 45-49","Value",6202
"2024","Makerfield","E14001350","Total","Aged 50-54","Value",7436
"2024","Makerfield","E14001350","Total","Aged 55-59","Value",7837
"2024","Makerfield","E14001350","Total","Aged 60-64","Value",6629
"2024","Makerfield","E14001350","Total","Aged 65-69","Value",5594
"2024","Makerfield","E14001350","Total","Aged 70-74","Value",5193
"2024","Makerfield","E14001350","Total","Aged 75-79","Value",5400
"2024","Makerfield","E14001350","Total","Aged 80-84","Value",3351
"2024","Makerfield","E14001350","Total","Aged 85+","Value",2449
"2024","Manchester Central","E14001352","Total","All Ages","Value",138945
"2024","Manchester Central","E14001352","Total","Age 0 - 4","Value",6628
"2024","Manchester Central","E14001352","Total","Aged 5-9","Value",6973
"2024","Manchester Central","E14001352","Total","Aged 10-14","Value",7277
"2024","Manchester Central","E14001352","Total","Aged 15-19","Value",10888
"2024","Manchester Central","E14001352","Total","Aged 20-24","Value",19331
"2024","Manchester Central","E14001352","Total","Aged 25-29","Value",20935
"2024","Manchester Central","E14001352","Total","Aged 30-34","Value",13993
"2024","Manchester Central","E14001352","Total","Aged 35-39","Value",10290
"2024","Manchester Central","E14001352","Total","Aged 40-44","Value",8118
"2024","Manchester Central","E14001352","Total","Aged 45-49","Value",6500
"2024","Manchester Central","E14001352","Total","Aged 50-54","Value",6099
"2024","Manchester Central","E14001352","Total","Aged 55-59","Value",5869
"2024","Manchester Central","E14001352","Total","Aged 60-64","Value",4958
"2024","Manchester Central","E14001352","Total","Aged 65-69","Value",3500
"2024","Manchester Central","E14001352","Total","Aged 70-74","Value",2667
"2024","Manchester Central","E14001352","Total","Aged 75-79","Value",2137
"2024","Manchester Central","E14001352","Total","Aged 80-84","Value",1627
"2024","Manchester Central","E14001352","Total","Aged 85+","Value",1155
"2024","Manchester Rusholme","E14001353","Total","All Ages","Value",120950
"2024","Manchester Rusholme","E14001353","Total","Age 0 - 4","Value",5824
"2024","Manchester Rusholme","E14001353","Total","Aged 5-9","Value",6130
"2024","Manchester Rusholme","E14001353","Total","Aged 10-14","Value",6484
"2024","Manchester Rusholme","E14001353","Total","Aged 15-19","Value",15367
"2024","Manchester Rusholme","E14001353","Total","Aged 20-24","Value",25297
"2024","Manchester Rusholme","E14001353","Total","Aged 25-29","Value",12699
"2024","Manchester Rusholme","E14001353","Total","Aged 30-34","Value",9957
"2024","Manchester Rusholme","E14001353","Total","Aged 35-39","Value",7834
"2024","Manchester Rusholme","E14001353","Total","Aged 40-44","Value",6562
"2024","Manchester Rusholme","E14001353","Total","Aged 45-49","Value",5351
"2024","Manchester Rusholme","E14001353","Total","Aged 50-54","Value",4752
"2024","Manchester Rusholme","E14001353","Total","Aged 55-59","Value",4347
"2024","Manchester Rusholme","E14001353","Total","Aged 60-64","Value",3585
"2024","Manchester Rusholme","E14001353","Total","Aged 65-69","Value",2548
"2024","Manchester Rusholme","E14001353","Total","Aged 70-74","Value",1696
"2024","Manchester Rusholme","E14001353","Total","Aged 75-79","Value",1010
"2024","Manchester Rusholme","E14001353","Total","Aged 80-84","Value",778
"2024","Manchester Rusholme","E14001353","Total","Aged 85+","Value",729
"2024","Manchester Withington","E14001354","Total","All Ages","Value",92760
"2024","Manchester Withington","E14001354","Total","Age 0 - 4","Value",4395
"2024","Manchester Withington","E14001354","Total","Aged 5-9","Value",4430
"2024","Manchester Withington","E14001354","Total","Aged 10-14","Value",4704
"2024","Manchester Withington","E14001354","Total","Aged 15-19","Value",4337
"2024","Manchester Withington","E14001354","Total","Aged 20-24","Value",14237
"2024","Manchester Withington","E14001354","Total","Aged 25-29","Value",9871
"2024","Manchester Withington","E14001354","Total","Aged 30-34","Value",8041
"2024","Manchester Withington","E14001354","Total","Aged 35-39","Value",6929
"2024","Manchester Withington","E14001354","Total","Aged 40-44","Value",6094
"2024","Manchester Withington","E14001354","Total","Aged 45-49","Value",5291
"2024","Manchester Withington","E14001354","Total","Aged 50-54","Value",4905
"2024","Manchester Withington","E14001354","Total","Aged 55-59","Value",4785
"2024","Manchester Withington","E14001354","Total","Aged 60-64","Value",3951
"2024","Manchester Withington","E14001354","Total","Aged 65-69","Value",3378
"2024","Manchester Withington","E14001354","Total","Aged 70-74","Value",2707
"2024","Manchester Withington","E14001354","Total","Aged 75-79","Value",2097
"2024","Manchester Withington","E14001354","Total","Aged 80-84","Value",1225
"2024","Manchester Withington","E14001354","Total","Aged 85+","Value",1383
"2024","Mid Cheshire","E14001361","Total","All Ages","Value",98761
"2024","Mid Cheshire","E14001361","Total","Age 0 - 4","Value",5132
"2024","Mid Cheshire","E14001361","Total","Aged 5-9","Value",5758
"2024","Mid Cheshire","E14001361","Total","Aged 10-14","Value",6250
"2024","Mid Cheshire","E14001361","Total","Aged 15-19","Value",5303
"2024","Mid Cheshire","E14001361","Total","Aged 20-24","Value",4532
"2024","Mid Cheshire","E14001361","Total","Aged 25-29","Value",6066
"2024","Mid Cheshire","E14001361","Total","Aged 30-34","Value",7007
"2024","Mid Cheshire","E14001361","Total","Aged 35-39","Value",7026
"2024","Mid Cheshire","E14001361","Total","Aged 40-44","Value",6455
"2024","Mid Cheshire","E14001361","Total","Aged 45-49","Value",5677
"2024","Mid Cheshire","E14001361","Total","Aged 50-54","Value",6962
"2024","Mid Cheshire","E14001361","Total","Aged 55-59","Value",7594
"2024","Mid Cheshire","E14001361","Total","Aged 60-64","Value",6706
"2024","Mid Cheshire","E14001361","Total","Aged 65-69","Value",5240
"2024","Mid Cheshire","E14001361","Total","Aged 70-74","Value",4571
"2024","Mid Cheshire","E14001361","Total","Aged 75-79","Value",4169
"2024","Mid Cheshire","E14001361","Total","Aged 80-84","Value",2308
"2024","Mid Cheshire","E14001361","Total","Aged 85+","Value",2005
"2024","Morecambe and Lunesdale","E14001372","Total","All Ages","Value",99811
"2024","Morecambe and Lunesdale","E14001372","Total","Age 0 - 4","Value",4460
"2024","Morecambe and Lunesdale","E14001372","Total","Aged 5-9","Value",5039
"2024","Morecambe and Lunesdale","E14001372","Total","Aged 10-14","Value",5911
"2024","Morecambe and Lunesdale","E14001372","Total","Aged 15-19","Value",6164
"2024","Morecambe and Lunesdale","E14001372","Total","Aged 20-24","Value",4433
"2024","Morecambe and Lunesdale","E14001372","Total","Aged 25-29","Value",4036
"2024","Morecambe and Lunesdale","E14001372","Total","Aged 30-34","Value",4712
"2024","Morecambe and Lunesdale","E14001372","Total","Aged 35-39","Value",5443
"2024","Morecambe and Lunesdale","E14001372","Total","Aged 40-44","Value",5594
"2024","Morecambe and Lunesdale","E14001372","Total","Aged 45-49","Value",5204
"2024","Morecambe and Lunesdale","E14001372","Total","Aged 50-54","Value",6407
"2024","Morecambe and Lunesdale","E14001372","Total","Aged 55-59","Value",7478
"2024","Morecambe and Lunesdale","E14001372","Total","Aged 60-64","Value",7877
"2024","Morecambe and Lunesdale","E14001372","Total","Aged 65-69","Value",6741
"2024","Morecambe and Lunesdale","E14001372","Total","Aged 70-74","Value",6259
"2024","Morecambe and Lunesdale","E14001372","Total","Aged 75-79","Value",6194
"2024","Morecambe and Lunesdale","E14001372","Total","Aged 80-84","Value",3948
"2024","Morecambe and Lunesdale","E14001372","Total","Aged 85+","Value",3911
"2024","Oldham East and Saddleworth","E14001415","Total","All Ages","Value",112010
"2024","Oldham East and Saddleworth","E14001415","Total","Age 0 - 4","Value",7414
"2024","Oldham East and Saddleworth","E14001415","Total","Aged 5-9","Value",8065
"2024","Oldham East and Saddleworth","E14001415","Total","Aged 10-14","Value",8125
"2024","Oldham East and Saddleworth","E14001415","Total","Aged 15-19","Value",7669
"2024","Oldham East and Saddleworth","E14001415","Total","Aged 20-24","Value",6017
"2024","Oldham East and Saddleworth","E14001415","Total","Aged 25-29","Value",6835
"2024","Oldham East and Saddleworth","E14001415","Total","Aged 30-34","Value",7294
"2024","Oldham East and Saddleworth","E14001415","Total","Aged 35-39","Value",7554
"2024","Oldham East and Saddleworth","E14001415","Total","Aged 40-44","Value",7379
"2024","Oldham East and Saddleworth","E14001415","Total","Aged 45-49","Value",6432
"2024","Oldham East and Saddleworth","E14001415","Total","Aged 50-54","Value",6927
"2024","Oldham East and Saddleworth","E14001415","Total","Aged 55-59","Value",7048
"2024","Oldham East and Saddleworth","E14001415","Total","Aged 60-64","Value",6352
"2024","Oldham East and Saddleworth","E14001415","Total","Aged 65-69","Value",5073
"2024","Oldham East and Saddleworth","E14001415","Total","Aged 70-74","Value",4525
"2024","Oldham East and Saddleworth","E14001415","Total","Aged 75-79","Value",4406
"2024","Oldham East and Saddleworth","E14001415","Total","Aged 80-84","Value",2530
"2024","Oldham East and Saddleworth","E14001415","Total","Aged 85+","Value",2365
"2024","Oldham West, Chadderton and Royton","E14001416","Total","All Ages","Value",117632
"2024","Oldham West, Chadderton and Royton","E14001416","Total","Age 0 - 4","Value",7913
"2024","Oldham West, Chadderton and Royton","E14001416","Total","Aged 5-9","Value",8480
"2024","Oldham West, Chadderton and Royton","E14001416","Total","Aged 10-14","Value",9195
"2024","Oldham West, Chadderton and Royton","E14001416","Total","Aged 15-19","Value",8918
"2024","Oldham West, Chadderton and Royton","E14001416","Total","Aged 20-24","Value",7606
"2024","Oldham West, Chadderton and Royton","E14001416","Total","Aged 25-29","Value",8083
"2024","Oldham West, Chadderton and Royton","E14001416","Total","Aged 30-34","Value",8156
"2024","Oldham West, Chadderton and Royton","E14001416","Total","Aged 35-39","Value",8568
"2024","Oldham West, Chadderton and Royton","E14001416","Total","Aged 40-44","Value",7956
"2024","Oldham West, Chadderton and Royton","E14001416","Total","Aged 45-49","Value",7006
"2024","Oldham West, Chadderton and Royton","E14001416","Total","Aged 50-54","Value",6935
"2024","Oldham West, Chadderton and Royton","E14001416","Total","Aged 55-59","Value",6486
"2024","Oldham West, Chadderton and Royton","E14001416","Total","Aged 60-64","Value",5791
"2024","Oldham West, Chadderton and Royton","E14001416","Total","Aged 65-69","Value",4808
"2024","Oldham West, Chadderton and Royton","E14001416","Total","Aged 70-74","Value",4123
"2024","Oldham West, Chadderton and Royton","E14001416","Total","Aged 75-79","Value",3526
"2024","Oldham West, Chadderton and Royton","E14001416","Total","Aged 80-84","Value",2195
"2024","Oldham West, Chadderton and Royton","E14001416","Total","Aged 85+","Value",1887
"2024","Pendle and Clitheroe","E14001422","Total","All Ages","Value",114372
"2024","Pendle and Clitheroe","E14001422","Total","Age 0 - 4","Value",6457
"2024","Pendle and Clitheroe","E14001422","Total","Aged 5-9","Value",6941
"2024","Pendle and Clitheroe","E14001422","Total","Aged 10-14","Value",7610
"2024","Pendle and Clitheroe","E14001422","Total","Aged 15-19","Value",7221
"2024","Pendle and Clitheroe","E14001422","Total","Aged 20-24","Value",5672
"2024","Pendle and Clitheroe","E14001422","Total","Aged 25-29","Value",6502
"2024","Pendle and Clitheroe","E14001422","Total","Aged 30-34","Value",7088
"2024","Pendle and Clitheroe","E14001422","Total","Aged 35-39","Value",7634
"2024","Pendle and Clitheroe","E14001422","Total","Aged 40-44","Value",7323
"2024","Pendle and Clitheroe","E14001422","Total","Aged 45-49","Value",6559
"2024","Pendle and Clitheroe","E14001422","Total","Aged 50-54","Value",7373
"2024","Pendle and Clitheroe","E14001422","Total","Aged 55-59","Value",7751
"2024","Pendle and Clitheroe","E14001422","Total","Aged 60-64","Value",7345
"2024","Pendle and Clitheroe","E14001422","Total","Aged 65-69","Value",6338
"2024","Pendle and Clitheroe","E14001422","Total","Aged 70-74","Value",5466
"2024","Pendle and Clitheroe","E14001422","Total","Aged 75-79","Value",5187
"2024","Pendle and Clitheroe","E14001422","Total","Aged 80-84","Value",3068
"2024","Pendle and Clitheroe","E14001422","Total","Aged 85+","Value",2837
"2024","Penrith and Solway","E14001424","Total","All Ages","Value",99608
"2024","Penrith and Solway","E14001424","Total","Age 0 - 4","Value",3932
"2024","Penrith and Solway","E14001424","Total","Aged 5-9","Value",4592
"2024","Penrith and Solway","E14001424","Total","Aged 10-14","Value",5359
"2024","Penrith and Solway","E14001424","Total","Aged 15-19","Value",5062
"2024","Penrith and Solway","E14001424","Total","Aged 20-24","Value",3837
"2024","Penrith and Solway","E14001424","Total","Aged 25-29","Value",4767
"2024","Penrith and Solway","E14001424","Total","Aged 30-34","Value",5374
"2024","Penrith and Solway","E14001424","Total","Aged 35-39","Value",5250
"2024","Penrith and Solway","E14001424","Total","Aged 40-44","Value",5425
"2024","Penrith and Solway","E14001424","Total","Aged 45-49","Value",5314
"2024","Penrith and Solway","E14001424","Total","Aged 50-54","Value",7103
"2024","Penrith and Solway","E14001424","Total","Aged 55-59","Value",8384
"2024","Penrith and Solway","E14001424","Total","Aged 60-64","Value",7986
"2024","Penrith and Solway","E14001424","Total","Aged 65-69","Value",7222
"2024","Penrith and Solway","E14001424","Total","Aged 70-74","Value",6559
"2024","Penrith and Solway","E14001424","Total","Aged 75-79","Value",6096
"2024","Penrith and Solway","E14001424","Total","Aged 80-84","Value",3753
"2024","Penrith and Solway","E14001424","Total","Aged 85+","Value",3593
"2024","Preston","E14001433","Total","All Ages","Value",124602
"2024","Preston","E14001433","Total","Age 0 - 4","Value",7469
"2024","Preston","E14001433","Total","Aged 5-9","Value",7827
"2024","Preston","E14001433","Total","Aged 10-14","Value",7800
"2024","Preston","E14001433","Total","Aged 15-19","Value",8547
"2024","Preston","E14001433","Total","Aged 20-24","Value",12175
"2024","Preston","E14001433","Total","Aged 25-29","Value",10948
"2024","Preston","E14001433","Total","Aged 30-34","Value",9973
"2024","Preston","E14001433","Total","Aged 35-39","Value",9075
"2024","Preston","E14001433","Total","Aged 40-44","Value",7958
"2024","Preston","E14001433","Total","Aged 45-49","Value",6773
"2024","Preston","E14001433","Total","Aged 50-54","Value",7047
"2024","Preston","E14001433","Total","Aged 55-59","Value",6806
"2024","Preston","E14001433","Total","Aged 60-64","Value",6476
"2024","Preston","E14001433","Total","Aged 65-69","Value",4861
"2024","Preston","E14001433","Total","Aged 70-74","Value",3864
"2024","Preston","E14001433","Total","Aged 75-79","Value",3113
"2024","Preston","E14001433","Total","Aged 80-84","Value",1944
"2024","Preston","E14001433","Total","Aged 85+","Value",1946
"2024","Ribble Valley","E14001443","Total","All Ages","Value",108574
"2024","Ribble Valley","E14001443","Total","Age 0 - 4","Value",5386
"2024","Ribble Valley","E14001443","Total","Aged 5-9","Value",5887
"2024","Ribble Valley","E14001443","Total","Aged 10-14","Value",6406
"2024","Ribble Valley","E14001443","Total","Aged 15-19","Value",6231
"2024","Ribble Valley","E14001443","Total","Aged 20-24","Value",4841
"2024","Ribble Valley","E14001443","Total","Aged 25-29","Value",5970
"2024","Ribble Valley","E14001443","Total","Aged 30-34","Value",6778
"2024","Ribble Valley","E14001443","Total","Aged 35-39","Value",6873
"2024","Ribble Valley","E14001443","Total","Aged 40-44","Value",6618
"2024","Ribble Valley","E14001443","Total","Aged 45-49","Value",6179
"2024","Ribble Valley","E14001443","Total","Aged 50-54","Value",7395
"2024","Ribble Valley","E14001443","Total","Aged 55-59","Value",8215
"2024","Ribble Valley","E14001443","Total","Aged 60-64","Value",7748
"2024","Ribble Valley","E14001443","Total","Aged 65-69","Value",6446
"2024","Ribble Valley","E14001443","Total","Aged 70-74","Value",5507
"2024","Ribble Valley","E14001443","Total","Aged 75-79","Value",5329
"2024","Ribble Valley","E14001443","Total","Aged 80-84","Value",3631
"2024","Ribble Valley","E14001443","Total","Aged 85+","Value",3134
"2024","Rochdale","E14001446","Total","All Ages","Value",108019
"2024","Rochdale","E14001446","Total","Age 0 - 4","Value",7054
"2024","Rochdale","E14001446","Total","Aged 5-9","Value",7572
"2024","Rochdale","E14001446","Total","Aged 10-14","Value",7945
"2024","Rochdale","E14001446","Total","Aged 15-19","Value",7842
"2024","Rochdale","E14001446","Total","Aged 20-24","Value",6389
"2024","Rochdale","E14001446","Total","Aged 25-29","Value",7073
"2024","Rochdale","E14001446","Total","Aged 30-34","Value",7524
"2024","Rochdale","E14001446","Total","Aged 35-39","Value",7853
"2024","Rochdale","E14001446","Total","Aged 40-44","Value",7483
"2024","Rochdale","E14001446","Total","Aged 45-49","Value",6493
"2024","Rochdale","E14001446","Total","Aged 50-54","Value",6766
"2024","Rochdale","E14001446","Total","Aged 55-59","Value",6461
"2024","Rochdale","E14001446","Total","Aged 60-64","Value",5720
"2024","Rochdale","E14001446","Total","Aged 65-69","Value",4665
"2024","Rochdale","E14001446","Total","Aged 70-74","Value",4078
"2024","Rochdale","E14001446","Total","Aged 75-79","Value",3511
"2024","Rochdale","E14001446","Total","Aged 80-84","Value",2107
"2024","Rochdale","E14001446","Total","Aged 85+","Value",1483
"2024","Rossendale and Darwen","E14001450","Total","All Ages","Value",104420
"2024","Rossendale and Darwen","E14001450","Total","Age 0 - 4","Value",5310
"2024","Rossendale and Darwen","E14001450","Total","Aged 5-9","Value",6163
"2024","Rossendale and Darwen","E14001450","Total","Aged 10-14","Value",6636
"2024","Rossendale and Darwen","E14001450","Total","Aged 15-19","Value",6084
"2024","Rossendale and Darwen","E14001450","Total","Aged 20-24","Value",4954
"2024","Rossendale and Darwen","E14001450","Total","Aged 25-29","Value",6158
"2024","Rossendale and Darwen","E14001450","Total","Aged 30-34","Value",7010
"2024","Rossendale and Darwen","E14001450","Total","Aged 35-39","Value",7079
"2024","Rossendale and Darwen","E14001450","Total","Aged 40-44","Value",6580
"2024","Rossendale and Darwen","E14001450","Total","Aged 45-49","Value",6227
"2024","Rossendale and Darwen","E14001450","Total","Aged 50-54","Value",7408
"2024","Rossendale and Darwen","E14001450","Total","Aged 55-59","Value",7848
"2024","Rossendale and Darwen","E14001450","Total","Aged 60-64","Value",7056
"2024","Rossendale and Darwen","E14001450","Total","Aged 65-69","Value",5676
"2024","Rossendale and Darwen","E14001450","Total","Aged 70-74","Value",4971
"2024","Rossendale and Darwen","E14001450","Total","Aged 75-79","Value",4556
"2024","Rossendale and Darwen","E14001450","Total","Aged 80-84","Value",2567
"2024","Rossendale and Darwen","E14001450","Total","Aged 85+","Value",2137
"2024","Runcorn and Helsby","E14001455","Total","All Ages","Value",95187
"2024","Runcorn and Helsby","E14001455","Total","Age 0 - 4","Value",4722
"2024","Runcorn and Helsby","E14001455","Total","Aged 5-9","Value",5247
"2024","Runcorn and Helsby","E14001455","Total","Aged 10-14","Value",5774
"2024","Runcorn and Helsby","E14001455","Total","Aged 15-19","Value",5496
"2024","Runcorn and Helsby","E14001455","Total","Aged 20-24","Value",4691
"2024","Runcorn and Helsby","E14001455","Total","Aged 25-29","Value",5477
"2024","Runcorn and Helsby","E14001455","Total","Aged 30-34","Value",5983
"2024","Runcorn and Helsby","E14001455","Total","Aged 35-39","Value",5926
"2024","Runcorn and Helsby","E14001455","Total","Aged 40-44","Value",5943
"2024","Runcorn and Helsby","E14001455","Total","Aged 45-49","Value",5836
"2024","Runcorn and Helsby","E14001455","Total","Aged 50-54","Value",6648
"2024","Runcorn and Helsby","E14001455","Total","Aged 55-59","Value",6780
"2024","Runcorn and Helsby","E14001455","Total","Aged 60-64","Value",6308
"2024","Runcorn and Helsby","E14001455","Total","Aged 65-69","Value",5610
"2024","Runcorn and Helsby","E14001455","Total","Aged 70-74","Value",5327
"2024","Runcorn and Helsby","E14001455","Total","Aged 75-79","Value",4658
"2024","Runcorn and Helsby","E14001455","Total","Aged 80-84","Value",2603
"2024","Runcorn and Helsby","E14001455","Total","Aged 85+","Value",2158
"2024","Salford","E14001459","Total","All Ages","Value",138841
"2024","Salford","E14001459","Total","Age 0 - 4","Value",7977
"2024","Salford","E14001459","Total","Aged 5-9","Value",7193
"2024","Salford","E14001459","Total","Aged 10-14","Value",6625
"2024","Salford","E14001459","Total","Aged 15-19","Value",8106
"2024","Salford","E14001459","Total","Aged 20-24","Value",17745
"2024","Salford","E14001459","Total","Aged 25-29","Value",20609
"2024","Salford","E14001459","Total","Aged 30-34","Value",15446
"2024","Salford","E14001459","Total","Aged 35-39","Value",11304
"2024","Salford","E14001459","Total","Aged 40-44","Value",8466
"2024","Salford","E14001459","Total","Aged 45-49","Value",6342
"2024","Salford","E14001459","Total","Aged 50-54","Value",5686
"2024","Salford","E14001459","Total","Aged 55-59","Value",5665
"2024","Salford","E14001459","Total","Aged 60-64","Value",4983
"2024","Salford","E14001459","Total","Aged 65-69","Value",3922
"2024","Salford","E14001459","Total","Aged 70-74","Value",3075
"2024","Salford","E14001459","Total","Aged 75-79","Value",2690
"2024","Salford","E14001459","Total","Aged 80-84","Value",1683
"2024","Salford","E14001459","Total","Aged 85+","Value",1324
"2024","Sefton Central","E14001463","Total","All Ages","Value",93352
"2024","Sefton Central","E14001463","Total","Age 0 - 4","Value",3888
"2024","Sefton Central","E14001463","Total","Aged 5-9","Value",4672
"2024","Sefton Central","E14001463","Total","Aged 10-14","Value",5170
"2024","Sefton Central","E14001463","Total","Aged 15-19","Value",4945
"2024","Sefton Central","E14001463","Total","Aged 20-24","Value",3782
"2024","Sefton Central","E14001463","Total","Aged 25-29","Value",4362
"2024","Sefton Central","E14001463","Total","Aged 30-34","Value",4790
"2024","Sefton Central","E14001463","Total","Aged 35-39","Value",5210
"2024","Sefton Central","E14001463","Total","Aged 40-44","Value",5298
"2024","Sefton Central","E14001463","Total","Aged 45-49","Value",5071
"2024","Sefton Central","E14001463","Total","Aged 50-54","Value",5929
"2024","Sefton Central","E14001463","Total","Aged 55-59","Value",6761
"2024","Sefton Central","E14001463","Total","Aged 60-64","Value",7287
"2024","Sefton Central","E14001463","Total","Aged 65-69","Value",6274
"2024","Sefton Central","E14001463","Total","Aged 70-74","Value",5970
"2024","Sefton Central","E14001463","Total","Aged 75-79","Value",5722
"2024","Sefton Central","E14001463","Total","Aged 80-84","Value",4076
"2024","Sefton Central","E14001463","Total","Aged 85+","Value",4145
"2024","South Ribble","E14001491","Total","All Ages","Value",98128
"2024","South Ribble","E14001491","Total","Age 0 - 4","Value",4278
"2024","South Ribble","E14001491","Total","Aged 5-9","Value",5358
"2024","South Ribble","E14001491","Total","Aged 10-14","Value",5793
"2024","South Ribble","E14001491","Total","Aged 15-19","Value",5297
"2024","South Ribble","E14001491","Total","Aged 20-24","Value",4303
"2024","South Ribble","E14001491","Total","Aged 25-29","Value",5364
"2024","South Ribble","E14001491","Total","Aged 30-34","Value",5967
"2024","South Ribble","E14001491","Total","Aged 35-39","Value",6382
"2024","South Ribble","E14001491","Total","Aged 40-44","Value",6147
"2024","South Ribble","E14001491","Total","Aged 45-49","Value",5847
"2024","South Ribble","E14001491","Total","Aged 50-54","Value",6852
"2024","South Ribble","E14001491","Total","Aged 55-59","Value",7181
"2024","South Ribble","E14001491","Total","Aged 60-64","Value",6916
"2024","South Ribble","E14001491","Total","Aged 65-69","Value",5701
"2024","South Ribble","E14001491","Total","Aged 70-74","Value",5335
"2024","South Ribble","E14001491","Total","Aged 75-79","Value",5256
"2024","South Ribble","E14001491","Total","Aged 80-84","Value",3226
"2024","South Ribble","E14001491","Total","Aged 85+","Value",2925
"2024","Southport","E14001504","Total","All Ages","Value",99881
"2024","Southport","E14001504","Total","Age 0 - 4","Value",4087
"2024","Southport","E14001504","Total","Aged 5-9","Value",4877
"2024","Southport","E14001504","Total","Aged 10-14","Value",5338
"2024","Southport","E14001504","Total","Aged 15-19","Value",4869
"2024","Southport","E14001504","Total","Aged 20-24","Value",4468
"2024","Southport","E14001504","Total","Aged 25-29","Value",4939
"2024","Southport","E14001504","Total","Aged 30-34","Value",5754
"2024","Southport","E14001504","Total","Aged 35-39","Value",6163
"2024","Southport","E14001504","Total","Aged 40-44","Value",5854
"2024","Southport","E14001504","Total","Aged 45-49","Value",5352
"2024","Southport","E14001504","Total","Aged 50-54","Value",6619
"2024","Southport","E14001504","Total","Aged 55-59","Value",7584
"2024","Southport","E14001504","Total","Aged 60-64","Value",7704
"2024","Southport","E14001504","Total","Aged 65-69","Value",6598
"2024","Southport","E14001504","Total","Aged 70-74","Value",5960
"2024","Southport","E14001504","Total","Aged 75-79","Value",5844
"2024","Southport","E14001504","Total","Aged 80-84","Value",3754
"2024","Southport","E14001504","Total","Aged 85+","Value",4117
"2024","St Helens North","E14001509","Total","All Ages","Value",102642
"2024","St Helens North","E14001509","Total","Age 0 - 4","Value",5127
"2024","St Helens North","E14001509","Total","Aged 5-9","Value",5770
"2024","St Helens North","E14001509","Total","Aged 10-14","Value",6020
"2024","St Helens North","E14001509","Total","Aged 15-19","Value",5659
"2024","St Helens North","E14001509","Total","Aged 20-24","Value",4923
"2024","St Helens North","E14001509","Total","Aged 25-29","Value",6228
"2024","St Helens North","E14001509","Total","Aged 30-34","Value",7347
"2024","St Helens North","E14001509","Total","Aged 35-39","Value",7010
"2024","St Helens North","E14001509","Total","Aged 40-44","Value",6482
"2024","St Helens North","E14001509","Total","Aged 45-49","Value",5813
"2024","St Helens North","E14001509","Total","Aged 50-54","Value",6832
"2024","St Helens North","E14001509","Total","Aged 55-59","Value",7117
"2024","St Helens North","E14001509","Total","Aged 60-64","Value",6850
"2024","St Helens North","E14001509","Total","Aged 65-69","Value",5747
"2024","St Helens North","E14001509","Total","Aged 70-74","Value",5254
"2024","St Helens North","E14001509","Total","Aged 75-79","Value",4952
"2024","St Helens North","E14001509","Total","Aged 80-84","Value",2982
"2024","St Helens North","E14001509","Total","Aged 85+","Value",2529
"2024","St Helens South and Whiston","E14001510","Total","All Ages","Value",98254
"2024","St Helens South and Whiston","E14001510","Total","Age 0 - 4","Value",5131
"2024","St Helens South and Whiston","E14001510","Total","Aged 5-9","Value",5447
"2024","St Helens South and Whiston","E14001510","Total","Aged 10-14","Value",5728
"2024","St Helens South and Whiston","E14001510","Total","Aged 15-19","Value",5383
"2024","St Helens South and Whiston","E14001510","Total","Aged 20-24","Value",5114
"2024","St Helens South and Whiston","E14001510","Total","Aged 25-29","Value",6291
"2024","St Helens South and Whiston","E14001510","Total","Aged 30-34","Value",6946
"2024","St Helens South and Whiston","E14001510","Total","Aged 35-39","Value",6668
"2024","St Helens South and Whiston","E14001510","Total","Aged 40-44","Value",6177
"2024","St Helens South and Whiston","E14001510","Total","Aged 45-49","Value",5569
"2024","St Helens South and Whiston","E14001510","Total","Aged 50-54","Value",6673
"2024","St Helens South and Whiston","E14001510","Total","Aged 55-59","Value",7219
"2024","St Helens South and Whiston","E14001510","Total","Aged 60-64","Value",6493
"2024","St Helens South and Whiston","E14001510","Total","Aged 65-69","Value",5222
"2024","St Helens South and Whiston","E14001510","Total","Aged 70-74","Value",4507
"2024","St Helens South and Whiston","E14001510","Total","Aged 75-79","Value",4363
"2024","St Helens South and Whiston","E14001510","Total","Aged 80-84","Value",2736
"2024","St Helens South and Whiston","E14001510","Total","Aged 85+","Value",2587
"2024","Stalybridge and Hyde","E14001515","Total","All Ages","Value",99949
"2024","Stalybridge and Hyde","E14001515","Total","Age 0 - 4","Value",5428
"2024","Stalybridge and Hyde","E14001515","Total","Aged 5-9","Value",6195
"2024","Stalybridge and Hyde","E14001515","Total","Aged 10-14","Value",6410
"2024","Stalybridge and Hyde","E14001515","Total","Aged 15-19","Value",5951
"2024","Stalybridge and Hyde","E14001515","Total","Aged 20-24","Value",4858
"2024","Stalybridge and Hyde","E14001515","Total","Aged 25-29","Value",6459
"2024","Stalybridge and Hyde","E14001515","Total","Aged 30-34","Value",7232
"2024","Stalybridge and Hyde","E14001515","Total","Aged 35-39","Value",7249
"2024","Stalybridge and Hyde","E14001515","Total","Aged 40-44","Value",6458
"2024","Stalybridge and Hyde","E14001515","Total","Aged 45-49","Value",5959
"2024","Stalybridge and Hyde","E14001515","Total","Aged 50-54","Value",6689
"2024","Stalybridge and Hyde","E14001515","Total","Aged 55-59","Value",7015
"2024","Stalybridge and Hyde","E14001515","Total","Aged 60-64","Value",6253
"2024","Stalybridge and Hyde","E14001515","Total","Aged 65-69","Value",4919
"2024","Stalybridge and Hyde","E14001515","Total","Aged 70-74","Value",4366
"2024","Stalybridge and Hyde","E14001515","Total","Aged 75-79","Value",4245
"2024","Stalybridge and Hyde","E14001515","Total","Aged 80-84","Value",2323
"2024","Stalybridge and Hyde","E14001515","Total","Aged 85+","Value",1940
"2024","Stockport","E14001517","Total","All Ages","Value",108432
"2024","Stockport","E14001517","Total","Age 0 - 4","Value",6423
"2024","Stockport","E14001517","Total","Aged 5-9","Value",6737
"2024","Stockport","E14001517","Total","Aged 10-14","Value",6833
"2024","Stockport","E14001517","Total","Aged 15-19","Value",5867
"2024","Stockport","E14001517","Total","Aged 20-24","Value",5104
"2024","Stockport","E14001517","Total","Aged 25-29","Value",7853
"2024","Stockport","E14001517","Total","Aged 30-34","Value",9197
"2024","Stockport","E14001517","Total","Aged 35-39","Value",9327
"2024","Stockport","E14001517","Total","Aged 40-44","Value",8026
"2024","Stockport","E14001517","Total","Aged 45-49","Value",6826
"2024","Stockport","E14001517","Total","Aged 50-54","Value",6839
"2024","Stockport","E14001517","Total","Aged 55-59","Value",7006
"2024","Stockport","E14001517","Total","Aged 60-64","Value",6150
"2024","Stockport","E14001517","Total","Aged 65-69","Value",4976
"2024","Stockport","E14001517","Total","Aged 70-74","Value",3928
"2024","Stockport","E14001517","Total","Aged 75-79","Value",3521
"2024","Stockport","E14001517","Total","Aged 80-84","Value",1956
"2024","Stockport","E14001517","Total","Aged 85+","Value",1863
"2024","Stretford and Urmston","E14001528","Total","All Ages","Value",105820
"2024","Stretford and Urmston","E14001528","Total","Age 0 - 4","Value",5884
"2024","Stretford and Urmston","E14001528","Total","Aged 5-9","Value",6880
"2024","Stretford and Urmston","E14001528","Total","Aged 10-14","Value",7193
"2024","Stretford and Urmston","E14001528","Total","Aged 15-19","Value",6402
"2024","Stretford and Urmston","E14001528","Total","Aged 20-24","Value",5953
"2024","Stretford and Urmston","E14001528","Total","Aged 25-29","Value",7199
"2024","Stretford and Urmston","E14001528","Total","Aged 30-34","Value",7378
"2024","Stretford and Urmston","E14001528","Total","Aged 35-39","Value",8017
"2024","Stretford and Urmston","E14001528","Total","Aged 40-44","Value",7819
"2024","Stretford and Urmston","E14001528","Total","Aged 45-49","Value",6598
"2024","Stretford and Urmston","E14001528","Total","Aged 50-54","Value",6623
"2024","Stretford and Urmston","E14001528","Total","Aged 55-59","Value",6750
"2024","Stretford and Urmston","E14001528","Total","Aged 60-64","Value",6250
"2024","Stretford and Urmston","E14001528","Total","Aged 65-69","Value",4872
"2024","Stretford and Urmston","E14001528","Total","Aged 70-74","Value",3940
"2024","Stretford and Urmston","E14001528","Total","Aged 75-79","Value",3473
"2024","Stretford and Urmston","E14001528","Total","Aged 80-84","Value",2263
"2024","Stretford and Urmston","E14001528","Total","Aged 85+","Value",2326
"2024","Tatton","E14001539","Total","All Ages","Value",101179
"2024","Tatton","E14001539","Total","Age 0 - 4","Value",4641
"2024","Tatton","E14001539","Total","Aged 5-9","Value",5741
"2024","Tatton","E14001539","Total","Aged 10-14","Value",6161
"2024","Tatton","E14001539","Total","Aged 15-19","Value",5363
"2024","Tatton","E14001539","Total","Aged 20-24","Value",3637
"2024","Tatton","E14001539","Total","Aged 25-29","Value",4459
"2024","Tatton","E14001539","Total","Aged 30-34","Value",5310
"2024","Tatton","E14001539","Total","Aged 35-39","Value",6239
"2024","Tatton","E14001539","Total","Aged 40-44","Value",6454
"2024","Tatton","E14001539","Total","Aged 45-49","Value",6603
"2024","Tatton","E14001539","Total","Aged 50-54","Value",7095
"2024","Tatton","E14001539","Total","Aged 55-59","Value",7551
"2024","Tatton","E14001539","Total","Aged 60-64","Value",7256
"2024","Tatton","E14001539","Total","Aged 65-69","Value",5909
"2024","Tatton","E14001539","Total","Aged 70-74","Value",5579
"2024","Tatton","E14001539","Total","Aged 75-79","Value",5534
"2024","Tatton","E14001539","Total","Aged 80-84","Value",3684
"2024","Tatton","E14001539","Total","Aged 85+","Value",3963
"2024","Wallasey","E14001561","Total","All Ages","Value",98251
"2024","Wallasey","E14001561","Total","Age 0 - 4","Value",4764
"2024","Wallasey","E14001561","Total","Aged 5-9","Value",5476
"2024","Wallasey","E14001561","Total","Aged 10-14","Value",6077
"2024","Wallasey","E14001561","Total","Aged 15-19","Value",5619
"2024","Wallasey","E14001561","Total","Aged 20-24","Value",4492
"2024","Wallasey","E14001561","Total","Aged 25-29","Value",5755
"2024","Wallasey","E14001561","Total","Aged 30-34","Value",6416
"2024","Wallasey","E14001561","Total","Aged 35-39","Value",6549
"2024","Wallasey","E14001561","Total","Aged 40-44","Value",5969
"2024","Wallasey","E14001561","Total","Aged 45-49","Value",5512
"2024","Wallasey","E14001561","Total","Aged 50-54","Value",6379
"2024","Wallasey","E14001561","Total","Aged 55-59","Value",6988
"2024","Wallasey","E14001561","Total","Aged 60-64","Value",6971
"2024","Wallasey","E14001561","Total","Aged 65-69","Value",6121
"2024","Wallasey","E14001561","Total","Aged 70-74","Value",5286
"2024","Wallasey","E14001561","Total","Aged 75-79","Value",4564
"2024","Wallasey","E14001561","Total","Aged 80-84","Value",2751
"2024","Wallasey","E14001561","Total","Aged 85+","Value",2562
"2024","Warrington North","E14001564","Total","All Ages","Value",96390
"2024","Warrington North","E14001564","Total","Age 0 - 4","Value",4612
"2024","Warrington North","E14001564","Total","Aged 5-9","Value",5603
"2024","Warrington North","E14001564","Total","Aged 10-14","Value",5978
"2024","Warrington North","E14001564","Total","Aged 15-19","Value",5346
"2024","Warrington North","E14001564","Total","Aged 20-24","Value",4561
"2024","Warrington North","E14001564","Total","Aged 25-29","Value",5325
"2024","Warrington North","E14001564","Total","Aged 30-34","Value",6271
"2024","Warrington North","E14001564","Total","Aged 35-39","Value",6762
"2024","Warrington North","E14001564","Total","Aged 40-44","Value",6477
"2024","Warrington North","E14001564","Total","Aged 45-49","Value",5674
"2024","Warrington North","E14001564","Total","Aged 50-54","Value",6366
"2024","Warrington North","E14001564","Total","Aged 55-59","Value",7192
"2024","Warrington North","E14001564","Total","Aged 60-64","Value",6610
"2024","Warrington North","E14001564","Total","Aged 65-69","Value",5513
"2024","Warrington North","E14001564","Total","Aged 70-74","Value",4664
"2024","Warrington North","E14001564","Total","Aged 75-79","Value",4394
"2024","Warrington North","E14001564","Total","Aged 80-84","Value",2721
"2024","Warrington North","E14001564","Total","Aged 85+","Value",2321
"2024","Warrington South","E14001565","Total","All Ages","Value",106028
"2024","Warrington South","E14001565","Total","Age 0 - 4","Value",5236
"2024","Warrington South","E14001565","Total","Aged 5-9","Value",6212
"2024","Warrington South","E14001565","Total","Aged 10-14","Value",6898
"2024","Warrington South","E14001565","Total","Aged 15-19","Value",5904
"2024","Warrington South","E14001565","Total","Aged 20-24","Value",4580
"2024","Warrington South","E14001565","Total","Aged 25-29","Value",6448
"2024","Warrington South","E14001565","Total","Aged 30-34","Value",7031
"2024","Warrington South","E14001565","Total","Aged 35-39","Value",7485
"2024","Warrington South","E14001565","Total","Aged 40-44","Value",7429
"2024","Warrington South","E14001565","Total","Aged 45-49","Value",6947
"2024","Warrington South","E14001565","Total","Aged 50-54","Value",7635
"2024","Warrington South","E14001565","Total","Aged 55-59","Value",7448
"2024","Warrington South","E14001565","Total","Aged 60-64","Value",6866
"2024","Warrington South","E14001565","Total","Aged 65-69","Value",5127
"2024","Warrington South","E14001565","Total","Aged 70-74","Value",4577
"2024","Warrington South","E14001565","Total","Aged 75-79","Value",4437
"2024","Warrington South","E14001565","Total","Aged 80-84","Value",2982
"2024","Warrington South","E14001565","Total","Aged 85+","Value",2786
"2024","West Lancashire","E14001577","Total","All Ages","Value",104126
"2024","West Lancashire","E14001577","Total","Age 0 - 4","Value",4856
"2024","West Lancashire","E14001577","Total","Aged 5-9","Value",5349
"2024","West Lancashire","E14001577","Total","Aged 10-14","Value",5827
"2024","West Lancashire","E14001577","Total","Aged 15-19","Value",7235
"2024","West Lancashire","E14001577","Total","Aged 20-24","Value",8368
"2024","West Lancashire","E14001577","Total","Aged 25-29","Value",5043
"2024","West Lancashire","E14001577","Total","Aged 30-34","Value",5941
"2024","West Lancashire","E14001577","Total","Aged 35-39","Value",6036
"2024","West Lancashire","E14001577","Total","Aged 40-44","Value",5773
"2024","West Lancashire","E14001577","Total","Aged 45-49","Value",5432
"2024","West Lancashire","E14001577","Total","Aged 50-54","Value",6949
"2024","West Lancashire","E14001577","Total","Aged 55-59","Value",7600
"2024","West Lancashire","E14001577","Total","Aged 60-64","Value",7176
"2024","West Lancashire","E14001577","Total","Aged 65-69","Value",5953
"2024","West Lancashire","E14001577","Total","Aged 70-74","Value",5207
"2024","West Lancashire","E14001577","Total","Aged 75-79","Value",4994
"2024","West Lancashire","E14001577","Total","Aged 80-84","Value",3312
"2024","West Lancashire","E14001577","Total","Aged 85+","Value",3075
"2024","Westmorland and Lonsdale","E14001580","Total","All Ages","Value",91583
"2024","Westmorland and Lonsdale","E14001580","Total","Age 0 - 4","Value",3081
"2024","Westmorland and Lonsdale","E14001580","Total","Aged 5-9","Value",3881
"2024","Westmorland and Lonsdale","E14001580","Total","Aged 10-14","Value",4274
"2024","Westmorland and Lonsdale","E14001580","Total","Aged 15-19","Value",4394
"2024","Westmorland and Lonsdale","E14001580","Total","Aged 20-24","Value",3704
"2024","Westmorland and Lonsdale","E14001580","Total","Aged 25-29","Value",4209
"2024","Westmorland and Lonsdale","E14001580","Total","Aged 30-34","Value",4712
"2024","Westmorland and Lonsdale","E14001580","Total","Aged 35-39","Value",4970
"2024","Westmorland and Lonsdale","E14001580","Total","Aged 40-44","Value",5012
"2024","Westmorland and Lonsdale","E14001580","Total","Aged 45-49","Value",5094
"2024","Westmorland and Lonsdale","E14001580","Total","Aged 50-54","Value",6177
"2024","Westmorland and Lonsdale","E14001580","Total","Aged 55-59","Value",7576
"2024","Westmorland and Lonsdale","E14001580","Total","Aged 60-64","Value",7958
"2024","Westmorland and Lonsdale","E14001580","Total","Aged 65-69","Value",6822
"2024","Westmorland and Lonsdale","E14001580","Total","Aged 70-74","Value",6074
"2024","Westmorland and Lonsdale","E14001580","Total","Aged 75-79","Value",6115
"2024","Westmorland and Lonsdale","E14001580","Total","Aged 80-84","Value",3905
"2024","Westmorland and Lonsdale","E14001580","Total","Aged 85+","Value",3625
"2024","Whitehaven and Workington","E14001583","Total","All Ages","Value",94806
"2024","Whitehaven and Workington","E14001583","Total","Age 0 - 4","Value",4346
"2024","Whitehaven and Workington","E14001583","Total","Aged 5-9","Value",5155
"2024","Whitehaven and Workington","E14001583","Total","Aged 10-14","Value",5491
"2024","Whitehaven and Workington","E14001583","Total","Aged 15-19","Value",4912
"2024","Whitehaven and Workington","E14001583","Total","Aged 20-24","Value",4167
"2024","Whitehaven and Workington","E14001583","Total","Aged 25-29","Value",5321
"2024","Whitehaven and Workington","E14001583","Total","Aged 30-34","Value",5950
"2024","Whitehaven and Workington","E14001583","Total","Aged 35-39","Value",5897
"2024","Whitehaven and Workington","E14001583","Total","Aged 40-44","Value",5598
"2024","Whitehaven and Workington","E14001583","Total","Aged 45-49","Value",4857
"2024","Whitehaven and Workington","E14001583","Total","Aged 50-54","Value",6294
"2024","Whitehaven and Workington","E14001583","Total","Aged 55-59","Value",7428
"2024","Whitehaven and Workington","E14001583","Total","Aged 60-64","Value",7337
"2024","Whitehaven and Workington","E14001583","Total","Aged 65-69","Value",6241
"2024","Whitehaven and Workington","E14001583","Total","Aged 70-74","Value",5300
"2024","Whitehaven and Workington","E14001583","Total","Aged 75-79","Value",4826
"2024","Whitehaven and Workington","E14001583","Total","Aged 80-84","Value",2998
"2024","Whitehaven and Workington","E14001583","Total","Aged 85+","Value",2688
"2024","Widnes and Halewood","E14001584","Total","All Ages","Value",94423
"2024","Widnes and Halewood","E14001584","Total","Age 0 - 4","Value",4788
"2024","Widnes and Halewood","E14001584","Total","Aged 5-9","Value",5526
"2024","Widnes and Halewood","E14001584","Total","Aged 10-14","Value",5816
"2024","Widnes and Halewood","E14001584","Total","Aged 15-19","Value",5580
"2024","Widnes and Halewood","E14001584","Total","Aged 20-24","Value",4716
"2024","Widnes and Halewood","E14001584","Total","Aged 25-29","Value",5458
"2024","Widnes and Halewood","E14001584","Total","Aged 30-34","Value",6420
"2024","Widnes and Halewood","E14001584","Total","Aged 35-39","Value",6637
"2024","Widnes and Halewood","E14001584","Total","Aged 40-44","Value",6194
"2024","Widnes and Halewood","E14001584","Total","Aged 45-49","Value",5338
"2024","Widnes and Halewood","E14001584","Total","Aged 50-54","Value",6151
"2024","Widnes and Halewood","E14001584","Total","Aged 55-59","Value",6479
"2024","Widnes and Halewood","E14001584","Total","Aged 60-64","Value",6846
"2024","Widnes and Halewood","E14001584","Total","Aged 65-69","Value",5690
"2024","Widnes and Halewood","E14001584","Total","Aged 70-74","Value",4503
"2024","Widnes and Halewood","E14001584","Total","Aged 75-79","Value",3849
"2024","Widnes and Halewood","E14001584","Total","Aged 80-84","Value",2285
"2024","Widnes and Halewood","E14001584","Total","Aged 85+","Value",2147
"2024","Wigan","E14001585","Total","All Ages","Value",109162
"2024","Wigan","E14001585","Total","Age 0 - 4","Value",5844
"2024","Wigan","E14001585","Total","Aged 5-9","Value",6354
"2024","Wigan","E14001585","Total","Aged 10-14","Value",6657
"2024","Wigan","E14001585","Total","Aged 15-19","Value",6063
"2024","Wigan","E14001585","Total","Aged 20-24","Value",5530
"2024","Wigan","E14001585","Total","Aged 25-29","Value",6932
"2024","Wigan","E14001585","Total","Aged 30-34","Value",7819
"2024","Wigan","E14001585","Total","Aged 35-39","Value",7855
"2024","Wigan","E14001585","Total","Aged 40-44","Value",7038
"2024","Wigan","E14001585","Total","Aged 45-49","Value",6166
"2024","Wigan","E14001585","Total","Aged 50-54","Value",7319
"2024","Wigan","E14001585","Total","Aged 55-59","Value",7723
"2024","Wigan","E14001585","Total","Aged 60-64","Value",7117
"2024","Wigan","E14001585","Total","Aged 65-69","Value",5690
"2024","Wigan","E14001585","Total","Aged 70-74","Value",4956
"2024","Wigan","E14001585","Total","Aged 75-79","Value",4768
"2024","Wigan","E14001585","Total","Aged 80-84","Value",2920
"2024","Wigan","E14001585","Total","Aged 85+","Value",2411
"2024","Wirral West","E14001589","Total","All Ages","Value",89076
"2024","Wirral West","E14001589","Total","Age 0 - 4","Value",3542
"2024","Wirral West","E14001589","Total","Aged 5-9","Value",4717
"2024","Wirral West","E14001589","Total","Aged 10-14","Value",5056
"2024","Wirral West","E14001589","Total","Aged 15-19","Value",4491
"2024","Wirral West","E14001589","Total","Aged 20-24","Value",3400
"2024","Wirral West","E14001589","Total","Aged 25-29","Value",3696
"2024","Wirral West","E14001589","Total","Aged 30-34","Value",4330
"2024","Wirral West","E14001589","Total","Aged 35-39","Value",4751
"2024","Wirral West","E14001589","Total","Aged 40-44","Value",5089
"2024","Wirral West","E14001589","Total","Aged 45-49","Value",4970
"2024","Wirral West","E14001589","Total","Aged 50-54","Value",5767
"2024","Wirral West","E14001589","Total","Aged 55-59","Value",6506
"2024","Wirral West","E14001589","Total","Aged 60-64","Value",6842
"2024","Wirral West","E14001589","Total","Aged 65-69","Value",6080
"2024","Wirral West","E14001589","Total","Aged 70-74","Value",6111
"2024","Wirral West","E14001589","Total","Aged 75-79","Value",5826
"2024","Wirral West","E14001589","Total","Aged 80-84","Value",3848
"2024","Wirral West","E14001589","Total","Aged 85+","Value",4054
"2024","Worsley and Eccles","E14001598","Total","All Ages","Value",111068
"2024","Worsley and Eccles","E14001598","Total","Age 0 - 4","Value",6584
"2024","Worsley and Eccles","E14001598","Total","Aged 5-9","Value",6944
"2024","Worsley and Eccles","E14001598","Total","Aged 10-14","Value",7011
"2024","Worsley and Eccles","E14001598","Total","Aged 15-19","Value",6177
"2024","Worsley and Eccles","E14001598","Total","Aged 20-24","Value",5768
"2024","Worsley and Eccles","E14001598","Total","Aged 25-29","Value",7499
"2024","Worsley and Eccles","E14001598","Total","Aged 30-34","Value",9047
"2024","Worsley and Eccles","E14001598","Total","Aged 35-39","Value",8675
"2024","Worsley and Eccles","E14001598","Total","Aged 40-44","Value",7685
"2024","Worsley and Eccles","E14001598","Total","Aged 45-49","Value",6453
"2024","Worsley and Eccles","E14001598","Total","Aged 50-54","Value",6740
"2024","Worsley and Eccles","E14001598","Total","Aged 55-59","Value",7160
"2024","Worsley and Eccles","E14001598","Total","Aged 60-64","Value",6402
"2024","Worsley and Eccles","E14001598","Total","Aged 65-69","Value",5173
"2024","Worsley and Eccles","E14001598","Total","Aged 70-74","Value",4253
"2024","Worsley and Eccles","E14001598","Total","Aged 75-79","Value",4349
"2024","Worsley and Eccles","E14001598","Total","Aged 80-84","Value",2724
"2024","Worsley and Eccles","E14001598","Total","Aged 85+","Value",2424
"2024","Wythenshawe and Sale East","E14001602","Total","All Ages","Value",114215
"2024","Wythenshawe and Sale East","E14001602","Total","Age 0 - 4","Value",7287
"2024","Wythenshawe and Sale East","E14001602","Total","Aged 5-9","Value",8629
"2024","Wythenshawe and Sale East","E14001602","Total","Aged 10-14","Value",8592
"2024","Wythenshawe and Sale East","E14001602","Total","Aged 15-19","Value",6884
"2024","Wythenshawe and Sale East","E14001602","Total","Aged 20-24","Value",5635
"2024","Wythenshawe and Sale East","E14001602","Total","Aged 25-29","Value",6759
"2024","Wythenshawe and Sale East","E14001602","Total","Aged 30-34","Value",8326
"2024","Wythenshawe and Sale East","E14001602","Total","Aged 35-39","Value",9142
"2024","Wythenshawe and Sale East","E14001602","Total","Aged 40-44","Value",8880
"2024","Wythenshawe and Sale East","E14001602","Total","Aged 45-49","Value",7257
"2024","Wythenshawe and Sale East","E14001602","Total","Aged 50-54","Value",6904
"2024","Wythenshawe and Sale East","E14001602","Total","Aged 55-59","Value",6595
"2024","Wythenshawe and Sale East","E14001602","Total","Aged 60-64","Value",6085
"2024","Wythenshawe and Sale East","E14001602","Total","Aged 65-69","Value",5070
"2024","Wythenshawe and Sale East","E14001602","Total","Aged 70-74","Value",4409
"2024","Wythenshawe and Sale East","E14001602","Total","Aged 75-79","Value",3761
"2024","Wythenshawe and Sale East","E14001602","Total","Aged 80-84","Value",2020
"2024","Wythenshawe and Sale East","E14001602","Total","Aged 85+","Value",1980
"2024","Barnsley North","E14001074","Total","All Ages","Value",107727
"2024","Barnsley North","E14001074","Total","Age 0 - 4","Value",5927
"2024","Barnsley North","E14001074","Total","Aged 5-9","Value",6234
"2024","Barnsley North","E14001074","Total","Aged 10-14","Value",6473
"2024","Barnsley North","E14001074","Total","Aged 15-19","Value",5807
"2024","Barnsley North","E14001074","Total","Aged 20-24","Value",5021
"2024","Barnsley North","E14001074","Total","Aged 25-29","Value",7059
"2024","Barnsley North","E14001074","Total","Aged 30-34","Value",8141
"2024","Barnsley North","E14001074","Total","Aged 35-39","Value",7508
"2024","Barnsley North","E14001074","Total","Aged 40-44","Value",6891
"2024","Barnsley North","E14001074","Total","Aged 45-49","Value",5719
"2024","Barnsley North","E14001074","Total","Aged 50-54","Value",7070
"2024","Barnsley North","E14001074","Total","Aged 55-59","Value",7868
"2024","Barnsley North","E14001074","Total","Aged 60-64","Value",7159
"2024","Barnsley North","E14001074","Total","Aged 65-69","Value",5947
"2024","Barnsley North","E14001074","Total","Aged 70-74","Value",5017
"2024","Barnsley North","E14001074","Total","Aged 75-79","Value",4670
"2024","Barnsley North","E14001074","Total","Aged 80-84","Value",2815
"2024","Barnsley North","E14001074","Total","Aged 85+","Value",2401
"2024","Barnsley South","E14001075","Total","All Ages","Value",107953
"2024","Barnsley South","E14001075","Total","Age 0 - 4","Value",5995
"2024","Barnsley South","E14001075","Total","Aged 5-9","Value",6465
"2024","Barnsley South","E14001075","Total","Aged 10-14","Value",6641
"2024","Barnsley South","E14001075","Total","Aged 15-19","Value",5868
"2024","Barnsley South","E14001075","Total","Aged 20-24","Value",5180
"2024","Barnsley South","E14001075","Total","Aged 25-29","Value",7098
"2024","Barnsley South","E14001075","Total","Aged 30-34","Value",8236
"2024","Barnsley South","E14001075","Total","Aged 35-39","Value",7669
"2024","Barnsley South","E14001075","Total","Aged 40-44","Value",6663
"2024","Barnsley South","E14001075","Total","Aged 45-49","Value",5830
"2024","Barnsley South","E14001075","Total","Aged 50-54","Value",7231
"2024","Barnsley South","E14001075","Total","Aged 55-59","Value",7816
"2024","Barnsley South","E14001075","Total","Aged 60-64","Value",6928
"2024","Barnsley South","E14001075","Total","Aged 65-69","Value",5847
"2024","Barnsley South","E14001075","Total","Aged 70-74","Value",4895
"2024","Barnsley South","E14001075","Total","Aged 75-79","Value",4487
"2024","Barnsley South","E14001075","Total","Aged 80-84","Value",2765
"2024","Barnsley South","E14001075","Total","Aged 85+","Value",2339
"2024","Beverley and Holderness","E14001087","Total","All Ages","Value",91881
"2024","Beverley and Holderness","E14001087","Total","Age 0 - 4","Value",3453
"2024","Beverley and Holderness","E14001087","Total","Aged 5-9","Value",4267
"2024","Beverley and Holderness","E14001087","Total","Aged 10-14","Value",4900
"2024","Beverley and Holderness","E14001087","Total","Aged 15-19","Value",4801
"2024","Beverley and Holderness","E14001087","Total","Aged 20-24","Value",3648
"2024","Beverley and Holderness","E14001087","Total","Aged 25-29","Value",4302
"2024","Beverley and Holderness","E14001087","Total","Aged 30-34","Value",4702
"2024","Beverley and Holderness","E14001087","Total","Aged 35-39","Value",4735
"2024","Beverley and Holderness","E14001087","Total","Aged 40-44","Value",4983
"2024","Beverley and Holderness","E14001087","Total","Aged 45-49","Value",4844
"2024","Beverley and Holderness","E14001087","Total","Aged 50-54","Value",6516
"2024","Beverley and Holderness","E14001087","Total","Aged 55-59","Value",7512
"2024","Beverley and Holderness","E14001087","Total","Aged 60-64","Value",7496
"2024","Beverley and Holderness","E14001087","Total","Aged 65-69","Value",6829
"2024","Beverley and Holderness","E14001087","Total","Aged 70-74","Value",6209
"2024","Beverley and Holderness","E14001087","Total","Aged 75-79","Value",5938
"2024","Beverley and Holderness","E14001087","Total","Aged 80-84","Value",3600
"2024","Beverley and Holderness","E14001087","Total","Aged 85+","Value",3146
"2024","Bradford East","E14001118","Total","All Ages","Value",123969
"2024","Bradford East","E14001118","Total","Age 0 - 4","Value",9165
"2024","Bradford East","E14001118","Total","Aged 5-9","Value",9879
"2024","Bradford East","E14001118","Total","Aged 10-14","Value",10386
"2024","Bradford East","E14001118","Total","Aged 15-19","Value",10045
"2024","Bradford East","E14001118","Total","Aged 20-24","Value",8757
"2024","Bradford East","E14001118","Total","Aged 25-29","Value",8645
"2024","Bradford East","E14001118","Total","Aged 30-34","Value",8976
"2024","Bradford East","E14001118","Total","Aged 35-39","Value",9460
"2024","Bradford East","E14001118","Total","Aged 40-44","Value",8985
"2024","Bradford East","E14001118","Total","Aged 45-49","Value",7251
"2024","Bradford East","E14001118","Total","Aged 50-54","Value",7169
"2024","Bradford East","E14001118","Total","Aged 55-59","Value",6260
"2024","Bradford East","E14001118","Total","Aged 60-64","Value",5596
"2024","Bradford East","E14001118","Total","Aged 65-69","Value",4386
"2024","Bradford East","E14001118","Total","Aged 70-74","Value",3532
"2024","Bradford East","E14001118","Total","Aged 75-79","Value",2466
"2024","Bradford East","E14001118","Total","Aged 80-84","Value",1506
"2024","Bradford East","E14001118","Total","Aged 85+","Value",1505
"2024","Bradford South","E14001119","Total","All Ages","Value",112212
"2024","Bradford South","E14001119","Total","Age 0 - 4","Value",7710
"2024","Bradford South","E14001119","Total","Aged 5-9","Value",8255
"2024","Bradford South","E14001119","Total","Aged 10-14","Value",8512
"2024","Bradford South","E14001119","Total","Aged 15-19","Value",7928
"2024","Bradford South","E14001119","Total","Aged 20-24","Value",6338
"2024","Bradford South","E14001119","Total","Aged 25-29","Value",6829
"2024","Bradford South","E14001119","Total","Aged 30-34","Value",7863
"2024","Bradford South","E14001119","Total","Aged 35-39","Value",8249
"2024","Bradford South","E14001119","Total","Aged 40-44","Value",7983
"2024","Bradford South","E14001119","Total","Aged 45-49","Value",6572
"2024","Bradford South","E14001119","Total","Aged 50-54","Value",6713
"2024","Bradford South","E14001119","Total","Aged 55-59","Value",6812
"2024","Bradford South","E14001119","Total","Aged 60-64","Value",6199
"2024","Bradford South","E14001119","Total","Aged 65-69","Value",5150
"2024","Bradford South","E14001119","Total","Aged 70-74","Value",3933
"2024","Bradford South","E14001119","Total","Aged 75-79","Value",3372
"2024","Bradford South","E14001119","Total","Aged 80-84","Value",1984
"2024","Bradford South","E14001119","Total","Aged 85+","Value",1810
"2024","Bradford West","E14001120","Total","All Ages","Value",127065
"2024","Bradford West","E14001120","Total","Age 0 - 4","Value",9224
"2024","Bradford West","E14001120","Total","Aged 5-9","Value",9579
"2024","Bradford West","E14001120","Total","Aged 10-14","Value",10110
"2024","Bradford West","E14001120","Total","Aged 15-19","Value",10448
"2024","Bradford West","E14001120","Total","Aged 20-24","Value",10321
"2024","Bradford West","E14001120","Total","Aged 25-29","Value",10112
"2024","Bradford West","E14001120","Total","Aged 30-34","Value",9842
"2024","Bradford West","E14001120","Total","Aged 35-39","Value",9741
"2024","Bradford West","E14001120","Total","Aged 40-44","Value",9171
"2024","Bradford West","E14001120","Total","Aged 45-49","Value",7648
"2024","Bradford West","E14001120","Total","Aged 50-54","Value",6865
"2024","Bradford West","E14001120","Total","Aged 55-59","Value",5795
"2024","Bradford West","E14001120","Total","Aged 60-64","Value",4821
"2024","Bradford West","E14001120","Total","Aged 65-69","Value",4506
"2024","Bradford West","E14001120","Total","Aged 70-74","Value",3467
"2024","Bradford West","E14001120","Total","Aged 75-79","Value",2266
"2024","Bradford West","E14001120","Total","Aged 80-84","Value",1511
"2024","Bradford West","E14001120","Total","Aged 85+","Value",1638
"2024","Bridlington and The Wolds","E14001127","Total","All Ages","Value",95271
"2024","Bridlington and The Wolds","E14001127","Total","Age 0 - 4","Value",3618
"2024","Bridlington and The Wolds","E14001127","Total","Aged 5-9","Value",4443
"2024","Bridlington and The Wolds","E14001127","Total","Aged 10-14","Value",4733
"2024","Bridlington and The Wolds","E14001127","Total","Aged 15-19","Value",4375
"2024","Bridlington and The Wolds","E14001127","Total","Aged 20-24","Value",3576
"2024","Bridlington and The Wolds","E14001127","Total","Aged 25-29","Value",4166
"2024","Bridlington and The Wolds","E14001127","Total","Aged 30-34","Value",4879
"2024","Bridlington and The Wolds","E14001127","Total","Aged 35-39","Value",4948
"2024","Bridlington and The Wolds","E14001127","Total","Aged 40-44","Value",4784
"2024","Bridlington and The Wolds","E14001127","Total","Aged 45-49","Value",4758
"2024","Bridlington and The Wolds","E14001127","Total","Aged 50-54","Value",6182
"2024","Bridlington and The Wolds","E14001127","Total","Aged 55-59","Value",7408
"2024","Bridlington and The Wolds","E14001127","Total","Aged 60-64","Value",8061
"2024","Bridlington and The Wolds","E14001127","Total","Aged 65-69","Value",7507
"2024","Bridlington and The Wolds","E14001127","Total","Aged 70-74","Value",6958
"2024","Bridlington and The Wolds","E14001127","Total","Aged 75-79","Value",7048
"2024","Bridlington and The Wolds","E14001127","Total","Aged 80-84","Value",4166
"2024","Bridlington and The Wolds","E14001127","Total","Aged 85+","Value",3661
"2024","Brigg and Immingham","E14001128","Total","All Ages","Value",93089
"2024","Brigg and Immingham","E14001128","Total","Age 0 - 4","Value",3836
"2024","Brigg and Immingham","E14001128","Total","Aged 5-9","Value",4708
"2024","Brigg and Immingham","E14001128","Total","Aged 10-14","Value",5443
"2024","Brigg and Immingham","E14001128","Total","Aged 15-19","Value",5043
"2024","Brigg and Immingham","E14001128","Total","Aged 20-24","Value",3578
"2024","Brigg and Immingham","E14001128","Total","Aged 25-29","Value",4309
"2024","Brigg and Immingham","E14001128","Total","Aged 30-34","Value",5143
"2024","Brigg and Immingham","E14001128","Total","Aged 35-39","Value",5389
"2024","Brigg and Immingham","E14001128","Total","Aged 40-44","Value",5274
"2024","Brigg and Immingham","E14001128","Total","Aged 45-49","Value",5054
"2024","Brigg and Immingham","E14001128","Total","Aged 50-54","Value",6338
"2024","Brigg and Immingham","E14001128","Total","Aged 55-59","Value",7423
"2024","Brigg and Immingham","E14001128","Total","Aged 60-64","Value",7394
"2024","Brigg and Immingham","E14001128","Total","Aged 65-69","Value",6318
"2024","Brigg and Immingham","E14001128","Total","Aged 70-74","Value",5542
"2024","Brigg and Immingham","E14001128","Total","Aged 75-79","Value",5437
"2024","Brigg and Immingham","E14001128","Total","Aged 80-84","Value",3505
"2024","Brigg and Immingham","E14001128","Total","Aged 85+","Value",3355
"2024","Calder Valley","E14001147","Total","All Ages","Value",99580
"2024","Calder Valley","E14001147","Total","Age 0 - 4","Value",4313
"2024","Calder Valley","E14001147","Total","Aged 5-9","Value",5221
"2024","Calder Valley","E14001147","Total","Aged 10-14","Value",5891
"2024","Calder Valley","E14001147","Total","Aged 15-19","Value",5724
"2024","Calder Valley","E14001147","Total","Aged 20-24","Value",4247
"2024","Calder Valley","E14001147","Total","Aged 25-29","Value",5166
"2024","Calder Valley","E14001147","Total","Aged 30-34","Value",5747
"2024","Calder Valley","E14001147","Total","Aged 35-39","Value",5947
"2024","Calder Valley","E14001147","Total","Aged 40-44","Value",6169
"2024","Calder Valley","E14001147","Total","Aged 45-49","Value",6211
"2024","Calder Valley","E14001147","Total","Aged 50-54","Value",7654
"2024","Calder Valley","E14001147","Total","Aged 55-59","Value",8124
"2024","Calder Valley","E14001147","Total","Aged 60-64","Value",7211
"2024","Calder Valley","E14001147","Total","Aged 65-69","Value",6089
"2024","Calder Valley","E14001147","Total","Aged 70-74","Value",5284
"2024","Calder Valley","E14001147","Total","Aged 75-79","Value",5124
"2024","Calder Valley","E14001147","Total","Aged 80-84","Value",2909
"2024","Calder Valley","E14001147","Total","Aged 85+","Value",2549
"2024","Colne Valley","E14001177","Total","All Ages","Value",95311
"2024","Colne Valley","E14001177","Total","Age 0 - 4","Value",4668
"2024","Colne Valley","E14001177","Total","Aged 5-9","Value",5385
"2024","Colne Valley","E14001177","Total","Aged 10-14","Value",5800
"2024","Colne Valley","E14001177","Total","Aged 15-19","Value",5407
"2024","Colne Valley","E14001177","Total","Aged 20-24","Value",4078
"2024","Colne Valley","E14001177","Total","Aged 25-29","Value",4891
"2024","Colne Valley","E14001177","Total","Aged 30-34","Value",6007
"2024","Colne Valley","E14001177","Total","Aged 35-39","Value",6128
"2024","Colne Valley","E14001177","Total","Aged 40-44","Value",5936
"2024","Colne Valley","E14001177","Total","Aged 45-49","Value",5881
"2024","Colne Valley","E14001177","Total","Aged 50-54","Value",7017
"2024","Colne Valley","E14001177","Total","Aged 55-59","Value",7174
"2024","Colne Valley","E14001177","Total","Aged 60-64","Value",6546
"2024","Colne Valley","E14001177","Total","Aged 65-69","Value",5500
"2024","Colne Valley","E14001177","Total","Aged 70-74","Value",4866
"2024","Colne Valley","E14001177","Total","Aged 75-79","Value",4710
"2024","Colne Valley","E14001177","Total","Aged 80-84","Value",2690
"2024","Colne Valley","E14001177","Total","Aged 85+","Value",2627
"2024","Dewsbury and Batley","E14001196","Total","All Ages","Value",106850
"2024","Dewsbury and Batley","E14001196","Total","Age 0 - 4","Value",7202
"2024","Dewsbury and Batley","E14001196","Total","Aged 5-9","Value",7551
"2024","Dewsbury and Batley","E14001196","Total","Aged 10-14","Value",7883
"2024","Dewsbury and Batley","E14001196","Total","Aged 15-19","Value",7793
"2024","Dewsbury and Batley","E14001196","Total","Aged 20-24","Value",7307
"2024","Dewsbury and Batley","E14001196","Total","Aged 25-29","Value",7505
"2024","Dewsbury and Batley","E14001196","Total","Aged 30-34","Value",7466
"2024","Dewsbury and Batley","E14001196","Total","Aged 35-39","Value",7892
"2024","Dewsbury and Batley","E14001196","Total","Aged 40-44","Value",7440
"2024","Dewsbury and Batley","E14001196","Total","Aged 45-49","Value",6634
"2024","Dewsbury and Batley","E14001196","Total","Aged 50-54","Value",6573
"2024","Dewsbury and Batley","E14001196","Total","Aged 55-59","Value",6124
"2024","Dewsbury and Batley","E14001196","Total","Aged 60-64","Value",5141
"2024","Dewsbury and Batley","E14001196","Total","Aged 65-69","Value",4293
"2024","Dewsbury and Batley","E14001196","Total","Aged 70-74","Value",3707
"2024","Dewsbury and Batley","E14001196","Total","Aged 75-79","Value",2851
"2024","Dewsbury and Batley","E14001196","Total","Aged 80-84","Value",1803
"2024","Dewsbury and Batley","E14001196","Total","Aged 85+","Value",1685
"2024","Doncaster Central","E14001198","Total","All Ages","Value",118550
"2024","Doncaster Central","E14001198","Total","Age 0 - 4","Value",6554
"2024","Doncaster Central","E14001198","Total","Aged 5-9","Value",7200
"2024","Doncaster Central","E14001198","Total","Aged 10-14","Value",7479
"2024","Doncaster Central","E14001198","Total","Aged 15-19","Value",6607
"2024","Doncaster Central","E14001198","Total","Aged 20-24","Value",5554
"2024","Doncaster Central","E14001198","Total","Aged 25-29","Value",7780
"2024","Doncaster Central","E14001198","Total","Aged 30-34","Value",8973
"2024","Doncaster Central","E14001198","Total","Aged 35-39","Value",9409
"2024","Doncaster Central","E14001198","Total","Aged 40-44","Value",8463
"2024","Doncaster Central","E14001198","Total","Aged 45-49","Value",6959
"2024","Doncaster Central","E14001198","Total","Aged 50-54","Value",7409
"2024","Doncaster Central","E14001198","Total","Aged 55-59","Value",7448
"2024","Doncaster Central","E14001198","Total","Aged 60-64","Value",7331
"2024","Doncaster Central","E14001198","Total","Aged 65-69","Value",6145
"2024","Doncaster Central","E14001198","Total","Aged 70-74","Value",5298
"2024","Doncaster Central","E14001198","Total","Aged 75-79","Value",4600
"2024","Doncaster Central","E14001198","Total","Aged 80-84","Value",2673
"2024","Doncaster Central","E14001198","Total","Aged 85+","Value",2668
"2024","Doncaster East and the Isle of Axholme","E14001199","Total","All Ages","Value",96228
"2024","Doncaster East and the Isle of Axholme","E14001199","Total","Age 0 - 4","Value",4925
"2024","Doncaster East and the Isle of Axholme","E14001199","Total","Aged 5-9","Value",5273
"2024","Doncaster East and the Isle of Axholme","E14001199","Total","Aged 10-14","Value",5820
"2024","Doncaster East and the Isle of Axholme","E14001199","Total","Aged 15-19","Value",5235
"2024","Doncaster East and the Isle of Axholme","E14001199","Total","Aged 20-24","Value",4168
"2024","Doncaster East and the Isle of Axholme","E14001199","Total","Aged 25-29","Value",5218
"2024","Doncaster East and the Isle of Axholme","E14001199","Total","Aged 30-34","Value",6154
"2024","Doncaster East and the Isle of Axholme","E14001199","Total","Aged 35-39","Value",6041
"2024","Doncaster East and the Isle of Axholme","E14001199","Total","Aged 40-44","Value",5934
"2024","Doncaster East and the Isle of Axholme","E14001199","Total","Aged 45-49","Value",5152
"2024","Doncaster East and the Isle of Axholme","E14001199","Total","Aged 50-54","Value",6372
"2024","Doncaster East and the Isle of Axholme","E14001199","Total","Aged 55-59","Value",7234
"2024","Doncaster East and the Isle of Axholme","E14001199","Total","Aged 60-64","Value",6948
"2024","Doncaster East and the Isle of Axholme","E14001199","Total","Aged 65-69","Value",6037
"2024","Doncaster East and the Isle of Axholme","E14001199","Total","Aged 70-74","Value",5198
"2024","Doncaster East and the Isle of Axholme","E14001199","Total","Aged 75-79","Value",4969
"2024","Doncaster East and the Isle of Axholme","E14001199","Total","Aged 80-84","Value",2950
"2024","Doncaster East and the Isle of Axholme","E14001199","Total","Aged 85+","Value",2600
"2024","Doncaster North","E14001200","Total","All Ages","Value",99193
"2024","Doncaster North","E14001200","Total","Age 0 - 4","Value",5731
"2024","Doncaster North","E14001200","Total","Aged 5-9","Value",5772
"2024","Doncaster North","E14001200","Total","Aged 10-14","Value",6137
"2024","Doncaster North","E14001200","Total","Aged 15-19","Value",5669
"2024","Doncaster North","E14001200","Total","Aged 20-24","Value",4863
"2024","Doncaster North","E14001200","Total","Aged 25-29","Value",6100
"2024","Doncaster North","E14001200","Total","Aged 30-34","Value",6701
"2024","Doncaster North","E14001200","Total","Aged 35-39","Value",6635
"2024","Doncaster North","E14001200","Total","Aged 40-44","Value",5957
"2024","Doncaster North","E14001200","Total","Aged 45-49","Value",5113
"2024","Doncaster North","E14001200","Total","Aged 50-54","Value",6265
"2024","Doncaster North","E14001200","Total","Aged 55-59","Value",7297
"2024","Doncaster North","E14001200","Total","Aged 60-64","Value",6774
"2024","Doncaster North","E14001200","Total","Aged 65-69","Value",5741
"2024","Doncaster North","E14001200","Total","Aged 70-74","Value",4744
"2024","Doncaster North","E14001200","Total","Aged 75-79","Value",4460
"2024","Doncaster North","E14001200","Total","Aged 80-84","Value",2815
"2024","Doncaster North","E14001200","Total","Aged 85+","Value",2419
"2024","Goole and Pocklington","E14001250","Total","All Ages","Value",108507
"2024","Goole and Pocklington","E14001250","Total","Age 0 - 4","Value",4879
"2024","Goole and Pocklington","E14001250","Total","Aged 5-9","Value",5753
"2024","Goole and Pocklington","E14001250","Total","Aged 10-14","Value",6344
"2024","Goole and Pocklington","E14001250","Total","Aged 15-19","Value",5554
"2024","Goole and Pocklington","E14001250","Total","Aged 20-24","Value",4470
"2024","Goole and Pocklington","E14001250","Total","Aged 25-29","Value",5732
"2024","Goole and Pocklington","E14001250","Total","Aged 30-34","Value",6500
"2024","Goole and Pocklington","E14001250","Total","Aged 35-39","Value",6710
"2024","Goole and Pocklington","E14001250","Total","Aged 40-44","Value",6616
"2024","Goole and Pocklington","E14001250","Total","Aged 45-49","Value",6431
"2024","Goole and Pocklington","E14001250","Total","Aged 50-54","Value",7683
"2024","Goole and Pocklington","E14001250","Total","Aged 55-59","Value",8402
"2024","Goole and Pocklington","E14001250","Total","Aged 60-64","Value",7898
"2024","Goole and Pocklington","E14001250","Total","Aged 65-69","Value",6803
"2024","Goole and Pocklington","E14001250","Total","Aged 70-74","Value",5977
"2024","Goole and Pocklington","E14001250","Total","Aged 75-79","Value",5975
"2024","Goole and Pocklington","E14001250","Total","Aged 80-84","Value",3487
"2024","Goole and Pocklington","E14001250","Total","Aged 85+","Value",3293
"2024","Great Grimsby and Cleethorpes","E14001255","Total","All Ages","Value",108309
"2024","Great Grimsby and Cleethorpes","E14001255","Total","Age 0 - 4","Value",5907
"2024","Great Grimsby and Cleethorpes","E14001255","Total","Aged 5-9","Value",6804
"2024","Great Grimsby and Cleethorpes","E14001255","Total","Aged 10-14","Value",7085
"2024","Great Grimsby and Cleethorpes","E14001255","Total","Aged 15-19","Value",6392
"2024","Great Grimsby and Cleethorpes","E14001255","Total","Aged 20-24","Value",5252
"2024","Great Grimsby and Cleethorpes","E14001255","Total","Aged 25-29","Value",6572
"2024","Great Grimsby and Cleethorpes","E14001255","Total","Aged 30-34","Value",7432
"2024","Great Grimsby and Cleethorpes","E14001255","Total","Aged 35-39","Value",7591
"2024","Great Grimsby and Cleethorpes","E14001255","Total","Aged 40-44","Value",6480
"2024","Great Grimsby and Cleethorpes","E14001255","Total","Aged 45-49","Value",5631
"2024","Great Grimsby and Cleethorpes","E14001255","Total","Aged 50-54","Value",6832
"2024","Great Grimsby and Cleethorpes","E14001255","Total","Aged 55-59","Value",7646
"2024","Great Grimsby and Cleethorpes","E14001255","Total","Aged 60-64","Value",7537
"2024","Great Grimsby and Cleethorpes","E14001255","Total","Aged 65-69","Value",6083
"2024","Great Grimsby and Cleethorpes","E14001255","Total","Aged 70-74","Value",5158
"2024","Great Grimsby and Cleethorpes","E14001255","Total","Aged 75-79","Value",4553
"2024","Great Grimsby and Cleethorpes","E14001255","Total","Aged 80-84","Value",2713
"2024","Great Grimsby and Cleethorpes","E14001255","Total","Aged 85+","Value",2641
"2024","Halifax","E14001262","Total","All Ages","Value",111349
"2024","Halifax","E14001262","Total","Age 0 - 4","Value",6546
"2024","Halifax","E14001262","Total","Aged 5-9","Value",7314
"2024","Halifax","E14001262","Total","Aged 10-14","Value",7678
"2024","Halifax","E14001262","Total","Aged 15-19","Value",7063
"2024","Halifax","E14001262","Total","Aged 20-24","Value",5894
"2024","Halifax","E14001262","Total","Aged 25-29","Value",7034
"2024","Halifax","E14001262","Total","Aged 30-34","Value",7800
"2024","Halifax","E14001262","Total","Aged 35-39","Value",7861
"2024","Halifax","E14001262","Total","Aged 40-44","Value",7352
"2024","Halifax","E14001262","Total","Aged 45-49","Value",6348
"2024","Halifax","E14001262","Total","Aged 50-54","Value",7310
"2024","Halifax","E14001262","Total","Aged 55-59","Value",7130
"2024","Halifax","E14001262","Total","Aged 60-64","Value",6684
"2024","Halifax","E14001262","Total","Aged 65-69","Value",5613
"2024","Halifax","E14001262","Total","Aged 70-74","Value",4664
"2024","Halifax","E14001262","Total","Aged 75-79","Value",4140
"2024","Halifax","E14001262","Total","Aged 80-84","Value",2616
"2024","Halifax","E14001262","Total","Aged 85+","Value",2302
"2024","Harrogate and Knaresborough","E14001269","Total","All Ages","Value",105723
"2024","Harrogate and Knaresborough","E14001269","Total","Age 0 - 4","Value",4607
"2024","Harrogate and Knaresborough","E14001269","Total","Aged 5-9","Value",5443
"2024","Harrogate and Knaresborough","E14001269","Total","Aged 10-14","Value",5905
"2024","Harrogate and Knaresborough","E14001269","Total","Aged 15-19","Value",7101
"2024","Harrogate and Knaresborough","E14001269","Total","Aged 20-24","Value",4014
"2024","Harrogate and Knaresborough","E14001269","Total","Aged 25-29","Value",5494
"2024","Harrogate and Knaresborough","E14001269","Total","Aged 30-34","Value",6284
"2024","Harrogate and Knaresborough","E14001269","Total","Aged 35-39","Value",6641
"2024","Harrogate and Knaresborough","E14001269","Total","Aged 40-44","Value",6788
"2024","Harrogate and Knaresborough","E14001269","Total","Aged 45-49","Value",6440
"2024","Harrogate and Knaresborough","E14001269","Total","Aged 50-54","Value",7562
"2024","Harrogate and Knaresborough","E14001269","Total","Aged 55-59","Value",7918
"2024","Harrogate and Knaresborough","E14001269","Total","Aged 60-64","Value",7375
"2024","Harrogate and Knaresborough","E14001269","Total","Aged 65-69","Value",6264
"2024","Harrogate and Knaresborough","E14001269","Total","Aged 70-74","Value",5335
"2024","Harrogate and Knaresborough","E14001269","Total","Aged 75-79","Value",5410
"2024","Harrogate and Knaresborough","E14001269","Total","Aged 80-84","Value",3419
"2024","Harrogate and Knaresborough","E14001269","Total","Aged 85+","Value",3723
"2024","Huddersfield","E14001297","Total","All Ages","Value",118939
"2024","Huddersfield","E14001297","Total","Age 0 - 4","Value",6841
"2024","Huddersfield","E14001297","Total","Aged 5-9","Value",7654
"2024","Huddersfield","E14001297","Total","Aged 10-14","Value",7934
"2024","Huddersfield","E14001297","Total","Aged 15-19","Value",7697
"2024","Huddersfield","E14001297","Total","Aged 20-24","Value",8759
"2024","Huddersfield","E14001297","Total","Aged 25-29","Value",8389
"2024","Huddersfield","E14001297","Total","Aged 30-34","Value",8687
"2024","Huddersfield","E14001297","Total","Aged 35-39","Value",8493
"2024","Huddersfield","E14001297","Total","Aged 40-44","Value",8179
"2024","Huddersfield","E14001297","Total","Aged 45-49","Value",6838
"2024","Huddersfield","E14001297","Total","Aged 50-54","Value",7109
"2024","Huddersfield","E14001297","Total","Aged 55-59","Value",7186
"2024","Huddersfield","E14001297","Total","Aged 60-64","Value",6508
"2024","Huddersfield","E14001297","Total","Aged 65-69","Value",5235
"2024","Huddersfield","E14001297","Total","Aged 70-74","Value",4452
"2024","Huddersfield","E14001297","Total","Aged 75-79","Value",4029
"2024","Huddersfield","E14001297","Total","Aged 80-84","Value",2528
"2024","Huddersfield","E14001297","Total","Aged 85+","Value",2421
"2024","Keighley and Ilkley","E14001308","Total","All Ages","Value",101455
"2024","Keighley and Ilkley","E14001308","Total","Age 0 - 4","Value",5355
"2024","Keighley and Ilkley","E14001308","Total","Aged 5-9","Value",6192
"2024","Keighley and Ilkley","E14001308","Total","Aged 10-14","Value",6609
"2024","Keighley and Ilkley","E14001308","Total","Aged 15-19","Value",6036
"2024","Keighley and Ilkley","E14001308","Total","Aged 20-24","Value",4826
"2024","Keighley and Ilkley","E14001308","Total","Aged 25-29","Value",5578
"2024","Keighley and Ilkley","E14001308","Total","Aged 30-34","Value",6146
"2024","Keighley and Ilkley","E14001308","Total","Aged 35-39","Value",6510
"2024","Keighley and Ilkley","E14001308","Total","Aged 40-44","Value",6406
"2024","Keighley and Ilkley","E14001308","Total","Aged 45-49","Value",6090
"2024","Keighley and Ilkley","E14001308","Total","Aged 50-54","Value",6533
"2024","Keighley and Ilkley","E14001308","Total","Aged 55-59","Value",6824
"2024","Keighley and Ilkley","E14001308","Total","Aged 60-64","Value",6743
"2024","Keighley and Ilkley","E14001308","Total","Aged 65-69","Value",5500
"2024","Keighley and Ilkley","E14001308","Total","Aged 70-74","Value",5101
"2024","Keighley and Ilkley","E14001308","Total","Aged 75-79","Value",4910
"2024","Keighley and Ilkley","E14001308","Total","Aged 80-84","Value",2875
"2024","Keighley and Ilkley","E14001308","Total","Aged 85+","Value",3221
"2024","Kingston upon Hull East","E14001313","Total","All Ages","Value",104318
"2024","Kingston upon Hull East","E14001313","Total","Age 0 - 4","Value",6372
"2024","Kingston upon Hull East","E14001313","Total","Aged 5-9","Value",6833
"2024","Kingston upon Hull East","E14001313","Total","Aged 10-14","Value",7423
"2024","Kingston upon Hull East","E14001313","Total","Aged 15-19","Value",6630
"2024","Kingston upon Hull East","E14001313","Total","Aged 20-24","Value",5092
"2024","Kingston upon Hull East","E14001313","Total","Aged 25-29","Value",6665
"2024","Kingston upon Hull East","E14001313","Total","Aged 30-34","Value",7940
"2024","Kingston upon Hull East","E14001313","Total","Aged 35-39","Value",7637
"2024","Kingston upon Hull East","E14001313","Total","Aged 40-44","Value",6601
"2024","Kingston upon Hull East","E14001313","Total","Aged 45-49","Value",5573
"2024","Kingston upon Hull East","E14001313","Total","Aged 50-54","Value",6327
"2024","Kingston upon Hull East","E14001313","Total","Aged 55-59","Value",6627
"2024","Kingston upon Hull East","E14001313","Total","Aged 60-64","Value",6404
"2024","Kingston upon Hull East","E14001313","Total","Aged 65-69","Value",5370
"2024","Kingston upon Hull East","E14001313","Total","Aged 70-74","Value",4530
"2024","Kingston upon Hull East","E14001313","Total","Aged 75-79","Value",4011
"2024","Kingston upon Hull East","E14001313","Total","Aged 80-84","Value",2103
"2024","Kingston upon Hull East","E14001313","Total","Aged 85+","Value",2180
"2024","Kingston upon Hull North and Cottingham","E14001314","Total","All Ages","Value",121649
"2024","Kingston upon Hull North and Cottingham","E14001314","Total","Age 0 - 4","Value",6706
"2024","Kingston upon Hull North and Cottingham","E14001314","Total","Aged 5-9","Value",7422
"2024","Kingston upon Hull North and Cottingham","E14001314","Total","Aged 10-14","Value",7533
"2024","Kingston upon Hull North and Cottingham","E14001314","Total","Aged 15-19","Value",8271
"2024","Kingston upon Hull North and Cottingham","E14001314","Total","Aged 20-24","Value",9025
"2024","Kingston upon Hull North and Cottingham","E14001314","Total","Aged 25-29","Value",8693
"2024","Kingston upon Hull North and Cottingham","E14001314","Total","Aged 30-34","Value",9939
"2024","Kingston upon Hull North and Cottingham","E14001314","Total","Aged 35-39","Value",9388
"2024","Kingston upon Hull North and Cottingham","E14001314","Total","Aged 40-44","Value",7903
"2024","Kingston upon Hull North and Cottingham","E14001314","Total","Aged 45-49","Value",6975
"2024","Kingston upon Hull North and Cottingham","E14001314","Total","Aged 50-54","Value",7216
"2024","Kingston upon Hull North and Cottingham","E14001314","Total","Aged 55-59","Value",7022
"2024","Kingston upon Hull North and Cottingham","E14001314","Total","Aged 60-64","Value",6644
"2024","Kingston upon Hull North and Cottingham","E14001314","Total","Aged 65-69","Value",5474
"2024","Kingston upon Hull North and Cottingham","E14001314","Total","Aged 70-74","Value",4707
"2024","Kingston upon Hull North and Cottingham","E14001314","Total","Aged 75-79","Value",3990
"2024","Kingston upon Hull North and Cottingham","E14001314","Total","Aged 80-84","Value",2392
"2024","Kingston upon Hull North and Cottingham","E14001314","Total","Aged 85+","Value",2349
"2024","Kingston upon Hull West and Haltemprice","E14001315","Total","All Ages","Value",109659
"2024","Kingston upon Hull West and Haltemprice","E14001315","Total","Age 0 - 4","Value",5989
"2024","Kingston upon Hull West and Haltemprice","E14001315","Total","Aged 5-9","Value",6235
"2024","Kingston upon Hull West and Haltemprice","E14001315","Total","Aged 10-14","Value",6571
"2024","Kingston upon Hull West and Haltemprice","E14001315","Total","Aged 15-19","Value",5906
"2024","Kingston upon Hull West and Haltemprice","E14001315","Total","Aged 20-24","Value",5196
"2024","Kingston upon Hull West and Haltemprice","E14001315","Total","Aged 25-29","Value",7563
"2024","Kingston upon Hull West and Haltemprice","E14001315","Total","Aged 30-34","Value",8596
"2024","Kingston upon Hull West and Haltemprice","E14001315","Total","Aged 35-39","Value",8060
"2024","Kingston upon Hull West and Haltemprice","E14001315","Total","Aged 40-44","Value",6933
"2024","Kingston upon Hull West and Haltemprice","E14001315","Total","Aged 45-49","Value",6069
"2024","Kingston upon Hull West and Haltemprice","E14001315","Total","Aged 50-54","Value",6745
"2024","Kingston upon Hull West and Haltemprice","E14001315","Total","Aged 55-59","Value",7272
"2024","Kingston upon Hull West and Haltemprice","E14001315","Total","Aged 60-64","Value",7124
"2024","Kingston upon Hull West and Haltemprice","E14001315","Total","Aged 65-69","Value",5869
"2024","Kingston upon Hull West and Haltemprice","E14001315","Total","Aged 70-74","Value",4971
"2024","Kingston upon Hull West and Haltemprice","E14001315","Total","Aged 75-79","Value",4506
"2024","Kingston upon Hull West and Haltemprice","E14001315","Total","Aged 80-84","Value",2919
"2024","Kingston upon Hull West and Haltemprice","E14001315","Total","Aged 85+","Value",3135
"2024","Leeds Central and Headingley","E14001319","Total","All Ages","Value",115823
"2024","Leeds Central and Headingley","E14001319","Total","Age 0 - 4","Value",3538
"2024","Leeds Central and Headingley","E14001319","Total","Aged 5-9","Value",3758
"2024","Leeds Central and Headingley","E14001319","Total","Aged 10-14","Value",3639
"2024","Leeds Central and Headingley","E14001319","Total","Aged 15-19","Value",12017
"2024","Leeds Central and Headingley","E14001319","Total","Aged 20-24","Value",37239
"2024","Leeds Central and Headingley","E14001319","Total","Aged 25-29","Value",14463
"2024","Leeds Central and Headingley","E14001319","Total","Aged 30-34","Value",8749
"2024","Leeds Central and Headingley","E14001319","Total","Aged 35-39","Value",6262
"2024","Leeds Central and Headingley","E14001319","Total","Aged 40-44","Value",4824
"2024","Leeds Central and Headingley","E14001319","Total","Aged 45-49","Value",3807
"2024","Leeds Central and Headingley","E14001319","Total","Aged 50-54","Value",3526
"2024","Leeds Central and Headingley","E14001319","Total","Aged 55-59","Value",3219
"2024","Leeds Central and Headingley","E14001319","Total","Aged 60-64","Value",2843
"2024","Leeds Central and Headingley","E14001319","Total","Aged 65-69","Value",2396
"2024","Leeds Central and Headingley","E14001319","Total","Aged 70-74","Value",1943
"2024","Leeds Central and Headingley","E14001319","Total","Aged 75-79","Value",1581
"2024","Leeds Central and Headingley","E14001319","Total","Aged 80-84","Value",915
"2024","Leeds Central and Headingley","E14001319","Total","Aged 85+","Value",1104
"2024","Leeds East","E14001320","Total","All Ages","Value",118364
"2024","Leeds East","E14001320","Total","Age 0 - 4","Value",7491
"2024","Leeds East","E14001320","Total","Aged 5-9","Value",8280
"2024","Leeds East","E14001320","Total","Aged 10-14","Value",8446
"2024","Leeds East","E14001320","Total","Aged 15-19","Value",7802
"2024","Leeds East","E14001320","Total","Aged 20-24","Value",7352
"2024","Leeds East","E14001320","Total","Aged 25-29","Value",7659
"2024","Leeds East","E14001320","Total","Aged 30-34","Value",8514
"2024","Leeds East","E14001320","Total","Aged 35-39","Value",8826
"2024","Leeds East","E14001320","Total","Aged 40-44","Value",7897
"2024","Leeds East","E14001320","Total","Aged 45-49","Value",7125
"2024","Leeds East","E14001320","Total","Aged 50-54","Value",7041
"2024","Leeds East","E14001320","Total","Aged 55-59","Value",6976
"2024","Leeds East","E14001320","Total","Aged 60-64","Value",6418
"2024","Leeds East","E14001320","Total","Aged 65-69","Value",5062
"2024","Leeds East","E14001320","Total","Aged 70-74","Value",4345
"2024","Leeds East","E14001320","Total","Aged 75-79","Value",3937
"2024","Leeds East","E14001320","Total","Aged 80-84","Value",2614
"2024","Leeds East","E14001320","Total","Aged 85+","Value",2579
"2024","Leeds North East","E14001321","Total","All Ages","Value",98263
"2024","Leeds North East","E14001321","Total","Age 0 - 4","Value",5509
"2024","Leeds North East","E14001321","Total","Aged 5-9","Value",6358
"2024","Leeds North East","E14001321","Total","Aged 10-14","Value",6629
"2024","Leeds North East","E14001321","Total","Aged 15-19","Value",5582
"2024","Leeds North East","E14001321","Total","Aged 20-24","Value",4925
"2024","Leeds North East","E14001321","Total","Aged 25-29","Value",6410
"2024","Leeds North East","E14001321","Total","Aged 30-34","Value",7032
"2024","Leeds North East","E14001321","Total","Aged 35-39","Value",7295
"2024","Leeds North East","E14001321","Total","Aged 40-44","Value",7534
"2024","Leeds North East","E14001321","Total","Aged 45-49","Value",6735
"2024","Leeds North East","E14001321","Total","Aged 50-54","Value",6192
"2024","Leeds North East","E14001321","Total","Aged 55-59","Value",5812
"2024","Leeds North East","E14001321","Total","Aged 60-64","Value",5392
"2024","Leeds North East","E14001321","Total","Aged 65-69","Value",4627
"2024","Leeds North East","E14001321","Total","Aged 70-74","Value",4042
"2024","Leeds North East","E14001321","Total","Aged 75-79","Value",3504
"2024","Leeds North East","E14001321","Total","Aged 80-84","Value",2192
"2024","Leeds North East","E14001321","Total","Aged 85+","Value",2493
"2024","Leeds North West","E14001322","Total","All Ages","Value",95167
"2024","Leeds North West","E14001322","Total","Age 0 - 4","Value",4744
"2024","Leeds North West","E14001322","Total","Aged 5-9","Value",5671
"2024","Leeds North West","E14001322","Total","Aged 10-14","Value",5850
"2024","Leeds North West","E14001322","Total","Aged 15-19","Value",5548
"2024","Leeds North West","E14001322","Total","Aged 20-24","Value",4322
"2024","Leeds North West","E14001322","Total","Aged 25-29","Value",4774
"2024","Leeds North West","E14001322","Total","Aged 30-34","Value",5877
"2024","Leeds North West","E14001322","Total","Aged 35-39","Value",6308
"2024","Leeds North West","E14001322","Total","Aged 40-44","Value",6554
"2024","Leeds North West","E14001322","Total","Aged 45-49","Value",5972
"2024","Leeds North West","E14001322","Total","Aged 50-54","Value",6267
"2024","Leeds North West","E14001322","Total","Aged 55-59","Value",6245
"2024","Leeds North West","E14001322","Total","Aged 60-64","Value",5724
"2024","Leeds North West","E14001322","Total","Aged 65-69","Value",5001
"2024","Leeds North West","E14001322","Total","Aged 70-74","Value",4956
"2024","Leeds North West","E14001322","Total","Aged 75-79","Value",5152
"2024","Leeds North West","E14001322","Total","Aged 80-84","Value",2917
"2024","Leeds North West","E14001322","Total","Aged 85+","Value",3285
"2024","Leeds South","E14001323","Total","All Ages","Value",132173
"2024","Leeds South","E14001323","Total","Age 0 - 4","Value",8678
"2024","Leeds South","E14001323","Total","Aged 5-9","Value",9427
"2024","Leeds South","E14001323","Total","Aged 10-14","Value",9304
"2024","Leeds South","E14001323","Total","Aged 15-19","Value",9077
"2024","Leeds South","E14001323","Total","Aged 20-24","Value",10671
"2024","Leeds South","E14001323","Total","Aged 25-29","Value",13058
"2024","Leeds South","E14001323","Total","Aged 30-34","Value",11714
"2024","Leeds South","E14001323","Total","Aged 35-39","Value",10668
"2024","Leeds South","E14001323","Total","Aged 40-44","Value",9211
"2024","Leeds South","E14001323","Total","Aged 45-49","Value",7531
"2024","Leeds South","E14001323","Total","Aged 50-54","Value",7162
"2024","Leeds South","E14001323","Total","Aged 55-59","Value",6725
"2024","Leeds South","E14001323","Total","Aged 60-64","Value",5677
"2024","Leeds South","E14001323","Total","Aged 65-69","Value",4291
"2024","Leeds South","E14001323","Total","Aged 70-74","Value",3225
"2024","Leeds South","E14001323","Total","Aged 75-79","Value",2673
"2024","Leeds South","E14001323","Total","Aged 80-84","Value",1576
"2024","Leeds South","E14001323","Total","Aged 85+","Value",1505
"2024","Leeds South West and Morley","E14001324","Total","All Ages","Value",98405
"2024","Leeds South West and Morley","E14001324","Total","Age 0 - 4","Value",5135
"2024","Leeds South West and Morley","E14001324","Total","Aged 5-9","Value",5879
"2024","Leeds South West and Morley","E14001324","Total","Aged 10-14","Value",6145
"2024","Leeds South West and Morley","E14001324","Total","Aged 15-19","Value",5500
"2024","Leeds South West and Morley","E14001324","Total","Aged 20-24","Value",4977
"2024","Leeds South West and Morley","E14001324","Total","Aged 25-29","Value",6405
"2024","Leeds South West and Morley","E14001324","Total","Aged 30-34","Value",7346
"2024","Leeds South West and Morley","E14001324","Total","Aged 35-39","Value",7098
"2024","Leeds South West and Morley","E14001324","Total","Aged 40-44","Value",6964
"2024","Leeds South West and Morley","E14001324","Total","Aged 45-49","Value",5934
"2024","Leeds South West and Morley","E14001324","Total","Aged 50-54","Value",6888
"2024","Leeds South West and Morley","E14001324","Total","Aged 55-59","Value",6857
"2024","Leeds South West and Morley","E14001324","Total","Aged 60-64","Value",6197
"2024","Leeds South West and Morley","E14001324","Total","Aged 65-69","Value",4966
"2024","Leeds South West and Morley","E14001324","Total","Aged 70-74","Value",3988
"2024","Leeds South West and Morley","E14001324","Total","Aged 75-79","Value",3853
"2024","Leeds South West and Morley","E14001324","Total","Aged 80-84","Value",2263
"2024","Leeds South West and Morley","E14001324","Total","Aged 85+","Value",2010
"2024","Leeds West and Pudsey","E14001325","Total","All Ages","Value",102721
"2024","Leeds West and Pudsey","E14001325","Total","Age 0 - 4","Value",5982
"2024","Leeds West and Pudsey","E14001325","Total","Aged 5-9","Value",6463
"2024","Leeds West and Pudsey","E14001325","Total","Aged 10-14","Value",6491
"2024","Leeds West and Pudsey","E14001325","Total","Aged 15-19","Value",6035
"2024","Leeds West and Pudsey","E14001325","Total","Aged 20-24","Value",5671
"2024","Leeds West and Pudsey","E14001325","Total","Aged 25-29","Value",7561
"2024","Leeds West and Pudsey","E14001325","Total","Aged 30-34","Value",8897
"2024","Leeds West and Pudsey","E14001325","Total","Aged 35-39","Value",8287
"2024","Leeds West and Pudsey","E14001325","Total","Aged 40-44","Value",7281
"2024","Leeds West and Pudsey","E14001325","Total","Aged 45-49","Value",5964
"2024","Leeds West and Pudsey","E14001325","Total","Aged 50-54","Value",6353
"2024","Leeds West and Pudsey","E14001325","Total","Aged 55-59","Value",6397
"2024","Leeds West and Pudsey","E14001325","Total","Aged 60-64","Value",5434
"2024","Leeds West and Pudsey","E14001325","Total","Aged 65-69","Value",4485
"2024","Leeds West and Pudsey","E14001325","Total","Aged 70-74","Value",3781
"2024","Leeds West and Pudsey","E14001325","Total","Aged 75-79","Value",3502
"2024","Leeds West and Pudsey","E14001325","Total","Aged 80-84","Value",2142
"2024","Leeds West and Pudsey","E14001325","Total","Aged 85+","Value",1995
"2024","Normanton and Hemsworth","E14001383","Total","All Ages","Value",106733
"2024","Normanton and Hemsworth","E14001383","Total","Age 0 - 4","Value",5655
"2024","Normanton and Hemsworth","E14001383","Total","Aged 5-9","Value",6393
"2024","Normanton and Hemsworth","E14001383","Total","Aged 10-14","Value",6633
"2024","Normanton and Hemsworth","E14001383","Total","Aged 15-19","Value",5849
"2024","Normanton and Hemsworth","E14001383","Total","Aged 20-24","Value",4910
"2024","Normanton and Hemsworth","E14001383","Total","Aged 25-29","Value",6382
"2024","Normanton and Hemsworth","E14001383","Total","Aged 30-34","Value",7569
"2024","Normanton and Hemsworth","E14001383","Total","Aged 35-39","Value",7536
"2024","Normanton and Hemsworth","E14001383","Total","Aged 40-44","Value",6747
"2024","Normanton and Hemsworth","E14001383","Total","Aged 45-49","Value",5618
"2024","Normanton and Hemsworth","E14001383","Total","Aged 50-54","Value",7109
"2024","Normanton and Hemsworth","E14001383","Total","Aged 55-59","Value",7755
"2024","Normanton and Hemsworth","E14001383","Total","Aged 60-64","Value",7125
"2024","Normanton and Hemsworth","E14001383","Total","Aged 65-69","Value",6178
"2024","Normanton and Hemsworth","E14001383","Total","Aged 70-74","Value",5125
"2024","Normanton and Hemsworth","E14001383","Total","Aged 75-79","Value",4655
"2024","Normanton and Hemsworth","E14001383","Total","Aged 80-84","Value",3062
"2024","Normanton and Hemsworth","E14001383","Total","Aged 85+","Value",2432
"2024","Ossett and Denby Dale","E14001418","Total","All Ages","Value",94656
"2024","Ossett and Denby Dale","E14001418","Total","Age 0 - 4","Value",4258
"2024","Ossett and Denby Dale","E14001418","Total","Aged 5-9","Value",5088
"2024","Ossett and Denby Dale","E14001418","Total","Aged 10-14","Value",5442
"2024","Ossett and Denby Dale","E14001418","Total","Aged 15-19","Value",5290
"2024","Ossett and Denby Dale","E14001418","Total","Aged 20-24","Value",4200
"2024","Ossett and Denby Dale","E14001418","Total","Aged 25-29","Value",5018
"2024","Ossett and Denby Dale","E14001418","Total","Aged 30-34","Value",5579
"2024","Ossett and Denby Dale","E14001418","Total","Aged 35-39","Value",5744
"2024","Ossett and Denby Dale","E14001418","Total","Aged 40-44","Value",5729
"2024","Ossett and Denby Dale","E14001418","Total","Aged 45-49","Value",5599
"2024","Ossett and Denby Dale","E14001418","Total","Aged 50-54","Value",7040
"2024","Ossett and Denby Dale","E14001418","Total","Aged 55-59","Value",7124
"2024","Ossett and Denby Dale","E14001418","Total","Aged 60-64","Value",6406
"2024","Ossett and Denby Dale","E14001418","Total","Aged 65-69","Value",5706
"2024","Ossett and Denby Dale","E14001418","Total","Aged 70-74","Value",5340
"2024","Ossett and Denby Dale","E14001418","Total","Aged 75-79","Value",5399
"2024","Ossett and Denby Dale","E14001418","Total","Aged 80-84","Value",3093
"2024","Ossett and Denby Dale","E14001418","Total","Aged 85+","Value",2601
"2024","Penistone and Stocksbridge","E14001423","Total","All Ages","Value",90420
"2024","Penistone and Stocksbridge","E14001423","Total","Age 0 - 4","Value",3746
"2024","Penistone and Stocksbridge","E14001423","Total","Aged 5-9","Value",4429
"2024","Penistone and Stocksbridge","E14001423","Total","Aged 10-14","Value",5092
"2024","Penistone and Stocksbridge","E14001423","Total","Aged 15-19","Value",4771
"2024","Penistone and Stocksbridge","E14001423","Total","Aged 20-24","Value",3969
"2024","Penistone and Stocksbridge","E14001423","Total","Aged 25-29","Value",4417
"2024","Penistone and Stocksbridge","E14001423","Total","Aged 30-34","Value",4925
"2024","Penistone and Stocksbridge","E14001423","Total","Aged 35-39","Value",5378
"2024","Penistone and Stocksbridge","E14001423","Total","Aged 40-44","Value",5396
"2024","Penistone and Stocksbridge","E14001423","Total","Aged 45-49","Value",5165
"2024","Penistone and Stocksbridge","E14001423","Total","Aged 50-54","Value",6489
"2024","Penistone and Stocksbridge","E14001423","Total","Aged 55-59","Value",6945
"2024","Penistone and Stocksbridge","E14001423","Total","Aged 60-64","Value",6540
"2024","Penistone and Stocksbridge","E14001423","Total","Aged 65-69","Value",5765
"2024","Penistone and Stocksbridge","E14001423","Total","Aged 70-74","Value",5427
"2024","Penistone and Stocksbridge","E14001423","Total","Aged 75-79","Value",5529
"2024","Penistone and Stocksbridge","E14001423","Total","Aged 80-84","Value",3505
"2024","Penistone and Stocksbridge","E14001423","Total","Aged 85+","Value",2932
"2024","Pontefract, Castleford and Knottingley","E14001428","Total","All Ages","Value",105210
"2024","Pontefract, Castleford and Knottingley","E14001428","Total","Age 0 - 4","Value",6110
"2024","Pontefract, Castleford and Knottingley","E14001428","Total","Aged 5-9","Value",6321
"2024","Pontefract, Castleford and Knottingley","E14001428","Total","Aged 10-14","Value",6327
"2024","Pontefract, Castleford and Knottingley","E14001428","Total","Aged 15-19","Value",5710
"2024","Pontefract, Castleford and Knottingley","E14001428","Total","Aged 20-24","Value",4837
"2024","Pontefract, Castleford and Knottingley","E14001428","Total","Aged 25-29","Value",7216
"2024","Pontefract, Castleford and Knottingley","E14001428","Total","Aged 30-34","Value",8385
"2024","Pontefract, Castleford and Knottingley","E14001428","Total","Aged 35-39","Value",8012
"2024","Pontefract, Castleford and Knottingley","E14001428","Total","Aged 40-44","Value",6573
"2024","Pontefract, Castleford and Knottingley","E14001428","Total","Aged 45-49","Value",5671
"2024","Pontefract, Castleford and Knottingley","E14001428","Total","Aged 50-54","Value",6856
"2024","Pontefract, Castleford and Knottingley","E14001428","Total","Aged 55-59","Value",7488
"2024","Pontefract, Castleford and Knottingley","E14001428","Total","Aged 60-64","Value",6621
"2024","Pontefract, Castleford and Knottingley","E14001428","Total","Aged 65-69","Value",5270
"2024","Pontefract, Castleford and Knottingley","E14001428","Total","Aged 70-74","Value",4556
"2024","Pontefract, Castleford and Knottingley","E14001428","Total","Aged 75-79","Value",4281
"2024","Pontefract, Castleford and Knottingley","E14001428","Total","Aged 80-84","Value",2543
"2024","Pontefract, Castleford and Knottingley","E14001428","Total","Aged 85+","Value",2433
"2024","Rawmarsh and Conisbrough","E14001436","Total","All Ages","Value",96470
"2024","Rawmarsh and Conisbrough","E14001436","Total","Age 0 - 4","Value",5009
"2024","Rawmarsh and Conisbrough","E14001436","Total","Aged 5-9","Value",5674
"2024","Rawmarsh and Conisbrough","E14001436","Total","Aged 10-14","Value",5985
"2024","Rawmarsh and Conisbrough","E14001436","Total","Aged 15-19","Value",5588
"2024","Rawmarsh and Conisbrough","E14001436","Total","Aged 20-24","Value",4647
"2024","Rawmarsh and Conisbrough","E14001436","Total","Aged 25-29","Value",5770
"2024","Rawmarsh and Conisbrough","E14001436","Total","Aged 30-34","Value",6697
"2024","Rawmarsh and Conisbrough","E14001436","Total","Aged 35-39","Value",6684
"2024","Rawmarsh and Conisbrough","E14001436","Total","Aged 40-44","Value",6077
"2024","Rawmarsh and Conisbrough","E14001436","Total","Aged 45-49","Value",5168
"2024","Rawmarsh and Conisbrough","E14001436","Total","Aged 50-54","Value",6514
"2024","Rawmarsh and Conisbrough","E14001436","Total","Aged 55-59","Value",6804
"2024","Rawmarsh and Conisbrough","E14001436","Total","Aged 60-64","Value",6519
"2024","Rawmarsh and Conisbrough","E14001436","Total","Aged 65-69","Value",5465
"2024","Rawmarsh and Conisbrough","E14001436","Total","Aged 70-74","Value",4721
"2024","Rawmarsh and Conisbrough","E14001436","Total","Aged 75-79","Value",4194
"2024","Rawmarsh and Conisbrough","E14001436","Total","Aged 80-84","Value",2621
"2024","Rawmarsh and Conisbrough","E14001436","Total","Aged 85+","Value",2333
"2024","Richmond and Northallerton","E14001444","Total","All Ages","Value",94693
"2024","Richmond and Northallerton","E14001444","Total","Age 0 - 4","Value",3780
"2024","Richmond and Northallerton","E14001444","Total","Aged 5-9","Value",4509
"2024","Richmond and Northallerton","E14001444","Total","Aged 10-14","Value",4884
"2024","Richmond and Northallerton","E14001444","Total","Aged 15-19","Value",4932
"2024","Richmond and Northallerton","E14001444","Total","Aged 20-24","Value",4678
"2024","Richmond and Northallerton","E14001444","Total","Aged 25-29","Value",4932
"2024","Richmond and Northallerton","E14001444","Total","Aged 30-34","Value",4808
"2024","Richmond and Northallerton","E14001444","Total","Aged 35-39","Value",5118
"2024","Richmond and Northallerton","E14001444","Total","Aged 40-44","Value",4909
"2024","Richmond and Northallerton","E14001444","Total","Aged 45-49","Value",4681
"2024","Richmond and Northallerton","E14001444","Total","Aged 50-54","Value",6177
"2024","Richmond and Northallerton","E14001444","Total","Aged 55-59","Value",7540
"2024","Richmond and Northallerton","E14001444","Total","Aged 60-64","Value",7754
"2024","Richmond and Northallerton","E14001444","Total","Aged 65-69","Value",6866
"2024","Richmond and Northallerton","E14001444","Total","Aged 70-74","Value",6081
"2024","Richmond and Northallerton","E14001444","Total","Aged 75-79","Value",5970
"2024","Richmond and Northallerton","E14001444","Total","Aged 80-84","Value",3726
"2024","Richmond and Northallerton","E14001444","Total","Aged 85+","Value",3348
"2024","Rother Valley","E14001451","Total","All Ages","Value",94085
"2024","Rother Valley","E14001451","Total","Age 0 - 4","Value",4713
"2024","Rother Valley","E14001451","Total","Aged 5-9","Value",5346
"2024","Rother Valley","E14001451","Total","Aged 10-14","Value",5666
"2024","Rother Valley","E14001451","Total","Aged 15-19","Value",5339
"2024","Rother Valley","E14001451","Total","Aged 20-24","Value",4314
"2024","Rother Valley","E14001451","Total","Aged 25-29","Value",5262
"2024","Rother Valley","E14001451","Total","Aged 30-34","Value",6048
"2024","Rother Valley","E14001451","Total","Aged 35-39","Value",5873
"2024","Rother Valley","E14001451","Total","Aged 40-44","Value",5554
"2024","Rother Valley","E14001451","Total","Aged 45-49","Value",4984
"2024","Rother Valley","E14001451","Total","Aged 50-54","Value",6351
"2024","Rother Valley","E14001451","Total","Aged 55-59","Value",6883
"2024","Rother Valley","E14001451","Total","Aged 60-64","Value",6338
"2024","Rother Valley","E14001451","Total","Aged 65-69","Value",5346
"2024","Rother Valley","E14001451","Total","Aged 70-74","Value",4926
"2024","Rother Valley","E14001451","Total","Aged 75-79","Value",5060
"2024","Rother Valley","E14001451","Total","Aged 80-84","Value",3252
"2024","Rother Valley","E14001451","Total","Aged 85+","Value",2830
"2024","Rotherham","E14001452","Total","All Ages","Value",114818
"2024","Rotherham","E14001452","Total","Age 0 - 4","Value",7094
"2024","Rotherham","E14001452","Total","Aged 5-9","Value",7254
"2024","Rotherham","E14001452","Total","Aged 10-14","Value",7510
"2024","Rotherham","E14001452","Total","Aged 15-19","Value",6845
"2024","Rotherham","E14001452","Total","Aged 20-24","Value",6343
"2024","Rotherham","E14001452","Total","Aged 25-29","Value",7629
"2024","Rotherham","E14001452","Total","Aged 30-34","Value",8680
"2024","Rotherham","E14001452","Total","Aged 35-39","Value",8518
"2024","Rotherham","E14001452","Total","Aged 40-44","Value",7711
"2024","Rotherham","E14001452","Total","Aged 45-49","Value",6406
"2024","Rotherham","E14001452","Total","Aged 50-54","Value",7301
"2024","Rotherham","E14001452","Total","Aged 55-59","Value",7452
"2024","Rotherham","E14001452","Total","Aged 60-64","Value",6788
"2024","Rotherham","E14001452","Total","Aged 65-69","Value",5491
"2024","Rotherham","E14001452","Total","Aged 70-74","Value",4680
"2024","Rotherham","E14001452","Total","Aged 75-79","Value",4234
"2024","Rotherham","E14001452","Total","Aged 80-84","Value",2636
"2024","Rotherham","E14001452","Total","Aged 85+","Value",2246
"2024","Scarborough and Whitby","E14001461","Total","All Ages","Value",98856
"2024","Scarborough and Whitby","E14001461","Total","Age 0 - 4","Value",4135
"2024","Scarborough and Whitby","E14001461","Total","Aged 5-9","Value",4775
"2024","Scarborough and Whitby","E14001461","Total","Aged 10-14","Value",5137
"2024","Scarborough and Whitby","E14001461","Total","Aged 15-19","Value",5203
"2024","Scarborough and Whitby","E14001461","Total","Aged 20-24","Value",4217
"2024","Scarborough and Whitby","E14001461","Total","Aged 25-29","Value",4716
"2024","Scarborough and Whitby","E14001461","Total","Aged 30-34","Value",5779
"2024","Scarborough and Whitby","E14001461","Total","Aged 35-39","Value",5700
"2024","Scarborough and Whitby","E14001461","Total","Aged 40-44","Value",5148
"2024","Scarborough and Whitby","E14001461","Total","Aged 45-49","Value",5025
"2024","Scarborough and Whitby","E14001461","Total","Aged 50-54","Value",6296
"2024","Scarborough and Whitby","E14001461","Total","Aged 55-59","Value",7802
"2024","Scarborough and Whitby","E14001461","Total","Aged 60-64","Value",7920
"2024","Scarborough and Whitby","E14001461","Total","Aged 65-69","Value",7069
"2024","Scarborough and Whitby","E14001461","Total","Aged 70-74","Value",6565
"2024","Scarborough and Whitby","E14001461","Total","Aged 75-79","Value",6196
"2024","Scarborough and Whitby","E14001461","Total","Aged 80-84","Value",3647
"2024","Scarborough and Whitby","E14001461","Total","Aged 85+","Value",3526
"2024","Scunthorpe","E14001462","Total","All Ages","Value",106865
"2024","Scunthorpe","E14001462","Total","Age 0 - 4","Value",5693
"2024","Scunthorpe","E14001462","Total","Aged 5-9","Value",6403
"2024","Scunthorpe","E14001462","Total","Aged 10-14","Value",6781
"2024","Scunthorpe","E14001462","Total","Aged 15-19","Value",6363
"2024","Scunthorpe","E14001462","Total","Aged 20-24","Value",4979
"2024","Scunthorpe","E14001462","Total","Aged 25-29","Value",6111
"2024","Scunthorpe","E14001462","Total","Aged 30-34","Value",7005
"2024","Scunthorpe","E14001462","Total","Aged 35-39","Value",7472
"2024","Scunthorpe","E14001462","Total","Aged 40-44","Value",6656
"2024","Scunthorpe","E14001462","Total","Aged 45-49","Value",5911
"2024","Scunthorpe","E14001462","Total","Aged 50-54","Value",6692
"2024","Scunthorpe","E14001462","Total","Aged 55-59","Value",7463
"2024","Scunthorpe","E14001462","Total","Aged 60-64","Value",7089
"2024","Scunthorpe","E14001462","Total","Aged 65-69","Value",5918
"2024","Scunthorpe","E14001462","Total","Aged 70-74","Value",5265
"2024","Scunthorpe","E14001462","Total","Aged 75-79","Value",4942
"2024","Scunthorpe","E14001462","Total","Aged 80-84","Value",3151
"2024","Scunthorpe","E14001462","Total","Aged 85+","Value",2971
"2024","Selby","E14001464","Total","All Ages","Value",105353
"2024","Selby","E14001464","Total","Age 0 - 4","Value",5608
"2024","Selby","E14001464","Total","Aged 5-9","Value",6073
"2024","Selby","E14001464","Total","Aged 10-14","Value",6092
"2024","Selby","E14001464","Total","Aged 15-19","Value",5700
"2024","Selby","E14001464","Total","Aged 20-24","Value",4639
"2024","Selby","E14001464","Total","Aged 25-29","Value",6015
"2024","Selby","E14001464","Total","Aged 30-34","Value",7414
"2024","Selby","E14001464","Total","Aged 35-39","Value",7131
"2024","Selby","E14001464","Total","Aged 40-44","Value",6565
"2024","Selby","E14001464","Total","Aged 45-49","Value",5955
"2024","Selby","E14001464","Total","Aged 50-54","Value",7321
"2024","Selby","E14001464","Total","Aged 55-59","Value",7693
"2024","Selby","E14001464","Total","Aged 60-64","Value",7191
"2024","Selby","E14001464","Total","Aged 65-69","Value",6049
"2024","Selby","E14001464","Total","Aged 70-74","Value",5339
"2024","Selby","E14001464","Total","Aged 75-79","Value",5018
"2024","Selby","E14001464","Total","Aged 80-84","Value",3004
"2024","Selby","E14001464","Total","Aged 85+","Value",2546
"2024","Sheffield Brightside and Hillsborough","E14001466","Total","All Ages","Value",115336
"2024","Sheffield Brightside and Hillsborough","E14001466","Total","Age 0 - 4","Value",7581
"2024","Sheffield Brightside and Hillsborough","E14001466","Total","Aged 5-9","Value",8262
"2024","Sheffield Brightside and Hillsborough","E14001466","Total","Aged 10-14","Value",8248
"2024","Sheffield Brightside and Hillsborough","E14001466","Total","Aged 15-19","Value",8023
"2024","Sheffield Brightside and Hillsborough","E14001466","Total","Aged 20-24","Value",7357
"2024","Sheffield Brightside and Hillsborough","E14001466","Total","Aged 25-29","Value",8208
"2024","Sheffield Brightside and Hillsborough","E14001466","Total","Aged 30-34","Value",8971
"2024","Sheffield Brightside and Hillsborough","E14001466","Total","Aged 35-39","Value",8864
"2024","Sheffield Brightside and Hillsborough","E14001466","Total","Aged 40-44","Value",7514
"2024","Sheffield Brightside and Hillsborough","E14001466","Total","Aged 45-49","Value",6414
"2024","Sheffield Brightside and Hillsborough","E14001466","Total","Aged 50-54","Value",6712
"2024","Sheffield Brightside and Hillsborough","E14001466","Total","Aged 55-59","Value",6838
"2024","Sheffield Brightside and Hillsborough","E14001466","Total","Aged 60-64","Value",6084
"2024","Sheffield Brightside and Hillsborough","E14001466","Total","Aged 65-69","Value",4712
"2024","Sheffield Brightside and Hillsborough","E14001466","Total","Aged 70-74","Value",3641
"2024","Sheffield Brightside and Hillsborough","E14001466","Total","Aged 75-79","Value",3477
"2024","Sheffield Brightside and Hillsborough","E14001466","Total","Aged 80-84","Value",2265
"2024","Sheffield Brightside and Hillsborough","E14001466","Total","Aged 85+","Value",2165
"2024","Sheffield Central","E14001467","Total","All Ages","Value",99522
"2024","Sheffield Central","E14001467","Total","Age 0 - 4","Value",3598
"2024","Sheffield Central","E14001467","Total","Aged 5-9","Value",3396
"2024","Sheffield Central","E14001467","Total","Aged 10-14","Value",3148
"2024","Sheffield Central","E14001467","Total","Aged 15-19","Value",7854
"2024","Sheffield Central","E14001467","Total","Aged 20-24","Value",25651
"2024","Sheffield Central","E14001467","Total","Aged 25-29","Value",14036
"2024","Sheffield Central","E14001467","Total","Aged 30-34","Value",9089
"2024","Sheffield Central","E14001467","Total","Aged 35-39","Value",6640
"2024","Sheffield Central","E14001467","Total","Aged 40-44","Value",5050
"2024","Sheffield Central","E14001467","Total","Aged 45-49","Value",3815
"2024","Sheffield Central","E14001467","Total","Aged 50-54","Value",3291
"2024","Sheffield Central","E14001467","Total","Aged 55-59","Value",3264
"2024","Sheffield Central","E14001467","Total","Aged 60-64","Value",2846
"2024","Sheffield Central","E14001467","Total","Aged 65-69","Value",2342
"2024","Sheffield Central","E14001467","Total","Aged 70-74","Value",2013
"2024","Sheffield Central","E14001467","Total","Aged 75-79","Value",1455
"2024","Sheffield Central","E14001467","Total","Aged 80-84","Value",896
"2024","Sheffield Central","E14001467","Total","Aged 85+","Value",1138
"2024","Sheffield Hallam","E14001468","Total","All Ages","Value",94948
"2024","Sheffield Hallam","E14001468","Total","Age 0 - 4","Value",4087
"2024","Sheffield Hallam","E14001468","Total","Aged 5-9","Value",5331
"2024","Sheffield Hallam","E14001468","Total","Aged 10-14","Value",5684
"2024","Sheffield Hallam","E14001468","Total","Aged 15-19","Value",7480
"2024","Sheffield Hallam","E14001468","Total","Aged 20-24","Value",7144
"2024","Sheffield Hallam","E14001468","Total","Aged 25-29","Value",4450
"2024","Sheffield Hallam","E14001468","Total","Aged 30-34","Value",4688
"2024","Sheffield Hallam","E14001468","Total","Aged 35-39","Value",5398
"2024","Sheffield Hallam","E14001468","Total","Aged 40-44","Value",6181
"2024","Sheffield Hallam","E14001468","Total","Aged 45-49","Value",5789
"2024","Sheffield Hallam","E14001468","Total","Aged 50-54","Value",5972
"2024","Sheffield Hallam","E14001468","Total","Aged 55-59","Value",6151
"2024","Sheffield Hallam","E14001468","Total","Aged 60-64","Value",5825
"2024","Sheffield Hallam","E14001468","Total","Aged 65-69","Value",5123
"2024","Sheffield Hallam","E14001468","Total","Aged 70-74","Value",4691
"2024","Sheffield Hallam","E14001468","Total","Aged 75-79","Value",4758
"2024","Sheffield Hallam","E14001468","Total","Aged 80-84","Value",3027
"2024","Sheffield Hallam","E14001468","Total","Aged 85+","Value",3169
"2024","Sheffield Heeley","E14001469","Total","All Ages","Value",111222
"2024","Sheffield Heeley","E14001469","Total","Age 0 - 4","Value",6664
"2024","Sheffield Heeley","E14001469","Total","Aged 5-9","Value",7053
"2024","Sheffield Heeley","E14001469","Total","Aged 10-14","Value",6836
"2024","Sheffield Heeley","E14001469","Total","Aged 15-19","Value",6404
"2024","Sheffield Heeley","E14001469","Total","Aged 20-24","Value",6640
"2024","Sheffield Heeley","E14001469","Total","Aged 25-29","Value",7590
"2024","Sheffield Heeley","E14001469","Total","Aged 30-34","Value",9085
"2024","Sheffield Heeley","E14001469","Total","Aged 35-39","Value",8691
"2024","Sheffield Heeley","E14001469","Total","Aged 40-44","Value",7295
"2024","Sheffield Heeley","E14001469","Total","Aged 45-49","Value",6229
"2024","Sheffield Heeley","E14001469","Total","Aged 50-54","Value",6697
"2024","Sheffield Heeley","E14001469","Total","Aged 55-59","Value",7188
"2024","Sheffield Heeley","E14001469","Total","Aged 60-64","Value",6211
"2024","Sheffield Heeley","E14001469","Total","Aged 65-69","Value",5252
"2024","Sheffield Heeley","E14001469","Total","Aged 70-74","Value",4359
"2024","Sheffield Heeley","E14001469","Total","Aged 75-79","Value",3907
"2024","Sheffield Heeley","E14001469","Total","Aged 80-84","Value",2659
"2024","Sheffield Heeley","E14001469","Total","Aged 85+","Value",2462
"2024","Sheffield South East","E14001470","Total","All Ages","Value",107135
"2024","Sheffield South East","E14001470","Total","Age 0 - 4","Value",5890
"2024","Sheffield South East","E14001470","Total","Aged 5-9","Value",6294
"2024","Sheffield South East","E14001470","Total","Aged 10-14","Value",6523
"2024","Sheffield South East","E14001470","Total","Aged 15-19","Value",6226
"2024","Sheffield South East","E14001470","Total","Aged 20-24","Value",6439
"2024","Sheffield South East","E14001470","Total","Aged 25-29","Value",7055
"2024","Sheffield South East","E14001470","Total","Aged 30-34","Value",7887
"2024","Sheffield South East","E14001470","Total","Aged 35-39","Value",7136
"2024","Sheffield South East","E14001470","Total","Aged 40-44","Value",6381
"2024","Sheffield South East","E14001470","Total","Aged 45-49","Value",5731
"2024","Sheffield South East","E14001470","Total","Aged 50-54","Value",6917
"2024","Sheffield South East","E14001470","Total","Aged 55-59","Value",7510
"2024","Sheffield South East","E14001470","Total","Aged 60-64","Value",6699
"2024","Sheffield South East","E14001470","Total","Aged 65-69","Value",5368
"2024","Sheffield South East","E14001470","Total","Aged 70-74","Value",4622
"2024","Sheffield South East","E14001470","Total","Aged 75-79","Value",4497
"2024","Sheffield South East","E14001470","Total","Aged 80-84","Value",3143
"2024","Sheffield South East","E14001470","Total","Aged 85+","Value",2817
"2024","Shipley","E14001472","Total","All Ages","Value",98904
"2024","Shipley","E14001472","Total","Age 0 - 4","Value",4762
"2024","Shipley","E14001472","Total","Aged 5-9","Value",5692
"2024","Shipley","E14001472","Total","Aged 10-14","Value",5928
"2024","Shipley","E14001472","Total","Aged 15-19","Value",5369
"2024","Shipley","E14001472","Total","Aged 20-24","Value",3901
"2024","Shipley","E14001472","Total","Aged 25-29","Value",4801
"2024","Shipley","E14001472","Total","Aged 30-34","Value",5931
"2024","Shipley","E14001472","Total","Aged 35-39","Value",6408
"2024","Shipley","E14001472","Total","Aged 40-44","Value",6534
"2024","Shipley","E14001472","Total","Aged 45-49","Value",6186
"2024","Shipley","E14001472","Total","Aged 50-54","Value",6794
"2024","Shipley","E14001472","Total","Aged 55-59","Value",6861
"2024","Shipley","E14001472","Total","Aged 60-64","Value",6879
"2024","Shipley","E14001472","Total","Aged 65-69","Value",5776
"2024","Shipley","E14001472","Total","Aged 70-74","Value",5286
"2024","Shipley","E14001472","Total","Aged 75-79","Value",5167
"2024","Shipley","E14001472","Total","Aged 80-84","Value",3249
"2024","Shipley","E14001472","Total","Aged 85+","Value",3380
"2024","Skipton and Ripon","E14001475","Total","All Ages","Value",100269
"2024","Skipton and Ripon","E14001475","Total","Age 0 - 4","Value",3726
"2024","Skipton and Ripon","E14001475","Total","Aged 5-9","Value",4747
"2024","Skipton and Ripon","E14001475","Total","Aged 10-14","Value",5422
"2024","Skipton and Ripon","E14001475","Total","Aged 15-19","Value",5204
"2024","Skipton and Ripon","E14001475","Total","Aged 20-24","Value",3971
"2024","Skipton and Ripon","E14001475","Total","Aged 25-29","Value",4142
"2024","Skipton and Ripon","E14001475","Total","Aged 30-34","Value",4734
"2024","Skipton and Ripon","E14001475","Total","Aged 35-39","Value",5029
"2024","Skipton and Ripon","E14001475","Total","Aged 40-44","Value",5536
"2024","Skipton and Ripon","E14001475","Total","Aged 45-49","Value",5411
"2024","Skipton and Ripon","E14001475","Total","Aged 50-54","Value",7069
"2024","Skipton and Ripon","E14001475","Total","Aged 55-59","Value",8375
"2024","Skipton and Ripon","E14001475","Total","Aged 60-64","Value",8403
"2024","Skipton and Ripon","E14001475","Total","Aged 65-69","Value",7246
"2024","Skipton and Ripon","E14001475","Total","Aged 70-74","Value",6642
"2024","Skipton and Ripon","E14001475","Total","Aged 75-79","Value",6496
"2024","Skipton and Ripon","E14001475","Total","Aged 80-84","Value",4140
"2024","Skipton and Ripon","E14001475","Total","Aged 85+","Value",3976
"2024","Spen Valley","E14001506","Total","All Ages","Value",97202
"2024","Spen Valley","E14001506","Total","Age 0 - 4","Value",4909
"2024","Spen Valley","E14001506","Total","Aged 5-9","Value",5725
"2024","Spen Valley","E14001506","Total","Aged 10-14","Value",6352
"2024","Spen Valley","E14001506","Total","Aged 15-19","Value",5674
"2024","Spen Valley","E14001506","Total","Aged 20-24","Value",4686
"2024","Spen Valley","E14001506","Total","Aged 25-29","Value",5496
"2024","Spen Valley","E14001506","Total","Aged 30-34","Value",6179
"2024","Spen Valley","E14001506","Total","Aged 35-39","Value",6484
"2024","Spen Valley","E14001506","Total","Aged 40-44","Value",6230
"2024","Spen Valley","E14001506","Total","Aged 45-49","Value",5608
"2024","Spen Valley","E14001506","Total","Aged 50-54","Value",6568
"2024","Spen Valley","E14001506","Total","Aged 55-59","Value",6820
"2024","Spen Valley","E14001506","Total","Aged 60-64","Value",6151
"2024","Spen Valley","E14001506","Total","Aged 65-69","Value",5327
"2024","Spen Valley","E14001506","Total","Aged 70-74","Value",4716
"2024","Spen Valley","E14001506","Total","Aged 75-79","Value",4747
"2024","Spen Valley","E14001506","Total","Aged 80-84","Value",2853
"2024","Spen Valley","E14001506","Total","Aged 85+","Value",2677
"2024","Thirsk and Malton","E14001544","Total","All Ages","Value",99866
"2024","Thirsk and Malton","E14001544","Total","Age 0 - 4","Value",3988
"2024","Thirsk and Malton","E14001544","Total","Aged 5-9","Value",4674
"2024","Thirsk and Malton","E14001544","Total","Aged 10-14","Value",5185
"2024","Thirsk and Malton","E14001544","Total","Aged 15-19","Value",4726
"2024","Thirsk and Malton","E14001544","Total","Aged 20-24","Value",3997
"2024","Thirsk and Malton","E14001544","Total","Aged 25-29","Value",4693
"2024","Thirsk and Malton","E14001544","Total","Aged 30-34","Value",5365
"2024","Thirsk and Malton","E14001544","Total","Aged 35-39","Value",5345
"2024","Thirsk and Malton","E14001544","Total","Aged 40-44","Value",5213
"2024","Thirsk and Malton","E14001544","Total","Aged 45-49","Value",4877
"2024","Thirsk and Malton","E14001544","Total","Aged 50-54","Value",6429
"2024","Thirsk and Malton","E14001544","Total","Aged 55-59","Value",8108
"2024","Thirsk and Malton","E14001544","Total","Aged 60-64","Value",8450
"2024","Thirsk and Malton","E14001544","Total","Aged 65-69","Value",7454
"2024","Thirsk and Malton","E14001544","Total","Aged 70-74","Value",6821
"2024","Thirsk and Malton","E14001544","Total","Aged 75-79","Value",6485
"2024","Thirsk and Malton","E14001544","Total","Aged 80-84","Value",4134
"2024","Thirsk and Malton","E14001544","Total","Aged 85+","Value",3922
"2024","Wakefield and Rothwell","E14001560","Total","All Ages","Value",111069
"2024","Wakefield and Rothwell","E14001560","Total","Age 0 - 4","Value",6197
"2024","Wakefield and Rothwell","E14001560","Total","Aged 5-9","Value",6761
"2024","Wakefield and Rothwell","E14001560","Total","Aged 10-14","Value",6942
"2024","Wakefield and Rothwell","E14001560","Total","Aged 15-19","Value",6364
"2024","Wakefield and Rothwell","E14001560","Total","Aged 20-24","Value",5277
"2024","Wakefield and Rothwell","E14001560","Total","Aged 25-29","Value",6992
"2024","Wakefield and Rothwell","E14001560","Total","Aged 30-34","Value",8628
"2024","Wakefield and Rothwell","E14001560","Total","Aged 35-39","Value",8489
"2024","Wakefield and Rothwell","E14001560","Total","Aged 40-44","Value",7973
"2024","Wakefield and Rothwell","E14001560","Total","Aged 45-49","Value",6753
"2024","Wakefield and Rothwell","E14001560","Total","Aged 50-54","Value",7308
"2024","Wakefield and Rothwell","E14001560","Total","Aged 55-59","Value",7462
"2024","Wakefield and Rothwell","E14001560","Total","Aged 60-64","Value",6631
"2024","Wakefield and Rothwell","E14001560","Total","Aged 65-69","Value",5396
"2024","Wakefield and Rothwell","E14001560","Total","Aged 70-74","Value",4609
"2024","Wakefield and Rothwell","E14001560","Total","Aged 75-79","Value",4353
"2024","Wakefield and Rothwell","E14001560","Total","Aged 80-84","Value",2615
"2024","Wakefield and Rothwell","E14001560","Total","Aged 85+","Value",2319
"2024","Wetherby and Easingwold","E14001582","Total","All Ages","Value",94326
"2024","Wetherby and Easingwold","E14001582","Total","Age 0 - 4","Value",4215
"2024","Wetherby and Easingwold","E14001582","Total","Aged 5-9","Value",5247
"2024","Wetherby and Easingwold","E14001582","Total","Aged 10-14","Value",5485
"2024","Wetherby and Easingwold","E14001582","Total","Aged 15-19","Value",4859
"2024","Wetherby and Easingwold","E14001582","Total","Aged 20-24","Value",3384
"2024","Wetherby and Easingwold","E14001582","Total","Aged 25-29","Value",3767
"2024","Wetherby and Easingwold","E14001582","Total","Aged 30-34","Value",4597
"2024","Wetherby and Easingwold","E14001582","Total","Aged 35-39","Value",5146
"2024","Wetherby and Easingwold","E14001582","Total","Aged 40-44","Value",5572
"2024","Wetherby and Easingwold","E14001582","Total","Aged 45-49","Value",5583
"2024","Wetherby and Easingwold","E14001582","Total","Aged 50-54","Value",6476
"2024","Wetherby and Easingwold","E14001582","Total","Aged 55-59","Value",7283
"2024","Wetherby and Easingwold","E14001582","Total","Aged 60-64","Value",7467
"2024","Wetherby and Easingwold","E14001582","Total","Aged 65-69","Value",6198
"2024","Wetherby and Easingwold","E14001582","Total","Aged 70-74","Value",5669
"2024","Wetherby and Easingwold","E14001582","Total","Aged 75-79","Value",5947
"2024","Wetherby and Easingwold","E14001582","Total","Aged 80-84","Value",3898
"2024","Wetherby and Easingwold","E14001582","Total","Aged 85+","Value",3533
"2024","York Central","E14001604","Total","All Ages","Value",114431
"2024","York Central","E14001604","Total","Age 0 - 4","Value",4504
"2024","York Central","E14001604","Total","Aged 5-9","Value",4867
"2024","York Central","E14001604","Total","Aged 10-14","Value",5083
"2024","York Central","E14001604","Total","Aged 15-19","Value",11028
"2024","York Central","E14001604","Total","Aged 20-24","Value",18400
"2024","York Central","E14001604","Total","Aged 25-29","Value",9410
"2024","York Central","E14001604","Total","Aged 30-34","Value",8396
"2024","York Central","E14001604","Total","Aged 35-39","Value",7446
"2024","York Central","E14001604","Total","Aged 40-44","Value",6698
"2024","York Central","E14001604","Total","Aged 45-49","Value",5768
"2024","York Central","E14001604","Total","Aged 50-54","Value",6013
"2024","York Central","E14001604","Total","Aged 55-59","Value",5875
"2024","York Central","E14001604","Total","Aged 60-64","Value",5456
"2024","York Central","E14001604","Total","Aged 65-69","Value",4390
"2024","York Central","E14001604","Total","Aged 70-74","Value",3746
"2024","York Central","E14001604","Total","Aged 75-79","Value",3410
"2024","York Central","E14001604","Total","Aged 80-84","Value",1981
"2024","York Central","E14001604","Total","Aged 85+","Value",1960
"2024","York Outer","E14001605","Total","All Ages","Value",94870
"2024","York Outer","E14001605","Total","Age 0 - 4","Value",3734
"2024","York Outer","E14001605","Total","Aged 5-9","Value",4650
"2024","York Outer","E14001605","Total","Aged 10-14","Value",5454
"2024","York Outer","E14001605","Total","Aged 15-19","Value",5385
"2024","York Outer","E14001605","Total","Aged 20-24","Value",4754
"2024","York Outer","E14001605","Total","Aged 25-29","Value",4486
"2024","York Outer","E14001605","Total","Aged 30-34","Value",4864
"2024","York Outer","E14001605","Total","Aged 35-39","Value",5595
"2024","York Outer","E14001605","Total","Aged 40-44","Value",5902
"2024","York Outer","E14001605","Total","Aged 45-49","Value",5613
"2024","York Outer","E14001605","Total","Aged 50-54","Value",6425
"2024","York Outer","E14001605","Total","Aged 55-59","Value",6729
"2024","York Outer","E14001605","Total","Aged 60-64","Value",6548
"2024","York Outer","E14001605","Total","Aged 65-69","Value",5742
"2024","York Outer","E14001605","Total","Aged 70-74","Value",5402
"2024","York Outer","E14001605","Total","Aged 75-79","Value",5763
"2024","York Outer","E14001605","Total","Aged 80-84","Value",3738
"2024","York Outer","E14001605","Total","Aged 85+","Value",4086
"2024","Amber Valley","E14001066","Total","All Ages","Value",93258
"2024","Amber Valley","E14001066","Total","Age 0 - 4","Value",4496
"2024","Amber Valley","E14001066","Total","Aged 5-9","Value",4952
"2024","Amber Valley","E14001066","Total","Aged 10-14","Value",5165
"2024","Amber Valley","E14001066","Total","Aged 15-19","Value",4638
"2024","Amber Valley","E14001066","Total","Aged 20-24","Value",4201
"2024","Amber Valley","E14001066","Total","Aged 25-29","Value",5628
"2024","Amber Valley","E14001066","Total","Aged 30-34","Value",6370
"2024","Amber Valley","E14001066","Total","Aged 35-39","Value",5840
"2024","Amber Valley","E14001066","Total","Aged 40-44","Value",5544
"2024","Amber Valley","E14001066","Total","Aged 45-49","Value",5226
"2024","Amber Valley","E14001066","Total","Aged 50-54","Value",6701
"2024","Amber Valley","E14001066","Total","Aged 55-59","Value",7146
"2024","Amber Valley","E14001066","Total","Aged 60-64","Value",6561
"2024","Amber Valley","E14001066","Total","Aged 65-69","Value",5533
"2024","Amber Valley","E14001066","Total","Aged 70-74","Value",5031
"2024","Amber Valley","E14001066","Total","Aged 75-79","Value",4909
"2024","Amber Valley","E14001066","Total","Aged 80-84","Value",2976
"2024","Amber Valley","E14001066","Total","Aged 85+","Value",2341
"2024","Ashfield","E14001068","Total","All Ages","Value",97640
"2024","Ashfield","E14001068","Total","Age 0 - 4","Value",4999
"2024","Ashfield","E14001068","Total","Aged 5-9","Value",5676
"2024","Ashfield","E14001068","Total","Aged 10-14","Value",6163
"2024","Ashfield","E14001068","Total","Aged 15-19","Value",5445
"2024","Ashfield","E14001068","Total","Aged 20-24","Value",4608
"2024","Ashfield","E14001068","Total","Aged 25-29","Value",5710
"2024","Ashfield","E14001068","Total","Aged 30-34","Value",6614
"2024","Ashfield","E14001068","Total","Aged 35-39","Value",6650
"2024","Ashfield","E14001068","Total","Aged 40-44","Value",6025
"2024","Ashfield","E14001068","Total","Aged 45-49","Value",5545
"2024","Ashfield","E14001068","Total","Aged 50-54","Value",6561
"2024","Ashfield","E14001068","Total","Aged 55-59","Value",7198
"2024","Ashfield","E14001068","Total","Aged 60-64","Value",6563
"2024","Ashfield","E14001068","Total","Aged 65-69","Value",5231
"2024","Ashfield","E14001068","Total","Aged 70-74","Value",4786
"2024","Ashfield","E14001068","Total","Aged 75-79","Value",4436
"2024","Ashfield","E14001068","Total","Aged 80-84","Value",3025
"2024","Ashfield","E14001068","Total","Aged 85+","Value",2405
"2024","Bassetlaw","E14001079","Total","All Ages","Value",110743
"2024","Bassetlaw","E14001079","Total","Age 0 - 4","Value",5731
"2024","Bassetlaw","E14001079","Total","Aged 5-9","Value",6287
"2024","Bassetlaw","E14001079","Total","Aged 10-14","Value",6494
"2024","Bassetlaw","E14001079","Total","Aged 15-19","Value",5706
"2024","Bassetlaw","E14001079","Total","Aged 20-24","Value",4701
"2024","Bassetlaw","E14001079","Total","Aged 25-29","Value",6664
"2024","Bassetlaw","E14001079","Total","Aged 30-34","Value",7441
"2024","Bassetlaw","E14001079","Total","Aged 35-39","Value",7265
"2024","Bassetlaw","E14001079","Total","Aged 40-44","Value",6642
"2024","Bassetlaw","E14001079","Total","Aged 45-49","Value",6200
"2024","Bassetlaw","E14001079","Total","Aged 50-54","Value",7475
"2024","Bassetlaw","E14001079","Total","Aged 55-59","Value",8304
"2024","Bassetlaw","E14001079","Total","Aged 60-64","Value",7787
"2024","Bassetlaw","E14001079","Total","Aged 65-69","Value",6372
"2024","Bassetlaw","E14001079","Total","Aged 70-74","Value",5591
"2024","Bassetlaw","E14001079","Total","Aged 75-79","Value",5506
"2024","Bassetlaw","E14001079","Total","Aged 80-84","Value",3404
"2024","Bassetlaw","E14001079","Total","Aged 85+","Value",3173
"2024","Bolsover","E14001109","Total","All Ages","Value",105119
"2024","Bolsover","E14001109","Total","Age 0 - 4","Value",5263
"2024","Bolsover","E14001109","Total","Aged 5-9","Value",5711
"2024","Bolsover","E14001109","Total","Aged 10-14","Value",5860
"2024","Bolsover","E14001109","Total","Aged 15-19","Value",5326
"2024","Bolsover","E14001109","Total","Aged 20-24","Value",4698
"2024","Bolsover","E14001109","Total","Aged 25-29","Value",6953
"2024","Bolsover","E14001109","Total","Aged 30-34","Value",7504
"2024","Bolsover","E14001109","Total","Aged 35-39","Value",7025
"2024","Bolsover","E14001109","Total","Aged 40-44","Value",6149
"2024","Bolsover","E14001109","Total","Aged 45-49","Value",5759
"2024","Bolsover","E14001109","Total","Aged 50-54","Value",7188
"2024","Bolsover","E14001109","Total","Aged 55-59","Value",8159
"2024","Bolsover","E14001109","Total","Aged 60-64","Value",7446
"2024","Bolsover","E14001109","Total","Aged 65-69","Value",6185
"2024","Bolsover","E14001109","Total","Aged 70-74","Value",5269
"2024","Bolsover","E14001109","Total","Aged 75-79","Value",4984
"2024","Bolsover","E14001109","Total","Aged 80-84","Value",3130
"2024","Bolsover","E14001109","Total","Aged 85+","Value",2510
"2024","Boston and Skegness","E14001114","Total","All Ages","Value",117686
"2024","Boston and Skegness","E14001114","Total","Age 0 - 4","Value",5510
"2024","Boston and Skegness","E14001114","Total","Aged 5-9","Value",6191
"2024","Boston and Skegness","E14001114","Total","Aged 10-14","Value",6921
"2024","Boston and Skegness","E14001114","Total","Aged 15-19","Value",6361
"2024","Boston and Skegness","E14001114","Total","Aged 20-24","Value",5031
"2024","Boston and Skegness","E14001114","Total","Aged 25-29","Value",5904
"2024","Boston and Skegness","E14001114","Total","Aged 30-34","Value",6733
"2024","Boston and Skegness","E14001114","Total","Aged 35-39","Value",6824
"2024","Boston and Skegness","E14001114","Total","Aged 40-44","Value",6700
"2024","Boston and Skegness","E14001114","Total","Aged 45-49","Value",6192
"2024","Boston and Skegness","E14001114","Total","Aged 50-54","Value",7827
"2024","Boston and Skegness","E14001114","Total","Aged 55-59","Value",8870
"2024","Boston and Skegness","E14001114","Total","Aged 60-64","Value",9053
"2024","Boston and Skegness","E14001114","Total","Aged 65-69","Value",7983
"2024","Boston and Skegness","E14001114","Total","Aged 70-74","Value",7204
"2024","Boston and Skegness","E14001114","Total","Aged 75-79","Value",6733
"2024","Boston and Skegness","E14001114","Total","Aged 80-84","Value",4112
"2024","Boston and Skegness","E14001114","Total","Aged 85+","Value",3537
"2024","Broxtowe","E14001140","Total","All Ages","Value",97960
"2024","Broxtowe","E14001140","Total","Age 0 - 4","Value",4388
"2024","Broxtowe","E14001140","Total","Aged 5-9","Value",5123
"2024","Broxtowe","E14001140","Total","Aged 10-14","Value",5650
"2024","Broxtowe","E14001140","Total","Aged 15-19","Value",5523
"2024","Broxtowe","E14001140","Total","Aged 20-24","Value",6595
"2024","Broxtowe","E14001140","Total","Aged 25-29","Value",6302
"2024","Broxtowe","E14001140","Total","Aged 30-34","Value",6695
"2024","Broxtowe","E14001140","Total","Aged 35-39","Value",6595
"2024","Broxtowe","E14001140","Total","Aged 40-44","Value",5997
"2024","Broxtowe","E14001140","Total","Aged 45-49","Value",5483
"2024","Broxtowe","E14001140","Total","Aged 50-54","Value",5956
"2024","Broxtowe","E14001140","Total","Aged 55-59","Value",6566
"2024","Broxtowe","E14001140","Total","Aged 60-64","Value",6136
"2024","Broxtowe","E14001140","Total","Aged 65-69","Value",5168
"2024","Broxtowe","E14001140","Total","Aged 70-74","Value",4851
"2024","Broxtowe","E14001140","Total","Aged 75-79","Value",4933
"2024","Broxtowe","E14001140","Total","Aged 80-84","Value",3085
"2024","Broxtowe","E14001140","Total","Aged 85+","Value",2914
"2024","Chesterfield","E14001165","Total","All Ages","Value",95716
"2024","Chesterfield","E14001165","Total","Age 0 - 4","Value",4400
"2024","Chesterfield","E14001165","Total","Aged 5-9","Value",4925
"2024","Chesterfield","E14001165","Total","Aged 10-14","Value",5475
"2024","Chesterfield","E14001165","Total","Aged 15-19","Value",4931
"2024","Chesterfield","E14001165","Total","Aged 20-24","Value",4278
"2024","Chesterfield","E14001165","Total","Aged 25-29","Value",5859
"2024","Chesterfield","E14001165","Total","Aged 30-34","Value",6435
"2024","Chesterfield","E14001165","Total","Aged 35-39","Value",6144
"2024","Chesterfield","E14001165","Total","Aged 40-44","Value",5991
"2024","Chesterfield","E14001165","Total","Aged 45-49","Value",5502
"2024","Chesterfield","E14001165","Total","Aged 50-54","Value",6475
"2024","Chesterfield","E14001165","Total","Aged 55-59","Value",7054
"2024","Chesterfield","E14001165","Total","Aged 60-64","Value",6710
"2024","Chesterfield","E14001165","Total","Aged 65-69","Value",5751
"2024","Chesterfield","E14001165","Total","Aged 70-74","Value",5134
"2024","Chesterfield","E14001165","Total","Aged 75-79","Value",4721
"2024","Chesterfield","E14001165","Total","Aged 80-84","Value",3092
"2024","Chesterfield","E14001165","Total","Aged 85+","Value",2839
"2024","Corby and East Northamptonshire","E14001179","Total","All Ages","Value",120984
"2024","Corby and East Northamptonshire","E14001179","Total","Age 0 - 4","Value",6604
"2024","Corby and East Northamptonshire","E14001179","Total","Aged 5-9","Value",7749
"2024","Corby and East Northamptonshire","E14001179","Total","Aged 10-14","Value",8420
"2024","Corby and East Northamptonshire","E14001179","Total","Aged 15-19","Value",7591
"2024","Corby and East Northamptonshire","E14001179","Total","Aged 20-24","Value",5153
"2024","Corby and East Northamptonshire","E14001179","Total","Aged 25-29","Value",6774
"2024","Corby and East Northamptonshire","E14001179","Total","Aged 30-34","Value",8440
"2024","Corby and East Northamptonshire","E14001179","Total","Aged 35-39","Value",8944
"2024","Corby and East Northamptonshire","E14001179","Total","Aged 40-44","Value",8447
"2024","Corby and East Northamptonshire","E14001179","Total","Aged 45-49","Value",7456
"2024","Corby and East Northamptonshire","E14001179","Total","Aged 50-54","Value",7680
"2024","Corby and East Northamptonshire","E14001179","Total","Aged 55-59","Value",8617
"2024","Corby and East Northamptonshire","E14001179","Total","Aged 60-64","Value",7698
"2024","Corby and East Northamptonshire","E14001179","Total","Aged 65-69","Value",6143
"2024","Corby and East Northamptonshire","E14001179","Total","Aged 70-74","Value",5365
"2024","Corby and East Northamptonshire","E14001179","Total","Aged 75-79","Value",4780
"2024","Corby and East Northamptonshire","E14001179","Total","Aged 80-84","Value",2718
"2024","Corby and East Northamptonshire","E14001179","Total","Aged 85+","Value",2405
"2024","Daventry","E14001192","Total","All Ages","Value",109214
"2024","Daventry","E14001192","Total","Age 0 - 4","Value",5772
"2024","Daventry","E14001192","Total","Aged 5-9","Value",6315
"2024","Daventry","E14001192","Total","Aged 10-14","Value",6324
"2024","Daventry","E14001192","Total","Aged 15-19","Value",5642
"2024","Daventry","E14001192","Total","Aged 20-24","Value",4498
"2024","Daventry","E14001192","Total","Aged 25-29","Value",5727
"2024","Daventry","E14001192","Total","Aged 30-34","Value",6806
"2024","Daventry","E14001192","Total","Aged 35-39","Value",7097
"2024","Daventry","E14001192","Total","Aged 40-44","Value",6917
"2024","Daventry","E14001192","Total","Aged 45-49","Value",6431
"2024","Daventry","E14001192","Total","Aged 50-54","Value",7667
"2024","Daventry","E14001192","Total","Aged 55-59","Value",8567
"2024","Daventry","E14001192","Total","Aged 60-64","Value",7648
"2024","Daventry","E14001192","Total","Aged 65-69","Value",6245
"2024","Daventry","E14001192","Total","Aged 70-74","Value",5624
"2024","Daventry","E14001192","Total","Aged 75-79","Value",5647
"2024","Daventry","E14001192","Total","Aged 80-84","Value",3443
"2024","Daventry","E14001192","Total","Aged 85+","Value",2844
"2024","Derby North","E14001193","Total","All Ages","Value",109165
"2024","Derby North","E14001193","Total","Age 0 - 4","Value",5820
"2024","Derby North","E14001193","Total","Aged 5-9","Value",6630
"2024","Derby North","E14001193","Total","Aged 10-14","Value",6727
"2024","Derby North","E14001193","Total","Aged 15-19","Value",7160
"2024","Derby North","E14001193","Total","Aged 20-24","Value",8022
"2024","Derby North","E14001193","Total","Aged 25-29","Value",7698
"2024","Derby North","E14001193","Total","Aged 30-34","Value",8372
"2024","Derby North","E14001193","Total","Aged 35-39","Value",7967
"2024","Derby North","E14001193","Total","Aged 40-44","Value",7471
"2024","Derby North","E14001193","Total","Aged 45-49","Value",6071
"2024","Derby North","E14001193","Total","Aged 50-54","Value",6500
"2024","Derby North","E14001193","Total","Aged 55-59","Value",6574
"2024","Derby North","E14001193","Total","Aged 60-64","Value",5807
"2024","Derby North","E14001193","Total","Aged 65-69","Value",4867
"2024","Derby North","E14001193","Total","Aged 70-74","Value",4449
"2024","Derby North","E14001193","Total","Aged 75-79","Value",3827
"2024","Derby North","E14001193","Total","Aged 80-84","Value",2537
"2024","Derby North","E14001193","Total","Aged 85+","Value",2666
"2024","Derby South","E14001194","Total","All Ages","Value",125397
"2024","Derby South","E14001194","Total","Age 0 - 4","Value",8124
"2024","Derby South","E14001194","Total","Aged 5-9","Value",8625
"2024","Derby South","E14001194","Total","Aged 10-14","Value",9229
"2024","Derby South","E14001194","Total","Aged 15-19","Value",8569
"2024","Derby South","E14001194","Total","Aged 20-24","Value",8324
"2024","Derby South","E14001194","Total","Aged 25-29","Value",9546
"2024","Derby South","E14001194","Total","Aged 30-34","Value",10079
"2024","Derby South","E14001194","Total","Aged 35-39","Value",9559
"2024","Derby South","E14001194","Total","Aged 40-44","Value",8819
"2024","Derby South","E14001194","Total","Aged 45-49","Value",7522
"2024","Derby South","E14001194","Total","Aged 50-54","Value",7385
"2024","Derby South","E14001194","Total","Aged 55-59","Value",7053
"2024","Derby South","E14001194","Total","Aged 60-64","Value",6112
"2024","Derby South","E14001194","Total","Aged 65-69","Value",4563
"2024","Derby South","E14001194","Total","Aged 70-74","Value",3900
"2024","Derby South","E14001194","Total","Aged 75-79","Value",3454
"2024","Derby South","E14001194","Total","Aged 80-84","Value",2194
"2024","Derby South","E14001194","Total","Aged 85+","Value",2340
"2024","Derbyshire Dales","E14001195","Total","All Ages","Value",91388
"2024","Derbyshire Dales","E14001195","Total","Age 0 - 4","Value",3436
"2024","Derbyshire Dales","E14001195","Total","Aged 5-9","Value",4228
"2024","Derbyshire Dales","E14001195","Total","Aged 10-14","Value",4895
"2024","Derbyshire Dales","E14001195","Total","Aged 15-19","Value",4757
"2024","Derbyshire Dales","E14001195","Total","Aged 20-24","Value",3312
"2024","Derbyshire Dales","E14001195","Total","Aged 25-29","Value",4189
"2024","Derbyshire Dales","E14001195","Total","Aged 30-34","Value",4522
"2024","Derbyshire Dales","E14001195","Total","Aged 35-39","Value",4588
"2024","Derbyshire Dales","E14001195","Total","Aged 40-44","Value",5048
"2024","Derbyshire Dales","E14001195","Total","Aged 45-49","Value",5145
"2024","Derbyshire Dales","E14001195","Total","Aged 50-54","Value",6773
"2024","Derbyshire Dales","E14001195","Total","Aged 55-59","Value",8008
"2024","Derbyshire Dales","E14001195","Total","Aged 60-64","Value",7680
"2024","Derbyshire Dales","E14001195","Total","Aged 65-69","Value",6526
"2024","Derbyshire Dales","E14001195","Total","Aged 70-74","Value",5894
"2024","Derbyshire Dales","E14001195","Total","Aged 75-79","Value",5680
"2024","Derbyshire Dales","E14001195","Total","Aged 80-84","Value",3503
"2024","Derbyshire Dales","E14001195","Total","Aged 85+","Value",3204
"2024","Erewash","E14001228","Total","All Ages","Value",96711
"2024","Erewash","E14001228","Total","Age 0 - 4","Value",4547
"2024","Erewash","E14001228","Total","Aged 5-9","Value",5266
"2024","Erewash","E14001228","Total","Aged 10-14","Value",5594
"2024","Erewash","E14001228","Total","Aged 15-19","Value",5207
"2024","Erewash","E14001228","Total","Aged 20-24","Value",4772
"2024","Erewash","E14001228","Total","Aged 25-29","Value",6598
"2024","Erewash","E14001228","Total","Aged 30-34","Value",6783
"2024","Erewash","E14001228","Total","Aged 35-39","Value",6762
"2024","Erewash","E14001228","Total","Aged 40-44","Value",6088
"2024","Erewash","E14001228","Total","Aged 45-49","Value",5454
"2024","Erewash","E14001228","Total","Aged 50-54","Value",6727
"2024","Erewash","E14001228","Total","Aged 55-59","Value",7130
"2024","Erewash","E14001228","Total","Aged 60-64","Value",6264
"2024","Erewash","E14001228","Total","Aged 65-69","Value",5161
"2024","Erewash","E14001228","Total","Aged 70-74","Value",4492
"2024","Erewash","E14001228","Total","Aged 75-79","Value",4552
"2024","Erewash","E14001228","Total","Aged 80-84","Value",2858
"2024","Erewash","E14001228","Total","Aged 85+","Value",2456
"2024","Gainsborough","E14001243","Total","All Ages","Value",99208
"2024","Gainsborough","E14001243","Total","Age 0 - 4","Value",4123
"2024","Gainsborough","E14001243","Total","Aged 5-9","Value",5288
"2024","Gainsborough","E14001243","Total","Aged 10-14","Value",5843
"2024","Gainsborough","E14001243","Total","Aged 15-19","Value",5062
"2024","Gainsborough","E14001243","Total","Aged 20-24","Value",3921
"2024","Gainsborough","E14001243","Total","Aged 25-29","Value",5024
"2024","Gainsborough","E14001243","Total","Aged 30-34","Value",5488
"2024","Gainsborough","E14001243","Total","Aged 35-39","Value",5716
"2024","Gainsborough","E14001243","Total","Aged 40-44","Value",5589
"2024","Gainsborough","E14001243","Total","Aged 45-49","Value",5379
"2024","Gainsborough","E14001243","Total","Aged 50-54","Value",6604
"2024","Gainsborough","E14001243","Total","Aged 55-59","Value",7898
"2024","Gainsborough","E14001243","Total","Aged 60-64","Value",7754
"2024","Gainsborough","E14001243","Total","Aged 65-69","Value",6796
"2024","Gainsborough","E14001243","Total","Aged 70-74","Value",6028
"2024","Gainsborough","E14001243","Total","Aged 75-79","Value",5925
"2024","Gainsborough","E14001243","Total","Aged 80-84","Value",3792
"2024","Gainsborough","E14001243","Total","Aged 85+","Value",2978
"2024","Gedling","E14001245","Total","All Ages","Value",103187
"2024","Gedling","E14001245","Total","Age 0 - 4","Value",4898
"2024","Gedling","E14001245","Total","Aged 5-9","Value",5850
"2024","Gedling","E14001245","Total","Aged 10-14","Value",6217
"2024","Gedling","E14001245","Total","Aged 15-19","Value",5451
"2024","Gedling","E14001245","Total","Aged 20-24","Value",4394
"2024","Gedling","E14001245","Total","Aged 25-29","Value",5893
"2024","Gedling","E14001245","Total","Aged 30-34","Value",7082
"2024","Gedling","E14001245","Total","Aged 35-39","Value",7300
"2024","Gedling","E14001245","Total","Aged 40-44","Value",6935
"2024","Gedling","E14001245","Total","Aged 45-49","Value",6083
"2024","Gedling","E14001245","Total","Aged 50-54","Value",7044
"2024","Gedling","E14001245","Total","Aged 55-59","Value",7405
"2024","Gedling","E14001245","Total","Aged 60-64","Value",6939
"2024","Gedling","E14001245","Total","Aged 65-69","Value",5606
"2024","Gedling","E14001245","Total","Aged 70-74","Value",5197
"2024","Gedling","E14001245","Total","Aged 75-79","Value",4929
"2024","Gedling","E14001245","Total","Aged 80-84","Value",3038
"2024","Gedling","E14001245","Total","Aged 85+","Value",2926
"2024","Grantham and Bourne","E14001253","Total","All Ages","Value",101886
"2024","Grantham and Bourne","E14001253","Total","Age 0 - 4","Value",4582
"2024","Grantham and Bourne","E14001253","Total","Aged 5-9","Value",5671
"2024","Grantham and Bourne","E14001253","Total","Aged 10-14","Value",6268
"2024","Grantham and Bourne","E14001253","Total","Aged 15-19","Value",5552
"2024","Grantham and Bourne","E14001253","Total","Aged 20-24","Value",4005
"2024","Grantham and Bourne","E14001253","Total","Aged 25-29","Value",5476
"2024","Grantham and Bourne","E14001253","Total","Aged 30-34","Value",6085
"2024","Grantham and Bourne","E14001253","Total","Aged 35-39","Value",6072
"2024","Grantham and Bourne","E14001253","Total","Aged 40-44","Value",6122
"2024","Grantham and Bourne","E14001253","Total","Aged 45-49","Value",5905
"2024","Grantham and Bourne","E14001253","Total","Aged 50-54","Value",7077
"2024","Grantham and Bourne","E14001253","Total","Aged 55-59","Value",7782
"2024","Grantham and Bourne","E14001253","Total","Aged 60-64","Value",7288
"2024","Grantham and Bourne","E14001253","Total","Aged 65-69","Value",5946
"2024","Grantham and Bourne","E14001253","Total","Aged 70-74","Value",5838
"2024","Grantham and Bourne","E14001253","Total","Aged 75-79","Value",5602
"2024","Grantham and Bourne","E14001253","Total","Aged 80-84","Value",3510
"2024","Grantham and Bourne","E14001253","Total","Aged 85+","Value",3105
"2024","Harborough, Oadby and Wigston","E14001266","Total","All Ages","Value",108600
"2024","Harborough, Oadby and Wigston","E14001266","Total","Age 0 - 4","Value",5289
"2024","Harborough, Oadby and Wigston","E14001266","Total","Aged 5-9","Value",6401
"2024","Harborough, Oadby and Wigston","E14001266","Total","Aged 10-14","Value",6782
"2024","Harborough, Oadby and Wigston","E14001266","Total","Aged 15-19","Value",7375
"2024","Harborough, Oadby and Wigston","E14001266","Total","Aged 20-24","Value",5181
"2024","Harborough, Oadby and Wigston","E14001266","Total","Aged 25-29","Value",5808
"2024","Harborough, Oadby and Wigston","E14001266","Total","Aged 30-34","Value",6694
"2024","Harborough, Oadby and Wigston","E14001266","Total","Aged 35-39","Value",7083
"2024","Harborough, Oadby and Wigston","E14001266","Total","Aged 40-44","Value",7140
"2024","Harborough, Oadby and Wigston","E14001266","Total","Aged 45-49","Value",6600
"2024","Harborough, Oadby and Wigston","E14001266","Total","Aged 50-54","Value",6956
"2024","Harborough, Oadby and Wigston","E14001266","Total","Aged 55-59","Value",7243
"2024","Harborough, Oadby and Wigston","E14001266","Total","Aged 60-64","Value",6773
"2024","Harborough, Oadby and Wigston","E14001266","Total","Aged 65-69","Value",5794
"2024","Harborough, Oadby and Wigston","E14001266","Total","Aged 70-74","Value",5252
"2024","Harborough, Oadby and Wigston","E14001266","Total","Aged 75-79","Value",5154
"2024","Harborough, Oadby and Wigston","E14001266","Total","Aged 80-84","Value",3439
"2024","Harborough, Oadby and Wigston","E14001266","Total","Aged 85+","Value",3636
"2024","High Peak","E14001287","Total","All Ages","Value",91959
"2024","High Peak","E14001287","Total","Age 0 - 4","Value",4035
"2024","High Peak","E14001287","Total","Aged 5-9","Value",4732
"2024","High Peak","E14001287","Total","Aged 10-14","Value",5151
"2024","High Peak","E14001287","Total","Aged 15-19","Value",4860
"2024","High Peak","E14001287","Total","Aged 20-24","Value",3637
"2024","High Peak","E14001287","Total","Aged 25-29","Value",4749
"2024","High Peak","E14001287","Total","Aged 30-34","Value",5532
"2024","High Peak","E14001287","Total","Aged 35-39","Value",5700
"2024","High Peak","E14001287","Total","Aged 40-44","Value",5554
"2024","High Peak","E14001287","Total","Aged 45-49","Value",5189
"2024","High Peak","E14001287","Total","Aged 50-54","Value",6590
"2024","High Peak","E14001287","Total","Aged 55-59","Value",7588
"2024","High Peak","E14001287","Total","Aged 60-64","Value",7346
"2024","High Peak","E14001287","Total","Aged 65-69","Value",5939
"2024","High Peak","E14001287","Total","Aged 70-74","Value",5202
"2024","High Peak","E14001287","Total","Aged 75-79","Value",4800
"2024","High Peak","E14001287","Total","Aged 80-84","Value",2934
"2024","High Peak","E14001287","Total","Aged 85+","Value",2421
"2024","Hinckley and Bosworth","E14001288","Total","All Ages","Value",101237
"2024","Hinckley and Bosworth","E14001288","Total","Age 0 - 4","Value",4722
"2024","Hinckley and Bosworth","E14001288","Total","Aged 5-9","Value",5522
"2024","Hinckley and Bosworth","E14001288","Total","Aged 10-14","Value",5909
"2024","Hinckley and Bosworth","E14001288","Total","Aged 15-19","Value",5279
"2024","Hinckley and Bosworth","E14001288","Total","Aged 20-24","Value",4198
"2024","Hinckley and Bosworth","E14001288","Total","Aged 25-29","Value",5668
"2024","Hinckley and Bosworth","E14001288","Total","Aged 30-34","Value",6589
"2024","Hinckley and Bosworth","E14001288","Total","Aged 35-39","Value",6793
"2024","Hinckley and Bosworth","E14001288","Total","Aged 40-44","Value",6395
"2024","Hinckley and Bosworth","E14001288","Total","Aged 45-49","Value",5953
"2024","Hinckley and Bosworth","E14001288","Total","Aged 50-54","Value",7089
"2024","Hinckley and Bosworth","E14001288","Total","Aged 55-59","Value",7488
"2024","Hinckley and Bosworth","E14001288","Total","Aged 60-64","Value",6985
"2024","Hinckley and Bosworth","E14001288","Total","Aged 65-69","Value",5793
"2024","Hinckley and Bosworth","E14001288","Total","Aged 70-74","Value",5560
"2024","Hinckley and Bosworth","E14001288","Total","Aged 75-79","Value",5339
"2024","Hinckley and Bosworth","E14001288","Total","Aged 80-84","Value",3227
"2024","Hinckley and Bosworth","E14001288","Total","Aged 85+","Value",2728
"2024","Kettering","E14001311","Total","All Ages","Value",115012
"2024","Kettering","E14001311","Total","Age 0 - 4","Value",6402
"2024","Kettering","E14001311","Total","Aged 5-9","Value",7266
"2024","Kettering","E14001311","Total","Aged 10-14","Value",7597
"2024","Kettering","E14001311","Total","Aged 15-19","Value",6753
"2024","Kettering","E14001311","Total","Aged 20-24","Value",5186
"2024","Kettering","E14001311","Total","Aged 25-29","Value",6709
"2024","Kettering","E14001311","Total","Aged 30-34","Value",8100
"2024","Kettering","E14001311","Total","Aged 35-39","Value",8243
"2024","Kettering","E14001311","Total","Aged 40-44","Value",7860
"2024","Kettering","E14001311","Total","Aged 45-49","Value",7176
"2024","Kettering","E14001311","Total","Aged 50-54","Value",7968
"2024","Kettering","E14001311","Total","Aged 55-59","Value",7826
"2024","Kettering","E14001311","Total","Aged 60-64","Value",6791
"2024","Kettering","E14001311","Total","Aged 65-69","Value",5536
"2024","Kettering","E14001311","Total","Aged 70-74","Value",5008
"2024","Kettering","E14001311","Total","Aged 75-79","Value",5089
"2024","Kettering","E14001311","Total","Aged 80-84","Value",3009
"2024","Kettering","E14001311","Total","Aged 85+","Value",2493
"2024","Leicester East","E14001326","Total","All Ages","Value",127904
"2024","Leicester East","E14001326","Total","Age 0 - 4","Value",7559
"2024","Leicester East","E14001326","Total","Aged 5-9","Value",8635
"2024","Leicester East","E14001326","Total","Aged 10-14","Value",9040
"2024","Leicester East","E14001326","Total","Aged 15-19","Value",9136
"2024","Leicester East","E14001326","Total","Aged 20-24","Value",9892
"2024","Leicester East","E14001326","Total","Aged 25-29","Value",9235
"2024","Leicester East","E14001326","Total","Aged 30-34","Value",8685
"2024","Leicester East","E14001326","Total","Aged 35-39","Value",9104
"2024","Leicester East","E14001326","Total","Aged 40-44","Value",9223
"2024","Leicester East","E14001326","Total","Aged 45-49","Value",8237
"2024","Leicester East","E14001326","Total","Aged 50-54","Value",7521
"2024","Leicester East","E14001326","Total","Aged 55-59","Value",6944
"2024","Leicester East","E14001326","Total","Aged 60-64","Value",6467
"2024","Leicester East","E14001326","Total","Aged 65-69","Value",5749
"2024","Leicester East","E14001326","Total","Aged 70-74","Value",4959
"2024","Leicester East","E14001326","Total","Aged 75-79","Value",3252
"2024","Leicester East","E14001326","Total","Aged 80-84","Value",2109
"2024","Leicester East","E14001326","Total","Aged 85+","Value",2157
"2024","Leicester South","E14001327","Total","All Ages","Value",124777
"2024","Leicester South","E14001327","Total","Age 0 - 4","Value",7144
"2024","Leicester South","E14001327","Total","Aged 5-9","Value",7254
"2024","Leicester South","E14001327","Total","Aged 10-14","Value",7536
"2024","Leicester South","E14001327","Total","Aged 15-19","Value",11138
"2024","Leicester South","E14001327","Total","Aged 20-24","Value",17906
"2024","Leicester South","E14001327","Total","Aged 25-29","Value",11514
"2024","Leicester South","E14001327","Total","Aged 30-34","Value",9353
"2024","Leicester South","E14001327","Total","Aged 35-39","Value",8044
"2024","Leicester South","E14001327","Total","Aged 40-44","Value",7663
"2024","Leicester South","E14001327","Total","Aged 45-49","Value",6679
"2024","Leicester South","E14001327","Total","Aged 50-54","Value",6423
"2024","Leicester South","E14001327","Total","Aged 55-59","Value",5665
"2024","Leicester South","E14001327","Total","Aged 60-64","Value",5249
"2024","Leicester South","E14001327","Total","Aged 65-69","Value",4140
"2024","Leicester South","E14001327","Total","Aged 70-74","Value",3299
"2024","Leicester South","E14001327","Total","Aged 75-79","Value",2359
"2024","Leicester South","E14001327","Total","Aged 80-84","Value",1609
"2024","Leicester South","E14001327","Total","Aged 85+","Value",1802
"2024","Leicester West","E14001328","Total","All Ages","Value",135667
"2024","Leicester West","E14001328","Total","Age 0 - 4","Value",8669
"2024","Leicester West","E14001328","Total","Aged 5-9","Value",9335
"2024","Leicester West","E14001328","Total","Aged 10-14","Value",9764
"2024","Leicester West","E14001328","Total","Aged 15-19","Value",10120
"2024","Leicester West","E14001328","Total","Aged 20-24","Value",12078
"2024","Leicester West","E14001328","Total","Aged 25-29","Value",10720
"2024","Leicester West","E14001328","Total","Aged 30-34","Value",11074
"2024","Leicester West","E14001328","Total","Aged 35-39","Value",10545
"2024","Leicester West","E14001328","Total","Aged 40-44","Value",9689
"2024","Leicester West","E14001328","Total","Aged 45-49","Value",8108
"2024","Leicester West","E14001328","Total","Aged 50-54","Value",7426
"2024","Leicester West","E14001328","Total","Aged 55-59","Value",6959
"2024","Leicester West","E14001328","Total","Aged 60-64","Value",5992
"2024","Leicester West","E14001328","Total","Aged 65-69","Value",4788
"2024","Leicester West","E14001328","Total","Aged 70-74","Value",3678
"2024","Leicester West","E14001328","Total","Aged 75-79","Value",3193
"2024","Leicester West","E14001328","Total","Aged 80-84","Value",1734
"2024","Leicester West","E14001328","Total","Aged 85+","Value",1795
"2024","Lincoln","E14001336","Total","All Ages","Value",119443
"2024","Lincoln","E14001336","Total","Age 0 - 4","Value",5628
"2024","Lincoln","E14001336","Total","Aged 5-9","Value",6350
"2024","Lincoln","E14001336","Total","Aged 10-14","Value",6150
"2024","Lincoln","E14001336","Total","Aged 15-19","Value",9572
"2024","Lincoln","E14001336","Total","Aged 20-24","Value",13204
"2024","Lincoln","E14001336","Total","Aged 25-29","Value",8376
"2024","Lincoln","E14001336","Total","Aged 30-34","Value",9383
"2024","Lincoln","E14001336","Total","Aged 35-39","Value",8762
"2024","Lincoln","E14001336","Total","Aged 40-44","Value",7462
"2024","Lincoln","E14001336","Total","Aged 45-49","Value",5972
"2024","Lincoln","E14001336","Total","Aged 50-54","Value",6514
"2024","Lincoln","E14001336","Total","Aged 55-59","Value",6603
"2024","Lincoln","E14001336","Total","Aged 60-64","Value",6570
"2024","Lincoln","E14001336","Total","Aged 65-69","Value",5050
"2024","Lincoln","E14001336","Total","Aged 70-74","Value",4435
"2024","Lincoln","E14001336","Total","Aged 75-79","Value",4064
"2024","Lincoln","E14001336","Total","Aged 80-84","Value",2652
"2024","Lincoln","E14001336","Total","Aged 85+","Value",2696
"2024","Loughborough","E14001342","Total","All Ages","Value",103234
"2024","Loughborough","E14001342","Total","Age 0 - 4","Value",4333
"2024","Loughborough","E14001342","Total","Aged 5-9","Value",5167
"2024","Loughborough","E14001342","Total","Aged 10-14","Value",5434
"2024","Loughborough","E14001342","Total","Aged 15-19","Value",8664
"2024","Loughborough","E14001342","Total","Aged 20-24","Value",13310
"2024","Loughborough","E14001342","Total","Aged 25-29","Value",5827
"2024","Loughborough","E14001342","Total","Aged 30-34","Value",6389
"2024","Loughborough","E14001342","Total","Aged 35-39","Value",6478
"2024","Loughborough","E14001342","Total","Aged 40-44","Value",6213
"2024","Loughborough","E14001342","Total","Aged 45-49","Value",5456
"2024","Loughborough","E14001342","Total","Aged 50-54","Value",6044
"2024","Loughborough","E14001342","Total","Aged 55-59","Value",6151
"2024","Loughborough","E14001342","Total","Aged 60-64","Value",5578
"2024","Loughborough","E14001342","Total","Aged 65-69","Value",4798
"2024","Loughborough","E14001342","Total","Aged 70-74","Value",4448
"2024","Loughborough","E14001342","Total","Aged 75-79","Value",4124
"2024","Loughborough","E14001342","Total","Aged 80-84","Value",2566
"2024","Loughborough","E14001342","Total","Aged 85+","Value",2254
"2024","Louth and Horncastle","E14001343","Total","All Ages","Value",98577
"2024","Louth and Horncastle","E14001343","Total","Age 0 - 4","Value",3573
"2024","Louth and Horncastle","E14001343","Total","Aged 5-9","Value",4486
"2024","Louth and Horncastle","E14001343","Total","Aged 10-14","Value",4967
"2024","Louth and Horncastle","E14001343","Total","Aged 15-19","Value",4588
"2024","Louth and Horncastle","E14001343","Total","Aged 20-24","Value",3716
"2024","Louth and Horncastle","E14001343","Total","Aged 25-29","Value",4386
"2024","Louth and Horncastle","E14001343","Total","Aged 30-34","Value",4644
"2024","Louth and Horncastle","E14001343","Total","Aged 35-39","Value",4801
"2024","Louth and Horncastle","E14001343","Total","Aged 40-44","Value",4487
"2024","Louth and Horncastle","E14001343","Total","Aged 45-49","Value",4480
"2024","Louth and Horncastle","E14001343","Total","Aged 50-54","Value",6535
"2024","Louth and Horncastle","E14001343","Total","Aged 55-59","Value",7906
"2024","Louth and Horncastle","E14001343","Total","Aged 60-64","Value",8774
"2024","Louth and Horncastle","E14001343","Total","Aged 65-69","Value",8254
"2024","Louth and Horncastle","E14001343","Total","Aged 70-74","Value",7373
"2024","Louth and Horncastle","E14001343","Total","Aged 75-79","Value",7305
"2024","Louth and Horncastle","E14001343","Total","Aged 80-84","Value",4517
"2024","Louth and Horncastle","E14001343","Total","Aged 85+","Value",3785
"2024","Mansfield","E14001355","Total","All Ages","Value",106964
"2024","Mansfield","E14001355","Total","Age 0 - 4","Value",5450
"2024","Mansfield","E14001355","Total","Aged 5-9","Value",6378
"2024","Mansfield","E14001355","Total","Aged 10-14","Value",6701
"2024","Mansfield","E14001355","Total","Aged 15-19","Value",5846
"2024","Mansfield","E14001355","Total","Aged 20-24","Value",4643
"2024","Mansfield","E14001355","Total","Aged 25-29","Value",6029
"2024","Mansfield","E14001355","Total","Aged 30-34","Value",7534
"2024","Mansfield","E14001355","Total","Aged 35-39","Value",7671
"2024","Mansfield","E14001355","Total","Aged 40-44","Value",7151
"2024","Mansfield","E14001355","Total","Aged 45-49","Value",5970
"2024","Mansfield","E14001355","Total","Aged 50-54","Value",6834
"2024","Mansfield","E14001355","Total","Aged 55-59","Value",7712
"2024","Mansfield","E14001355","Total","Aged 60-64","Value",7438
"2024","Mansfield","E14001355","Total","Aged 65-69","Value",6133
"2024","Mansfield","E14001355","Total","Aged 70-74","Value",5160
"2024","Mansfield","E14001355","Total","Aged 75-79","Value",4680
"2024","Mansfield","E14001355","Total","Aged 80-84","Value",3037
"2024","Mansfield","E14001355","Total","Aged 85+","Value",2597
"2024","Melton and Syston","E14001357","Total","All Ages","Value",97716
"2024","Melton and Syston","E14001357","Total","Age 0 - 4","Value",4591
"2024","Melton and Syston","E14001357","Total","Aged 5-9","Value",5436
"2024","Melton and Syston","E14001357","Total","Aged 10-14","Value",5964
"2024","Melton and Syston","E14001357","Total","Aged 15-19","Value",5411
"2024","Melton and Syston","E14001357","Total","Aged 20-24","Value",4284
"2024","Melton and Syston","E14001357","Total","Aged 25-29","Value",4842
"2024","Melton and Syston","E14001357","Total","Aged 30-34","Value",5951
"2024","Melton and Syston","E14001357","Total","Aged 35-39","Value",6130
"2024","Melton and Syston","E14001357","Total","Aged 40-44","Value",6004
"2024","Melton and Syston","E14001357","Total","Aged 45-49","Value",5447
"2024","Melton and Syston","E14001357","Total","Aged 50-54","Value",6678
"2024","Melton and Syston","E14001357","Total","Aged 55-59","Value",7393
"2024","Melton and Syston","E14001357","Total","Aged 60-64","Value",7078
"2024","Melton and Syston","E14001357","Total","Aged 65-69","Value",6064
"2024","Melton and Syston","E14001357","Total","Aged 70-74","Value",5551
"2024","Melton and Syston","E14001357","Total","Aged 75-79","Value",5057
"2024","Melton and Syston","E14001357","Total","Aged 80-84","Value",3174
"2024","Melton and Syston","E14001357","Total","Aged 85+","Value",2661
"2024","Mid Derbyshire","E14001362","Total","All Ages","Value",88822
"2024","Mid Derbyshire","E14001362","Total","Age 0 - 4","Value",3626
"2024","Mid Derbyshire","E14001362","Total","Aged 5-9","Value",4546
"2024","Mid Derbyshire","E14001362","Total","Aged 10-14","Value",5300
"2024","Mid Derbyshire","E14001362","Total","Aged 15-19","Value",4763
"2024","Mid Derbyshire","E14001362","Total","Aged 20-24","Value",3957
"2024","Mid Derbyshire","E14001362","Total","Aged 25-29","Value",4291
"2024","Mid Derbyshire","E14001362","Total","Aged 30-34","Value",4973
"2024","Mid Derbyshire","E14001362","Total","Aged 35-39","Value",5103
"2024","Mid Derbyshire","E14001362","Total","Aged 40-44","Value",5518
"2024","Mid Derbyshire","E14001362","Total","Aged 45-49","Value",5040
"2024","Mid Derbyshire","E14001362","Total","Aged 50-54","Value",6318
"2024","Mid Derbyshire","E14001362","Total","Aged 55-59","Value",6880
"2024","Mid Derbyshire","E14001362","Total","Aged 60-64","Value",6603
"2024","Mid Derbyshire","E14001362","Total","Aged 65-69","Value",5273
"2024","Mid Derbyshire","E14001362","Total","Aged 70-74","Value",4910
"2024","Mid Derbyshire","E14001362","Total","Aged 75-79","Value",5119
"2024","Mid Derbyshire","E14001362","Total","Aged 80-84","Value",3400
"2024","Mid Derbyshire","E14001362","Total","Aged 85+","Value",3202
"2024","Mid Leicestershire","E14001364","Total","All Ages","Value",104533
"2024","Mid Leicestershire","E14001364","Total","Age 0 - 4","Value",5349
"2024","Mid Leicestershire","E14001364","Total","Aged 5-9","Value",6117
"2024","Mid Leicestershire","E14001364","Total","Aged 10-14","Value",6533
"2024","Mid Leicestershire","E14001364","Total","Aged 15-19","Value",5814
"2024","Mid Leicestershire","E14001364","Total","Aged 20-24","Value",4662
"2024","Mid Leicestershire","E14001364","Total","Aged 25-29","Value",5312
"2024","Mid Leicestershire","E14001364","Total","Aged 30-34","Value",6661
"2024","Mid Leicestershire","E14001364","Total","Aged 35-39","Value",7343
"2024","Mid Leicestershire","E14001364","Total","Aged 40-44","Value",7162
"2024","Mid Leicestershire","E14001364","Total","Aged 45-49","Value",6130
"2024","Mid Leicestershire","E14001364","Total","Aged 50-54","Value",6964
"2024","Mid Leicestershire","E14001364","Total","Aged 55-59","Value",7198
"2024","Mid Leicestershire","E14001364","Total","Aged 60-64","Value",6809
"2024","Mid Leicestershire","E14001364","Total","Aged 65-69","Value",5805
"2024","Mid Leicestershire","E14001364","Total","Aged 70-74","Value",5165
"2024","Mid Leicestershire","E14001364","Total","Aged 75-79","Value",4952
"2024","Mid Leicestershire","E14001364","Total","Aged 80-84","Value",3245
"2024","Mid Leicestershire","E14001364","Total","Aged 85+","Value",3312
"2024","Newark","E14001375","Total","All Ages","Value",109963
"2024","Newark","E14001375","Total","Age 0 - 4","Value",4946
"2024","Newark","E14001375","Total","Aged 5-9","Value",5844
"2024","Newark","E14001375","Total","Aged 10-14","Value",6517
"2024","Newark","E14001375","Total","Aged 15-19","Value",5946
"2024","Newark","E14001375","Total","Aged 20-24","Value",4797
"2024","Newark","E14001375","Total","Aged 25-29","Value",5336
"2024","Newark","E14001375","Total","Aged 30-34","Value",6311
"2024","Newark","E14001375","Total","Aged 35-39","Value",6708
"2024","Newark","E14001375","Total","Aged 40-44","Value",6605
"2024","Newark","E14001375","Total","Aged 45-49","Value",6456
"2024","Newark","E14001375","Total","Aged 50-54","Value",7539
"2024","Newark","E14001375","Total","Aged 55-59","Value",8335
"2024","Newark","E14001375","Total","Aged 60-64","Value",7881
"2024","Newark","E14001375","Total","Aged 65-69","Value",6944
"2024","Newark","E14001375","Total","Aged 70-74","Value",6197
"2024","Newark","E14001375","Total","Aged 75-79","Value",6213
"2024","Newark","E14001375","Total","Aged 80-84","Value",4022
"2024","Newark","E14001375","Total","Aged 85+","Value",3366
"2024","North East Derbyshire","E14001391","Total","All Ages","Value",95629
"2024","North East Derbyshire","E14001391","Total","Age 0 - 4","Value",4429
"2024","North East Derbyshire","E14001391","Total","Aged 5-9","Value",4957
"2024","North East Derbyshire","E14001391","Total","Aged 10-14","Value",5367
"2024","North East Derbyshire","E14001391","Total","Aged 15-19","Value",4754
"2024","North East Derbyshire","E14001391","Total","Aged 20-24","Value",3978
"2024","North East Derbyshire","E14001391","Total","Aged 25-29","Value",5092
"2024","North East Derbyshire","E14001391","Total","Aged 30-34","Value",5979
"2024","North East Derbyshire","E14001391","Total","Aged 35-39","Value",5737
"2024","North East Derbyshire","E14001391","Total","Aged 40-44","Value",5612
"2024","North East Derbyshire","E14001391","Total","Aged 45-49","Value",5237
"2024","North East Derbyshire","E14001391","Total","Aged 50-54","Value",6464
"2024","North East Derbyshire","E14001391","Total","Aged 55-59","Value",7319
"2024","North East Derbyshire","E14001391","Total","Aged 60-64","Value",6943
"2024","North East Derbyshire","E14001391","Total","Aged 65-69","Value",6157
"2024","North East Derbyshire","E14001391","Total","Aged 70-74","Value",5506
"2024","North East Derbyshire","E14001391","Total","Aged 75-79","Value",5647
"2024","North East Derbyshire","E14001391","Total","Aged 80-84","Value",3580
"2024","North East Derbyshire","E14001391","Total","Aged 85+","Value",2871
"2024","North West Leicestershire","E14001404","Total","All Ages","Value",106245
"2024","North West Leicestershire","E14001404","Total","Age 0 - 4","Value",5461
"2024","North West Leicestershire","E14001404","Total","Aged 5-9","Value",5974
"2024","North West Leicestershire","E14001404","Total","Aged 10-14","Value",6111
"2024","North West Leicestershire","E14001404","Total","Aged 15-19","Value",5513
"2024","North West Leicestershire","E14001404","Total","Aged 20-24","Value",5514
"2024","North West Leicestershire","E14001404","Total","Aged 25-29","Value",6405
"2024","North West Leicestershire","E14001404","Total","Aged 30-34","Value",7526
"2024","North West Leicestershire","E14001404","Total","Aged 35-39","Value",7202
"2024","North West Leicestershire","E14001404","Total","Aged 40-44","Value",6757
"2024","North West Leicestershire","E14001404","Total","Aged 45-49","Value",6226
"2024","North West Leicestershire","E14001404","Total","Aged 50-54","Value",7523
"2024","North West Leicestershire","E14001404","Total","Aged 55-59","Value",7731
"2024","North West Leicestershire","E14001404","Total","Aged 60-64","Value",6950
"2024","North West Leicestershire","E14001404","Total","Aged 65-69","Value",5699
"2024","North West Leicestershire","E14001404","Total","Aged 70-74","Value",5224
"2024","North West Leicestershire","E14001404","Total","Aged 75-79","Value",5061
"2024","North West Leicestershire","E14001404","Total","Aged 80-84","Value",3016
"2024","North West Leicestershire","E14001404","Total","Aged 85+","Value",2352
"2024","Northampton North","E14001406","Total","All Ages","Value",133743
"2024","Northampton North","E14001406","Total","Age 0 - 4","Value",7937
"2024","Northampton North","E14001406","Total","Aged 5-9","Value",8254
"2024","Northampton North","E14001406","Total","Aged 10-14","Value",8399
"2024","Northampton North","E14001406","Total","Aged 15-19","Value",8544
"2024","Northampton North","E14001406","Total","Aged 20-24","Value",8918
"2024","Northampton North","E14001406","Total","Aged 25-29","Value",10174
"2024","Northampton North","E14001406","Total","Aged 30-34","Value",11272
"2024","Northampton North","E14001406","Total","Aged 35-39","Value",10944
"2024","Northampton North","E14001406","Total","Aged 40-44","Value",9870
"2024","Northampton North","E14001406","Total","Aged 45-49","Value",8332
"2024","Northampton North","E14001406","Total","Aged 50-54","Value",8204
"2024","Northampton North","E14001406","Total","Aged 55-59","Value",7648
"2024","Northampton North","E14001406","Total","Aged 60-64","Value",6691
"2024","Northampton North","E14001406","Total","Aged 65-69","Value",5121
"2024","Northampton North","E14001406","Total","Aged 70-74","Value",4436
"2024","Northampton North","E14001406","Total","Aged 75-79","Value",4087
"2024","Northampton North","E14001406","Total","Aged 80-84","Value",2509
"2024","Northampton North","E14001406","Total","Aged 85+","Value",2403
"2024","Northampton South","E14001407","Total","All Ages","Value",114719
"2024","Northampton South","E14001407","Total","Age 0 - 4","Value",6618
"2024","Northampton South","E14001407","Total","Aged 5-9","Value",7571
"2024","Northampton South","E14001407","Total","Aged 10-14","Value",8122
"2024","Northampton South","E14001407","Total","Aged 15-19","Value",7768
"2024","Northampton South","E14001407","Total","Aged 20-24","Value",6273
"2024","Northampton South","E14001407","Total","Aged 25-29","Value",6781
"2024","Northampton South","E14001407","Total","Aged 30-34","Value",8295
"2024","Northampton South","E14001407","Total","Aged 35-39","Value",8870
"2024","Northampton South","E14001407","Total","Aged 40-44","Value",8739
"2024","Northampton South","E14001407","Total","Aged 45-49","Value",7459
"2024","Northampton South","E14001407","Total","Aged 50-54","Value",7408
"2024","Northampton South","E14001407","Total","Aged 55-59","Value",6912
"2024","Northampton South","E14001407","Total","Aged 60-64","Value",6217
"2024","Northampton South","E14001407","Total","Aged 65-69","Value",4979
"2024","Northampton South","E14001407","Total","Aged 70-74","Value",4424
"2024","Northampton South","E14001407","Total","Aged 75-79","Value",3888
"2024","Northampton South","E14001407","Total","Aged 80-84","Value",2202
"2024","Northampton South","E14001407","Total","Aged 85+","Value",2193
"2024","Nottingham East","E14001410","Total","All Ages","Value",125727
"2024","Nottingham East","E14001410","Total","Age 0 - 4","Value",6815
"2024","Nottingham East","E14001410","Total","Aged 5-9","Value",6618
"2024","Nottingham East","E14001410","Total","Aged 10-14","Value",6599
"2024","Nottingham East","E14001410","Total","Aged 15-19","Value",10604
"2024","Nottingham East","E14001410","Total","Aged 20-24","Value",21944
"2024","Nottingham East","E14001410","Total","Aged 25-29","Value",10625
"2024","Nottingham East","E14001410","Total","Aged 30-34","Value",10504
"2024","Nottingham East","E14001410","Total","Aged 35-39","Value",9122
"2024","Nottingham East","E14001410","Total","Aged 40-44","Value",7694
"2024","Nottingham East","E14001410","Total","Aged 45-49","Value",6489
"2024","Nottingham East","E14001410","Total","Aged 50-54","Value",6137
"2024","Nottingham East","E14001410","Total","Aged 55-59","Value",5872
"2024","Nottingham East","E14001410","Total","Aged 60-64","Value",4932
"2024","Nottingham East","E14001410","Total","Aged 65-69","Value",3974
"2024","Nottingham East","E14001410","Total","Aged 70-74","Value",2871
"2024","Nottingham East","E14001410","Total","Aged 75-79","Value",2235
"2024","Nottingham East","E14001410","Total","Aged 80-84","Value",1424
"2024","Nottingham East","E14001410","Total","Aged 85+","Value",1268
"2024","Nottingham North and Kimberley","E14001411","Total","All Ages","Value",109887
"2024","Nottingham North and Kimberley","E14001411","Total","Age 0 - 4","Value",6650
"2024","Nottingham North and Kimberley","E14001411","Total","Aged 5-9","Value",8071
"2024","Nottingham North and Kimberley","E14001411","Total","Aged 10-14","Value",8091
"2024","Nottingham North and Kimberley","E14001411","Total","Aged 15-19","Value",7569
"2024","Nottingham North and Kimberley","E14001411","Total","Aged 20-24","Value",6113
"2024","Nottingham North and Kimberley","E14001411","Total","Aged 25-29","Value",5980
"2024","Nottingham North and Kimberley","E14001411","Total","Aged 30-34","Value",8144
"2024","Nottingham North and Kimberley","E14001411","Total","Aged 35-39","Value",7942
"2024","Nottingham North and Kimberley","E14001411","Total","Aged 40-44","Value",7384
"2024","Nottingham North and Kimberley","E14001411","Total","Aged 45-49","Value",6326
"2024","Nottingham North and Kimberley","E14001411","Total","Aged 50-54","Value",6911
"2024","Nottingham North and Kimberley","E14001411","Total","Aged 55-59","Value",7001
"2024","Nottingham North and Kimberley","E14001411","Total","Aged 60-64","Value",6430
"2024","Nottingham North and Kimberley","E14001411","Total","Aged 65-69","Value",4768
"2024","Nottingham North and Kimberley","E14001411","Total","Aged 70-74","Value",4120
"2024","Nottingham North and Kimberley","E14001411","Total","Aged 75-79","Value",3785
"2024","Nottingham North and Kimberley","E14001411","Total","Aged 80-84","Value",2319
"2024","Nottingham North and Kimberley","E14001411","Total","Aged 85+","Value",2283
"2024","Nottingham South","E14001412","Total","All Ages","Value",112068
"2024","Nottingham South","E14001412","Total","Age 0 - 4","Value",5168
"2024","Nottingham South","E14001412","Total","Aged 5-9","Value",5923
"2024","Nottingham South","E14001412","Total","Aged 10-14","Value",6009
"2024","Nottingham South","E14001412","Total","Aged 15-19","Value",12335
"2024","Nottingham South","E14001412","Total","Aged 20-24","Value",22672
"2024","Nottingham South","E14001412","Total","Aged 25-29","Value",6621
"2024","Nottingham South","E14001412","Total","Aged 30-34","Value",7047
"2024","Nottingham South","E14001412","Total","Aged 35-39","Value",6803
"2024","Nottingham South","E14001412","Total","Aged 40-44","Value",5781
"2024","Nottingham South","E14001412","Total","Aged 45-49","Value",4941
"2024","Nottingham South","E14001412","Total","Aged 50-54","Value",5035
"2024","Nottingham South","E14001412","Total","Aged 55-59","Value",5028
"2024","Nottingham South","E14001412","Total","Aged 60-64","Value",4718
"2024","Nottingham South","E14001412","Total","Aged 65-69","Value",3927
"2024","Nottingham South","E14001412","Total","Aged 70-74","Value",3354
"2024","Nottingham South","E14001412","Total","Aged 75-79","Value",2769
"2024","Nottingham South","E14001412","Total","Aged 80-84","Value",1832
"2024","Nottingham South","E14001412","Total","Aged 85+","Value",2105
"2024","Rushcliffe","E14001457","Total","All Ages","Value",106531
"2024","Rushcliffe","E14001457","Total","Age 0 - 4","Value",4962
"2024","Rushcliffe","E14001457","Total","Aged 5-9","Value",6221
"2024","Rushcliffe","E14001457","Total","Aged 10-14","Value",6776
"2024","Rushcliffe","E14001457","Total","Aged 15-19","Value",5976
"2024","Rushcliffe","E14001457","Total","Aged 20-24","Value",5507
"2024","Rushcliffe","E14001457","Total","Aged 25-29","Value",5872
"2024","Rushcliffe","E14001457","Total","Aged 30-34","Value",6347
"2024","Rushcliffe","E14001457","Total","Aged 35-39","Value",6592
"2024","Rushcliffe","E14001457","Total","Aged 40-44","Value",7172
"2024","Rushcliffe","E14001457","Total","Aged 45-49","Value",6654
"2024","Rushcliffe","E14001457","Total","Aged 50-54","Value",7053
"2024","Rushcliffe","E14001457","Total","Aged 55-59","Value",7390
"2024","Rushcliffe","E14001457","Total","Aged 60-64","Value",6836
"2024","Rushcliffe","E14001457","Total","Aged 65-69","Value",5715
"2024","Rushcliffe","E14001457","Total","Aged 70-74","Value",5347
"2024","Rushcliffe","E14001457","Total","Aged 75-79","Value",5224
"2024","Rushcliffe","E14001457","Total","Aged 80-84","Value",3415
"2024","Rushcliffe","E14001457","Total","Aged 85+","Value",3472
"2024","Rutland and Stamford","E14001458","Total","All Ages","Value",96350
"2024","Rutland and Stamford","E14001458","Total","Age 0 - 4","Value",3803
"2024","Rutland and Stamford","E14001458","Total","Aged 5-9","Value",4869
"2024","Rutland and Stamford","E14001458","Total","Aged 10-14","Value",5602
"2024","Rutland and Stamford","E14001458","Total","Aged 15-19","Value",6124
"2024","Rutland and Stamford","E14001458","Total","Aged 20-24","Value",3779
"2024","Rutland and Stamford","E14001458","Total","Aged 25-29","Value",4532
"2024","Rutland and Stamford","E14001458","Total","Aged 30-34","Value",5117
"2024","Rutland and Stamford","E14001458","Total","Aged 35-39","Value",5409
"2024","Rutland and Stamford","E14001458","Total","Aged 40-44","Value",5781
"2024","Rutland and Stamford","E14001458","Total","Aged 45-49","Value",5490
"2024","Rutland and Stamford","E14001458","Total","Aged 50-54","Value",6639
"2024","Rutland and Stamford","E14001458","Total","Aged 55-59","Value",7343
"2024","Rutland and Stamford","E14001458","Total","Aged 60-64","Value",7124
"2024","Rutland and Stamford","E14001458","Total","Aged 65-69","Value",6253
"2024","Rutland and Stamford","E14001458","Total","Aged 70-74","Value",5568
"2024","Rutland and Stamford","E14001458","Total","Aged 75-79","Value",5707
"2024","Rutland and Stamford","E14001458","Total","Aged 80-84","Value",3661
"2024","Rutland and Stamford","E14001458","Total","Aged 85+","Value",3549
"2024","Sherwood Forest","E14001471","Total","All Ages","Value",107420
"2024","Sherwood Forest","E14001471","Total","Age 0 - 4","Value",5504
"2024","Sherwood Forest","E14001471","Total","Aged 5-9","Value",6149
"2024","Sherwood Forest","E14001471","Total","Aged 10-14","Value",6343
"2024","Sherwood Forest","E14001471","Total","Aged 15-19","Value",5686
"2024","Sherwood Forest","E14001471","Total","Aged 20-24","Value",4689
"2024","Sherwood Forest","E14001471","Total","Aged 25-29","Value",6530
"2024","Sherwood Forest","E14001471","Total","Aged 30-34","Value",7456
"2024","Sherwood Forest","E14001471","Total","Aged 35-39","Value",7426
"2024","Sherwood Forest","E14001471","Total","Aged 40-44","Value",6598
"2024","Sherwood Forest","E14001471","Total","Aged 45-49","Value",6035
"2024","Sherwood Forest","E14001471","Total","Aged 50-54","Value",7203
"2024","Sherwood Forest","E14001471","Total","Aged 55-59","Value",7799
"2024","Sherwood Forest","E14001471","Total","Aged 60-64","Value",7330
"2024","Sherwood Forest","E14001471","Total","Aged 65-69","Value",5901
"2024","Sherwood Forest","E14001471","Total","Aged 70-74","Value",5527
"2024","Sherwood Forest","E14001471","Total","Aged 75-79","Value",5175
"2024","Sherwood Forest","E14001471","Total","Aged 80-84","Value",3171
"2024","Sherwood Forest","E14001471","Total","Aged 85+","Value",2898
"2024","Sleaford and North Hykeham","E14001476","Total","All Ages","Value",99687
"2024","Sleaford and North Hykeham","E14001476","Total","Age 0 - 4","Value",4307
"2024","Sleaford and North Hykeham","E14001476","Total","Aged 5-9","Value",5398
"2024","Sleaford and North Hykeham","E14001476","Total","Aged 10-14","Value",6020
"2024","Sleaford and North Hykeham","E14001476","Total","Aged 15-19","Value",5173
"2024","Sleaford and North Hykeham","E14001476","Total","Aged 20-24","Value",4469
"2024","Sleaford and North Hykeham","E14001476","Total","Aged 25-29","Value",5477
"2024","Sleaford and North Hykeham","E14001476","Total","Aged 30-34","Value",5815
"2024","Sleaford and North Hykeham","E14001476","Total","Aged 35-39","Value",6241
"2024","Sleaford and North Hykeham","E14001476","Total","Aged 40-44","Value",6005
"2024","Sleaford and North Hykeham","E14001476","Total","Aged 45-49","Value",5514
"2024","Sleaford and North Hykeham","E14001476","Total","Aged 50-54","Value",6921
"2024","Sleaford and North Hykeham","E14001476","Total","Aged 55-59","Value",7588
"2024","Sleaford and North Hykeham","E14001476","Total","Aged 60-64","Value",7201
"2024","Sleaford and North Hykeham","E14001476","Total","Aged 65-69","Value",5836
"2024","Sleaford and North Hykeham","E14001476","Total","Aged 70-74","Value",5440
"2024","Sleaford and North Hykeham","E14001476","Total","Aged 75-79","Value",5607
"2024","Sleaford and North Hykeham","E14001476","Total","Aged 80-84","Value",3640
"2024","Sleaford and North Hykeham","E14001476","Total","Aged 85+","Value",3035
"2024","South Derbyshire","E14001483","Total","All Ages","Value",103362
"2024","South Derbyshire","E14001483","Total","Age 0 - 4","Value",5608
"2024","South Derbyshire","E14001483","Total","Aged 5-9","Value",6098
"2024","South Derbyshire","E14001483","Total","Aged 10-14","Value",6266
"2024","South Derbyshire","E14001483","Total","Aged 15-19","Value",5873
"2024","South Derbyshire","E14001483","Total","Aged 20-24","Value",4368
"2024","South Derbyshire","E14001483","Total","Aged 25-29","Value",6271
"2024","South Derbyshire","E14001483","Total","Aged 30-34","Value",7564
"2024","South Derbyshire","E14001483","Total","Aged 35-39","Value",7089
"2024","South Derbyshire","E14001483","Total","Aged 40-44","Value",6704
"2024","South Derbyshire","E14001483","Total","Aged 45-49","Value",6054
"2024","South Derbyshire","E14001483","Total","Aged 50-54","Value",7280
"2024","South Derbyshire","E14001483","Total","Aged 55-59","Value",7494
"2024","South Derbyshire","E14001483","Total","Aged 60-64","Value",6645
"2024","South Derbyshire","E14001483","Total","Aged 65-69","Value",5416
"2024","South Derbyshire","E14001483","Total","Aged 70-74","Value",4915
"2024","South Derbyshire","E14001483","Total","Aged 75-79","Value",4491
"2024","South Derbyshire","E14001483","Total","Aged 80-84","Value",2756
"2024","South Derbyshire","E14001483","Total","Aged 85+","Value",2470
"2024","South Holland and The Deepings","E14001487","Total","All Ages","Value",114249
"2024","South Holland and The Deepings","E14001487","Total","Age 0 - 4","Value",5427
"2024","South Holland and The Deepings","E14001487","Total","Aged 5-9","Value",6331
"2024","South Holland and The Deepings","E14001487","Total","Aged 10-14","Value",6639
"2024","South Holland and The Deepings","E14001487","Total","Aged 15-19","Value",5837
"2024","South Holland and The Deepings","E14001487","Total","Aged 20-24","Value",4651
"2024","South Holland and The Deepings","E14001487","Total","Aged 25-29","Value",6088
"2024","South Holland and The Deepings","E14001487","Total","Aged 30-34","Value",6710
"2024","South Holland and The Deepings","E14001487","Total","Aged 35-39","Value",7160
"2024","South Holland and The Deepings","E14001487","Total","Aged 40-44","Value",6727
"2024","South Holland and The Deepings","E14001487","Total","Aged 45-49","Value",6472
"2024","South Holland and The Deepings","E14001487","Total","Aged 50-54","Value",7728
"2024","South Holland and The Deepings","E14001487","Total","Aged 55-59","Value",8439
"2024","South Holland and The Deepings","E14001487","Total","Aged 60-64","Value",8221
"2024","South Holland and The Deepings","E14001487","Total","Aged 65-69","Value",7104
"2024","South Holland and The Deepings","E14001487","Total","Aged 70-74","Value",6415
"2024","South Holland and The Deepings","E14001487","Total","Aged 75-79","Value",6433
"2024","South Holland and The Deepings","E14001487","Total","Aged 80-84","Value",4081
"2024","South Holland and The Deepings","E14001487","Total","Aged 85+","Value",3786
"2024","South Leicestershire","E14001488","Total","All Ages","Value",107867
"2024","South Leicestershire","E14001488","Total","Age 0 - 4","Value",5312
"2024","South Leicestershire","E14001488","Total","Aged 5-9","Value",6186
"2024","South Leicestershire","E14001488","Total","Aged 10-14","Value",6283
"2024","South Leicestershire","E14001488","Total","Aged 15-19","Value",5815
"2024","South Leicestershire","E14001488","Total","Aged 20-24","Value",4706
"2024","South Leicestershire","E14001488","Total","Aged 25-29","Value",6182
"2024","South Leicestershire","E14001488","Total","Aged 30-34","Value",7092
"2024","South Leicestershire","E14001488","Total","Aged 35-39","Value",7435
"2024","South Leicestershire","E14001488","Total","Aged 40-44","Value",6785
"2024","South Leicestershire","E14001488","Total","Aged 45-49","Value",6290
"2024","South Leicestershire","E14001488","Total","Aged 50-54","Value",7395
"2024","South Leicestershire","E14001488","Total","Aged 55-59","Value",7995
"2024","South Leicestershire","E14001488","Total","Aged 60-64","Value",7270
"2024","South Leicestershire","E14001488","Total","Aged 65-69","Value",6033
"2024","South Leicestershire","E14001488","Total","Aged 70-74","Value",5447
"2024","South Leicestershire","E14001488","Total","Aged 75-79","Value",5498
"2024","South Leicestershire","E14001488","Total","Aged 80-84","Value",3356
"2024","South Leicestershire","E14001488","Total","Aged 85+","Value",2787
"2024","South Northamptonshire","E14001490","Total","All Ages","Value",103180
"2024","South Northamptonshire","E14001490","Total","Age 0 - 4","Value",5098
"2024","South Northamptonshire","E14001490","Total","Aged 5-9","Value",6060
"2024","South Northamptonshire","E14001490","Total","Aged 10-14","Value",6536
"2024","South Northamptonshire","E14001490","Total","Aged 15-19","Value",5619
"2024","South Northamptonshire","E14001490","Total","Aged 20-24","Value",4288
"2024","South Northamptonshire","E14001490","Total","Aged 25-29","Value",5041
"2024","South Northamptonshire","E14001490","Total","Aged 30-34","Value",6039
"2024","South Northamptonshire","E14001490","Total","Aged 35-39","Value",6597
"2024","South Northamptonshire","E14001490","Total","Aged 40-44","Value",6754
"2024","South Northamptonshire","E14001490","Total","Aged 45-49","Value",6453
"2024","South Northamptonshire","E14001490","Total","Aged 50-54","Value",7472
"2024","South Northamptonshire","E14001490","Total","Aged 55-59","Value",8011
"2024","South Northamptonshire","E14001490","Total","Aged 60-64","Value",7061
"2024","South Northamptonshire","E14001490","Total","Aged 65-69","Value",5797
"2024","South Northamptonshire","E14001490","Total","Aged 70-74","Value",4971
"2024","South Northamptonshire","E14001490","Total","Aged 75-79","Value",5318
"2024","South Northamptonshire","E14001490","Total","Aged 80-84","Value",3229
"2024","South Northamptonshire","E14001490","Total","Aged 85+","Value",2836
"2024","Wellingborough and Rushden","E14001571","Total","All Ages","Value",116830
"2024","Wellingborough and Rushden","E14001571","Total","Age 0 - 4","Value",6336
"2024","Wellingborough and Rushden","E14001571","Total","Aged 5-9","Value",6924
"2024","Wellingborough and Rushden","E14001571","Total","Aged 10-14","Value",7647
"2024","Wellingborough and Rushden","E14001571","Total","Aged 15-19","Value",6854
"2024","Wellingborough and Rushden","E14001571","Total","Aged 20-24","Value",5586
"2024","Wellingborough and Rushden","E14001571","Total","Aged 25-29","Value",7071
"2024","Wellingborough and Rushden","E14001571","Total","Aged 30-34","Value",8526
"2024","Wellingborough and Rushden","E14001571","Total","Aged 35-39","Value",8529
"2024","Wellingborough and Rushden","E14001571","Total","Aged 40-44","Value",8151
"2024","Wellingborough and Rushden","E14001571","Total","Aged 45-49","Value",7269
"2024","Wellingborough and Rushden","E14001571","Total","Aged 50-54","Value",8009
"2024","Wellingborough and Rushden","E14001571","Total","Aged 55-59","Value",8094
"2024","Wellingborough and Rushden","E14001571","Total","Aged 60-64","Value",6753
"2024","Wellingborough and Rushden","E14001571","Total","Aged 65-69","Value",5511
"2024","Wellingborough and Rushden","E14001571","Total","Aged 70-74","Value",5086
"2024","Wellingborough and Rushden","E14001571","Total","Aged 75-79","Value",4786
"2024","Wellingborough and Rushden","E14001571","Total","Aged 80-84","Value",2929
"2024","Wellingborough and Rushden","E14001571","Total","Aged 85+","Value",2769
"2024","Aldridge-Brownhills","E14001064","Total","All Ages","Value",93971
"2024","Aldridge-Brownhills","E14001064","Total","Age 0 - 4","Value",4661
"2024","Aldridge-Brownhills","E14001064","Total","Aged 5-9","Value",5448
"2024","Aldridge-Brownhills","E14001064","Total","Aged 10-14","Value",5711
"2024","Aldridge-Brownhills","E14001064","Total","Aged 15-19","Value",5340
"2024","Aldridge-Brownhills","E14001064","Total","Aged 20-24","Value",4262
"2024","Aldridge-Brownhills","E14001064","Total","Aged 25-29","Value",4923
"2024","Aldridge-Brownhills","E14001064","Total","Aged 30-34","Value",5670
"2024","Aldridge-Brownhills","E14001064","Total","Aged 35-39","Value",5765
"2024","Aldridge-Brownhills","E14001064","Total","Aged 40-44","Value",5815
"2024","Aldridge-Brownhills","E14001064","Total","Aged 45-49","Value",5108
"2024","Aldridge-Brownhills","E14001064","Total","Aged 50-54","Value",6296
"2024","Aldridge-Brownhills","E14001064","Total","Aged 55-59","Value",6939
"2024","Aldridge-Brownhills","E14001064","Total","Aged 60-64","Value",6441
"2024","Aldridge-Brownhills","E14001064","Total","Aged 65-69","Value",5177
"2024","Aldridge-Brownhills","E14001064","Total","Aged 70-74","Value",4453
"2024","Aldridge-Brownhills","E14001064","Total","Aged 75-79","Value",4676
"2024","Aldridge-Brownhills","E14001064","Total","Aged 80-84","Value",3677
"2024","Aldridge-Brownhills","E14001064","Total","Aged 85+","Value",3609
"2024","Birmingham Edgbaston","E14001092","Total","All Ages","Value",110141
"2024","Birmingham Edgbaston","E14001092","Total","Age 0 - 4","Value",6379
"2024","Birmingham Edgbaston","E14001092","Total","Aged 5-9","Value",6956
"2024","Birmingham Edgbaston","E14001092","Total","Aged 10-14","Value",7133
"2024","Birmingham Edgbaston","E14001092","Total","Aged 15-19","Value",9704
"2024","Birmingham Edgbaston","E14001092","Total","Aged 20-24","Value",8453
"2024","Birmingham Edgbaston","E14001092","Total","Aged 25-29","Value",8091
"2024","Birmingham Edgbaston","E14001092","Total","Aged 30-34","Value",8230
"2024","Birmingham Edgbaston","E14001092","Total","Aged 35-39","Value",7546
"2024","Birmingham Edgbaston","E14001092","Total","Aged 40-44","Value",7292
"2024","Birmingham Edgbaston","E14001092","Total","Aged 45-49","Value",6418
"2024","Birmingham Edgbaston","E14001092","Total","Aged 50-54","Value",6270
"2024","Birmingham Edgbaston","E14001092","Total","Aged 55-59","Value",6096
"2024","Birmingham Edgbaston","E14001092","Total","Aged 60-64","Value",5220
"2024","Birmingham Edgbaston","E14001092","Total","Aged 65-69","Value",4352
"2024","Birmingham Edgbaston","E14001092","Total","Aged 70-74","Value",4053
"2024","Birmingham Edgbaston","E14001092","Total","Aged 75-79","Value",3407
"2024","Birmingham Edgbaston","E14001092","Total","Aged 80-84","Value",2339
"2024","Birmingham Edgbaston","E14001092","Total","Aged 85+","Value",2202
"2024","Birmingham Erdington","E14001093","Total","All Ages","Value",126168
"2024","Birmingham Erdington","E14001093","Total","Age 0 - 4","Value",8618
"2024","Birmingham Erdington","E14001093","Total","Aged 5-9","Value",8733
"2024","Birmingham Erdington","E14001093","Total","Aged 10-14","Value",9048
"2024","Birmingham Erdington","E14001093","Total","Aged 15-19","Value",8352
"2024","Birmingham Erdington","E14001093","Total","Aged 20-24","Value",8266
"2024","Birmingham Erdington","E14001093","Total","Aged 25-29","Value",8373
"2024","Birmingham Erdington","E14001093","Total","Aged 30-34","Value",9760
"2024","Birmingham Erdington","E14001093","Total","Aged 35-39","Value",9467
"2024","Birmingham Erdington","E14001093","Total","Aged 40-44","Value",8724
"2024","Birmingham Erdington","E14001093","Total","Aged 45-49","Value",7009
"2024","Birmingham Erdington","E14001093","Total","Aged 50-54","Value",7542
"2024","Birmingham Erdington","E14001093","Total","Aged 55-59","Value",7791
"2024","Birmingham Erdington","E14001093","Total","Aged 60-64","Value",6942
"2024","Birmingham Erdington","E14001093","Total","Aged 65-69","Value",5224
"2024","Birmingham Erdington","E14001093","Total","Aged 70-74","Value",4089
"2024","Birmingham Erdington","E14001093","Total","Aged 75-79","Value",3515
"2024","Birmingham Erdington","E14001093","Total","Aged 80-84","Value",2391
"2024","Birmingham Erdington","E14001093","Total","Aged 85+","Value",2324
"2024","Birmingham Hall Green and Moseley","E14001094","Total","All Ages","Value",120469
"2024","Birmingham Hall Green and Moseley","E14001094","Total","Age 0 - 4","Value",8356
"2024","Birmingham Hall Green and Moseley","E14001094","Total","Aged 5-9","Value",8611
"2024","Birmingham Hall Green and Moseley","E14001094","Total","Aged 10-14","Value",9072
"2024","Birmingham Hall Green and Moseley","E14001094","Total","Aged 15-19","Value",9314
"2024","Birmingham Hall Green and Moseley","E14001094","Total","Aged 20-24","Value",9272
"2024","Birmingham Hall Green and Moseley","E14001094","Total","Aged 25-29","Value",9368
"2024","Birmingham Hall Green and Moseley","E14001094","Total","Aged 30-34","Value",8559
"2024","Birmingham Hall Green and Moseley","E14001094","Total","Aged 35-39","Value",8744
"2024","Birmingham Hall Green and Moseley","E14001094","Total","Aged 40-44","Value",8548
"2024","Birmingham Hall Green and Moseley","E14001094","Total","Aged 45-49","Value",7472
"2024","Birmingham Hall Green and Moseley","E14001094","Total","Aged 50-54","Value",7189
"2024","Birmingham Hall Green and Moseley","E14001094","Total","Aged 55-59","Value",6089
"2024","Birmingham Hall Green and Moseley","E14001094","Total","Aged 60-64","Value",5176
"2024","Birmingham Hall Green and Moseley","E14001094","Total","Aged 65-69","Value",4529
"2024","Birmingham Hall Green and Moseley","E14001094","Total","Aged 70-74","Value",3736
"2024","Birmingham Hall Green and Moseley","E14001094","Total","Aged 75-79","Value",2591
"2024","Birmingham Hall Green and Moseley","E14001094","Total","Aged 80-84","Value",1854
"2024","Birmingham Hall Green and Moseley","E14001094","Total","Aged 85+","Value",1989
"2024","Birmingham Hodge Hill and Solihull North","E14001095","Total","All Ages","Value",125440
"2024","Birmingham Hodge Hill and Solihull North","E14001095","Total","Age 0 - 4","Value",9011
"2024","Birmingham Hodge Hill and Solihull North","E14001095","Total","Aged 5-9","Value",9971
"2024","Birmingham Hodge Hill and Solihull North","E14001095","Total","Aged 10-14","Value",10598
"2024","Birmingham Hodge Hill and Solihull North","E14001095","Total","Aged 15-19","Value",10171
"2024","Birmingham Hodge Hill and Solihull North","E14001095","Total","Aged 20-24","Value",9210
"2024","Birmingham Hodge Hill and Solihull North","E14001095","Total","Aged 25-29","Value",8645
"2024","Birmingham Hodge Hill and Solihull North","E14001095","Total","Aged 30-34","Value",8709
"2024","Birmingham Hodge Hill and Solihull North","E14001095","Total","Aged 35-39","Value",8875
"2024","Birmingham Hodge Hill and Solihull North","E14001095","Total","Aged 40-44","Value",8181
"2024","Birmingham Hodge Hill and Solihull North","E14001095","Total","Aged 45-49","Value",6916
"2024","Birmingham Hodge Hill and Solihull North","E14001095","Total","Aged 50-54","Value",7137
"2024","Birmingham Hodge Hill and Solihull North","E14001095","Total","Aged 55-59","Value",6764
"2024","Birmingham Hodge Hill and Solihull North","E14001095","Total","Aged 60-64","Value",5702
"2024","Birmingham Hodge Hill and Solihull North","E14001095","Total","Aged 65-69","Value",4527
"2024","Birmingham Hodge Hill and Solihull North","E14001095","Total","Aged 70-74","Value",3793
"2024","Birmingham Hodge Hill and Solihull North","E14001095","Total","Aged 75-79","Value",3163
"2024","Birmingham Hodge Hill and Solihull North","E14001095","Total","Aged 80-84","Value",2107
"2024","Birmingham Hodge Hill and Solihull North","E14001095","Total","Aged 85+","Value",1960
"2024","Birmingham Ladywood","E14001096","Total","All Ages","Value",166910
"2024","Birmingham Ladywood","E14001096","Total","Age 0 - 4","Value",10694
"2024","Birmingham Ladywood","E14001096","Total","Aged 5-9","Value",10736
"2024","Birmingham Ladywood","E14001096","Total","Aged 10-14","Value",10916
"2024","Birmingham Ladywood","E14001096","Total","Aged 15-19","Value",15563
"2024","Birmingham Ladywood","E14001096","Total","Aged 20-24","Value",24233
"2024","Birmingham Ladywood","E14001096","Total","Aged 25-29","Value",19914
"2024","Birmingham Ladywood","E14001096","Total","Aged 30-34","Value",15121
"2024","Birmingham Ladywood","E14001096","Total","Aged 35-39","Value",12645
"2024","Birmingham Ladywood","E14001096","Total","Aged 40-44","Value",10650
"2024","Birmingham Ladywood","E14001096","Total","Aged 45-49","Value",8574
"2024","Birmingham Ladywood","E14001096","Total","Aged 50-54","Value",7416
"2024","Birmingham Ladywood","E14001096","Total","Aged 55-59","Value",6093
"2024","Birmingham Ladywood","E14001096","Total","Aged 60-64","Value",4888
"2024","Birmingham Ladywood","E14001096","Total","Aged 65-69","Value",3435
"2024","Birmingham Ladywood","E14001096","Total","Aged 70-74","Value",2302
"2024","Birmingham Ladywood","E14001096","Total","Aged 75-79","Value",1363
"2024","Birmingham Ladywood","E14001096","Total","Aged 80-84","Value",1046
"2024","Birmingham Ladywood","E14001096","Total","Aged 85+","Value",1321
"2024","Birmingham Northfield","E14001097","Total","All Ages","Value",109370
"2024","Birmingham Northfield","E14001097","Total","Age 0 - 4","Value",6791
"2024","Birmingham Northfield","E14001097","Total","Aged 5-9","Value",7507
"2024","Birmingham Northfield","E14001097","Total","Aged 10-14","Value",8092
"2024","Birmingham Northfield","E14001097","Total","Aged 15-19","Value",7277
"2024","Birmingham Northfield","E14001097","Total","Aged 20-24","Value",6057
"2024","Birmingham Northfield","E14001097","Total","Aged 25-29","Value",6661
"2024","Birmingham Northfield","E14001097","Total","Aged 30-34","Value",7864
"2024","Birmingham Northfield","E14001097","Total","Aged 35-39","Value",7590
"2024","Birmingham Northfield","E14001097","Total","Aged 40-44","Value",7084
"2024","Birmingham Northfield","E14001097","Total","Aged 45-49","Value",6482
"2024","Birmingham Northfield","E14001097","Total","Aged 50-54","Value",6692
"2024","Birmingham Northfield","E14001097","Total","Aged 55-59","Value",6833
"2024","Birmingham Northfield","E14001097","Total","Aged 60-64","Value",6040
"2024","Birmingham Northfield","E14001097","Total","Aged 65-69","Value",5039
"2024","Birmingham Northfield","E14001097","Total","Aged 70-74","Value",4524
"2024","Birmingham Northfield","E14001097","Total","Aged 75-79","Value",3914
"2024","Birmingham Northfield","E14001097","Total","Aged 80-84","Value",2474
"2024","Birmingham Northfield","E14001097","Total","Aged 85+","Value",2449
"2024","Birmingham Perry Barr","E14001098","Total","All Ages","Value",125283
"2024","Birmingham Perry Barr","E14001098","Total","Age 0 - 4","Value",8683
"2024","Birmingham Perry Barr","E14001098","Total","Aged 5-9","Value",9081
"2024","Birmingham Perry Barr","E14001098","Total","Aged 10-14","Value",9433
"2024","Birmingham Perry Barr","E14001098","Total","Aged 15-19","Value",10236
"2024","Birmingham Perry Barr","E14001098","Total","Aged 20-24","Value",10364
"2024","Birmingham Perry Barr","E14001098","Total","Aged 25-29","Value",10154
"2024","Birmingham Perry Barr","E14001098","Total","Aged 30-34","Value",8844
"2024","Birmingham Perry Barr","E14001098","Total","Aged 35-39","Value",8719
"2024","Birmingham Perry Barr","E14001098","Total","Aged 40-44","Value",8645
"2024","Birmingham Perry Barr","E14001098","Total","Aged 45-49","Value",7735
"2024","Birmingham Perry Barr","E14001098","Total","Aged 50-54","Value",7176
"2024","Birmingham Perry Barr","E14001098","Total","Aged 55-59","Value",6690
"2024","Birmingham Perry Barr","E14001098","Total","Aged 60-64","Value",5675
"2024","Birmingham Perry Barr","E14001098","Total","Aged 65-69","Value",4414
"2024","Birmingham Perry Barr","E14001098","Total","Aged 70-74","Value",3453
"2024","Birmingham Perry Barr","E14001098","Total","Aged 75-79","Value",2356
"2024","Birmingham Perry Barr","E14001098","Total","Aged 80-84","Value",1753
"2024","Birmingham Perry Barr","E14001098","Total","Aged 85+","Value",1872
"2024","Birmingham Selly Oak","E14001099","Total","All Ages","Value",109804
"2024","Birmingham Selly Oak","E14001099","Total","Age 0 - 4","Value",5516
"2024","Birmingham Selly Oak","E14001099","Total","Aged 5-9","Value",6492
"2024","Birmingham Selly Oak","E14001099","Total","Aged 10-14","Value",6632
"2024","Birmingham Selly Oak","E14001099","Total","Aged 15-19","Value",7306
"2024","Birmingham Selly Oak","E14001099","Total","Aged 20-24","Value",17282
"2024","Birmingham Selly Oak","E14001099","Total","Aged 25-29","Value",7045
"2024","Birmingham Selly Oak","E14001099","Total","Aged 30-34","Value",7336
"2024","Birmingham Selly Oak","E14001099","Total","Aged 35-39","Value",7024
"2024","Birmingham Selly Oak","E14001099","Total","Aged 40-44","Value",6813
"2024","Birmingham Selly Oak","E14001099","Total","Aged 45-49","Value",5670
"2024","Birmingham Selly Oak","E14001099","Total","Aged 50-54","Value",5589
"2024","Birmingham Selly Oak","E14001099","Total","Aged 55-59","Value",6019
"2024","Birmingham Selly Oak","E14001099","Total","Aged 60-64","Value",5338
"2024","Birmingham Selly Oak","E14001099","Total","Aged 65-69","Value",4314
"2024","Birmingham Selly Oak","E14001099","Total","Aged 70-74","Value",3579
"2024","Birmingham Selly Oak","E14001099","Total","Aged 75-79","Value",3213
"2024","Birmingham Selly Oak","E14001099","Total","Aged 80-84","Value",2276
"2024","Birmingham Selly Oak","E14001099","Total","Aged 85+","Value",2360
"2024","Birmingham Yardley","E14001100","Total","All Ages","Value",117836
"2024","Birmingham Yardley","E14001100","Total","Age 0 - 4","Value",8401
"2024","Birmingham Yardley","E14001100","Total","Aged 5-9","Value",9064
"2024","Birmingham Yardley","E14001100","Total","Aged 10-14","Value",9462
"2024","Birmingham Yardley","E14001100","Total","Aged 15-19","Value",8968
"2024","Birmingham Yardley","E14001100","Total","Aged 20-24","Value",8750
"2024","Birmingham Yardley","E14001100","Total","Aged 25-29","Value",8564
"2024","Birmingham Yardley","E14001100","Total","Aged 30-34","Value",8503
"2024","Birmingham Yardley","E14001100","Total","Aged 35-39","Value",8459
"2024","Birmingham Yardley","E14001100","Total","Aged 40-44","Value",7923
"2024","Birmingham Yardley","E14001100","Total","Aged 45-49","Value",6813
"2024","Birmingham Yardley","E14001100","Total","Aged 50-54","Value",6621
"2024","Birmingham Yardley","E14001100","Total","Aged 55-59","Value",6251
"2024","Birmingham Yardley","E14001100","Total","Aged 60-64","Value",5589
"2024","Birmingham Yardley","E14001100","Total","Aged 65-69","Value",4425
"2024","Birmingham Yardley","E14001100","Total","Aged 70-74","Value",3355
"2024","Birmingham Yardley","E14001100","Total","Aged 75-79","Value",2753
"2024","Birmingham Yardley","E14001100","Total","Aged 80-84","Value",1926
"2024","Birmingham Yardley","E14001100","Total","Aged 85+","Value",2009
"2024","Bromsgrove","E14001138","Total","All Ages","Value",101685
"2024","Bromsgrove","E14001138","Total","Age 0 - 4","Value",4807
"2024","Bromsgrove","E14001138","Total","Aged 5-9","Value",5854
"2024","Bromsgrove","E14001138","Total","Aged 10-14","Value",6294
"2024","Bromsgrove","E14001138","Total","Aged 15-19","Value",5919
"2024","Bromsgrove","E14001138","Total","Aged 20-24","Value",4110
"2024","Bromsgrove","E14001138","Total","Aged 25-29","Value",5036
"2024","Bromsgrove","E14001138","Total","Aged 30-34","Value",5692
"2024","Bromsgrove","E14001138","Total","Aged 35-39","Value",6442
"2024","Bromsgrove","E14001138","Total","Aged 40-44","Value",6378
"2024","Bromsgrove","E14001138","Total","Aged 45-49","Value",6076
"2024","Bromsgrove","E14001138","Total","Aged 50-54","Value",6861
"2024","Bromsgrove","E14001138","Total","Aged 55-59","Value",7623
"2024","Bromsgrove","E14001138","Total","Aged 60-64","Value",6931
"2024","Bromsgrove","E14001138","Total","Aged 65-69","Value",5818
"2024","Bromsgrove","E14001138","Total","Aged 70-74","Value",5316
"2024","Bromsgrove","E14001138","Total","Aged 75-79","Value",5229
"2024","Bromsgrove","E14001138","Total","Aged 80-84","Value",3592
"2024","Bromsgrove","E14001138","Total","Aged 85+","Value",3707
"2024","Burton and Uttoxeter","E14001143","Total","All Ages","Value",118018
"2024","Burton and Uttoxeter","E14001143","Total","Age 0 - 4","Value",6889
"2024","Burton and Uttoxeter","E14001143","Total","Aged 5-9","Value",7252
"2024","Burton and Uttoxeter","E14001143","Total","Aged 10-14","Value",7542
"2024","Burton and Uttoxeter","E14001143","Total","Aged 15-19","Value",6771
"2024","Burton and Uttoxeter","E14001143","Total","Aged 20-24","Value",5737
"2024","Burton and Uttoxeter","E14001143","Total","Aged 25-29","Value",7408
"2024","Burton and Uttoxeter","E14001143","Total","Aged 30-34","Value",8746
"2024","Burton and Uttoxeter","E14001143","Total","Aged 35-39","Value",8539
"2024","Burton and Uttoxeter","E14001143","Total","Aged 40-44","Value",7740
"2024","Burton and Uttoxeter","E14001143","Total","Aged 45-49","Value",6735
"2024","Burton and Uttoxeter","E14001143","Total","Aged 50-54","Value",7517
"2024","Burton and Uttoxeter","E14001143","Total","Aged 55-59","Value",8158
"2024","Burton and Uttoxeter","E14001143","Total","Aged 60-64","Value",7368
"2024","Burton and Uttoxeter","E14001143","Total","Aged 65-69","Value",6112
"2024","Burton and Uttoxeter","E14001143","Total","Aged 70-74","Value",5182
"2024","Burton and Uttoxeter","E14001143","Total","Aged 75-79","Value",4559
"2024","Burton and Uttoxeter","E14001143","Total","Aged 80-84","Value",3078
"2024","Burton and Uttoxeter","E14001143","Total","Aged 85+","Value",2685
"2024","Cannock Chase","E14001150","Total","All Ages","Value",104088
"2024","Cannock Chase","E14001150","Total","Age 0 - 4","Value",5316
"2024","Cannock Chase","E14001150","Total","Aged 5-9","Value",5818
"2024","Cannock Chase","E14001150","Total","Aged 10-14","Value",6058
"2024","Cannock Chase","E14001150","Total","Aged 15-19","Value",5556
"2024","Cannock Chase","E14001150","Total","Aged 20-24","Value",4882
"2024","Cannock Chase","E14001150","Total","Aged 25-29","Value",6793
"2024","Cannock Chase","E14001150","Total","Aged 30-34","Value",7671
"2024","Cannock Chase","E14001150","Total","Aged 35-39","Value",7215
"2024","Cannock Chase","E14001150","Total","Aged 40-44","Value",6537
"2024","Cannock Chase","E14001150","Total","Aged 45-49","Value",5466
"2024","Cannock Chase","E14001150","Total","Aged 50-54","Value",7239
"2024","Cannock Chase","E14001150","Total","Aged 55-59","Value",7789
"2024","Cannock Chase","E14001150","Total","Aged 60-64","Value",6922
"2024","Cannock Chase","E14001150","Total","Aged 65-69","Value",5651
"2024","Cannock Chase","E14001150","Total","Aged 70-74","Value",4921
"2024","Cannock Chase","E14001150","Total","Aged 75-79","Value",4636
"2024","Cannock Chase","E14001150","Total","Aged 80-84","Value",2971
"2024","Cannock Chase","E14001150","Total","Aged 85+","Value",2647
"2024","Coventry East","E14001180","Total","All Ages","Value",125325
"2024","Coventry East","E14001180","Total","Age 0 - 4","Value",8820
"2024","Coventry East","E14001180","Total","Aged 5-9","Value",9202
"2024","Coventry East","E14001180","Total","Aged 10-14","Value",9357
"2024","Coventry East","E14001180","Total","Aged 15-19","Value",8703
"2024","Coventry East","E14001180","Total","Aged 20-24","Value",7592
"2024","Coventry East","E14001180","Total","Aged 25-29","Value",8855
"2024","Coventry East","E14001180","Total","Aged 30-34","Value",9845
"2024","Coventry East","E14001180","Total","Aged 35-39","Value",9817
"2024","Coventry East","E14001180","Total","Aged 40-44","Value",8619
"2024","Coventry East","E14001180","Total","Aged 45-49","Value",7652
"2024","Coventry East","E14001180","Total","Aged 50-54","Value",7371
"2024","Coventry East","E14001180","Total","Aged 55-59","Value",6990
"2024","Coventry East","E14001180","Total","Aged 60-64","Value",6071
"2024","Coventry East","E14001180","Total","Aged 65-69","Value",4847
"2024","Coventry East","E14001180","Total","Aged 70-74","Value",3969
"2024","Coventry East","E14001180","Total","Aged 75-79","Value",3221
"2024","Coventry East","E14001180","Total","Aged 80-84","Value",2267
"2024","Coventry East","E14001180","Total","Aged 85+","Value",2127
"2024","Coventry North West","E14001181","Total","All Ages","Value",111692
"2024","Coventry North West","E14001181","Total","Age 0 - 4","Value",6675
"2024","Coventry North West","E14001181","Total","Aged 5-9","Value",7201
"2024","Coventry North West","E14001181","Total","Aged 10-14","Value",7142
"2024","Coventry North West","E14001181","Total","Aged 15-19","Value",6943
"2024","Coventry North West","E14001181","Total","Aged 20-24","Value",7006
"2024","Coventry North West","E14001181","Total","Aged 25-29","Value",7965
"2024","Coventry North West","E14001181","Total","Aged 30-34","Value",8748
"2024","Coventry North West","E14001181","Total","Aged 35-39","Value",8410
"2024","Coventry North West","E14001181","Total","Aged 40-44","Value",7420
"2024","Coventry North West","E14001181","Total","Aged 45-49","Value",6480
"2024","Coventry North West","E14001181","Total","Aged 50-54","Value",6595
"2024","Coventry North West","E14001181","Total","Aged 55-59","Value",6717
"2024","Coventry North West","E14001181","Total","Aged 60-64","Value",5998
"2024","Coventry North West","E14001181","Total","Aged 65-69","Value",4724
"2024","Coventry North West","E14001181","Total","Aged 70-74","Value",4118
"2024","Coventry North West","E14001181","Total","Aged 75-79","Value",3897
"2024","Coventry North West","E14001181","Total","Aged 80-84","Value",2812
"2024","Coventry North West","E14001181","Total","Aged 85+","Value",2841
"2024","Coventry South","E14001182","Total","All Ages","Value",132009
"2024","Coventry South","E14001182","Total","Age 0 - 4","Value",6803
"2024","Coventry South","E14001182","Total","Aged 5-9","Value",7313
"2024","Coventry South","E14001182","Total","Aged 10-14","Value",7287
"2024","Coventry South","E14001182","Total","Aged 15-19","Value",11373
"2024","Coventry South","E14001182","Total","Aged 20-24","Value",19142
"2024","Coventry South","E14001182","Total","Aged 25-29","Value",12708
"2024","Coventry South","E14001182","Total","Aged 30-34","Value",9877
"2024","Coventry South","E14001182","Total","Aged 35-39","Value",8869
"2024","Coventry South","E14001182","Total","Aged 40-44","Value",7986
"2024","Coventry South","E14001182","Total","Aged 45-49","Value",6315
"2024","Coventry South","E14001182","Total","Aged 50-54","Value",6098
"2024","Coventry South","E14001182","Total","Aged 55-59","Value",6226
"2024","Coventry South","E14001182","Total","Aged 60-64","Value",5535
"2024","Coventry South","E14001182","Total","Aged 65-69","Value",4520
"2024","Coventry South","E14001182","Total","Aged 70-74","Value",3680
"2024","Coventry South","E14001182","Total","Aged 75-79","Value",3525
"2024","Coventry South","E14001182","Total","Aged 80-84","Value",2401
"2024","Coventry South","E14001182","Total","Aged 85+","Value",2351
"2024","Droitwich and Evesham","E14001203","Total","All Ages","Value",106710
"2024","Droitwich and Evesham","E14001203","Total","Age 0 - 4","Value",4993
"2024","Droitwich and Evesham","E14001203","Total","Aged 5-9","Value",5717
"2024","Droitwich and Evesham","E14001203","Total","Aged 10-14","Value",5875
"2024","Droitwich and Evesham","E14001203","Total","Aged 15-19","Value",5447
"2024","Droitwich and Evesham","E14001203","Total","Aged 20-24","Value",4397
"2024","Droitwich and Evesham","E14001203","Total","Aged 25-29","Value",5618
"2024","Droitwich and Evesham","E14001203","Total","Aged 30-34","Value",6392
"2024","Droitwich and Evesham","E14001203","Total","Aged 35-39","Value",6835
"2024","Droitwich and Evesham","E14001203","Total","Aged 40-44","Value",6285
"2024","Droitwich and Evesham","E14001203","Total","Aged 45-49","Value",6058
"2024","Droitwich and Evesham","E14001203","Total","Aged 50-54","Value",7263
"2024","Droitwich and Evesham","E14001203","Total","Aged 55-59","Value",8125
"2024","Droitwich and Evesham","E14001203","Total","Aged 60-64","Value",7662
"2024","Droitwich and Evesham","E14001203","Total","Aged 65-69","Value",6579
"2024","Droitwich and Evesham","E14001203","Total","Aged 70-74","Value",6095
"2024","Droitwich and Evesham","E14001203","Total","Aged 75-79","Value",6014
"2024","Droitwich and Evesham","E14001203","Total","Aged 80-84","Value",3849
"2024","Droitwich and Evesham","E14001203","Total","Aged 85+","Value",3506
"2024","Dudley","E14001204","Total","All Ages","Value",104687
"2024","Dudley","E14001204","Total","Age 0 - 4","Value",6349
"2024","Dudley","E14001204","Total","Aged 5-9","Value",7117
"2024","Dudley","E14001204","Total","Aged 10-14","Value",7030
"2024","Dudley","E14001204","Total","Aged 15-19","Value",6345
"2024","Dudley","E14001204","Total","Aged 20-24","Value",5483
"2024","Dudley","E14001204","Total","Aged 25-29","Value",6809
"2024","Dudley","E14001204","Total","Aged 30-34","Value",7954
"2024","Dudley","E14001204","Total","Aged 35-39","Value",7333
"2024","Dudley","E14001204","Total","Aged 40-44","Value",6791
"2024","Dudley","E14001204","Total","Aged 45-49","Value",5744
"2024","Dudley","E14001204","Total","Aged 50-54","Value",6593
"2024","Dudley","E14001204","Total","Aged 55-59","Value",6969
"2024","Dudley","E14001204","Total","Aged 60-64","Value",6063
"2024","Dudley","E14001204","Total","Aged 65-69","Value",4681
"2024","Dudley","E14001204","Total","Aged 70-74","Value",4158
"2024","Dudley","E14001204","Total","Aged 75-79","Value",3777
"2024","Dudley","E14001204","Total","Aged 80-84","Value",2715
"2024","Dudley","E14001204","Total","Aged 85+","Value",2776
"2024","Halesowen","E14001261","Total","All Ages","Value",97115
"2024","Halesowen","E14001261","Total","Age 0 - 4","Value",5571
"2024","Halesowen","E14001261","Total","Aged 5-9","Value",5872
"2024","Halesowen","E14001261","Total","Aged 10-14","Value",6448
"2024","Halesowen","E14001261","Total","Aged 15-19","Value",5675
"2024","Halesowen","E14001261","Total","Aged 20-24","Value",4888
"2024","Halesowen","E14001261","Total","Aged 25-29","Value",5970
"2024","Halesowen","E14001261","Total","Aged 30-34","Value",6621
"2024","Halesowen","E14001261","Total","Aged 35-39","Value",6627
"2024","Halesowen","E14001261","Total","Aged 40-44","Value",6175
"2024","Halesowen","E14001261","Total","Aged 45-49","Value",5510
"2024","Halesowen","E14001261","Total","Aged 50-54","Value",6186
"2024","Halesowen","E14001261","Total","Aged 55-59","Value",6441
"2024","Halesowen","E14001261","Total","Aged 60-64","Value",5803
"2024","Halesowen","E14001261","Total","Aged 65-69","Value",5114
"2024","Halesowen","E14001261","Total","Aged 70-74","Value",4384
"2024","Halesowen","E14001261","Total","Aged 75-79","Value",4222
"2024","Halesowen","E14001261","Total","Aged 80-84","Value",2975
"2024","Halesowen","E14001261","Total","Aged 85+","Value",2633
"2024","Hereford and South Herefordshire","E14001281","Total","All Ages","Value",98282
"2024","Hereford and South Herefordshire","E14001281","Total","Age 0 - 4","Value",4508
"2024","Hereford and South Herefordshire","E14001281","Total","Aged 5-9","Value",5188
"2024","Hereford and South Herefordshire","E14001281","Total","Aged 10-14","Value",5727
"2024","Hereford and South Herefordshire","E14001281","Total","Aged 15-19","Value",5042
"2024","Hereford and South Herefordshire","E14001281","Total","Aged 20-24","Value",4327
"2024","Hereford and South Herefordshire","E14001281","Total","Aged 25-29","Value",5280
"2024","Hereford and South Herefordshire","E14001281","Total","Aged 30-34","Value",6115
"2024","Hereford and South Herefordshire","E14001281","Total","Aged 35-39","Value",6154
"2024","Hereford and South Herefordshire","E14001281","Total","Aged 40-44","Value",5970
"2024","Hereford and South Herefordshire","E14001281","Total","Aged 45-49","Value",5374
"2024","Hereford and South Herefordshire","E14001281","Total","Aged 50-54","Value",6428
"2024","Hereford and South Herefordshire","E14001281","Total","Aged 55-59","Value",7256
"2024","Hereford and South Herefordshire","E14001281","Total","Aged 60-64","Value",7236
"2024","Hereford and South Herefordshire","E14001281","Total","Aged 65-69","Value",6158
"2024","Hereford and South Herefordshire","E14001281","Total","Aged 70-74","Value",5674
"2024","Hereford and South Herefordshire","E14001281","Total","Aged 75-79","Value",5256
"2024","Hereford and South Herefordshire","E14001281","Total","Aged 80-84","Value",3428
"2024","Hereford and South Herefordshire","E14001281","Total","Aged 85+","Value",3161
"2024","Kenilworth and Southam","E14001309","Total","All Ages","Value",100362
"2024","Kenilworth and Southam","E14001309","Total","Age 0 - 4","Value",4675
"2024","Kenilworth and Southam","E14001309","Total","Aged 5-9","Value",5430
"2024","Kenilworth and Southam","E14001309","Total","Aged 10-14","Value",5877
"2024","Kenilworth and Southam","E14001309","Total","Aged 15-19","Value",6455
"2024","Kenilworth and Southam","E14001309","Total","Aged 20-24","Value",4523
"2024","Kenilworth and Southam","E14001309","Total","Aged 25-29","Value",4839
"2024","Kenilworth and Southam","E14001309","Total","Aged 30-34","Value",5880
"2024","Kenilworth and Southam","E14001309","Total","Aged 35-39","Value",6010
"2024","Kenilworth and Southam","E14001309","Total","Aged 40-44","Value",5938
"2024","Kenilworth and Southam","E14001309","Total","Aged 45-49","Value",5945
"2024","Kenilworth and Southam","E14001309","Total","Aged 50-54","Value",6833
"2024","Kenilworth and Southam","E14001309","Total","Aged 55-59","Value",7204
"2024","Kenilworth and Southam","E14001309","Total","Aged 60-64","Value",7161
"2024","Kenilworth and Southam","E14001309","Total","Aged 65-69","Value",5682
"2024","Kenilworth and Southam","E14001309","Total","Aged 70-74","Value",5279
"2024","Kenilworth and Southam","E14001309","Total","Aged 75-79","Value",5490
"2024","Kenilworth and Southam","E14001309","Total","Aged 80-84","Value",3639
"2024","Kenilworth and Southam","E14001309","Total","Aged 85+","Value",3502
"2024","Kingswinford and South Staffordshire","E14001316","Total","All Ages","Value",90820
"2024","Kingswinford and South Staffordshire","E14001316","Total","Age 0 - 4","Value",3807
"2024","Kingswinford and South Staffordshire","E14001316","Total","Aged 5-9","Value",4528
"2024","Kingswinford and South Staffordshire","E14001316","Total","Aged 10-14","Value",4975
"2024","Kingswinford and South Staffordshire","E14001316","Total","Aged 15-19","Value",4479
"2024","Kingswinford and South Staffordshire","E14001316","Total","Aged 20-24","Value",3789
"2024","Kingswinford and South Staffordshire","E14001316","Total","Aged 25-29","Value",4635
"2024","Kingswinford and South Staffordshire","E14001316","Total","Aged 30-34","Value",4943
"2024","Kingswinford and South Staffordshire","E14001316","Total","Aged 35-39","Value",5106
"2024","Kingswinford and South Staffordshire","E14001316","Total","Aged 40-44","Value",5253
"2024","Kingswinford and South Staffordshire","E14001316","Total","Aged 45-49","Value",4907
"2024","Kingswinford and South Staffordshire","E14001316","Total","Aged 50-54","Value",6118
"2024","Kingswinford and South Staffordshire","E14001316","Total","Aged 55-59","Value",6959
"2024","Kingswinford and South Staffordshire","E14001316","Total","Aged 60-64","Value",6560
"2024","Kingswinford and South Staffordshire","E14001316","Total","Aged 65-69","Value",5892
"2024","Kingswinford and South Staffordshire","E14001316","Total","Aged 70-74","Value",5501
"2024","Kingswinford and South Staffordshire","E14001316","Total","Aged 75-79","Value",5424
"2024","Kingswinford and South Staffordshire","E14001316","Total","Aged 80-84","Value",4087
"2024","Kingswinford and South Staffordshire","E14001316","Total","Aged 85+","Value",3857
"2024","Lichfield","E14001335","Total","All Ages","Value",101003
"2024","Lichfield","E14001335","Total","Age 0 - 4","Value",4694
"2024","Lichfield","E14001335","Total","Aged 5-9","Value",5393
"2024","Lichfield","E14001335","Total","Aged 10-14","Value",5862
"2024","Lichfield","E14001335","Total","Aged 15-19","Value",5261
"2024","Lichfield","E14001335","Total","Aged 20-24","Value",4073
"2024","Lichfield","E14001335","Total","Aged 25-29","Value",5290
"2024","Lichfield","E14001335","Total","Aged 30-34","Value",6202
"2024","Lichfield","E14001335","Total","Aged 35-39","Value",6122
"2024","Lichfield","E14001335","Total","Aged 40-44","Value",5994
"2024","Lichfield","E14001335","Total","Aged 45-49","Value",5803
"2024","Lichfield","E14001335","Total","Aged 50-54","Value",7118
"2024","Lichfield","E14001335","Total","Aged 55-59","Value",7637
"2024","Lichfield","E14001335","Total","Aged 60-64","Value",6966
"2024","Lichfield","E14001335","Total","Aged 65-69","Value",5799
"2024","Lichfield","E14001335","Total","Aged 70-74","Value",5435
"2024","Lichfield","E14001335","Total","Aged 75-79","Value",6030
"2024","Lichfield","E14001335","Total","Aged 80-84","Value",4110
"2024","Lichfield","E14001335","Total","Aged 85+","Value",3214
"2024","Meriden and Solihull East","E14001358","Total","All Ages","Value",100784
"2024","Meriden and Solihull East","E14001358","Total","Age 0 - 4","Value",5146
"2024","Meriden and Solihull East","E14001358","Total","Aged 5-9","Value",6337
"2024","Meriden and Solihull East","E14001358","Total","Aged 10-14","Value",7150
"2024","Meriden and Solihull East","E14001358","Total","Aged 15-19","Value",6012
"2024","Meriden and Solihull East","E14001358","Total","Aged 20-24","Value",4746
"2024","Meriden and Solihull East","E14001358","Total","Aged 25-29","Value",5426
"2024","Meriden and Solihull East","E14001358","Total","Aged 30-34","Value",5857
"2024","Meriden and Solihull East","E14001358","Total","Aged 35-39","Value",6253
"2024","Meriden and Solihull East","E14001358","Total","Aged 40-44","Value",6140
"2024","Meriden and Solihull East","E14001358","Total","Aged 45-49","Value",5819
"2024","Meriden and Solihull East","E14001358","Total","Aged 50-54","Value",6823
"2024","Meriden and Solihull East","E14001358","Total","Aged 55-59","Value",6906
"2024","Meriden and Solihull East","E14001358","Total","Aged 60-64","Value",6425
"2024","Meriden and Solihull East","E14001358","Total","Aged 65-69","Value",5085
"2024","Meriden and Solihull East","E14001358","Total","Aged 70-74","Value",4755
"2024","Meriden and Solihull East","E14001358","Total","Aged 75-79","Value",5140
"2024","Meriden and Solihull East","E14001358","Total","Aged 80-84","Value",3421
"2024","Meriden and Solihull East","E14001358","Total","Aged 85+","Value",3343
"2024","Newcastle-under-Lyme","E14001380","Total","All Ages","Value",96580
"2024","Newcastle-under-Lyme","E14001380","Total","Age 0 - 4","Value",4420
"2024","Newcastle-under-Lyme","E14001380","Total","Aged 5-9","Value",5022
"2024","Newcastle-under-Lyme","E14001380","Total","Aged 10-14","Value",5229
"2024","Newcastle-under-Lyme","E14001380","Total","Aged 15-19","Value",6643
"2024","Newcastle-under-Lyme","E14001380","Total","Aged 20-24","Value",8097
"2024","Newcastle-under-Lyme","E14001380","Total","Aged 25-29","Value",5425
"2024","Newcastle-under-Lyme","E14001380","Total","Aged 30-34","Value",5967
"2024","Newcastle-under-Lyme","E14001380","Total","Aged 35-39","Value",6240
"2024","Newcastle-under-Lyme","E14001380","Total","Aged 40-44","Value",5753
"2024","Newcastle-under-Lyme","E14001380","Total","Aged 45-49","Value",5500
"2024","Newcastle-under-Lyme","E14001380","Total","Aged 50-54","Value",6053
"2024","Newcastle-under-Lyme","E14001380","Total","Aged 55-59","Value",6384
"2024","Newcastle-under-Lyme","E14001380","Total","Aged 60-64","Value",6084
"2024","Newcastle-under-Lyme","E14001380","Total","Aged 65-69","Value",5083
"2024","Newcastle-under-Lyme","E14001380","Total","Aged 70-74","Value",4574
"2024","Newcastle-under-Lyme","E14001380","Total","Aged 75-79","Value",4331
"2024","Newcastle-under-Lyme","E14001380","Total","Aged 80-84","Value",2812
"2024","Newcastle-under-Lyme","E14001380","Total","Aged 85+","Value",2963
"2024","North Herefordshire","E14001395","Total","All Ages","Value",92765
"2024","North Herefordshire","E14001395","Total","Age 0 - 4","Value",3775
"2024","North Herefordshire","E14001395","Total","Aged 5-9","Value",4327
"2024","North Herefordshire","E14001395","Total","Aged 10-14","Value",4788
"2024","North Herefordshire","E14001395","Total","Aged 15-19","Value",4513
"2024","North Herefordshire","E14001395","Total","Aged 20-24","Value",3261
"2024","North Herefordshire","E14001395","Total","Aged 25-29","Value",4084
"2024","North Herefordshire","E14001395","Total","Aged 30-34","Value",4619
"2024","North Herefordshire","E14001395","Total","Aged 35-39","Value",4990
"2024","North Herefordshire","E14001395","Total","Aged 40-44","Value",4851
"2024","North Herefordshire","E14001395","Total","Aged 45-49","Value",4658
"2024","North Herefordshire","E14001395","Total","Aged 50-54","Value",5912
"2024","North Herefordshire","E14001395","Total","Aged 55-59","Value",7550
"2024","North Herefordshire","E14001395","Total","Aged 60-64","Value",7598
"2024","North Herefordshire","E14001395","Total","Aged 65-69","Value",7155
"2024","North Herefordshire","E14001395","Total","Aged 70-74","Value",6442
"2024","North Herefordshire","E14001395","Total","Aged 75-79","Value",6398
"2024","North Herefordshire","E14001395","Total","Aged 80-84","Value",3989
"2024","North Herefordshire","E14001395","Total","Aged 85+","Value",3855
"2024","North Shropshire","E14001398","Total","All Ages","Value",103257
"2024","North Shropshire","E14001398","Total","Age 0 - 4","Value",4621
"2024","North Shropshire","E14001398","Total","Aged 5-9","Value",5039
"2024","North Shropshire","E14001398","Total","Aged 10-14","Value",5795
"2024","North Shropshire","E14001398","Total","Aged 15-19","Value",5981
"2024","North Shropshire","E14001398","Total","Aged 20-24","Value",4422
"2024","North Shropshire","E14001398","Total","Aged 25-29","Value",4891
"2024","North Shropshire","E14001398","Total","Aged 30-34","Value",5635
"2024","North Shropshire","E14001398","Total","Aged 35-39","Value",5764
"2024","North Shropshire","E14001398","Total","Aged 40-44","Value",5620
"2024","North Shropshire","E14001398","Total","Aged 45-49","Value",5530
"2024","North Shropshire","E14001398","Total","Aged 50-54","Value",7210
"2024","North Shropshire","E14001398","Total","Aged 55-59","Value",8161
"2024","North Shropshire","E14001398","Total","Aged 60-64","Value",8090
"2024","North Shropshire","E14001398","Total","Aged 65-69","Value",6820
"2024","North Shropshire","E14001398","Total","Aged 70-74","Value",6204
"2024","North Shropshire","E14001398","Total","Aged 75-79","Value",5993
"2024","North Shropshire","E14001398","Total","Aged 80-84","Value",3922
"2024","North Shropshire","E14001398","Total","Aged 85+","Value",3559
"2024","North Warwickshire and Bedworth","E14001400","Total","All Ages","Value",96900
"2024","North Warwickshire and Bedworth","E14001400","Total","Age 0 - 4","Value",5071
"2024","North Warwickshire and Bedworth","E14001400","Total","Aged 5-9","Value",5436
"2024","North Warwickshire and Bedworth","E14001400","Total","Aged 10-14","Value",5838
"2024","North Warwickshire and Bedworth","E14001400","Total","Aged 15-19","Value",5249
"2024","North Warwickshire and Bedworth","E14001400","Total","Aged 20-24","Value",4533
"2024","North Warwickshire and Bedworth","E14001400","Total","Aged 25-29","Value",5364
"2024","North Warwickshire and Bedworth","E14001400","Total","Aged 30-34","Value",6402
"2024","North Warwickshire and Bedworth","E14001400","Total","Aged 35-39","Value",6451
"2024","North Warwickshire and Bedworth","E14001400","Total","Aged 40-44","Value",5943
"2024","North Warwickshire and Bedworth","E14001400","Total","Aged 45-49","Value",5421
"2024","North Warwickshire and Bedworth","E14001400","Total","Aged 50-54","Value",6613
"2024","North Warwickshire and Bedworth","E14001400","Total","Aged 55-59","Value",7239
"2024","North Warwickshire and Bedworth","E14001400","Total","Aged 60-64","Value",6454
"2024","North Warwickshire and Bedworth","E14001400","Total","Aged 65-69","Value",5532
"2024","North Warwickshire and Bedworth","E14001400","Total","Aged 70-74","Value",4910
"2024","North Warwickshire and Bedworth","E14001400","Total","Aged 75-79","Value",4625
"2024","North Warwickshire and Bedworth","E14001400","Total","Aged 80-84","Value",3116
"2024","North Warwickshire and Bedworth","E14001400","Total","Aged 85+","Value",2703
"2024","Nuneaton","E14001413","Total","All Ages","Value",105402
"2024","Nuneaton","E14001413","Total","Age 0 - 4","Value",6264
"2024","Nuneaton","E14001413","Total","Aged 5-9","Value",6671
"2024","Nuneaton","E14001413","Total","Aged 10-14","Value",6800
"2024","Nuneaton","E14001413","Total","Aged 15-19","Value",5806
"2024","Nuneaton","E14001413","Total","Aged 20-24","Value",4970
"2024","Nuneaton","E14001413","Total","Aged 25-29","Value",6945
"2024","Nuneaton","E14001413","Total","Aged 30-34","Value",8151
"2024","Nuneaton","E14001413","Total","Aged 35-39","Value",7881
"2024","Nuneaton","E14001413","Total","Aged 40-44","Value",6952
"2024","Nuneaton","E14001413","Total","Aged 45-49","Value",5998
"2024","Nuneaton","E14001413","Total","Aged 50-54","Value",6654
"2024","Nuneaton","E14001413","Total","Aged 55-59","Value",7242
"2024","Nuneaton","E14001413","Total","Aged 60-64","Value",6335
"2024","Nuneaton","E14001413","Total","Aged 65-69","Value",5127
"2024","Nuneaton","E14001413","Total","Aged 70-74","Value",4572
"2024","Nuneaton","E14001413","Total","Aged 75-79","Value",4281
"2024","Nuneaton","E14001413","Total","Aged 80-84","Value",2577
"2024","Nuneaton","E14001413","Total","Aged 85+","Value",2176
"2024","Redditch","E14001441","Total","All Ages","Value",99868
"2024","Redditch","E14001441","Total","Age 0 - 4","Value",5303
"2024","Redditch","E14001441","Total","Aged 5-9","Value",5994
"2024","Redditch","E14001441","Total","Aged 10-14","Value",6106
"2024","Redditch","E14001441","Total","Aged 15-19","Value",5625
"2024","Redditch","E14001441","Total","Aged 20-24","Value",4450
"2024","Redditch","E14001441","Total","Aged 25-29","Value",5789
"2024","Redditch","E14001441","Total","Aged 30-34","Value",6877
"2024","Redditch","E14001441","Total","Aged 35-39","Value",7114
"2024","Redditch","E14001441","Total","Aged 40-44","Value",6880
"2024","Redditch","E14001441","Total","Aged 45-49","Value",6185
"2024","Redditch","E14001441","Total","Aged 50-54","Value",6415
"2024","Redditch","E14001441","Total","Aged 55-59","Value",6703
"2024","Redditch","E14001441","Total","Aged 60-64","Value",6182
"2024","Redditch","E14001441","Total","Aged 65-69","Value",5417
"2024","Redditch","E14001441","Total","Aged 70-74","Value",5350
"2024","Redditch","E14001441","Total","Aged 75-79","Value",4647
"2024","Redditch","E14001441","Total","Aged 80-84","Value",2637
"2024","Redditch","E14001441","Total","Aged 85+","Value",2194
"2024","Rugby","E14001453","Total","All Ages","Value",116998
"2024","Rugby","E14001453","Total","Age 0 - 4","Value",6306
"2024","Rugby","E14001453","Total","Aged 5-9","Value",7432
"2024","Rugby","E14001453","Total","Aged 10-14","Value",7804
"2024","Rugby","E14001453","Total","Aged 15-19","Value",6962
"2024","Rugby","E14001453","Total","Aged 20-24","Value",5052
"2024","Rugby","E14001453","Total","Aged 25-29","Value",6893
"2024","Rugby","E14001453","Total","Aged 30-34","Value",8534
"2024","Rugby","E14001453","Total","Aged 35-39","Value",9211
"2024","Rugby","E14001453","Total","Aged 40-44","Value",8632
"2024","Rugby","E14001453","Total","Aged 45-49","Value",7298
"2024","Rugby","E14001453","Total","Aged 50-54","Value",7617
"2024","Rugby","E14001453","Total","Aged 55-59","Value",7456
"2024","Rugby","E14001453","Total","Aged 60-64","Value",6793
"2024","Rugby","E14001453","Total","Aged 65-69","Value",5221
"2024","Rugby","E14001453","Total","Aged 70-74","Value",4678
"2024","Rugby","E14001453","Total","Aged 75-79","Value",4684
"2024","Rugby","E14001453","Total","Aged 80-84","Value",3393
"2024","Rugby","E14001453","Total","Aged 85+","Value",3032
"2024","Shrewsbury","E14001473","Total","All Ages","Value",104230
"2024","Shrewsbury","E14001473","Total","Age 0 - 4","Value",4643
"2024","Shrewsbury","E14001473","Total","Aged 5-9","Value",5743
"2024","Shrewsbury","E14001473","Total","Aged 10-14","Value",6065
"2024","Shrewsbury","E14001473","Total","Aged 15-19","Value",5698
"2024","Shrewsbury","E14001473","Total","Aged 20-24","Value",4529
"2024","Shrewsbury","E14001473","Total","Aged 25-29","Value",5990
"2024","Shrewsbury","E14001473","Total","Aged 30-34","Value",6783
"2024","Shrewsbury","E14001473","Total","Aged 35-39","Value",6786
"2024","Shrewsbury","E14001473","Total","Aged 40-44","Value",6324
"2024","Shrewsbury","E14001473","Total","Aged 45-49","Value",5511
"2024","Shrewsbury","E14001473","Total","Aged 50-54","Value",6843
"2024","Shrewsbury","E14001473","Total","Aged 55-59","Value",7541
"2024","Shrewsbury","E14001473","Total","Aged 60-64","Value",7279
"2024","Shrewsbury","E14001473","Total","Aged 65-69","Value",6251
"2024","Shrewsbury","E14001473","Total","Aged 70-74","Value",5566
"2024","Shrewsbury","E14001473","Total","Aged 75-79","Value",5495
"2024","Shrewsbury","E14001473","Total","Aged 80-84","Value",3660
"2024","Shrewsbury","E14001473","Total","Aged 85+","Value",3523
"2024","Smethwick","E14001478","Total","All Ages","Value",119808
"2024","Smethwick","E14001478","Total","Age 0 - 4","Value",8214
"2024","Smethwick","E14001478","Total","Aged 5-9","Value",8646
"2024","Smethwick","E14001478","Total","Aged 10-14","Value",8949
"2024","Smethwick","E14001478","Total","Aged 15-19","Value",8234
"2024","Smethwick","E14001478","Total","Aged 20-24","Value",7816
"2024","Smethwick","E14001478","Total","Aged 25-29","Value",8726
"2024","Smethwick","E14001478","Total","Aged 30-34","Value",8969
"2024","Smethwick","E14001478","Total","Aged 35-39","Value",8883
"2024","Smethwick","E14001478","Total","Aged 40-44","Value",8581
"2024","Smethwick","E14001478","Total","Aged 45-49","Value",7205
"2024","Smethwick","E14001478","Total","Aged 50-54","Value",7120
"2024","Smethwick","E14001478","Total","Aged 55-59","Value",6983
"2024","Smethwick","E14001478","Total","Aged 60-64","Value",5884
"2024","Smethwick","E14001478","Total","Aged 65-69","Value",4643
"2024","Smethwick","E14001478","Total","Aged 70-74","Value",3594
"2024","Smethwick","E14001478","Total","Aged 75-79","Value",3110
"2024","Smethwick","E14001478","Total","Aged 80-84","Value",2258
"2024","Smethwick","E14001478","Total","Aged 85+","Value",1993
"2024","Solihull West and Shirley","E14001479","Total","All Ages","Value",95881
"2024","Solihull West and Shirley","E14001479","Total","Age 0 - 4","Value",4531
"2024","Solihull West and Shirley","E14001479","Total","Aged 5-9","Value",6037
"2024","Solihull West and Shirley","E14001479","Total","Aged 10-14","Value",6511
"2024","Solihull West and Shirley","E14001479","Total","Aged 15-19","Value",5633
"2024","Solihull West and Shirley","E14001479","Total","Aged 20-24","Value",4073
"2024","Solihull West and Shirley","E14001479","Total","Aged 25-29","Value",5124
"2024","Solihull West and Shirley","E14001479","Total","Aged 30-34","Value",5602
"2024","Solihull West and Shirley","E14001479","Total","Aged 35-39","Value",6377
"2024","Solihull West and Shirley","E14001479","Total","Aged 40-44","Value",6499
"2024","Solihull West and Shirley","E14001479","Total","Aged 45-49","Value",6053
"2024","Solihull West and Shirley","E14001479","Total","Aged 50-54","Value",6271
"2024","Solihull West and Shirley","E14001479","Total","Aged 55-59","Value",6697
"2024","Solihull West and Shirley","E14001479","Total","Aged 60-64","Value",5931
"2024","Solihull West and Shirley","E14001479","Total","Aged 65-69","Value",5031
"2024","Solihull West and Shirley","E14001479","Total","Aged 70-74","Value",4534
"2024","Solihull West and Shirley","E14001479","Total","Aged 75-79","Value",4605
"2024","Solihull West and Shirley","E14001479","Total","Aged 80-84","Value",3030
"2024","Solihull West and Shirley","E14001479","Total","Aged 85+","Value",3342
"2024","South Shropshire","E14001493","Total","All Ages","Value",96401
"2024","South Shropshire","E14001493","Total","Age 0 - 4","Value",3457
"2024","South Shropshire","E14001493","Total","Aged 5-9","Value",4166
"2024","South Shropshire","E14001493","Total","Aged 10-14","Value",4728
"2024","South Shropshire","E14001493","Total","Aged 15-19","Value",4543
"2024","South Shropshire","E14001493","Total","Aged 20-24","Value",3420
"2024","South Shropshire","E14001493","Total","Aged 25-29","Value",4163
"2024","South Shropshire","E14001493","Total","Aged 30-34","Value",4415
"2024","South Shropshire","E14001493","Total","Aged 35-39","Value",4534
"2024","South Shropshire","E14001493","Total","Aged 40-44","Value",4434
"2024","South Shropshire","E14001493","Total","Aged 45-49","Value",4667
"2024","South Shropshire","E14001493","Total","Aged 50-54","Value",6495
"2024","South Shropshire","E14001493","Total","Aged 55-59","Value",8318
"2024","South Shropshire","E14001493","Total","Aged 60-64","Value",8479
"2024","South Shropshire","E14001493","Total","Aged 65-69","Value",7523
"2024","South Shropshire","E14001493","Total","Aged 70-74","Value",7087
"2024","South Shropshire","E14001493","Total","Aged 75-79","Value",7088
"2024","South Shropshire","E14001493","Total","Aged 80-84","Value",4742
"2024","South Shropshire","E14001493","Total","Aged 85+","Value",4142
"2024","Stafford","E14001513","Total","All Ages","Value",98172
"2024","Stafford","E14001513","Total","Age 0 - 4","Value",4801
"2024","Stafford","E14001513","Total","Aged 5-9","Value",5215
"2024","Stafford","E14001513","Total","Aged 10-14","Value",5502
"2024","Stafford","E14001513","Total","Aged 15-19","Value",4974
"2024","Stafford","E14001513","Total","Aged 20-24","Value",4056
"2024","Stafford","E14001513","Total","Aged 25-29","Value",5921
"2024","Stafford","E14001513","Total","Aged 30-34","Value",6725
"2024","Stafford","E14001513","Total","Aged 35-39","Value",6594
"2024","Stafford","E14001513","Total","Aged 40-44","Value",6201
"2024","Stafford","E14001513","Total","Aged 45-49","Value",5488
"2024","Stafford","E14001513","Total","Aged 50-54","Value",6620
"2024","Stafford","E14001513","Total","Aged 55-59","Value",7284
"2024","Stafford","E14001513","Total","Aged 60-64","Value",6870
"2024","Stafford","E14001513","Total","Aged 65-69","Value",5580
"2024","Stafford","E14001513","Total","Aged 70-74","Value",5096
"2024","Stafford","E14001513","Total","Aged 75-79","Value",4927
"2024","Stafford","E14001513","Total","Aged 80-84","Value",3352
"2024","Stafford","E14001513","Total","Aged 85+","Value",2966
"2024","Staffordshire Moorlands","E14001514","Total","All Ages","Value",85882
"2024","Staffordshire Moorlands","E14001514","Total","Age 0 - 4","Value",3474
"2024","Staffordshire Moorlands","E14001514","Total","Aged 5-9","Value",4158
"2024","Staffordshire Moorlands","E14001514","Total","Aged 10-14","Value",4681
"2024","Staffordshire Moorlands","E14001514","Total","Aged 15-19","Value",4378
"2024","Staffordshire Moorlands","E14001514","Total","Aged 20-24","Value",3519
"2024","Staffordshire Moorlands","E14001514","Total","Aged 25-29","Value",4159
"2024","Staffordshire Moorlands","E14001514","Total","Aged 30-34","Value",4455
"2024","Staffordshire Moorlands","E14001514","Total","Aged 35-39","Value",4724
"2024","Staffordshire Moorlands","E14001514","Total","Aged 40-44","Value",4659
"2024","Staffordshire Moorlands","E14001514","Total","Aged 45-49","Value",4590
"2024","Staffordshire Moorlands","E14001514","Total","Aged 50-54","Value",6249
"2024","Staffordshire Moorlands","E14001514","Total","Aged 55-59","Value",6953
"2024","Staffordshire Moorlands","E14001514","Total","Aged 60-64","Value",6634
"2024","Staffordshire Moorlands","E14001514","Total","Aged 65-69","Value",5790
"2024","Staffordshire Moorlands","E14001514","Total","Aged 70-74","Value",5436
"2024","Staffordshire Moorlands","E14001514","Total","Aged 75-79","Value",5441
"2024","Staffordshire Moorlands","E14001514","Total","Aged 80-84","Value",3526
"2024","Staffordshire Moorlands","E14001514","Total","Aged 85+","Value",3056
"2024","Stoke-on-Trent Central","E14001520","Total","All Ages","Value",119339
"2024","Stoke-on-Trent Central","E14001520","Total","Age 0 - 4","Value",7501
"2024","Stoke-on-Trent Central","E14001520","Total","Aged 5-9","Value",7456
"2024","Stoke-on-Trent Central","E14001520","Total","Aged 10-14","Value",7722
"2024","Stoke-on-Trent Central","E14001520","Total","Aged 15-19","Value",7934
"2024","Stoke-on-Trent Central","E14001520","Total","Aged 20-24","Value",8926
"2024","Stoke-on-Trent Central","E14001520","Total","Aged 25-29","Value",9049
"2024","Stoke-on-Trent Central","E14001520","Total","Aged 30-34","Value",9627
"2024","Stoke-on-Trent Central","E14001520","Total","Aged 35-39","Value",9068
"2024","Stoke-on-Trent Central","E14001520","Total","Aged 40-44","Value",7863
"2024","Stoke-on-Trent Central","E14001520","Total","Aged 45-49","Value",6556
"2024","Stoke-on-Trent Central","E14001520","Total","Aged 50-54","Value",6859
"2024","Stoke-on-Trent Central","E14001520","Total","Aged 55-59","Value",6915
"2024","Stoke-on-Trent Central","E14001520","Total","Aged 60-64","Value",6365
"2024","Stoke-on-Trent Central","E14001520","Total","Aged 65-69","Value",5239
"2024","Stoke-on-Trent Central","E14001520","Total","Aged 70-74","Value",4225
"2024","Stoke-on-Trent Central","E14001520","Total","Aged 75-79","Value",3772
"2024","Stoke-on-Trent Central","E14001520","Total","Aged 80-84","Value",2382
"2024","Stoke-on-Trent Central","E14001520","Total","Aged 85+","Value",1880
"2024","Stoke-on-Trent North","E14001521","Total","All Ages","Value",104243
"2024","Stoke-on-Trent North","E14001521","Total","Age 0 - 4","Value",6096
"2024","Stoke-on-Trent North","E14001521","Total","Aged 5-9","Value",6571
"2024","Stoke-on-Trent North","E14001521","Total","Aged 10-14","Value",6797
"2024","Stoke-on-Trent North","E14001521","Total","Aged 15-19","Value",6411
"2024","Stoke-on-Trent North","E14001521","Total","Aged 20-24","Value",5646
"2024","Stoke-on-Trent North","E14001521","Total","Aged 25-29","Value",6410
"2024","Stoke-on-Trent North","E14001521","Total","Aged 30-34","Value",7192
"2024","Stoke-on-Trent North","E14001521","Total","Aged 35-39","Value",7472
"2024","Stoke-on-Trent North","E14001521","Total","Aged 40-44","Value",6523
"2024","Stoke-on-Trent North","E14001521","Total","Aged 45-49","Value",5626
"2024","Stoke-on-Trent North","E14001521","Total","Aged 50-54","Value",6700
"2024","Stoke-on-Trent North","E14001521","Total","Aged 55-59","Value",6767
"2024","Stoke-on-Trent North","E14001521","Total","Aged 60-64","Value",6288
"2024","Stoke-on-Trent North","E14001521","Total","Aged 65-69","Value",5387
"2024","Stoke-on-Trent North","E14001521","Total","Aged 70-74","Value",4628
"2024","Stoke-on-Trent North","E14001521","Total","Aged 75-79","Value",4354
"2024","Stoke-on-Trent North","E14001521","Total","Aged 80-84","Value",2883
"2024","Stoke-on-Trent North","E14001521","Total","Aged 85+","Value",2492
"2024","Stoke-on-Trent South","E14001522","Total","All Ages","Value",96710
"2024","Stoke-on-Trent South","E14001522","Total","Age 0 - 4","Value",4969
"2024","Stoke-on-Trent South","E14001522","Total","Aged 5-9","Value",5804
"2024","Stoke-on-Trent South","E14001522","Total","Aged 10-14","Value",6347
"2024","Stoke-on-Trent South","E14001522","Total","Aged 15-19","Value",5753
"2024","Stoke-on-Trent South","E14001522","Total","Aged 20-24","Value",4433
"2024","Stoke-on-Trent South","E14001522","Total","Aged 25-29","Value",5213
"2024","Stoke-on-Trent South","E14001522","Total","Aged 30-34","Value",5872
"2024","Stoke-on-Trent South","E14001522","Total","Aged 35-39","Value",6269
"2024","Stoke-on-Trent South","E14001522","Total","Aged 40-44","Value",6030
"2024","Stoke-on-Trent South","E14001522","Total","Aged 45-49","Value",5309
"2024","Stoke-on-Trent South","E14001522","Total","Aged 50-54","Value",6107
"2024","Stoke-on-Trent South","E14001522","Total","Aged 55-59","Value",6525
"2024","Stoke-on-Trent South","E14001522","Total","Aged 60-64","Value",6198
"2024","Stoke-on-Trent South","E14001522","Total","Aged 65-69","Value",5723
"2024","Stoke-on-Trent South","E14001522","Total","Aged 70-74","Value",5103
"2024","Stoke-on-Trent South","E14001522","Total","Aged 75-79","Value",5085
"2024","Stoke-on-Trent South","E14001522","Total","Aged 80-84","Value",3041
"2024","Stoke-on-Trent South","E14001522","Total","Aged 85+","Value",2929
"2024","Stone, Great Wyrley and Penkridge","E14001523","Total","All Ages","Value",96350
"2024","Stone, Great Wyrley and Penkridge","E14001523","Total","Age 0 - 4","Value",4229
"2024","Stone, Great Wyrley and Penkridge","E14001523","Total","Aged 5-9","Value",4910
"2024","Stone, Great Wyrley and Penkridge","E14001523","Total","Aged 10-14","Value",5169
"2024","Stone, Great Wyrley and Penkridge","E14001523","Total","Aged 15-19","Value",4797
"2024","Stone, Great Wyrley and Penkridge","E14001523","Total","Aged 20-24","Value",4231
"2024","Stone, Great Wyrley and Penkridge","E14001523","Total","Aged 25-29","Value",5288
"2024","Stone, Great Wyrley and Penkridge","E14001523","Total","Aged 30-34","Value",5846
"2024","Stone, Great Wyrley and Penkridge","E14001523","Total","Aged 35-39","Value",6165
"2024","Stone, Great Wyrley and Penkridge","E14001523","Total","Aged 40-44","Value",5602
"2024","Stone, Great Wyrley and Penkridge","E14001523","Total","Aged 45-49","Value",5223
"2024","Stone, Great Wyrley and Penkridge","E14001523","Total","Aged 50-54","Value",6752
"2024","Stone, Great Wyrley and Penkridge","E14001523","Total","Aged 55-59","Value",7413
"2024","Stone, Great Wyrley and Penkridge","E14001523","Total","Aged 60-64","Value",7148
"2024","Stone, Great Wyrley and Penkridge","E14001523","Total","Aged 65-69","Value",5914
"2024","Stone, Great Wyrley and Penkridge","E14001523","Total","Aged 70-74","Value",5419
"2024","Stone, Great Wyrley and Penkridge","E14001523","Total","Aged 75-79","Value",5529
"2024","Stone, Great Wyrley and Penkridge","E14001523","Total","Aged 80-84","Value",3805
"2024","Stone, Great Wyrley and Penkridge","E14001523","Total","Aged 85+","Value",2910
"2024","Stourbridge","E14001524","Total","All Ages","Value",94792
"2024","Stourbridge","E14001524","Total","Age 0 - 4","Value",4912
"2024","Stourbridge","E14001524","Total","Aged 5-9","Value",5315
"2024","Stourbridge","E14001524","Total","Aged 10-14","Value",5740
"2024","Stourbridge","E14001524","Total","Aged 15-19","Value",5361
"2024","Stourbridge","E14001524","Total","Aged 20-24","Value",4972
"2024","Stourbridge","E14001524","Total","Aged 25-29","Value",5900
"2024","Stourbridge","E14001524","Total","Aged 30-34","Value",6245
"2024","Stourbridge","E14001524","Total","Aged 35-39","Value",6140
"2024","Stourbridge","E14001524","Total","Aged 40-44","Value",6042
"2024","Stourbridge","E14001524","Total","Aged 45-49","Value",5467
"2024","Stourbridge","E14001524","Total","Aged 50-54","Value",6343
"2024","Stourbridge","E14001524","Total","Aged 55-59","Value",6574
"2024","Stourbridge","E14001524","Total","Aged 60-64","Value",5886
"2024","Stourbridge","E14001524","Total","Aged 65-69","Value",5209
"2024","Stourbridge","E14001524","Total","Aged 70-74","Value",4866
"2024","Stourbridge","E14001524","Total","Aged 75-79","Value",4462
"2024","Stourbridge","E14001524","Total","Aged 80-84","Value",2850
"2024","Stourbridge","E14001524","Total","Aged 85+","Value",2508
"2024","Stratford-on-Avon","E14001526","Total","All Ages","Value",102437
"2024","Stratford-on-Avon","E14001526","Total","Age 0 - 4","Value",4388
"2024","Stratford-on-Avon","E14001526","Total","Aged 5-9","Value",5103
"2024","Stratford-on-Avon","E14001526","Total","Aged 10-14","Value",5560
"2024","Stratford-on-Avon","E14001526","Total","Aged 15-19","Value",5089
"2024","Stratford-on-Avon","E14001526","Total","Aged 20-24","Value",3881
"2024","Stratford-on-Avon","E14001526","Total","Aged 25-29","Value",4878
"2024","Stratford-on-Avon","E14001526","Total","Aged 30-34","Value",5527
"2024","Stratford-on-Avon","E14001526","Total","Aged 35-39","Value",5827
"2024","Stratford-on-Avon","E14001526","Total","Aged 40-44","Value",6093
"2024","Stratford-on-Avon","E14001526","Total","Aged 45-49","Value",6019
"2024","Stratford-on-Avon","E14001526","Total","Aged 50-54","Value",6936
"2024","Stratford-on-Avon","E14001526","Total","Aged 55-59","Value",7978
"2024","Stratford-on-Avon","E14001526","Total","Aged 60-64","Value",7761
"2024","Stratford-on-Avon","E14001526","Total","Aged 65-69","Value",6640
"2024","Stratford-on-Avon","E14001526","Total","Aged 70-74","Value",6129
"2024","Stratford-on-Avon","E14001526","Total","Aged 75-79","Value",6326
"2024","Stratford-on-Avon","E14001526","Total","Aged 80-84","Value",4125
"2024","Stratford-on-Avon","E14001526","Total","Aged 85+","Value",4177
"2024","Sutton Coldfield","E14001535","Total","All Ages","Value",96774
"2024","Sutton Coldfield","E14001535","Total","Age 0 - 4","Value",4565
"2024","Sutton Coldfield","E14001535","Total","Aged 5-9","Value",5833
"2024","Sutton Coldfield","E14001535","Total","Aged 10-14","Value",6419
"2024","Sutton Coldfield","E14001535","Total","Aged 15-19","Value",5307
"2024","Sutton Coldfield","E14001535","Total","Aged 20-24","Value",4322
"2024","Sutton Coldfield","E14001535","Total","Aged 25-29","Value",4322
"2024","Sutton Coldfield","E14001535","Total","Aged 30-34","Value",5088
"2024","Sutton Coldfield","E14001535","Total","Aged 35-39","Value",5905
"2024","Sutton Coldfield","E14001535","Total","Aged 40-44","Value",6398
"2024","Sutton Coldfield","E14001535","Total","Aged 45-49","Value",6119
"2024","Sutton Coldfield","E14001535","Total","Aged 50-54","Value",6334
"2024","Sutton Coldfield","E14001535","Total","Aged 55-59","Value",6698
"2024","Sutton Coldfield","E14001535","Total","Aged 60-64","Value",6389
"2024","Sutton Coldfield","E14001535","Total","Aged 65-69","Value",5369
"2024","Sutton Coldfield","E14001535","Total","Aged 70-74","Value",5198
"2024","Sutton Coldfield","E14001535","Total","Aged 75-79","Value",5067
"2024","Sutton Coldfield","E14001535","Total","Aged 80-84","Value",3574
"2024","Sutton Coldfield","E14001535","Total","Aged 85+","Value",3867
"2024","Tamworth","E14001538","Total","All Ages","Value",103687
"2024","Tamworth","E14001538","Total","Age 0 - 4","Value",5392
"2024","Tamworth","E14001538","Total","Aged 5-9","Value",5859
"2024","Tamworth","E14001538","Total","Aged 10-14","Value",6152
"2024","Tamworth","E14001538","Total","Aged 15-19","Value",5695
"2024","Tamworth","E14001538","Total","Aged 20-24","Value",5171
"2024","Tamworth","E14001538","Total","Aged 25-29","Value",6283
"2024","Tamworth","E14001538","Total","Aged 30-34","Value",7471
"2024","Tamworth","E14001538","Total","Aged 35-39","Value",7013
"2024","Tamworth","E14001538","Total","Aged 40-44","Value",6491
"2024","Tamworth","E14001538","Total","Aged 45-49","Value",5907
"2024","Tamworth","E14001538","Total","Aged 50-54","Value",7042
"2024","Tamworth","E14001538","Total","Aged 55-59","Value",7367
"2024","Tamworth","E14001538","Total","Aged 60-64","Value",6485
"2024","Tamworth","E14001538","Total","Aged 65-69","Value",5712
"2024","Tamworth","E14001538","Total","Aged 70-74","Value",5270
"2024","Tamworth","E14001538","Total","Aged 75-79","Value",4879
"2024","Tamworth","E14001538","Total","Aged 80-84","Value",3028
"2024","Tamworth","E14001538","Total","Aged 85+","Value",2470
"2024","Telford","E14001541","Total","All Ages","Value",110885
"2024","Telford","E14001541","Total","Age 0 - 4","Value",6648
"2024","Telford","E14001541","Total","Aged 5-9","Value",7494
"2024","Telford","E14001541","Total","Aged 10-14","Value",8025
"2024","Telford","E14001541","Total","Aged 15-19","Value",6740
"2024","Telford","E14001541","Total","Aged 20-24","Value",5555
"2024","Telford","E14001541","Total","Aged 25-29","Value",6990
"2024","Telford","E14001541","Total","Aged 30-34","Value",8351
"2024","Telford","E14001541","Total","Aged 35-39","Value",8555
"2024","Telford","E14001541","Total","Aged 40-44","Value",7569
"2024","Telford","E14001541","Total","Aged 45-49","Value",6428
"2024","Telford","E14001541","Total","Aged 50-54","Value",7315
"2024","Telford","E14001541","Total","Aged 55-59","Value",7173
"2024","Telford","E14001541","Total","Aged 60-64","Value",6405
"2024","Telford","E14001541","Total","Aged 65-69","Value",5109
"2024","Telford","E14001541","Total","Aged 70-74","Value",4580
"2024","Telford","E14001541","Total","Aged 75-79","Value",3809
"2024","Telford","E14001541","Total","Aged 80-84","Value",2278
"2024","Telford","E14001541","Total","Aged 85+","Value",1861
"2024","The Wrekin","E14001543","Total","All Ages","Value",113634
"2024","The Wrekin","E14001543","Total","Age 0 - 4","Value",5537
"2024","The Wrekin","E14001543","Total","Aged 5-9","Value",6266
"2024","The Wrekin","E14001543","Total","Aged 10-14","Value",6829
"2024","The Wrekin","E14001543","Total","Aged 15-19","Value",7200
"2024","The Wrekin","E14001543","Total","Aged 20-24","Value",6884
"2024","The Wrekin","E14001543","Total","Aged 25-29","Value",6468
"2024","The Wrekin","E14001543","Total","Aged 30-34","Value",6876
"2024","The Wrekin","E14001543","Total","Aged 35-39","Value",7425
"2024","The Wrekin","E14001543","Total","Aged 40-44","Value",6758
"2024","The Wrekin","E14001543","Total","Aged 45-49","Value",6446
"2024","The Wrekin","E14001543","Total","Aged 50-54","Value",7656
"2024","The Wrekin","E14001543","Total","Aged 55-59","Value",8331
"2024","The Wrekin","E14001543","Total","Aged 60-64","Value",7380
"2024","The Wrekin","E14001543","Total","Aged 65-69","Value",6052
"2024","The Wrekin","E14001543","Total","Aged 70-74","Value",5541
"2024","The Wrekin","E14001543","Total","Aged 75-79","Value",5289
"2024","The Wrekin","E14001543","Total","Aged 80-84","Value",3608
"2024","The Wrekin","E14001543","Total","Aged 85+","Value",3088
"2024","Tipton and Wednesbury","E14001547","Total","All Ages","Value",117414
"2024","Tipton and Wednesbury","E14001547","Total","Age 0 - 4","Value",7477
"2024","Tipton and Wednesbury","E14001547","Total","Aged 5-9","Value",8187
"2024","Tipton and Wednesbury","E14001547","Total","Aged 10-14","Value",8800
"2024","Tipton and Wednesbury","E14001547","Total","Aged 15-19","Value",7893
"2024","Tipton and Wednesbury","E14001547","Total","Aged 20-24","Value",6866
"2024","Tipton and Wednesbury","E14001547","Total","Aged 25-29","Value",7341
"2024","Tipton and Wednesbury","E14001547","Total","Aged 30-34","Value",8216
"2024","Tipton and Wednesbury","E14001547","Total","Aged 35-39","Value",8278
"2024","Tipton and Wednesbury","E14001547","Total","Aged 40-44","Value",7732
"2024","Tipton and Wednesbury","E14001547","Total","Aged 45-49","Value",7201
"2024","Tipton and Wednesbury","E14001547","Total","Aged 50-54","Value",7687
"2024","Tipton and Wednesbury","E14001547","Total","Aged 55-59","Value",7416
"2024","Tipton and Wednesbury","E14001547","Total","Aged 60-64","Value",6428
"2024","Tipton and Wednesbury","E14001547","Total","Aged 65-69","Value",5209
"2024","Tipton and Wednesbury","E14001547","Total","Aged 70-74","Value",4376
"2024","Tipton and Wednesbury","E14001547","Total","Aged 75-79","Value",3588
"2024","Tipton and Wednesbury","E14001547","Total","Aged 80-84","Value",2468
"2024","Tipton and Wednesbury","E14001547","Total","Aged 85+","Value",2251
"2024","Walsall and Bloxwich","E14001562","Total","All Ages","Value",125080
"2024","Walsall and Bloxwich","E14001562","Total","Age 0 - 4","Value",8923
"2024","Walsall and Bloxwich","E14001562","Total","Aged 5-9","Value",9269
"2024","Walsall and Bloxwich","E14001562","Total","Aged 10-14","Value",9303
"2024","Walsall and Bloxwich","E14001562","Total","Aged 15-19","Value",8960
"2024","Walsall and Bloxwich","E14001562","Total","Aged 20-24","Value",8243
"2024","Walsall and Bloxwich","E14001562","Total","Aged 25-29","Value",8838
"2024","Walsall and Bloxwich","E14001562","Total","Aged 30-34","Value",9185
"2024","Walsall and Bloxwich","E14001562","Total","Aged 35-39","Value",9335
"2024","Walsall and Bloxwich","E14001562","Total","Aged 40-44","Value",8679
"2024","Walsall and Bloxwich","E14001562","Total","Aged 45-49","Value",7299
"2024","Walsall and Bloxwich","E14001562","Total","Aged 50-54","Value",7282
"2024","Walsall and Bloxwich","E14001562","Total","Aged 55-59","Value",6901
"2024","Walsall and Bloxwich","E14001562","Total","Aged 60-64","Value",6087
"2024","Walsall and Bloxwich","E14001562","Total","Aged 65-69","Value",4929
"2024","Walsall and Bloxwich","E14001562","Total","Aged 70-74","Value",3985
"2024","Walsall and Bloxwich","E14001562","Total","Aged 75-79","Value",3307
"2024","Walsall and Bloxwich","E14001562","Total","Aged 80-84","Value",2280
"2024","Walsall and Bloxwich","E14001562","Total","Aged 85+","Value",2275
"2024","Warwick and Leamington","E14001566","Total","All Ages","Value",110108
"2024","Warwick and Leamington","E14001566","Total","Age 0 - 4","Value",5844
"2024","Warwick and Leamington","E14001566","Total","Aged 5-9","Value",6454
"2024","Warwick and Leamington","E14001566","Total","Aged 10-14","Value",6331
"2024","Warwick and Leamington","E14001566","Total","Aged 15-19","Value",5548
"2024","Warwick and Leamington","E14001566","Total","Aged 20-24","Value",9002
"2024","Warwick and Leamington","E14001566","Total","Aged 25-29","Value",7276
"2024","Warwick and Leamington","E14001566","Total","Aged 30-34","Value",8567
"2024","Warwick and Leamington","E14001566","Total","Aged 35-39","Value",8826
"2024","Warwick and Leamington","E14001566","Total","Aged 40-44","Value",7850
"2024","Warwick and Leamington","E14001566","Total","Aged 45-49","Value",6713
"2024","Warwick and Leamington","E14001566","Total","Aged 50-54","Value",6765
"2024","Warwick and Leamington","E14001566","Total","Aged 55-59","Value",6651
"2024","Warwick and Leamington","E14001566","Total","Aged 60-64","Value",5789
"2024","Warwick and Leamington","E14001566","Total","Aged 65-69","Value",4742
"2024","Warwick and Leamington","E14001566","Total","Aged 70-74","Value",4251
"2024","Warwick and Leamington","E14001566","Total","Aged 75-79","Value",4085
"2024","Warwick and Leamington","E14001566","Total","Aged 80-84","Value",2764
"2024","Warwick and Leamington","E14001566","Total","Aged 85+","Value",2650
"2024","West Bromwich","E14001574","Total","All Ages","Value",114660
"2024","West Bromwich","E14001574","Total","Age 0 - 4","Value",7223
"2024","West Bromwich","E14001574","Total","Aged 5-9","Value",7663
"2024","West Bromwich","E14001574","Total","Aged 10-14","Value",7854
"2024","West Bromwich","E14001574","Total","Aged 15-19","Value",7452
"2024","West Bromwich","E14001574","Total","Aged 20-24","Value",7213
"2024","West Bromwich","E14001574","Total","Aged 25-29","Value",7932
"2024","West Bromwich","E14001574","Total","Aged 30-34","Value",8137
"2024","West Bromwich","E14001574","Total","Aged 35-39","Value",8298
"2024","West Bromwich","E14001574","Total","Aged 40-44","Value",7866
"2024","West Bromwich","E14001574","Total","Aged 45-49","Value",7142
"2024","West Bromwich","E14001574","Total","Aged 50-54","Value",7289
"2024","West Bromwich","E14001574","Total","Aged 55-59","Value",6869
"2024","West Bromwich","E14001574","Total","Aged 60-64","Value",6068
"2024","West Bromwich","E14001574","Total","Aged 65-69","Value",4841
"2024","West Bromwich","E14001574","Total","Aged 70-74","Value",4208
"2024","West Bromwich","E14001574","Total","Aged 75-79","Value",3538
"2024","West Bromwich","E14001574","Total","Aged 80-84","Value",2582
"2024","West Bromwich","E14001574","Total","Aged 85+","Value",2485
"2024","West Worcestershire","E14001579","Total","All Ages","Value",102513
"2024","West Worcestershire","E14001579","Total","Age 0 - 4","Value",3856
"2024","West Worcestershire","E14001579","Total","Aged 5-9","Value",4731
"2024","West Worcestershire","E14001579","Total","Aged 10-14","Value",5705
"2024","West Worcestershire","E14001579","Total","Aged 15-19","Value",5789
"2024","West Worcestershire","E14001579","Total","Aged 20-24","Value",3749
"2024","West Worcestershire","E14001579","Total","Aged 25-29","Value",4718
"2024","West Worcestershire","E14001579","Total","Aged 30-34","Value",4945
"2024","West Worcestershire","E14001579","Total","Aged 35-39","Value",5199
"2024","West Worcestershire","E14001579","Total","Aged 40-44","Value",5296
"2024","West Worcestershire","E14001579","Total","Aged 45-49","Value",5411
"2024","West Worcestershire","E14001579","Total","Aged 50-54","Value",6981
"2024","West Worcestershire","E14001579","Total","Aged 55-59","Value",8193
"2024","West Worcestershire","E14001579","Total","Aged 60-64","Value",8178
"2024","West Worcestershire","E14001579","Total","Aged 65-69","Value",7263
"2024","West Worcestershire","E14001579","Total","Aged 70-74","Value",6761
"2024","West Worcestershire","E14001579","Total","Aged 75-79","Value",6863
"2024","West Worcestershire","E14001579","Total","Aged 80-84","Value",4524
"2024","West Worcestershire","E14001579","Total","Aged 85+","Value",4351
"2024","Wolverhampton North East","E14001594","Total","All Ages","Value",110383
"2024","Wolverhampton North East","E14001594","Total","Age 0 - 4","Value",7005
"2024","Wolverhampton North East","E14001594","Total","Aged 5-9","Value",7873
"2024","Wolverhampton North East","E14001594","Total","Aged 10-14","Value",7968
"2024","Wolverhampton North East","E14001594","Total","Aged 15-19","Value",7186
"2024","Wolverhampton North East","E14001594","Total","Aged 20-24","Value",5983
"2024","Wolverhampton North East","E14001594","Total","Aged 25-29","Value",6960
"2024","Wolverhampton North East","E14001594","Total","Aged 30-34","Value",8036
"2024","Wolverhampton North East","E14001594","Total","Aged 35-39","Value",8113
"2024","Wolverhampton North East","E14001594","Total","Aged 40-44","Value",7230
"2024","Wolverhampton North East","E14001594","Total","Aged 45-49","Value",6046
"2024","Wolverhampton North East","E14001594","Total","Aged 50-54","Value",6688
"2024","Wolverhampton North East","E14001594","Total","Aged 55-59","Value",6771
"2024","Wolverhampton North East","E14001594","Total","Aged 60-64","Value",6191
"2024","Wolverhampton North East","E14001594","Total","Aged 65-69","Value",5098
"2024","Wolverhampton North East","E14001594","Total","Aged 70-74","Value",4248
"2024","Wolverhampton North East","E14001594","Total","Aged 75-79","Value",3682
"2024","Wolverhampton North East","E14001594","Total","Aged 80-84","Value",2692
"2024","Wolverhampton North East","E14001594","Total","Aged 85+","Value",2613
"2024","Wolverhampton South East","E14001595","Total","All Ages","Value",128335
"2024","Wolverhampton South East","E14001595","Total","Age 0 - 4","Value",8703
"2024","Wolverhampton South East","E14001595","Total","Aged 5-9","Value",9460
"2024","Wolverhampton South East","E14001595","Total","Aged 10-14","Value",9869
"2024","Wolverhampton South East","E14001595","Total","Aged 15-19","Value",8467
"2024","Wolverhampton South East","E14001595","Total","Aged 20-24","Value",7551
"2024","Wolverhampton South East","E14001595","Total","Aged 25-29","Value",9062
"2024","Wolverhampton South East","E14001595","Total","Aged 30-34","Value",9568
"2024","Wolverhampton South East","E14001595","Total","Aged 35-39","Value",9758
"2024","Wolverhampton South East","E14001595","Total","Aged 40-44","Value",8910
"2024","Wolverhampton South East","E14001595","Total","Aged 45-49","Value",7582
"2024","Wolverhampton South East","E14001595","Total","Aged 50-54","Value",7843
"2024","Wolverhampton South East","E14001595","Total","Aged 55-59","Value",7019
"2024","Wolverhampton South East","E14001595","Total","Aged 60-64","Value",6506
"2024","Wolverhampton South East","E14001595","Total","Aged 65-69","Value",5224
"2024","Wolverhampton South East","E14001595","Total","Aged 70-74","Value",4440
"2024","Wolverhampton South East","E14001595","Total","Aged 75-79","Value",3735
"2024","Wolverhampton South East","E14001595","Total","Aged 80-84","Value",2490
"2024","Wolverhampton South East","E14001595","Total","Aged 85+","Value",2148
"2024","Wolverhampton West","E14001596","Total","All Ages","Value",119160
"2024","Wolverhampton West","E14001596","Total","Age 0 - 4","Value",7452
"2024","Wolverhampton West","E14001596","Total","Aged 5-9","Value",7235
"2024","Wolverhampton West","E14001596","Total","Aged 10-14","Value",7627
"2024","Wolverhampton West","E14001596","Total","Aged 15-19","Value",7298
"2024","Wolverhampton West","E14001596","Total","Aged 20-24","Value",7004
"2024","Wolverhampton West","E14001596","Total","Aged 25-29","Value",8017
"2024","Wolverhampton West","E14001596","Total","Aged 30-34","Value",8390
"2024","Wolverhampton West","E14001596","Total","Aged 35-39","Value",8152
"2024","Wolverhampton West","E14001596","Total","Aged 40-44","Value",8147
"2024","Wolverhampton West","E14001596","Total","Aged 45-49","Value",7432
"2024","Wolverhampton West","E14001596","Total","Aged 50-54","Value",7470
"2024","Wolverhampton West","E14001596","Total","Aged 55-59","Value",7441
"2024","Wolverhampton West","E14001596","Total","Aged 60-64","Value",6537
"2024","Wolverhampton West","E14001596","Total","Aged 65-69","Value",5714
"2024","Wolverhampton West","E14001596","Total","Aged 70-74","Value",5132
"2024","Wolverhampton West","E14001596","Total","Aged 75-79","Value",4130
"2024","Wolverhampton West","E14001596","Total","Aged 80-84","Value",2889
"2024","Wolverhampton West","E14001596","Total","Aged 85+","Value",3093
"2024","Worcester","E14001597","Total","All Ages","Value",106671
"2024","Worcester","E14001597","Total","Age 0 - 4","Value",5135
"2024","Worcester","E14001597","Total","Aged 5-9","Value",5831
"2024","Worcester","E14001597","Total","Aged 10-14","Value",6184
"2024","Worcester","E14001597","Total","Aged 15-19","Value",6533
"2024","Worcester","E14001597","Total","Aged 20-24","Value",7384
"2024","Worcester","E14001597","Total","Aged 25-29","Value",7066
"2024","Worcester","E14001597","Total","Aged 30-34","Value",8035
"2024","Worcester","E14001597","Total","Aged 35-39","Value",7446
"2024","Worcester","E14001597","Total","Aged 40-44","Value",6898
"2024","Worcester","E14001597","Total","Aged 45-49","Value",6357
"2024","Worcester","E14001597","Total","Aged 50-54","Value",6919
"2024","Worcester","E14001597","Total","Aged 55-59","Value",7067
"2024","Worcester","E14001597","Total","Aged 60-64","Value",6404
"2024","Worcester","E14001597","Total","Aged 65-69","Value",5113
"2024","Worcester","E14001597","Total","Aged 70-74","Value",4561
"2024","Worcester","E14001597","Total","Aged 75-79","Value",4255
"2024","Worcester","E14001597","Total","Aged 80-84","Value",2802
"2024","Worcester","E14001597","Total","Aged 85+","Value",2681
"2024","Wyre Forest","E14001601","Total","All Ages","Value",103913
"2024","Wyre Forest","E14001601","Total","Age 0 - 4","Value",4511
"2024","Wyre Forest","E14001601","Total","Aged 5-9","Value",5407
"2024","Wyre Forest","E14001601","Total","Aged 10-14","Value",5844
"2024","Wyre Forest","E14001601","Total","Aged 15-19","Value",5436
"2024","Wyre Forest","E14001601","Total","Aged 20-24","Value",4523
"2024","Wyre Forest","E14001601","Total","Aged 25-29","Value",5622
"2024","Wyre Forest","E14001601","Total","Aged 30-34","Value",6185
"2024","Wyre Forest","E14001601","Total","Aged 35-39","Value",6123
"2024","Wyre Forest","E14001601","Total","Aged 40-44","Value",5942
"2024","Wyre Forest","E14001601","Total","Aged 45-49","Value",5724
"2024","Wyre Forest","E14001601","Total","Aged 50-54","Value",7046
"2024","Wyre Forest","E14001601","Total","Aged 55-59","Value",7941
"2024","Wyre Forest","E14001601","Total","Aged 60-64","Value",7182
"2024","Wyre Forest","E14001601","Total","Aged 65-69","Value",6164
"2024","Wyre Forest","E14001601","Total","Aged 70-74","Value",6228
"2024","Wyre Forest","E14001601","Total","Aged 75-79","Value",6460
"2024","Wyre Forest","E14001601","Total","Aged 80-84","Value",4091
"2024","Wyre Forest","E14001601","Total","Aged 85+","Value",3484
"2024","Basildon and Billericay","E14001077","Total","All Ages","Value",111391
"2024","Basildon and Billericay","E14001077","Total","Age 0 - 4","Value",7107
"2024","Basildon and Billericay","E14001077","Total","Aged 5-9","Value",7908
"2024","Basildon and Billericay","E14001077","Total","Aged 10-14","Value",7764
"2024","Basildon and Billericay","E14001077","Total","Aged 15-19","Value",6860
"2024","Basildon and Billericay","E14001077","Total","Aged 20-24","Value",5346
"2024","Basildon and Billericay","E14001077","Total","Aged 25-29","Value",6862
"2024","Basildon and Billericay","E14001077","Total","Aged 30-34","Value",8030
"2024","Basildon and Billericay","E14001077","Total","Aged 35-39","Value",8453
"2024","Basildon and Billericay","E14001077","Total","Aged 40-44","Value",7675
"2024","Basildon and Billericay","E14001077","Total","Aged 45-49","Value",6819
"2024","Basildon and Billericay","E14001077","Total","Aged 50-54","Value",6903
"2024","Basildon and Billericay","E14001077","Total","Aged 55-59","Value",7056
"2024","Basildon and Billericay","E14001077","Total","Aged 60-64","Value",6160
"2024","Basildon and Billericay","E14001077","Total","Aged 65-69","Value",5041
"2024","Basildon and Billericay","E14001077","Total","Aged 70-74","Value",4083
"2024","Basildon and Billericay","E14001077","Total","Aged 75-79","Value",4150
"2024","Basildon and Billericay","E14001077","Total","Aged 80-84","Value",2591
"2024","Basildon and Billericay","E14001077","Total","Aged 85+","Value",2583
"2024","Bedford","E14001084","Total","All Ages","Value",114023
"2024","Bedford","E14001084","Total","Age 0 - 4","Value",6530
"2024","Bedford","E14001084","Total","Aged 5-9","Value",6977
"2024","Bedford","E14001084","Total","Aged 10-14","Value",7333
"2024","Bedford","E14001084","Total","Aged 15-19","Value",7068
"2024","Bedford","E14001084","Total","Aged 20-24","Value",6223
"2024","Bedford","E14001084","Total","Aged 25-29","Value",7662
"2024","Bedford","E14001084","Total","Aged 30-34","Value",8512
"2024","Bedford","E14001084","Total","Aged 35-39","Value",8764
"2024","Bedford","E14001084","Total","Aged 40-44","Value",8368
"2024","Bedford","E14001084","Total","Aged 45-49","Value",7555
"2024","Bedford","E14001084","Total","Aged 50-54","Value",7306
"2024","Bedford","E14001084","Total","Aged 55-59","Value",7199
"2024","Bedford","E14001084","Total","Aged 60-64","Value",6188
"2024","Bedford","E14001084","Total","Aged 65-69","Value",5227
"2024","Bedford","E14001084","Total","Aged 70-74","Value",4224
"2024","Bedford","E14001084","Total","Aged 75-79","Value",3745
"2024","Bedford","E14001084","Total","Aged 80-84","Value",2448
"2024","Bedford","E14001084","Total","Aged 85+","Value",2694
"2024","Braintree","E14001121","Total","All Ages","Value",108544
"2024","Braintree","E14001121","Total","Age 0 - 4","Value",5351
"2024","Braintree","E14001121","Total","Aged 5-9","Value",6101
"2024","Braintree","E14001121","Total","Aged 10-14","Value",6441
"2024","Braintree","E14001121","Total","Aged 15-19","Value",6180
"2024","Braintree","E14001121","Total","Aged 20-24","Value",4992
"2024","Braintree","E14001121","Total","Aged 25-29","Value",6083
"2024","Braintree","E14001121","Total","Aged 30-34","Value",6920
"2024","Braintree","E14001121","Total","Aged 35-39","Value",6932
"2024","Braintree","E14001121","Total","Aged 40-44","Value",6784
"2024","Braintree","E14001121","Total","Aged 45-49","Value",6498
"2024","Braintree","E14001121","Total","Aged 50-54","Value",7620
"2024","Braintree","E14001121","Total","Aged 55-59","Value",8201
"2024","Braintree","E14001121","Total","Aged 60-64","Value",7153
"2024","Braintree","E14001121","Total","Aged 65-69","Value",6022
"2024","Braintree","E14001121","Total","Aged 70-74","Value",5195
"2024","Braintree","E14001121","Total","Aged 75-79","Value",5517
"2024","Braintree","E14001121","Total","Aged 80-84","Value",3405
"2024","Braintree","E14001121","Total","Aged 85+","Value",3149
"2024","Brentwood and Ongar","E14001125","Total","All Ages","Value",100663
"2024","Brentwood and Ongar","E14001125","Total","Age 0 - 4","Value",5613
"2024","Brentwood and Ongar","E14001125","Total","Aged 5-9","Value",5964
"2024","Brentwood and Ongar","E14001125","Total","Aged 10-14","Value",5989
"2024","Brentwood and Ongar","E14001125","Total","Aged 15-19","Value",5363
"2024","Brentwood and Ongar","E14001125","Total","Aged 20-24","Value",4374
"2024","Brentwood and Ongar","E14001125","Total","Aged 25-29","Value",5739
"2024","Brentwood and Ongar","E14001125","Total","Aged 30-34","Value",6890
"2024","Brentwood and Ongar","E14001125","Total","Aged 35-39","Value",6779
"2024","Brentwood and Ongar","E14001125","Total","Aged 40-44","Value",6637
"2024","Brentwood and Ongar","E14001125","Total","Aged 45-49","Value",6121
"2024","Brentwood and Ongar","E14001125","Total","Aged 50-54","Value",6441
"2024","Brentwood and Ongar","E14001125","Total","Aged 55-59","Value",7100
"2024","Brentwood and Ongar","E14001125","Total","Aged 60-64","Value",6621
"2024","Brentwood and Ongar","E14001125","Total","Aged 65-69","Value",5250
"2024","Brentwood and Ongar","E14001125","Total","Aged 70-74","Value",4599
"2024","Brentwood and Ongar","E14001125","Total","Aged 75-79","Value",4700
"2024","Brentwood and Ongar","E14001125","Total","Aged 80-84","Value",3026
"2024","Brentwood and Ongar","E14001125","Total","Aged 85+","Value",3457
"2024","Broadland and Fakenham","E14001136","Total","All Ages","Value",97108
"2024","Broadland and Fakenham","E14001136","Total","Age 0 - 4","Value",3901
"2024","Broadland and Fakenham","E14001136","Total","Aged 5-9","Value",5150
"2024","Broadland and Fakenham","E14001136","Total","Aged 10-14","Value",5341
"2024","Broadland and Fakenham","E14001136","Total","Aged 15-19","Value",4804
"2024","Broadland and Fakenham","E14001136","Total","Aged 20-24","Value",3754
"2024","Broadland and Fakenham","E14001136","Total","Aged 25-29","Value",4553
"2024","Broadland and Fakenham","E14001136","Total","Aged 30-34","Value",5036
"2024","Broadland and Fakenham","E14001136","Total","Aged 35-39","Value",5610
"2024","Broadland and Fakenham","E14001136","Total","Aged 40-44","Value",5517
"2024","Broadland and Fakenham","E14001136","Total","Aged 45-49","Value",5321
"2024","Broadland and Fakenham","E14001136","Total","Aged 50-54","Value",6719
"2024","Broadland and Fakenham","E14001136","Total","Aged 55-59","Value",7592
"2024","Broadland and Fakenham","E14001136","Total","Aged 60-64","Value",7305
"2024","Broadland and Fakenham","E14001136","Total","Aged 65-69","Value",6359
"2024","Broadland and Fakenham","E14001136","Total","Aged 70-74","Value",6171
"2024","Broadland and Fakenham","E14001136","Total","Aged 75-79","Value",6299
"2024","Broadland and Fakenham","E14001136","Total","Aged 80-84","Value",3966
"2024","Broadland and Fakenham","E14001136","Total","Aged 85+","Value",3710
"2024","Broxbourne","E14001139","Total","All Ages","Value",111302
"2024","Broxbourne","E14001139","Total","Age 0 - 4","Value",6428
"2024","Broxbourne","E14001139","Total","Aged 5-9","Value",6980
"2024","Broxbourne","E14001139","Total","Aged 10-14","Value",7147
"2024","Broxbourne","E14001139","Total","Aged 15-19","Value",6952
"2024","Broxbourne","E14001139","Total","Aged 20-24","Value",5481
"2024","Broxbourne","E14001139","Total","Aged 25-29","Value",6511
"2024","Broxbourne","E14001139","Total","Aged 30-34","Value",7530
"2024","Broxbourne","E14001139","Total","Aged 35-39","Value",8140
"2024","Broxbourne","E14001139","Total","Aged 40-44","Value",7878
"2024","Broxbourne","E14001139","Total","Aged 45-49","Value",7049
"2024","Broxbourne","E14001139","Total","Aged 50-54","Value",7314
"2024","Broxbourne","E14001139","Total","Aged 55-59","Value",7598
"2024","Broxbourne","E14001139","Total","Aged 60-64","Value",6570
"2024","Broxbourne","E14001139","Total","Aged 65-69","Value",5195
"2024","Broxbourne","E14001139","Total","Aged 70-74","Value",4375
"2024","Broxbourne","E14001139","Total","Aged 75-79","Value",4371
"2024","Broxbourne","E14001139","Total","Aged 80-84","Value",2889
"2024","Broxbourne","E14001139","Total","Aged 85+","Value",2894
"2024","Bury St Edmunds and Stowmarket","E14001146","Total","All Ages","Value",108700
"2024","Bury St Edmunds and Stowmarket","E14001146","Total","Age 0 - 4","Value",5658
"2024","Bury St Edmunds and Stowmarket","E14001146","Total","Aged 5-9","Value",5707
"2024","Bury St Edmunds and Stowmarket","E14001146","Total","Aged 10-14","Value",5941
"2024","Bury St Edmunds and Stowmarket","E14001146","Total","Aged 15-19","Value",5442
"2024","Bury St Edmunds and Stowmarket","E14001146","Total","Aged 20-24","Value",5025
"2024","Bury St Edmunds and Stowmarket","E14001146","Total","Aged 25-29","Value",7155
"2024","Bury St Edmunds and Stowmarket","E14001146","Total","Aged 30-34","Value",7325
"2024","Bury St Edmunds and Stowmarket","E14001146","Total","Aged 35-39","Value",7117
"2024","Bury St Edmunds and Stowmarket","E14001146","Total","Aged 40-44","Value",6233
"2024","Bury St Edmunds and Stowmarket","E14001146","Total","Aged 45-49","Value",5968
"2024","Bury St Edmunds and Stowmarket","E14001146","Total","Aged 50-54","Value",7036
"2024","Bury St Edmunds and Stowmarket","E14001146","Total","Aged 55-59","Value",7649
"2024","Bury St Edmunds and Stowmarket","E14001146","Total","Aged 60-64","Value",7192
"2024","Bury St Edmunds and Stowmarket","E14001146","Total","Aged 65-69","Value",5949
"2024","Bury St Edmunds and Stowmarket","E14001146","Total","Aged 70-74","Value",5801
"2024","Bury St Edmunds and Stowmarket","E14001146","Total","Aged 75-79","Value",5885
"2024","Bury St Edmunds and Stowmarket","E14001146","Total","Aged 80-84","Value",3904
"2024","Bury St Edmunds and Stowmarket","E14001146","Total","Aged 85+","Value",3713
"2024","Cambridge","E14001149","Total","All Ages","Value",127325
"2024","Cambridge","E14001149","Total","Age 0 - 4","Value",5359
"2024","Cambridge","E14001149","Total","Aged 5-9","Value",5733
"2024","Cambridge","E14001149","Total","Aged 10-14","Value",5944
"2024","Cambridge","E14001149","Total","Aged 15-19","Value",10391
"2024","Cambridge","E14001149","Total","Aged 20-24","Value",19010
"2024","Cambridge","E14001149","Total","Aged 25-29","Value",14559
"2024","Cambridge","E14001149","Total","Aged 30-34","Value",11367
"2024","Cambridge","E14001149","Total","Aged 35-39","Value",9249
"2024","Cambridge","E14001149","Total","Aged 40-44","Value",7893
"2024","Cambridge","E14001149","Total","Aged 45-49","Value",6734
"2024","Cambridge","E14001149","Total","Aged 50-54","Value",6264
"2024","Cambridge","E14001149","Total","Aged 55-59","Value",5852
"2024","Cambridge","E14001149","Total","Aged 60-64","Value",4835
"2024","Cambridge","E14001149","Total","Aged 65-69","Value",3834
"2024","Cambridge","E14001149","Total","Aged 70-74","Value",3342
"2024","Cambridge","E14001149","Total","Aged 75-79","Value",2922
"2024","Cambridge","E14001149","Total","Aged 80-84","Value",1979
"2024","Cambridge","E14001149","Total","Aged 85+","Value",2058
"2024","Castle Point","E14001154","Total","All Ages","Value",92595
"2024","Castle Point","E14001154","Total","Age 0 - 4","Value",4424
"2024","Castle Point","E14001154","Total","Aged 5-9","Value",4968
"2024","Castle Point","E14001154","Total","Aged 10-14","Value",5337
"2024","Castle Point","E14001154","Total","Aged 15-19","Value",4920
"2024","Castle Point","E14001154","Total","Aged 20-24","Value",4228
"2024","Castle Point","E14001154","Total","Aged 25-29","Value",5055
"2024","Castle Point","E14001154","Total","Aged 30-34","Value",5210
"2024","Castle Point","E14001154","Total","Aged 35-39","Value",5449
"2024","Castle Point","E14001154","Total","Aged 40-44","Value",5315
"2024","Castle Point","E14001154","Total","Aged 45-49","Value",5034
"2024","Castle Point","E14001154","Total","Aged 50-54","Value",5873
"2024","Castle Point","E14001154","Total","Aged 55-59","Value",6739
"2024","Castle Point","E14001154","Total","Aged 60-64","Value",6242
"2024","Castle Point","E14001154","Total","Aged 65-69","Value",5434
"2024","Castle Point","E14001154","Total","Aged 70-74","Value",5344
"2024","Castle Point","E14001154","Total","Aged 75-79","Value",5976
"2024","Castle Point","E14001154","Total","Aged 80-84","Value",3687
"2024","Castle Point","E14001154","Total","Aged 85+","Value",3360
"2024","Central Suffolk and North Ipswich","E14001156","Total","All Ages","Value",96582
"2024","Central Suffolk and North Ipswich","E14001156","Total","Age 0 - 4","Value",4280
"2024","Central Suffolk and North Ipswich","E14001156","Total","Aged 5-9","Value",5192
"2024","Central Suffolk and North Ipswich","E14001156","Total","Aged 10-14","Value",5966
"2024","Central Suffolk and North Ipswich","E14001156","Total","Aged 15-19","Value",5666
"2024","Central Suffolk and North Ipswich","E14001156","Total","Aged 20-24","Value",4237
"2024","Central Suffolk and North Ipswich","E14001156","Total","Aged 25-29","Value",4906
"2024","Central Suffolk and North Ipswich","E14001156","Total","Aged 30-34","Value",5333
"2024","Central Suffolk and North Ipswich","E14001156","Total","Aged 35-39","Value",5534
"2024","Central Suffolk and North Ipswich","E14001156","Total","Aged 40-44","Value",5571
"2024","Central Suffolk and North Ipswich","E14001156","Total","Aged 45-49","Value",5574
"2024","Central Suffolk and North Ipswich","E14001156","Total","Aged 50-54","Value",6723
"2024","Central Suffolk and North Ipswich","E14001156","Total","Aged 55-59","Value",7330
"2024","Central Suffolk and North Ipswich","E14001156","Total","Aged 60-64","Value",6851
"2024","Central Suffolk and North Ipswich","E14001156","Total","Aged 65-69","Value",5869
"2024","Central Suffolk and North Ipswich","E14001156","Total","Aged 70-74","Value",5346
"2024","Central Suffolk and North Ipswich","E14001156","Total","Aged 75-79","Value",5520
"2024","Central Suffolk and North Ipswich","E14001156","Total","Aged 80-84","Value",3336
"2024","Central Suffolk and North Ipswich","E14001156","Total","Aged 85+","Value",3348
"2024","Chelmsford","E14001159","Total","All Ages","Value",111606
"2024","Chelmsford","E14001159","Total","Age 0 - 4","Value",5976
"2024","Chelmsford","E14001159","Total","Aged 5-9","Value",6945
"2024","Chelmsford","E14001159","Total","Aged 10-14","Value",6979
"2024","Chelmsford","E14001159","Total","Aged 15-19","Value",6385
"2024","Chelmsford","E14001159","Total","Aged 20-24","Value",5864
"2024","Chelmsford","E14001159","Total","Aged 25-29","Value",7586
"2024","Chelmsford","E14001159","Total","Aged 30-34","Value",8679
"2024","Chelmsford","E14001159","Total","Aged 35-39","Value",8432
"2024","Chelmsford","E14001159","Total","Aged 40-44","Value",8356
"2024","Chelmsford","E14001159","Total","Aged 45-49","Value",7467
"2024","Chelmsford","E14001159","Total","Aged 50-54","Value",7479
"2024","Chelmsford","E14001159","Total","Aged 55-59","Value",6895
"2024","Chelmsford","E14001159","Total","Aged 60-64","Value",5873
"2024","Chelmsford","E14001159","Total","Aged 65-69","Value",4866
"2024","Chelmsford","E14001159","Total","Aged 70-74","Value",4098
"2024","Chelmsford","E14001159","Total","Aged 75-79","Value",4298
"2024","Chelmsford","E14001159","Total","Aged 80-84","Value",2649
"2024","Chelmsford","E14001159","Total","Aged 85+","Value",2779
"2024","Clacton","E14001174","Total","All Ages","Value",103017
"2024","Clacton","E14001174","Total","Age 0 - 4","Value",4310
"2024","Clacton","E14001174","Total","Aged 5-9","Value",4943
"2024","Clacton","E14001174","Total","Aged 10-14","Value",5278
"2024","Clacton","E14001174","Total","Aged 15-19","Value",4747
"2024","Clacton","E14001174","Total","Aged 20-24","Value",4101
"2024","Clacton","E14001174","Total","Aged 25-29","Value",4915
"2024","Clacton","E14001174","Total","Aged 30-34","Value",5227
"2024","Clacton","E14001174","Total","Aged 35-39","Value",5349
"2024","Clacton","E14001174","Total","Aged 40-44","Value",4778
"2024","Clacton","E14001174","Total","Aged 45-49","Value",4834
"2024","Clacton","E14001174","Total","Aged 50-54","Value",5916
"2024","Clacton","E14001174","Total","Aged 55-59","Value",7718
"2024","Clacton","E14001174","Total","Aged 60-64","Value",8160
"2024","Clacton","E14001174","Total","Aged 65-69","Value",7700
"2024","Clacton","E14001174","Total","Aged 70-74","Value",7473
"2024","Clacton","E14001174","Total","Aged 75-79","Value",8008
"2024","Clacton","E14001174","Total","Aged 80-84","Value",4967
"2024","Clacton","E14001174","Total","Aged 85+","Value",4593
"2024","Colchester","E14001176","Total","All Ages","Value",119956
"2024","Colchester","E14001176","Total","Age 0 - 4","Value",7005
"2024","Colchester","E14001176","Total","Aged 5-9","Value",7866
"2024","Colchester","E14001176","Total","Aged 10-14","Value",8201
"2024","Colchester","E14001176","Total","Aged 15-19","Value",7300
"2024","Colchester","E14001176","Total","Aged 20-24","Value",8093
"2024","Colchester","E14001176","Total","Aged 25-29","Value",8575
"2024","Colchester","E14001176","Total","Aged 30-34","Value",9794
"2024","Colchester","E14001176","Total","Aged 35-39","Value",9654
"2024","Colchester","E14001176","Total","Aged 40-44","Value",8946
"2024","Colchester","E14001176","Total","Aged 45-49","Value",7754
"2024","Colchester","E14001176","Total","Aged 50-54","Value",7239
"2024","Colchester","E14001176","Total","Aged 55-59","Value",6933
"2024","Colchester","E14001176","Total","Aged 60-64","Value",5763
"2024","Colchester","E14001176","Total","Aged 65-69","Value",4505
"2024","Colchester","E14001176","Total","Aged 70-74","Value",3883
"2024","Colchester","E14001176","Total","Aged 75-79","Value",3780
"2024","Colchester","E14001176","Total","Aged 80-84","Value",2333
"2024","Colchester","E14001176","Total","Aged 85+","Value",2332
"2024","Dunstable and Leighton Buzzard","E14001206","Total","All Ages","Value",118490
"2024","Dunstable and Leighton Buzzard","E14001206","Total","Age 0 - 4","Value",7886
"2024","Dunstable and Leighton Buzzard","E14001206","Total","Aged 5-9","Value",7944
"2024","Dunstable and Leighton Buzzard","E14001206","Total","Aged 10-14","Value",7509
"2024","Dunstable and Leighton Buzzard","E14001206","Total","Aged 15-19","Value",6146
"2024","Dunstable and Leighton Buzzard","E14001206","Total","Aged 20-24","Value",5186
"2024","Dunstable and Leighton Buzzard","E14001206","Total","Aged 25-29","Value",7334
"2024","Dunstable and Leighton Buzzard","E14001206","Total","Aged 30-34","Value",9652
"2024","Dunstable and Leighton Buzzard","E14001206","Total","Aged 35-39","Value",10193
"2024","Dunstable and Leighton Buzzard","E14001206","Total","Aged 40-44","Value",9045
"2024","Dunstable and Leighton Buzzard","E14001206","Total","Aged 45-49","Value",7437
"2024","Dunstable and Leighton Buzzard","E14001206","Total","Aged 50-54","Value",6825
"2024","Dunstable and Leighton Buzzard","E14001206","Total","Aged 55-59","Value",7283
"2024","Dunstable and Leighton Buzzard","E14001206","Total","Aged 60-64","Value",6592
"2024","Dunstable and Leighton Buzzard","E14001206","Total","Aged 65-69","Value",5477
"2024","Dunstable and Leighton Buzzard","E14001206","Total","Aged 70-74","Value",4564
"2024","Dunstable and Leighton Buzzard","E14001206","Total","Aged 75-79","Value",4313
"2024","Dunstable and Leighton Buzzard","E14001206","Total","Aged 80-84","Value",2622
"2024","Dunstable and Leighton Buzzard","E14001206","Total","Aged 85+","Value",2482
"2024","Ely and East Cambridgeshire","E14001224","Total","All Ages","Value",111705
"2024","Ely and East Cambridgeshire","E14001224","Total","Age 0 - 4","Value",5808
"2024","Ely and East Cambridgeshire","E14001224","Total","Aged 5-9","Value",6376
"2024","Ely and East Cambridgeshire","E14001224","Total","Aged 10-14","Value",6883
"2024","Ely and East Cambridgeshire","E14001224","Total","Aged 15-19","Value",6163
"2024","Ely and East Cambridgeshire","E14001224","Total","Aged 20-24","Value",4360
"2024","Ely and East Cambridgeshire","E14001224","Total","Aged 25-29","Value",6105
"2024","Ely and East Cambridgeshire","E14001224","Total","Aged 30-34","Value",7187
"2024","Ely and East Cambridgeshire","E14001224","Total","Aged 35-39","Value",7866
"2024","Ely and East Cambridgeshire","E14001224","Total","Aged 40-44","Value",7631
"2024","Ely and East Cambridgeshire","E14001224","Total","Aged 45-49","Value",7362
"2024","Ely and East Cambridgeshire","E14001224","Total","Aged 50-54","Value",7824
"2024","Ely and East Cambridgeshire","E14001224","Total","Aged 55-59","Value",7731
"2024","Ely and East Cambridgeshire","E14001224","Total","Aged 60-64","Value",7168
"2024","Ely and East Cambridgeshire","E14001224","Total","Aged 65-69","Value",5900
"2024","Ely and East Cambridgeshire","E14001224","Total","Aged 70-74","Value",5453
"2024","Ely and East Cambridgeshire","E14001224","Total","Aged 75-79","Value",5369
"2024","Ely and East Cambridgeshire","E14001224","Total","Aged 80-84","Value",3254
"2024","Ely and East Cambridgeshire","E14001224","Total","Aged 85+","Value",3265
"2024","Epping Forest","E14001226","Total","All Ages","Value",104747
"2024","Epping Forest","E14001226","Total","Age 0 - 4","Value",6156
"2024","Epping Forest","E14001226","Total","Aged 5-9","Value",6195
"2024","Epping Forest","E14001226","Total","Aged 10-14","Value",6195
"2024","Epping Forest","E14001226","Total","Aged 15-19","Value",5850
"2024","Epping Forest","E14001226","Total","Aged 20-24","Value",5180
"2024","Epping Forest","E14001226","Total","Aged 25-29","Value",5954
"2024","Epping Forest","E14001226","Total","Aged 30-34","Value",6679
"2024","Epping Forest","E14001226","Total","Aged 35-39","Value",7443
"2024","Epping Forest","E14001226","Total","Aged 40-44","Value",7651
"2024","Epping Forest","E14001226","Total","Aged 45-49","Value",6869
"2024","Epping Forest","E14001226","Total","Aged 50-54","Value",7023
"2024","Epping Forest","E14001226","Total","Aged 55-59","Value",7294
"2024","Epping Forest","E14001226","Total","Aged 60-64","Value",6340
"2024","Epping Forest","E14001226","Total","Aged 65-69","Value",5005
"2024","Epping Forest","E14001226","Total","Aged 70-74","Value",4354
"2024","Epping Forest","E14001226","Total","Aged 75-79","Value",4481
"2024","Epping Forest","E14001226","Total","Aged 80-84","Value",2851
"2024","Epping Forest","E14001226","Total","Aged 85+","Value",3227
"2024","Great Yarmouth","E14001256","Total","All Ages","Value",100529
"2024","Great Yarmouth","E14001256","Total","Age 0 - 4","Value",4773
"2024","Great Yarmouth","E14001256","Total","Aged 5-9","Value",5474
"2024","Great Yarmouth","E14001256","Total","Aged 10-14","Value",5807
"2024","Great Yarmouth","E14001256","Total","Aged 15-19","Value",5426
"2024","Great Yarmouth","E14001256","Total","Aged 20-24","Value",4595
"2024","Great Yarmouth","E14001256","Total","Aged 25-29","Value",5458
"2024","Great Yarmouth","E14001256","Total","Aged 30-34","Value",5923
"2024","Great Yarmouth","E14001256","Total","Aged 35-39","Value",5909
"2024","Great Yarmouth","E14001256","Total","Aged 40-44","Value",5610
"2024","Great Yarmouth","E14001256","Total","Aged 45-49","Value",5286
"2024","Great Yarmouth","E14001256","Total","Aged 50-54","Value",6536
"2024","Great Yarmouth","E14001256","Total","Aged 55-59","Value",7472
"2024","Great Yarmouth","E14001256","Total","Aged 60-64","Value",7318
"2024","Great Yarmouth","E14001256","Total","Aged 65-69","Value",6592
"2024","Great Yarmouth","E14001256","Total","Aged 70-74","Value",5911
"2024","Great Yarmouth","E14001256","Total","Aged 75-79","Value",5872
"2024","Great Yarmouth","E14001256","Total","Aged 80-84","Value",3549
"2024","Great Yarmouth","E14001256","Total","Aged 85+","Value",3018
"2024","Harlow","E14001267","Total","All Ages","Value",116250
"2024","Harlow","E14001267","Total","Age 0 - 4","Value",7440
"2024","Harlow","E14001267","Total","Aged 5-9","Value",7897
"2024","Harlow","E14001267","Total","Aged 10-14","Value",7912
"2024","Harlow","E14001267","Total","Aged 15-19","Value",6973
"2024","Harlow","E14001267","Total","Aged 20-24","Value",5610
"2024","Harlow","E14001267","Total","Aged 25-29","Value",7092
"2024","Harlow","E14001267","Total","Aged 30-34","Value",9019
"2024","Harlow","E14001267","Total","Aged 35-39","Value",9320
"2024","Harlow","E14001267","Total","Aged 40-44","Value",8595
"2024","Harlow","E14001267","Total","Aged 45-49","Value",7227
"2024","Harlow","E14001267","Total","Aged 50-54","Value",6974
"2024","Harlow","E14001267","Total","Aged 55-59","Value",7114
"2024","Harlow","E14001267","Total","Aged 60-64","Value",6718
"2024","Harlow","E14001267","Total","Aged 65-69","Value",5469
"2024","Harlow","E14001267","Total","Aged 70-74","Value",4227
"2024","Harlow","E14001267","Total","Aged 75-79","Value",3739
"2024","Harlow","E14001267","Total","Aged 80-84","Value",2453
"2024","Harlow","E14001267","Total","Aged 85+","Value",2471
"2024","Harpenden and Berkhamsted","E14001268","Total","All Ages","Value",96779
"2024","Harpenden and Berkhamsted","E14001268","Total","Age 0 - 4","Value",4819
"2024","Harpenden and Berkhamsted","E14001268","Total","Aged 5-9","Value",6447
"2024","Harpenden and Berkhamsted","E14001268","Total","Aged 10-14","Value",7455
"2024","Harpenden and Berkhamsted","E14001268","Total","Aged 15-19","Value",6224
"2024","Harpenden and Berkhamsted","E14001268","Total","Aged 20-24","Value",3203
"2024","Harpenden and Berkhamsted","E14001268","Total","Aged 25-29","Value",3744
"2024","Harpenden and Berkhamsted","E14001268","Total","Aged 30-34","Value",4333
"2024","Harpenden and Berkhamsted","E14001268","Total","Aged 35-39","Value",5571
"2024","Harpenden and Berkhamsted","E14001268","Total","Aged 40-44","Value",6943
"2024","Harpenden and Berkhamsted","E14001268","Total","Aged 45-49","Value",7262
"2024","Harpenden and Berkhamsted","E14001268","Total","Aged 50-54","Value",7536
"2024","Harpenden and Berkhamsted","E14001268","Total","Aged 55-59","Value",7000
"2024","Harpenden and Berkhamsted","E14001268","Total","Aged 60-64","Value",6257
"2024","Harpenden and Berkhamsted","E14001268","Total","Aged 65-69","Value",4958
"2024","Harpenden and Berkhamsted","E14001268","Total","Aged 70-74","Value",4304
"2024","Harpenden and Berkhamsted","E14001268","Total","Aged 75-79","Value",4519
"2024","Harpenden and Berkhamsted","E14001268","Total","Aged 80-84","Value",2820
"2024","Harpenden and Berkhamsted","E14001268","Total","Aged 85+","Value",3384
"2024","Harwich and North Essex","E14001273","Total","All Ages","Value",102303
"2024","Harwich and North Essex","E14001273","Total","Age 0 - 4","Value",4680
"2024","Harwich and North Essex","E14001273","Total","Aged 5-9","Value",5304
"2024","Harwich and North Essex","E14001273","Total","Aged 10-14","Value",5833
"2024","Harwich and North Essex","E14001273","Total","Aged 15-19","Value",5736
"2024","Harwich and North Essex","E14001273","Total","Aged 20-24","Value",5341
"2024","Harwich and North Essex","E14001273","Total","Aged 25-29","Value",5165
"2024","Harwich and North Essex","E14001273","Total","Aged 30-34","Value",5743
"2024","Harwich and North Essex","E14001273","Total","Aged 35-39","Value",5950
"2024","Harwich and North Essex","E14001273","Total","Aged 40-44","Value",5836
"2024","Harwich and North Essex","E14001273","Total","Aged 45-49","Value",5735
"2024","Harwich and North Essex","E14001273","Total","Aged 50-54","Value",6751
"2024","Harwich and North Essex","E14001273","Total","Aged 55-59","Value",7519
"2024","Harwich and North Essex","E14001273","Total","Aged 60-64","Value",7243
"2024","Harwich and North Essex","E14001273","Total","Aged 65-69","Value",6251
"2024","Harwich and North Essex","E14001273","Total","Aged 70-74","Value",5855
"2024","Harwich and North Essex","E14001273","Total","Aged 75-79","Value",6128
"2024","Harwich and North Essex","E14001273","Total","Aged 80-84","Value",3703
"2024","Harwich and North Essex","E14001273","Total","Aged 85+","Value",3530
"2024","Hemel Hempstead","E14001278","Total","All Ages","Value",108100
"2024","Hemel Hempstead","E14001278","Total","Age 0 - 4","Value",6730
"2024","Hemel Hempstead","E14001278","Total","Aged 5-9","Value",7212
"2024","Hemel Hempstead","E14001278","Total","Aged 10-14","Value",6964
"2024","Hemel Hempstead","E14001278","Total","Aged 15-19","Value",6099
"2024","Hemel Hempstead","E14001278","Total","Aged 20-24","Value",5086
"2024","Hemel Hempstead","E14001278","Total","Aged 25-29","Value",7064
"2024","Hemel Hempstead","E14001278","Total","Aged 30-34","Value",8514
"2024","Hemel Hempstead","E14001278","Total","Aged 35-39","Value",8916
"2024","Hemel Hempstead","E14001278","Total","Aged 40-44","Value",8060
"2024","Hemel Hempstead","E14001278","Total","Aged 45-49","Value",6936
"2024","Hemel Hempstead","E14001278","Total","Aged 50-54","Value",6670
"2024","Hemel Hempstead","E14001278","Total","Aged 55-59","Value",6691
"2024","Hemel Hempstead","E14001278","Total","Aged 60-64","Value",5985
"2024","Hemel Hempstead","E14001278","Total","Aged 65-69","Value",5035
"2024","Hemel Hempstead","E14001278","Total","Aged 70-74","Value",3978
"2024","Hemel Hempstead","E14001278","Total","Aged 75-79","Value",3559
"2024","Hemel Hempstead","E14001278","Total","Aged 80-84","Value",2284
"2024","Hemel Hempstead","E14001278","Total","Aged 85+","Value",2317
"2024","Hertford and Stortford","E14001283","Total","All Ages","Value",111685
"2024","Hertford and Stortford","E14001283","Total","Age 0 - 4","Value",6260
"2024","Hertford and Stortford","E14001283","Total","Aged 5-9","Value",6770
"2024","Hertford and Stortford","E14001283","Total","Aged 10-14","Value",7431
"2024","Hertford and Stortford","E14001283","Total","Aged 15-19","Value",6202
"2024","Hertford and Stortford","E14001283","Total","Aged 20-24","Value",4615
"2024","Hertford and Stortford","E14001283","Total","Aged 25-29","Value",6753
"2024","Hertford and Stortford","E14001283","Total","Aged 30-34","Value",8120
"2024","Hertford and Stortford","E14001283","Total","Aged 35-39","Value",8120
"2024","Hertford and Stortford","E14001283","Total","Aged 40-44","Value",7998
"2024","Hertford and Stortford","E14001283","Total","Aged 45-49","Value",7663
"2024","Hertford and Stortford","E14001283","Total","Aged 50-54","Value",7914
"2024","Hertford and Stortford","E14001283","Total","Aged 55-59","Value",7673
"2024","Hertford and Stortford","E14001283","Total","Aged 60-64","Value",6668
"2024","Hertford and Stortford","E14001283","Total","Aged 65-69","Value",5172
"2024","Hertford and Stortford","E14001283","Total","Aged 70-74","Value",4343
"2024","Hertford and Stortford","E14001283","Total","Aged 75-79","Value",4273
"2024","Hertford and Stortford","E14001283","Total","Aged 80-84","Value",2673
"2024","Hertford and Stortford","E14001283","Total","Aged 85+","Value",3037
"2024","Hertsmere","E14001284","Total","All Ages","Value",107865
"2024","Hertsmere","E14001284","Total","Age 0 - 4","Value",5771
"2024","Hertsmere","E14001284","Total","Aged 5-9","Value",6753
"2024","Hertsmere","E14001284","Total","Aged 10-14","Value",7106
"2024","Hertsmere","E14001284","Total","Aged 15-19","Value",6282
"2024","Hertsmere","E14001284","Total","Aged 20-24","Value",5183
"2024","Hertsmere","E14001284","Total","Aged 25-29","Value",6117
"2024","Hertsmere","E14001284","Total","Aged 30-34","Value",6271
"2024","Hertsmere","E14001284","Total","Aged 35-39","Value",7143
"2024","Hertsmere","E14001284","Total","Aged 40-44","Value",7845
"2024","Hertsmere","E14001284","Total","Aged 45-49","Value",7607
"2024","Hertsmere","E14001284","Total","Aged 50-54","Value",7170
"2024","Hertsmere","E14001284","Total","Aged 55-59","Value",7305
"2024","Hertsmere","E14001284","Total","Aged 60-64","Value",6546
"2024","Hertsmere","E14001284","Total","Aged 65-69","Value",5383
"2024","Hertsmere","E14001284","Total","Aged 70-74","Value",4498
"2024","Hertsmere","E14001284","Total","Aged 75-79","Value",4570
"2024","Hertsmere","E14001284","Total","Aged 80-84","Value",2975
"2024","Hertsmere","E14001284","Total","Aged 85+","Value",3340
"2024","Hitchin","E14001289","Total","All Ages","Value",105041
"2024","Hitchin","E14001289","Total","Age 0 - 4","Value",6175
"2024","Hitchin","E14001289","Total","Aged 5-9","Value",6765
"2024","Hitchin","E14001289","Total","Aged 10-14","Value",6887
"2024","Hitchin","E14001289","Total","Aged 15-19","Value",5888
"2024","Hitchin","E14001289","Total","Aged 20-24","Value",4130
"2024","Hitchin","E14001289","Total","Aged 25-29","Value",6024
"2024","Hitchin","E14001289","Total","Aged 30-34","Value",7417
"2024","Hitchin","E14001289","Total","Aged 35-39","Value",7702
"2024","Hitchin","E14001289","Total","Aged 40-44","Value",7826
"2024","Hitchin","E14001289","Total","Aged 45-49","Value",7196
"2024","Hitchin","E14001289","Total","Aged 50-54","Value",7183
"2024","Hitchin","E14001289","Total","Aged 55-59","Value",7053
"2024","Hitchin","E14001289","Total","Aged 60-64","Value",6218
"2024","Hitchin","E14001289","Total","Aged 65-69","Value",5018
"2024","Hitchin","E14001289","Total","Aged 70-74","Value",4213
"2024","Hitchin","E14001289","Total","Aged 75-79","Value",4055
"2024","Hitchin","E14001289","Total","Aged 80-84","Value",2526
"2024","Hitchin","E14001289","Total","Aged 85+","Value",2765
"2024","Huntingdon","E14001298","Total","All Ages","Value",114378
"2024","Huntingdon","E14001298","Total","Age 0 - 4","Value",5955
"2024","Huntingdon","E14001298","Total","Aged 5-9","Value",6582
"2024","Huntingdon","E14001298","Total","Aged 10-14","Value",6804
"2024","Huntingdon","E14001298","Total","Aged 15-19","Value",5912
"2024","Huntingdon","E14001298","Total","Aged 20-24","Value",4794
"2024","Huntingdon","E14001298","Total","Aged 25-29","Value",6705
"2024","Huntingdon","E14001298","Total","Aged 30-34","Value",7870
"2024","Huntingdon","E14001298","Total","Aged 35-39","Value",8411
"2024","Huntingdon","E14001298","Total","Aged 40-44","Value",7768
"2024","Huntingdon","E14001298","Total","Aged 45-49","Value",7031
"2024","Huntingdon","E14001298","Total","Aged 50-54","Value",7789
"2024","Huntingdon","E14001298","Total","Aged 55-59","Value",7761
"2024","Huntingdon","E14001298","Total","Aged 60-64","Value",7412
"2024","Huntingdon","E14001298","Total","Aged 65-69","Value",6338
"2024","Huntingdon","E14001298","Total","Aged 70-74","Value",5358
"2024","Huntingdon","E14001298","Total","Aged 75-79","Value",5339
"2024","Huntingdon","E14001298","Total","Aged 80-84","Value",3535
"2024","Huntingdon","E14001298","Total","Aged 85+","Value",3014
"2024","Ipswich","E14001302","Total","All Ages","Value",115126
"2024","Ipswich","E14001302","Total","Age 0 - 4","Value",6690
"2024","Ipswich","E14001302","Total","Aged 5-9","Value",7572
"2024","Ipswich","E14001302","Total","Aged 10-14","Value",7589
"2024","Ipswich","E14001302","Total","Aged 15-19","Value",7190
"2024","Ipswich","E14001302","Total","Aged 20-24","Value",5958
"2024","Ipswich","E14001302","Total","Aged 25-29","Value",7540
"2024","Ipswich","E14001302","Total","Aged 30-34","Value",8817
"2024","Ipswich","E14001302","Total","Aged 35-39","Value",8835
"2024","Ipswich","E14001302","Total","Aged 40-44","Value",8204
"2024","Ipswich","E14001302","Total","Aged 45-49","Value",7295
"2024","Ipswich","E14001302","Total","Aged 50-54","Value",7449
"2024","Ipswich","E14001302","Total","Aged 55-59","Value",6913
"2024","Ipswich","E14001302","Total","Aged 60-64","Value",6078
"2024","Ipswich","E14001302","Total","Aged 65-69","Value",5345
"2024","Ipswich","E14001302","Total","Aged 70-74","Value",4542
"2024","Ipswich","E14001302","Total","Aged 75-79","Value",3943
"2024","Ipswich","E14001302","Total","Aged 80-84","Value",2373
"2024","Ipswich","E14001302","Total","Aged 85+","Value",2793
"2024","Lowestoft","E14001344","Total","All Ages","Value",95463
"2024","Lowestoft","E14001344","Total","Age 0 - 4","Value",4000
"2024","Lowestoft","E14001344","Total","Aged 5-9","Value",4851
"2024","Lowestoft","E14001344","Total","Aged 10-14","Value",5533
"2024","Lowestoft","E14001344","Total","Aged 15-19","Value",5199
"2024","Lowestoft","E14001344","Total","Aged 20-24","Value",4159
"2024","Lowestoft","E14001344","Total","Aged 25-29","Value",4913
"2024","Lowestoft","E14001344","Total","Aged 30-34","Value",5386
"2024","Lowestoft","E14001344","Total","Aged 35-39","Value",5542
"2024","Lowestoft","E14001344","Total","Aged 40-44","Value",5255
"2024","Lowestoft","E14001344","Total","Aged 45-49","Value",4898
"2024","Lowestoft","E14001344","Total","Aged 50-54","Value",6136
"2024","Lowestoft","E14001344","Total","Aged 55-59","Value",7044
"2024","Lowestoft","E14001344","Total","Aged 60-64","Value",6744
"2024","Lowestoft","E14001344","Total","Aged 65-69","Value",6074
"2024","Lowestoft","E14001344","Total","Aged 70-74","Value",5827
"2024","Lowestoft","E14001344","Total","Aged 75-79","Value",6324
"2024","Lowestoft","E14001344","Total","Aged 80-84","Value",3849
"2024","Lowestoft","E14001344","Total","Aged 85+","Value",3729
"2024","Luton North","E14001345","Total","All Ages","Value",119593
"2024","Luton North","E14001345","Total","Age 0 - 4","Value",8296
"2024","Luton North","E14001345","Total","Aged 5-9","Value",8877
"2024","Luton North","E14001345","Total","Aged 10-14","Value",8901
"2024","Luton North","E14001345","Total","Aged 15-19","Value",8413
"2024","Luton North","E14001345","Total","Aged 20-24","Value",7406
"2024","Luton North","E14001345","Total","Aged 25-29","Value",8462
"2024","Luton North","E14001345","Total","Aged 30-34","Value",7943
"2024","Luton North","E14001345","Total","Aged 35-39","Value",8534
"2024","Luton North","E14001345","Total","Aged 40-44","Value",8576
"2024","Luton North","E14001345","Total","Aged 45-49","Value",7369
"2024","Luton North","E14001345","Total","Aged 50-54","Value",6944
"2024","Luton North","E14001345","Total","Aged 55-59","Value",6894
"2024","Luton North","E14001345","Total","Aged 60-64","Value",6034
"2024","Luton North","E14001345","Total","Aged 65-69","Value",4825
"2024","Luton North","E14001345","Total","Aged 70-74","Value",3693
"2024","Luton North","E14001345","Total","Aged 75-79","Value",3286
"2024","Luton North","E14001345","Total","Aged 80-84","Value",2405
"2024","Luton North","E14001345","Total","Aged 85+","Value",2735
"2024","Luton South and South Bedfordshire","E14001346","Total","All Ages","Value",134115
"2024","Luton South and South Bedfordshire","E14001346","Total","Age 0 - 4","Value",10173
"2024","Luton South and South Bedfordshire","E14001346","Total","Aged 5-9","Value",9125
"2024","Luton South and South Bedfordshire","E14001346","Total","Aged 10-14","Value",8853
"2024","Luton South and South Bedfordshire","E14001346","Total","Aged 15-19","Value",8511
"2024","Luton South and South Bedfordshire","E14001346","Total","Aged 20-24","Value",9883
"2024","Luton South and South Bedfordshire","E14001346","Total","Aged 25-29","Value",13531
"2024","Luton South and South Bedfordshire","E14001346","Total","Aged 30-34","Value",11422
"2024","Luton South and South Bedfordshire","E14001346","Total","Aged 35-39","Value",10914
"2024","Luton South and South Bedfordshire","E14001346","Total","Aged 40-44","Value",9600
"2024","Luton South and South Bedfordshire","E14001346","Total","Aged 45-49","Value",8158
"2024","Luton South and South Bedfordshire","E14001346","Total","Aged 50-54","Value",7308
"2024","Luton South and South Bedfordshire","E14001346","Total","Aged 55-59","Value",6565
"2024","Luton South and South Bedfordshire","E14001346","Total","Aged 60-64","Value",5904
"2024","Luton South and South Bedfordshire","E14001346","Total","Aged 65-69","Value",4286
"2024","Luton South and South Bedfordshire","E14001346","Total","Aged 70-74","Value",3623
"2024","Luton South and South Bedfordshire","E14001346","Total","Aged 75-79","Value",2899
"2024","Luton South and South Bedfordshire","E14001346","Total","Aged 80-84","Value",1673
"2024","Luton South and South Bedfordshire","E14001346","Total","Aged 85+","Value",1687
"2024","Maldon","E14001351","Total","All Ages","Value",103246
"2024","Maldon","E14001351","Total","Age 0 - 4","Value",4839
"2024","Maldon","E14001351","Total","Aged 5-9","Value",5557
"2024","Maldon","E14001351","Total","Aged 10-14","Value",5739
"2024","Maldon","E14001351","Total","Aged 15-19","Value",5186
"2024","Maldon","E14001351","Total","Aged 20-24","Value",4538
"2024","Maldon","E14001351","Total","Aged 25-29","Value",5417
"2024","Maldon","E14001351","Total","Aged 30-34","Value",5628
"2024","Maldon","E14001351","Total","Aged 35-39","Value",6063
"2024","Maldon","E14001351","Total","Aged 40-44","Value",5963
"2024","Maldon","E14001351","Total","Aged 45-49","Value",5741
"2024","Maldon","E14001351","Total","Aged 50-54","Value",7000
"2024","Maldon","E14001351","Total","Aged 55-59","Value",8109
"2024","Maldon","E14001351","Total","Aged 60-64","Value",7476
"2024","Maldon","E14001351","Total","Aged 65-69","Value",6624
"2024","Maldon","E14001351","Total","Aged 70-74","Value",5918
"2024","Maldon","E14001351","Total","Aged 75-79","Value",6227
"2024","Maldon","E14001351","Total","Aged 80-84","Value",3728
"2024","Maldon","E14001351","Total","Aged 85+","Value",3493
"2024","Mid Bedfordshire","E14001359","Total","All Ages","Value",107279
"2024","Mid Bedfordshire","E14001359","Total","Age 0 - 4","Value",6315
"2024","Mid Bedfordshire","E14001359","Total","Aged 5-9","Value",7061
"2024","Mid Bedfordshire","E14001359","Total","Aged 10-14","Value",6943
"2024","Mid Bedfordshire","E14001359","Total","Aged 15-19","Value",5999
"2024","Mid Bedfordshire","E14001359","Total","Aged 20-24","Value",4806
"2024","Mid Bedfordshire","E14001359","Total","Aged 25-29","Value",6163
"2024","Mid Bedfordshire","E14001359","Total","Aged 30-34","Value",7418
"2024","Mid Bedfordshire","E14001359","Total","Aged 35-39","Value",7899
"2024","Mid Bedfordshire","E14001359","Total","Aged 40-44","Value",7421
"2024","Mid Bedfordshire","E14001359","Total","Aged 45-49","Value",6596
"2024","Mid Bedfordshire","E14001359","Total","Aged 50-54","Value",7117
"2024","Mid Bedfordshire","E14001359","Total","Aged 55-59","Value",7267
"2024","Mid Bedfordshire","E14001359","Total","Aged 60-64","Value",6702
"2024","Mid Bedfordshire","E14001359","Total","Aged 65-69","Value",5388
"2024","Mid Bedfordshire","E14001359","Total","Aged 70-74","Value",4447
"2024","Mid Bedfordshire","E14001359","Total","Aged 75-79","Value",4396
"2024","Mid Bedfordshire","E14001359","Total","Aged 80-84","Value",2830
"2024","Mid Bedfordshire","E14001359","Total","Aged 85+","Value",2511
"2024","Mid Norfolk","E14001365","Total","All Ages","Value",99573
"2024","Mid Norfolk","E14001365","Total","Age 0 - 4","Value",4306
"2024","Mid Norfolk","E14001365","Total","Aged 5-9","Value",4996
"2024","Mid Norfolk","E14001365","Total","Aged 10-14","Value",5496
"2024","Mid Norfolk","E14001365","Total","Aged 15-19","Value",5210
"2024","Mid Norfolk","E14001365","Total","Aged 20-24","Value",4007
"2024","Mid Norfolk","E14001365","Total","Aged 25-29","Value",5242
"2024","Mid Norfolk","E14001365","Total","Aged 30-34","Value",5712
"2024","Mid Norfolk","E14001365","Total","Aged 35-39","Value",5598
"2024","Mid Norfolk","E14001365","Total","Aged 40-44","Value",5356
"2024","Mid Norfolk","E14001365","Total","Aged 45-49","Value",5295
"2024","Mid Norfolk","E14001365","Total","Aged 50-54","Value",6680
"2024","Mid Norfolk","E14001365","Total","Aged 55-59","Value",7647
"2024","Mid Norfolk","E14001365","Total","Aged 60-64","Value",7421
"2024","Mid Norfolk","E14001365","Total","Aged 65-69","Value",6529
"2024","Mid Norfolk","E14001365","Total","Aged 70-74","Value",6099
"2024","Mid Norfolk","E14001365","Total","Aged 75-79","Value",6417
"2024","Mid Norfolk","E14001365","Total","Aged 80-84","Value",3985
"2024","Mid Norfolk","E14001365","Total","Aged 85+","Value",3577
"2024","North Bedfordshire","E14001384","Total","All Ages","Value",108198
"2024","North Bedfordshire","E14001384","Total","Age 0 - 4","Value",6213
"2024","North Bedfordshire","E14001384","Total","Aged 5-9","Value",6517
"2024","North Bedfordshire","E14001384","Total","Aged 10-14","Value",6768
"2024","North Bedfordshire","E14001384","Total","Aged 15-19","Value",5932
"2024","North Bedfordshire","E14001384","Total","Aged 20-24","Value",4555
"2024","North Bedfordshire","E14001384","Total","Aged 25-29","Value",5955
"2024","North Bedfordshire","E14001384","Total","Aged 30-34","Value",7296
"2024","North Bedfordshire","E14001384","Total","Aged 35-39","Value",7638
"2024","North Bedfordshire","E14001384","Total","Aged 40-44","Value",7273
"2024","North Bedfordshire","E14001384","Total","Aged 45-49","Value",6544
"2024","North Bedfordshire","E14001384","Total","Aged 50-54","Value",7507
"2024","North Bedfordshire","E14001384","Total","Aged 55-59","Value",7675
"2024","North Bedfordshire","E14001384","Total","Aged 60-64","Value",7016
"2024","North Bedfordshire","E14001384","Total","Aged 65-69","Value",5650
"2024","North Bedfordshire","E14001384","Total","Aged 70-74","Value",5027
"2024","North Bedfordshire","E14001384","Total","Aged 75-79","Value",4827
"2024","North Bedfordshire","E14001384","Total","Aged 80-84","Value",3067
"2024","North Bedfordshire","E14001384","Total","Aged 85+","Value",2738
"2024","North East Cambridgeshire","E14001390","Total","All Ages","Value",104896
"2024","North East Cambridgeshire","E14001390","Total","Age 0 - 4","Value",5384
"2024","North East Cambridgeshire","E14001390","Total","Aged 5-9","Value",5806
"2024","North East Cambridgeshire","E14001390","Total","Aged 10-14","Value",6028
"2024","North East Cambridgeshire","E14001390","Total","Aged 15-19","Value",5343
"2024","North East Cambridgeshire","E14001390","Total","Aged 20-24","Value",4552
"2024","North East Cambridgeshire","E14001390","Total","Aged 25-29","Value",5923
"2024","North East Cambridgeshire","E14001390","Total","Aged 30-34","Value",6739
"2024","North East Cambridgeshire","E14001390","Total","Aged 35-39","Value",6741
"2024","North East Cambridgeshire","E14001390","Total","Aged 40-44","Value",6192
"2024","North East Cambridgeshire","E14001390","Total","Aged 45-49","Value",5780
"2024","North East Cambridgeshire","E14001390","Total","Aged 50-54","Value",6827
"2024","North East Cambridgeshire","E14001390","Total","Aged 55-59","Value",7659
"2024","North East Cambridgeshire","E14001390","Total","Aged 60-64","Value",7414
"2024","North East Cambridgeshire","E14001390","Total","Aged 65-69","Value",6236
"2024","North East Cambridgeshire","E14001390","Total","Aged 70-74","Value",5903
"2024","North East Cambridgeshire","E14001390","Total","Aged 75-79","Value",5580
"2024","North East Cambridgeshire","E14001390","Total","Aged 80-84","Value",3458
"2024","North East Cambridgeshire","E14001390","Total","Aged 85+","Value",3331
"2024","North East Hertfordshire","E14001393","Total","All Ages","Value",105503
"2024","North East Hertfordshire","E14001393","Total","Age 0 - 4","Value",5532
"2024","North East Hertfordshire","E14001393","Total","Aged 5-9","Value",6177
"2024","North East Hertfordshire","E14001393","Total","Aged 10-14","Value",6613
"2024","North East Hertfordshire","E14001393","Total","Aged 15-19","Value",5690
"2024","North East Hertfordshire","E14001393","Total","Aged 20-24","Value",4399
"2024","North East Hertfordshire","E14001393","Total","Aged 25-29","Value",5562
"2024","North East Hertfordshire","E14001393","Total","Aged 30-34","Value",6702
"2024","North East Hertfordshire","E14001393","Total","Aged 35-39","Value",7055
"2024","North East Hertfordshire","E14001393","Total","Aged 40-44","Value",6844
"2024","North East Hertfordshire","E14001393","Total","Aged 45-49","Value",6682
"2024","North East Hertfordshire","E14001393","Total","Aged 50-54","Value",7195
"2024","North East Hertfordshire","E14001393","Total","Aged 55-59","Value",7599
"2024","North East Hertfordshire","E14001393","Total","Aged 60-64","Value",6960
"2024","North East Hertfordshire","E14001393","Total","Aged 65-69","Value",5757
"2024","North East Hertfordshire","E14001393","Total","Aged 70-74","Value",5073
"2024","North East Hertfordshire","E14001393","Total","Aged 75-79","Value",5089
"2024","North East Hertfordshire","E14001393","Total","Aged 80-84","Value",3294
"2024","North East Hertfordshire","E14001393","Total","Aged 85+","Value",3280
"2024","North Norfolk","E14001396","Total","All Ages","Value",86929
"2024","North Norfolk","E14001396","Total","Age 0 - 4","Value",2593
"2024","North Norfolk","E14001396","Total","Aged 5-9","Value",3414
"2024","North Norfolk","E14001396","Total","Aged 10-14","Value",4094
"2024","North Norfolk","E14001396","Total","Aged 15-19","Value",4055
"2024","North Norfolk","E14001396","Total","Aged 20-24","Value",2876
"2024","North Norfolk","E14001396","Total","Aged 25-29","Value",3441
"2024","North Norfolk","E14001396","Total","Aged 30-34","Value",3526
"2024","North Norfolk","E14001396","Total","Aged 35-39","Value",4026
"2024","North Norfolk","E14001396","Total","Aged 40-44","Value",3917
"2024","North Norfolk","E14001396","Total","Aged 45-49","Value",4066
"2024","North Norfolk","E14001396","Total","Aged 50-54","Value",5394
"2024","North Norfolk","E14001396","Total","Aged 55-59","Value",6712
"2024","North Norfolk","E14001396","Total","Aged 60-64","Value",7615
"2024","North Norfolk","E14001396","Total","Aged 65-69","Value",7675
"2024","North Norfolk","E14001396","Total","Aged 70-74","Value",7245
"2024","North Norfolk","E14001396","Total","Aged 75-79","Value",7365
"2024","North Norfolk","E14001396","Total","Aged 80-84","Value",4521
"2024","North Norfolk","E14001396","Total","Aged 85+","Value",4394
"2024","North West Cambridgeshire","E14001401","Total","All Ages","Value",120838
"2024","North West Cambridgeshire","E14001401","Total","Age 0 - 4","Value",7332
"2024","North West Cambridgeshire","E14001401","Total","Aged 5-9","Value",8662
"2024","North West Cambridgeshire","E14001401","Total","Aged 10-14","Value",8816
"2024","North West Cambridgeshire","E14001401","Total","Aged 15-19","Value",7135
"2024","North West Cambridgeshire","E14001401","Total","Aged 20-24","Value",5451
"2024","North West Cambridgeshire","E14001401","Total","Aged 25-29","Value",7170
"2024","North West Cambridgeshire","E14001401","Total","Aged 30-34","Value",8847
"2024","North West Cambridgeshire","E14001401","Total","Aged 35-39","Value",9478
"2024","North West Cambridgeshire","E14001401","Total","Aged 40-44","Value",9178
"2024","North West Cambridgeshire","E14001401","Total","Aged 45-49","Value",7839
"2024","North West Cambridgeshire","E14001401","Total","Aged 50-54","Value",7716
"2024","North West Cambridgeshire","E14001401","Total","Aged 55-59","Value",7643
"2024","North West Cambridgeshire","E14001401","Total","Aged 60-64","Value",6589
"2024","North West Cambridgeshire","E14001401","Total","Aged 65-69","Value",5190
"2024","North West Cambridgeshire","E14001401","Total","Aged 70-74","Value",4608
"2024","North West Cambridgeshire","E14001401","Total","Aged 75-79","Value",4242
"2024","North West Cambridgeshire","E14001401","Total","Aged 80-84","Value",2505
"2024","North West Cambridgeshire","E14001401","Total","Aged 85+","Value",2437
"2024","North West Essex","E14001402","Total","All Ages","Value",110257
"2024","North West Essex","E14001402","Total","Age 0 - 4","Value",6129
"2024","North West Essex","E14001402","Total","Aged 5-9","Value",7053
"2024","North West Essex","E14001402","Total","Aged 10-14","Value",7298
"2024","North West Essex","E14001402","Total","Aged 15-19","Value",6183
"2024","North West Essex","E14001402","Total","Aged 20-24","Value",4695
"2024","North West Essex","E14001402","Total","Aged 25-29","Value",5357
"2024","North West Essex","E14001402","Total","Aged 30-34","Value",6481
"2024","North West Essex","E14001402","Total","Aged 35-39","Value",7522
"2024","North West Essex","E14001402","Total","Aged 40-44","Value",7337
"2024","North West Essex","E14001402","Total","Aged 45-49","Value",7096
"2024","North West Essex","E14001402","Total","Aged 50-54","Value",7788
"2024","North West Essex","E14001402","Total","Aged 55-59","Value",7700
"2024","North West Essex","E14001402","Total","Aged 60-64","Value",7141
"2024","North West Essex","E14001402","Total","Aged 65-69","Value",5767
"2024","North West Essex","E14001402","Total","Aged 70-74","Value",5076
"2024","North West Essex","E14001402","Total","Aged 75-79","Value",5132
"2024","North West Essex","E14001402","Total","Aged 80-84","Value",3297
"2024","North West Essex","E14001402","Total","Aged 85+","Value",3205
"2024","North West Norfolk","E14001405","Total","All Ages","Value",103364
"2024","North West Norfolk","E14001405","Total","Age 0 - 4","Value",4439
"2024","North West Norfolk","E14001405","Total","Aged 5-9","Value",5390
"2024","North West Norfolk","E14001405","Total","Aged 10-14","Value",5681
"2024","North West Norfolk","E14001405","Total","Aged 15-19","Value",5240
"2024","North West Norfolk","E14001405","Total","Aged 20-24","Value",4130
"2024","North West Norfolk","E14001405","Total","Aged 25-29","Value",5038
"2024","North West Norfolk","E14001405","Total","Aged 30-34","Value",5970
"2024","North West Norfolk","E14001405","Total","Aged 35-39","Value",6155
"2024","North West Norfolk","E14001405","Total","Aged 40-44","Value",5796
"2024","North West Norfolk","E14001405","Total","Aged 45-49","Value",5458
"2024","North West Norfolk","E14001405","Total","Aged 50-54","Value",6763
"2024","North West Norfolk","E14001405","Total","Aged 55-59","Value",7509
"2024","North West Norfolk","E14001405","Total","Aged 60-64","Value",7716
"2024","North West Norfolk","E14001405","Total","Aged 65-69","Value",6905
"2024","North West Norfolk","E14001405","Total","Aged 70-74","Value",6364
"2024","North West Norfolk","E14001405","Total","Aged 75-79","Value",6590
"2024","North West Norfolk","E14001405","Total","Aged 80-84","Value",4213
"2024","North West Norfolk","E14001405","Total","Aged 85+","Value",4007
"2024","Norwich North","E14001408","Total","All Ages","Value",101920
"2024","Norwich North","E14001408","Total","Age 0 - 4","Value",4879
"2024","Norwich North","E14001408","Total","Aged 5-9","Value",5426
"2024","Norwich North","E14001408","Total","Aged 10-14","Value",5842
"2024","Norwich North","E14001408","Total","Aged 15-19","Value",5416
"2024","Norwich North","E14001408","Total","Aged 20-24","Value",5259
"2024","Norwich North","E14001408","Total","Aged 25-29","Value",6503
"2024","Norwich North","E14001408","Total","Aged 30-34","Value",7785
"2024","Norwich North","E14001408","Total","Aged 35-39","Value",7577
"2024","Norwich North","E14001408","Total","Aged 40-44","Value",7036
"2024","Norwich North","E14001408","Total","Aged 45-49","Value",6205
"2024","Norwich North","E14001408","Total","Aged 50-54","Value",6550
"2024","Norwich North","E14001408","Total","Aged 55-59","Value",6779
"2024","Norwich North","E14001408","Total","Aged 60-64","Value",6116
"2024","Norwich North","E14001408","Total","Aged 65-69","Value",5163
"2024","Norwich North","E14001408","Total","Aged 70-74","Value",4511
"2024","Norwich North","E14001408","Total","Aged 75-79","Value",4658
"2024","Norwich North","E14001408","Total","Aged 80-84","Value",2927
"2024","Norwich North","E14001408","Total","Aged 85+","Value",3288
"2024","Norwich South","E14001409","Total","All Ages","Value",108798
"2024","Norwich South","E14001409","Total","Age 0 - 4","Value",4592
"2024","Norwich South","E14001409","Total","Aged 5-9","Value",5026
"2024","Norwich South","E14001409","Total","Aged 10-14","Value",5243
"2024","Norwich South","E14001409","Total","Aged 15-19","Value",7661
"2024","Norwich South","E14001409","Total","Aged 20-24","Value",14577
"2024","Norwich South","E14001409","Total","Aged 25-29","Value",9086
"2024","Norwich South","E14001409","Total","Aged 30-34","Value",8640
"2024","Norwich South","E14001409","Total","Aged 35-39","Value",7421
"2024","Norwich South","E14001409","Total","Aged 40-44","Value",6710
"2024","Norwich South","E14001409","Total","Aged 45-49","Value",5654
"2024","Norwich South","E14001409","Total","Aged 50-54","Value",5771
"2024","Norwich South","E14001409","Total","Aged 55-59","Value",5632
"2024","Norwich South","E14001409","Total","Aged 60-64","Value",5194
"2024","Norwich South","E14001409","Total","Aged 65-69","Value",4433
"2024","Norwich South","E14001409","Total","Aged 70-74","Value",4151
"2024","Norwich South","E14001409","Total","Aged 75-79","Value",3929
"2024","Norwich South","E14001409","Total","Aged 80-84","Value",2511
"2024","Norwich South","E14001409","Total","Aged 85+","Value",2567
"2024","Peterborough","E14001425","Total","All Ages","Value",132644
"2024","Peterborough","E14001425","Total","Age 0 - 4","Value",8663
"2024","Peterborough","E14001425","Total","Aged 5-9","Value",9579
"2024","Peterborough","E14001425","Total","Aged 10-14","Value",10071
"2024","Peterborough","E14001425","Total","Aged 15-19","Value",9145
"2024","Peterborough","E14001425","Total","Aged 20-24","Value",7048
"2024","Peterborough","E14001425","Total","Aged 25-29","Value",8754
"2024","Peterborough","E14001425","Total","Aged 30-34","Value",10015
"2024","Peterborough","E14001425","Total","Aged 35-39","Value",10383
"2024","Peterborough","E14001425","Total","Aged 40-44","Value",9678
"2024","Peterborough","E14001425","Total","Aged 45-49","Value",8066
"2024","Peterborough","E14001425","Total","Aged 50-54","Value",7741
"2024","Peterborough","E14001425","Total","Aged 55-59","Value",7380
"2024","Peterborough","E14001425","Total","Aged 60-64","Value",6606
"2024","Peterborough","E14001425","Total","Aged 65-69","Value",5506
"2024","Peterborough","E14001425","Total","Aged 70-74","Value",4636
"2024","Peterborough","E14001425","Total","Aged 75-79","Value",4092
"2024","Peterborough","E14001425","Total","Aged 80-84","Value",2660
"2024","Peterborough","E14001425","Total","Aged 85+","Value",2621
"2024","Rayleigh and Wickford","E14001437","Total","All Ages","Value",99804
"2024","Rayleigh and Wickford","E14001437","Total","Age 0 - 4","Value",5064
"2024","Rayleigh and Wickford","E14001437","Total","Aged 5-9","Value",5396
"2024","Rayleigh and Wickford","E14001437","Total","Aged 10-14","Value",5948
"2024","Rayleigh and Wickford","E14001437","Total","Aged 15-19","Value",5507
"2024","Rayleigh and Wickford","E14001437","Total","Aged 20-24","Value",4596
"2024","Rayleigh and Wickford","E14001437","Total","Aged 25-29","Value",5491
"2024","Rayleigh and Wickford","E14001437","Total","Aged 30-34","Value",6019
"2024","Rayleigh and Wickford","E14001437","Total","Aged 35-39","Value",6267
"2024","Rayleigh and Wickford","E14001437","Total","Aged 40-44","Value",6108
"2024","Rayleigh and Wickford","E14001437","Total","Aged 45-49","Value",5882
"2024","Rayleigh and Wickford","E14001437","Total","Aged 50-54","Value",6862
"2024","Rayleigh and Wickford","E14001437","Total","Aged 55-59","Value",7302
"2024","Rayleigh and Wickford","E14001437","Total","Aged 60-64","Value",6611
"2024","Rayleigh and Wickford","E14001437","Total","Aged 65-69","Value",5465
"2024","Rayleigh and Wickford","E14001437","Total","Aged 70-74","Value",5018
"2024","Rayleigh and Wickford","E14001437","Total","Aged 75-79","Value",5552
"2024","Rayleigh and Wickford","E14001437","Total","Aged 80-84","Value",3485
"2024","Rayleigh and Wickford","E14001437","Total","Aged 85+","Value",3231
"2024","South Basildon and East Thurrock","E14001480","Total","All Ages","Value",104512
"2024","South Basildon and East Thurrock","E14001480","Total","Age 0 - 4","Value",6536
"2024","South Basildon and East Thurrock","E14001480","Total","Aged 5-9","Value",7172
"2024","South Basildon and East Thurrock","E14001480","Total","Aged 10-14","Value",6637
"2024","South Basildon and East Thurrock","E14001480","Total","Aged 15-19","Value",6339
"2024","South Basildon and East Thurrock","E14001480","Total","Aged 20-24","Value",5312
"2024","South Basildon and East Thurrock","E14001480","Total","Aged 25-29","Value",6146
"2024","South Basildon and East Thurrock","E14001480","Total","Aged 30-34","Value",7744
"2024","South Basildon and East Thurrock","E14001480","Total","Aged 35-39","Value",8122
"2024","South Basildon and East Thurrock","E14001480","Total","Aged 40-44","Value",6939
"2024","South Basildon and East Thurrock","E14001480","Total","Aged 45-49","Value",6168
"2024","South Basildon and East Thurrock","E14001480","Total","Aged 50-54","Value",6161
"2024","South Basildon and East Thurrock","E14001480","Total","Aged 55-59","Value",6679
"2024","South Basildon and East Thurrock","E14001480","Total","Aged 60-64","Value",6074
"2024","South Basildon and East Thurrock","E14001480","Total","Aged 65-69","Value",4822
"2024","South Basildon and East Thurrock","E14001480","Total","Aged 70-74","Value",4467
"2024","South Basildon and East Thurrock","E14001480","Total","Aged 75-79","Value",4341
"2024","South Basildon and East Thurrock","E14001480","Total","Aged 80-84","Value",2494
"2024","South Basildon and East Thurrock","E14001480","Total","Aged 85+","Value",2359
"2024","South Cambridgeshire","E14001481","Total","All Ages","Value",109509
"2024","South Cambridgeshire","E14001481","Total","Age 0 - 4","Value",5371
"2024","South Cambridgeshire","E14001481","Total","Aged 5-9","Value",6367
"2024","South Cambridgeshire","E14001481","Total","Aged 10-14","Value",6949
"2024","South Cambridgeshire","E14001481","Total","Aged 15-19","Value",6298
"2024","South Cambridgeshire","E14001481","Total","Aged 20-24","Value",5767
"2024","South Cambridgeshire","E14001481","Total","Aged 25-29","Value",5647
"2024","South Cambridgeshire","E14001481","Total","Aged 30-34","Value",6486
"2024","South Cambridgeshire","E14001481","Total","Aged 35-39","Value",6968
"2024","South Cambridgeshire","E14001481","Total","Aged 40-44","Value",7381
"2024","South Cambridgeshire","E14001481","Total","Aged 45-49","Value",7153
"2024","South Cambridgeshire","E14001481","Total","Aged 50-54","Value",7674
"2024","South Cambridgeshire","E14001481","Total","Aged 55-59","Value",7334
"2024","South Cambridgeshire","E14001481","Total","Aged 60-64","Value",6672
"2024","South Cambridgeshire","E14001481","Total","Aged 65-69","Value",5872
"2024","South Cambridgeshire","E14001481","Total","Aged 70-74","Value",5248
"2024","South Cambridgeshire","E14001481","Total","Aged 75-79","Value",5326
"2024","South Cambridgeshire","E14001481","Total","Aged 80-84","Value",3488
"2024","South Cambridgeshire","E14001481","Total","Aged 85+","Value",3508
"2024","South Norfolk","E14001489","Total","All Ages","Value",98383
"2024","South Norfolk","E14001489","Total","Age 0 - 4","Value",4949
"2024","South Norfolk","E14001489","Total","Aged 5-9","Value",6096
"2024","South Norfolk","E14001489","Total","Aged 10-14","Value",6378
"2024","South Norfolk","E14001489","Total","Aged 15-19","Value",5157
"2024","South Norfolk","E14001489","Total","Aged 20-24","Value",3682
"2024","South Norfolk","E14001489","Total","Aged 25-29","Value",4923
"2024","South Norfolk","E14001489","Total","Aged 30-34","Value",6100
"2024","South Norfolk","E14001489","Total","Aged 35-39","Value",6696
"2024","South Norfolk","E14001489","Total","Aged 40-44","Value",6722
"2024","South Norfolk","E14001489","Total","Aged 45-49","Value",6023
"2024","South Norfolk","E14001489","Total","Aged 50-54","Value",6625
"2024","South Norfolk","E14001489","Total","Aged 55-59","Value",6710
"2024","South Norfolk","E14001489","Total","Aged 60-64","Value",6286
"2024","South Norfolk","E14001489","Total","Aged 65-69","Value",5493
"2024","South Norfolk","E14001489","Total","Aged 70-74","Value",5111
"2024","South Norfolk","E14001489","Total","Aged 75-79","Value",5092
"2024","South Norfolk","E14001489","Total","Aged 80-84","Value",3341
"2024","South Norfolk","E14001489","Total","Aged 85+","Value",2999
"2024","South Suffolk","E14001494","Total","All Ages","Value",97033
"2024","South Suffolk","E14001494","Total","Age 0 - 4","Value",4197
"2024","South Suffolk","E14001494","Total","Aged 5-9","Value",4785
"2024","South Suffolk","E14001494","Total","Aged 10-14","Value",5354
"2024","South Suffolk","E14001494","Total","Aged 15-19","Value",5186
"2024","South Suffolk","E14001494","Total","Aged 20-24","Value",3859
"2024","South Suffolk","E14001494","Total","Aged 25-29","Value",4708
"2024","South Suffolk","E14001494","Total","Aged 30-34","Value",5210
"2024","South Suffolk","E14001494","Total","Aged 35-39","Value",5393
"2024","South Suffolk","E14001494","Total","Aged 40-44","Value",5404
"2024","South Suffolk","E14001494","Total","Aged 45-49","Value",5376
"2024","South Suffolk","E14001494","Total","Aged 50-54","Value",6593
"2024","South Suffolk","E14001494","Total","Aged 55-59","Value",7484
"2024","South Suffolk","E14001494","Total","Aged 60-64","Value",7161
"2024","South Suffolk","E14001494","Total","Aged 65-69","Value",6318
"2024","South Suffolk","E14001494","Total","Aged 70-74","Value",5992
"2024","South Suffolk","E14001494","Total","Aged 75-79","Value",6306
"2024","South Suffolk","E14001494","Total","Aged 80-84","Value",4023
"2024","South Suffolk","E14001494","Total","Aged 85+","Value",3684
"2024","South West Hertfordshire","E14001496","Total","All Ages","Value",101223
"2024","South West Hertfordshire","E14001496","Total","Age 0 - 4","Value",5023
"2024","South West Hertfordshire","E14001496","Total","Aged 5-9","Value",6119
"2024","South West Hertfordshire","E14001496","Total","Aged 10-14","Value",7112
"2024","South West Hertfordshire","E14001496","Total","Aged 15-19","Value",6210
"2024","South West Hertfordshire","E14001496","Total","Aged 20-24","Value",4677
"2024","South West Hertfordshire","E14001496","Total","Aged 25-29","Value",5311
"2024","South West Hertfordshire","E14001496","Total","Aged 30-34","Value",5724
"2024","South West Hertfordshire","E14001496","Total","Aged 35-39","Value",6628
"2024","South West Hertfordshire","E14001496","Total","Aged 40-44","Value",7524
"2024","South West Hertfordshire","E14001496","Total","Aged 45-49","Value",7445
"2024","South West Hertfordshire","E14001496","Total","Aged 50-54","Value",7212
"2024","South West Hertfordshire","E14001496","Total","Aged 55-59","Value",7037
"2024","South West Hertfordshire","E14001496","Total","Aged 60-64","Value",6262
"2024","South West Hertfordshire","E14001496","Total","Aged 65-69","Value",5067
"2024","South West Hertfordshire","E14001496","Total","Aged 70-74","Value",4190
"2024","South West Hertfordshire","E14001496","Total","Aged 75-79","Value",4097
"2024","South West Hertfordshire","E14001496","Total","Aged 80-84","Value",2671
"2024","South West Hertfordshire","E14001496","Total","Aged 85+","Value",2914
"2024","South West Norfolk","E14001497","Total","All Ages","Value",106800
"2024","South West Norfolk","E14001497","Total","Age 0 - 4","Value",5136
"2024","South West Norfolk","E14001497","Total","Aged 5-9","Value",5853
"2024","South West Norfolk","E14001497","Total","Aged 10-14","Value",6092
"2024","South West Norfolk","E14001497","Total","Aged 15-19","Value",5359
"2024","South West Norfolk","E14001497","Total","Aged 20-24","Value",4641
"2024","South West Norfolk","E14001497","Total","Aged 25-29","Value",5971
"2024","South West Norfolk","E14001497","Total","Aged 30-34","Value",6462
"2024","South West Norfolk","E14001497","Total","Aged 35-39","Value",6805
"2024","South West Norfolk","E14001497","Total","Aged 40-44","Value",6038
"2024","South West Norfolk","E14001497","Total","Aged 45-49","Value",5525
"2024","South West Norfolk","E14001497","Total","Aged 50-54","Value",6984
"2024","South West Norfolk","E14001497","Total","Aged 55-59","Value",7868
"2024","South West Norfolk","E14001497","Total","Aged 60-64","Value",7796
"2024","South West Norfolk","E14001497","Total","Aged 65-69","Value",6678
"2024","South West Norfolk","E14001497","Total","Aged 70-74","Value",6138
"2024","South West Norfolk","E14001497","Total","Aged 75-79","Value",6071
"2024","South West Norfolk","E14001497","Total","Aged 80-84","Value",3749
"2024","South West Norfolk","E14001497","Total","Aged 85+","Value",3634
"2024","Southend East and Rochford","E14001501","Total","All Ages","Value",102160
"2024","Southend East and Rochford","E14001501","Total","Age 0 - 4","Value",5610
"2024","Southend East and Rochford","E14001501","Total","Aged 5-9","Value",6151
"2024","Southend East and Rochford","E14001501","Total","Aged 10-14","Value",6475
"2024","Southend East and Rochford","E14001501","Total","Aged 15-19","Value",5633
"2024","Southend East and Rochford","E14001501","Total","Aged 20-24","Value",5335
"2024","Southend East and Rochford","E14001501","Total","Aged 25-29","Value",6647
"2024","Southend East and Rochford","E14001501","Total","Aged 30-34","Value",7469
"2024","Southend East and Rochford","E14001501","Total","Aged 35-39","Value",7091
"2024","Southend East and Rochford","E14001501","Total","Aged 40-44","Value",6930
"2024","Southend East and Rochford","E14001501","Total","Aged 45-49","Value",6351
"2024","Southend East and Rochford","E14001501","Total","Aged 50-54","Value",6565
"2024","Southend East and Rochford","E14001501","Total","Aged 55-59","Value",6797
"2024","Southend East and Rochford","E14001501","Total","Aged 60-64","Value",6224
"2024","Southend East and Rochford","E14001501","Total","Aged 65-69","Value",4981
"2024","Southend East and Rochford","E14001501","Total","Aged 70-74","Value",4176
"2024","Southend East and Rochford","E14001501","Total","Aged 75-79","Value",4468
"2024","Southend East and Rochford","E14001501","Total","Aged 80-84","Value",2662
"2024","Southend East and Rochford","E14001501","Total","Aged 85+","Value",2595
"2024","Southend West and Leigh","E14001502","Total","All Ages","Value",105018
"2024","Southend West and Leigh","E14001502","Total","Age 0 - 4","Value",5447
"2024","Southend West and Leigh","E14001502","Total","Aged 5-9","Value",6504
"2024","Southend West and Leigh","E14001502","Total","Aged 10-14","Value",6674
"2024","Southend West and Leigh","E14001502","Total","Aged 15-19","Value",5786
"2024","Southend West and Leigh","E14001502","Total","Aged 20-24","Value",4391
"2024","Southend West and Leigh","E14001502","Total","Aged 25-29","Value",5927
"2024","Southend West and Leigh","E14001502","Total","Aged 30-34","Value",6642
"2024","Southend West and Leigh","E14001502","Total","Aged 35-39","Value",7219
"2024","Southend West and Leigh","E14001502","Total","Aged 40-44","Value",7522
"2024","Southend West and Leigh","E14001502","Total","Aged 45-49","Value",6850
"2024","Southend West and Leigh","E14001502","Total","Aged 50-54","Value",7306
"2024","Southend West and Leigh","E14001502","Total","Aged 55-59","Value",6997
"2024","Southend West and Leigh","E14001502","Total","Aged 60-64","Value",6525
"2024","Southend West and Leigh","E14001502","Total","Aged 65-69","Value",5362
"2024","Southend West and Leigh","E14001502","Total","Aged 70-74","Value",4880
"2024","Southend West and Leigh","E14001502","Total","Aged 75-79","Value",4728
"2024","Southend West and Leigh","E14001502","Total","Aged 80-84","Value",3020
"2024","Southend West and Leigh","E14001502","Total","Aged 85+","Value",3238
"2024","St Albans","E14001507","Total","All Ages","Value",102137
"2024","St Albans","E14001507","Total","Age 0 - 4","Value",5482
"2024","St Albans","E14001507","Total","Aged 5-9","Value",6685
"2024","St Albans","E14001507","Total","Aged 10-14","Value",7295
"2024","St Albans","E14001507","Total","Aged 15-19","Value",6255
"2024","St Albans","E14001507","Total","Aged 20-24","Value",4171
"2024","St Albans","E14001507","Total","Aged 25-29","Value",5980
"2024","St Albans","E14001507","Total","Aged 30-34","Value",6677
"2024","St Albans","E14001507","Total","Aged 35-39","Value",7040
"2024","St Albans","E14001507","Total","Aged 40-44","Value",7672
"2024","St Albans","E14001507","Total","Aged 45-49","Value",7963
"2024","St Albans","E14001507","Total","Aged 50-54","Value",7546
"2024","St Albans","E14001507","Total","Aged 55-59","Value",6919
"2024","St Albans","E14001507","Total","Aged 60-64","Value",5631
"2024","St Albans","E14001507","Total","Aged 65-69","Value",4353
"2024","St Albans","E14001507","Total","Aged 70-74","Value",3959
"2024","St Albans","E14001507","Total","Aged 75-79","Value",3558
"2024","St Albans","E14001507","Total","Aged 80-84","Value",2387
"2024","St Albans","E14001507","Total","Aged 85+","Value",2564
"2024","St Neots and Mid Cambridgeshire","E14001512","Total","All Ages","Value",112677
"2024","St Neots and Mid Cambridgeshire","E14001512","Total","Age 0 - 4","Value",6052
"2024","St Neots and Mid Cambridgeshire","E14001512","Total","Aged 5-9","Value",7344
"2024","St Neots and Mid Cambridgeshire","E14001512","Total","Aged 10-14","Value",8031
"2024","St Neots and Mid Cambridgeshire","E14001512","Total","Aged 15-19","Value",6722
"2024","St Neots and Mid Cambridgeshire","E14001512","Total","Aged 20-24","Value",4659
"2024","St Neots and Mid Cambridgeshire","E14001512","Total","Aged 25-29","Value",6242
"2024","St Neots and Mid Cambridgeshire","E14001512","Total","Aged 30-34","Value",7332
"2024","St Neots and Mid Cambridgeshire","E14001512","Total","Aged 35-39","Value",8712
"2024","St Neots and Mid Cambridgeshire","E14001512","Total","Aged 40-44","Value",8493
"2024","St Neots and Mid Cambridgeshire","E14001512","Total","Aged 45-49","Value",8183
"2024","St Neots and Mid Cambridgeshire","E14001512","Total","Aged 50-54","Value",7837
"2024","St Neots and Mid Cambridgeshire","E14001512","Total","Aged 55-59","Value",7334
"2024","St Neots and Mid Cambridgeshire","E14001512","Total","Aged 60-64","Value",6245
"2024","St Neots and Mid Cambridgeshire","E14001512","Total","Aged 65-69","Value",4943
"2024","St Neots and Mid Cambridgeshire","E14001512","Total","Aged 70-74","Value",4540
"2024","St Neots and Mid Cambridgeshire","E14001512","Total","Aged 75-79","Value",4655
"2024","St Neots and Mid Cambridgeshire","E14001512","Total","Aged 80-84","Value",2735
"2024","St Neots and Mid Cambridgeshire","E14001512","Total","Aged 85+","Value",2618
"2024","Stevenage","E14001516","Total","All Ages","Value",102464
"2024","Stevenage","E14001516","Total","Age 0 - 4","Value",5812
"2024","Stevenage","E14001516","Total","Aged 5-9","Value",6487
"2024","Stevenage","E14001516","Total","Aged 10-14","Value",6886
"2024","Stevenage","E14001516","Total","Aged 15-19","Value",5702
"2024","Stevenage","E14001516","Total","Aged 20-24","Value",5085
"2024","Stevenage","E14001516","Total","Aged 25-29","Value",6482
"2024","Stevenage","E14001516","Total","Aged 30-34","Value",8051
"2024","Stevenage","E14001516","Total","Aged 35-39","Value",8178
"2024","Stevenage","E14001516","Total","Aged 40-44","Value",7287
"2024","Stevenage","E14001516","Total","Aged 45-49","Value",6058
"2024","Stevenage","E14001516","Total","Aged 50-54","Value",6260
"2024","Stevenage","E14001516","Total","Aged 55-59","Value",6781
"2024","Stevenage","E14001516","Total","Aged 60-64","Value",6239
"2024","Stevenage","E14001516","Total","Aged 65-69","Value",4950
"2024","Stevenage","E14001516","Total","Aged 70-74","Value",3831
"2024","Stevenage","E14001516","Total","Aged 75-79","Value",3609
"2024","Stevenage","E14001516","Total","Aged 80-84","Value",2264
"2024","Stevenage","E14001516","Total","Aged 85+","Value",2502
"2024","Suffolk Coastal","E14001530","Total","All Ages","Value",95308
"2024","Suffolk Coastal","E14001530","Total","Age 0 - 4","Value",3572
"2024","Suffolk Coastal","E14001530","Total","Aged 5-9","Value",4415
"2024","Suffolk Coastal","E14001530","Total","Aged 10-14","Value",4661
"2024","Suffolk Coastal","E14001530","Total","Aged 15-19","Value",4556
"2024","Suffolk Coastal","E14001530","Total","Aged 20-24","Value",3716
"2024","Suffolk Coastal","E14001530","Total","Aged 25-29","Value",4467
"2024","Suffolk Coastal","E14001530","Total","Aged 30-34","Value",4513
"2024","Suffolk Coastal","E14001530","Total","Aged 35-39","Value",4893
"2024","Suffolk Coastal","E14001530","Total","Aged 40-44","Value",4861
"2024","Suffolk Coastal","E14001530","Total","Aged 45-49","Value",4767
"2024","Suffolk Coastal","E14001530","Total","Aged 50-54","Value",6060
"2024","Suffolk Coastal","E14001530","Total","Aged 55-59","Value",7190
"2024","Suffolk Coastal","E14001530","Total","Aged 60-64","Value",7804
"2024","Suffolk Coastal","E14001530","Total","Aged 65-69","Value",7374
"2024","Suffolk Coastal","E14001530","Total","Aged 70-74","Value",6995
"2024","Suffolk Coastal","E14001530","Total","Aged 75-79","Value",6841
"2024","Suffolk Coastal","E14001530","Total","Aged 80-84","Value",4272
"2024","Suffolk Coastal","E14001530","Total","Aged 85+","Value",4351
"2024","Thurrock","E14001546","Total","All Ages","Value",124793
"2024","Thurrock","E14001546","Total","Age 0 - 4","Value",8752
"2024","Thurrock","E14001546","Total","Aged 5-9","Value",9564
"2024","Thurrock","E14001546","Total","Aged 10-14","Value",9240
"2024","Thurrock","E14001546","Total","Aged 15-19","Value",8258
"2024","Thurrock","E14001546","Total","Aged 20-24","Value",6578
"2024","Thurrock","E14001546","Total","Aged 25-29","Value",8126
"2024","Thurrock","E14001546","Total","Aged 30-34","Value",9821
"2024","Thurrock","E14001546","Total","Aged 35-39","Value",10854
"2024","Thurrock","E14001546","Total","Aged 40-44","Value",10015
"2024","Thurrock","E14001546","Total","Aged 45-49","Value",8593
"2024","Thurrock","E14001546","Total","Aged 50-54","Value",7925
"2024","Thurrock","E14001546","Total","Aged 55-59","Value",7353
"2024","Thurrock","E14001546","Total","Aged 60-64","Value",5878
"2024","Thurrock","E14001546","Total","Aged 65-69","Value",4355
"2024","Thurrock","E14001546","Total","Aged 70-74","Value",3470
"2024","Thurrock","E14001546","Total","Aged 75-79","Value",2938
"2024","Thurrock","E14001546","Total","Aged 80-84","Value",1607
"2024","Thurrock","E14001546","Total","Aged 85+","Value",1466
"2024","Watford","E14001568","Total","All Ages","Value",115450
"2024","Watford","E14001568","Total","Age 0 - 4","Value",7493
"2024","Watford","E14001568","Total","Aged 5-9","Value",7643
"2024","Watford","E14001568","Total","Aged 10-14","Value",7613
"2024","Watford","E14001568","Total","Aged 15-19","Value",6562
"2024","Watford","E14001568","Total","Aged 20-24","Value",5786
"2024","Watford","E14001568","Total","Aged 25-29","Value",8425
"2024","Watford","E14001568","Total","Aged 30-34","Value",9767
"2024","Watford","E14001568","Total","Aged 35-39","Value",9880
"2024","Watford","E14001568","Total","Aged 40-44","Value",9525
"2024","Watford","E14001568","Total","Aged 45-49","Value",8266
"2024","Watford","E14001568","Total","Aged 50-54","Value",7350
"2024","Watford","E14001568","Total","Aged 55-59","Value",6526
"2024","Watford","E14001568","Total","Aged 60-64","Value",5518
"2024","Watford","E14001568","Total","Aged 65-69","Value",4184
"2024","Watford","E14001568","Total","Aged 70-74","Value",3471
"2024","Watford","E14001568","Total","Aged 75-79","Value",3109
"2024","Watford","E14001568","Total","Aged 80-84","Value",2056
"2024","Watford","E14001568","Total","Aged 85+","Value",2276
"2024","Waveney Valley","E14001569","Total","All Ages","Value",91358
"2024","Waveney Valley","E14001569","Total","Age 0 - 4","Value",3236
"2024","Waveney Valley","E14001569","Total","Aged 5-9","Value",4121
"2024","Waveney Valley","E14001569","Total","Aged 10-14","Value",4749
"2024","Waveney Valley","E14001569","Total","Aged 15-19","Value",4274
"2024","Waveney Valley","E14001569","Total","Aged 20-24","Value",3373
"2024","Waveney Valley","E14001569","Total","Aged 25-29","Value",3956
"2024","Waveney Valley","E14001569","Total","Aged 30-34","Value",4282
"2024","Waveney Valley","E14001569","Total","Aged 35-39","Value",4744
"2024","Waveney Valley","E14001569","Total","Aged 40-44","Value",4921
"2024","Waveney Valley","E14001569","Total","Aged 45-49","Value",4636
"2024","Waveney Valley","E14001569","Total","Aged 50-54","Value",6151
"2024","Waveney Valley","E14001569","Total","Aged 55-59","Value",7358
"2024","Waveney Valley","E14001569","Total","Aged 60-64","Value",7682
"2024","Waveney Valley","E14001569","Total","Aged 65-69","Value",6922
"2024","Waveney Valley","E14001569","Total","Aged 70-74","Value",6436
"2024","Waveney Valley","E14001569","Total","Aged 75-79","Value",6730
"2024","Waveney Valley","E14001569","Total","Aged 80-84","Value",4033
"2024","Waveney Valley","E14001569","Total","Aged 85+","Value",3754
"2024","Welwyn Hatfield","E14001573","Total","All Ages","Value",116887
"2024","Welwyn Hatfield","E14001573","Total","Age 0 - 4","Value",6275
"2024","Welwyn Hatfield","E14001573","Total","Aged 5-9","Value",7034
"2024","Welwyn Hatfield","E14001573","Total","Aged 10-14","Value",7234
"2024","Welwyn Hatfield","E14001573","Total","Aged 15-19","Value",7389
"2024","Welwyn Hatfield","E14001573","Total","Aged 20-24","Value",9155
"2024","Welwyn Hatfield","E14001573","Total","Aged 25-29","Value",8147
"2024","Welwyn Hatfield","E14001573","Total","Aged 30-34","Value",8318
"2024","Welwyn Hatfield","E14001573","Total","Aged 35-39","Value",8692
"2024","Welwyn Hatfield","E14001573","Total","Aged 40-44","Value",8530
"2024","Welwyn Hatfield","E14001573","Total","Aged 45-49","Value",7375
"2024","Welwyn Hatfield","E14001573","Total","Aged 50-54","Value",7065
"2024","Welwyn Hatfield","E14001573","Total","Aged 55-59","Value",6963
"2024","Welwyn Hatfield","E14001573","Total","Aged 60-64","Value",6379
"2024","Welwyn Hatfield","E14001573","Total","Aged 65-69","Value",5079
"2024","Welwyn Hatfield","E14001573","Total","Aged 70-74","Value",4024
"2024","Welwyn Hatfield","E14001573","Total","Aged 75-79","Value",3766
"2024","Welwyn Hatfield","E14001573","Total","Aged 80-84","Value",2580
"2024","Welwyn Hatfield","E14001573","Total","Aged 85+","Value",2882
"2024","West Suffolk","E14001578","Total","All Ages","Value",123616
"2024","West Suffolk","E14001578","Total","Age 0 - 4","Value",7009
"2024","West Suffolk","E14001578","Total","Aged 5-9","Value",7603
"2024","West Suffolk","E14001578","Total","Aged 10-14","Value",7488
"2024","West Suffolk","E14001578","Total","Aged 15-19","Value",6246
"2024","West Suffolk","E14001578","Total","Aged 20-24","Value",6925
"2024","West Suffolk","E14001578","Total","Aged 25-29","Value",8502
"2024","West Suffolk","E14001578","Total","Aged 30-34","Value",9238
"2024","West Suffolk","E14001578","Total","Aged 35-39","Value",8698
"2024","West Suffolk","E14001578","Total","Aged 40-44","Value",7941
"2024","West Suffolk","E14001578","Total","Aged 45-49","Value",6776
"2024","West Suffolk","E14001578","Total","Aged 50-54","Value",7616
"2024","West Suffolk","E14001578","Total","Aged 55-59","Value",8080
"2024","West Suffolk","E14001578","Total","Aged 60-64","Value",7493
"2024","West Suffolk","E14001578","Total","Aged 65-69","Value",5983
"2024","West Suffolk","E14001578","Total","Aged 70-74","Value",5517
"2024","West Suffolk","E14001578","Total","Aged 75-79","Value",5620
"2024","West Suffolk","E14001578","Total","Aged 80-84","Value",3524
"2024","West Suffolk","E14001578","Total","Aged 85+","Value",3357
"2024","Witham","E14001590","Total","All Ages","Value",108748
"2024","Witham","E14001590","Total","Age 0 - 4","Value",5770
"2024","Witham","E14001590","Total","Aged 5-9","Value",6561
"2024","Witham","E14001590","Total","Aged 10-14","Value",6570
"2024","Witham","E14001590","Total","Aged 15-19","Value",5824
"2024","Witham","E14001590","Total","Aged 20-24","Value",4409
"2024","Witham","E14001590","Total","Aged 25-29","Value",5960
"2024","Witham","E14001590","Total","Aged 30-34","Value",7325
"2024","Witham","E14001590","Total","Aged 35-39","Value",7284
"2024","Witham","E14001590","Total","Aged 40-44","Value",6786
"2024","Witham","E14001590","Total","Aged 45-49","Value",6413
"2024","Witham","E14001590","Total","Aged 50-54","Value",7377
"2024","Witham","E14001590","Total","Aged 55-59","Value",7666
"2024","Witham","E14001590","Total","Aged 60-64","Value",6841
"2024","Witham","E14001590","Total","Aged 65-69","Value",5823
"2024","Witham","E14001590","Total","Aged 70-74","Value",5624
"2024","Witham","E14001590","Total","Aged 75-79","Value",5869
"2024","Witham","E14001590","Total","Aged 80-84","Value",3492
"2024","Witham","E14001590","Total","Aged 85+","Value",3154
"2024","Barking","E14001073","Total","All Ages","Value",142513
"2024","Barking","E14001073","Total","Age 0 - 4","Value",11435
"2024","Barking","E14001073","Total","Aged 5-9","Value",11412
"2024","Barking","E14001073","Total","Aged 10-14","Value",11247
"2024","Barking","E14001073","Total","Aged 15-19","Value",10809
"2024","Barking","E14001073","Total","Aged 20-24","Value",9535
"2024","Barking","E14001073","Total","Aged 25-29","Value",11575
"2024","Barking","E14001073","Total","Aged 30-34","Value",11442
"2024","Barking","E14001073","Total","Aged 35-39","Value",12120
"2024","Barking","E14001073","Total","Aged 40-44","Value",11419
"2024","Barking","E14001073","Total","Aged 45-49","Value",9641
"2024","Barking","E14001073","Total","Aged 50-54","Value",8609
"2024","Barking","E14001073","Total","Aged 55-59","Value",7302
"2024","Barking","E14001073","Total","Aged 60-64","Value",5423
"2024","Barking","E14001073","Total","Aged 65-69","Value",3812
"2024","Barking","E14001073","Total","Aged 70-74","Value",2598
"2024","Barking","E14001073","Total","Aged 75-79","Value",1869
"2024","Barking","E14001073","Total","Aged 80-84","Value",1105
"2024","Barking","E14001073","Total","Aged 85+","Value",1160
"2024","Battersea","E14001081","Total","All Ages","Value",115748
"2024","Battersea","E14001081","Total","Age 0 - 4","Value",5898
"2024","Battersea","E14001081","Total","Aged 5-9","Value",5438
"2024","Battersea","E14001081","Total","Aged 10-14","Value",4833
"2024","Battersea","E14001081","Total","Aged 15-19","Value",4221
"2024","Battersea","E14001081","Total","Aged 20-24","Value",8614
"2024","Battersea","E14001081","Total","Aged 25-29","Value",21630
"2024","Battersea","E14001081","Total","Aged 30-34","Value",14985
"2024","Battersea","E14001081","Total","Aged 35-39","Value",9590
"2024","Battersea","E14001081","Total","Aged 40-44","Value",7715
"2024","Battersea","E14001081","Total","Aged 45-49","Value",6626
"2024","Battersea","E14001081","Total","Aged 50-54","Value",6002
"2024","Battersea","E14001081","Total","Aged 55-59","Value",5572
"2024","Battersea","E14001081","Total","Aged 60-64","Value",4393
"2024","Battersea","E14001081","Total","Aged 65-69","Value",3106
"2024","Battersea","E14001081","Total","Aged 70-74","Value",2366
"2024","Battersea","E14001081","Total","Aged 75-79","Value",2050
"2024","Battersea","E14001081","Total","Aged 80-84","Value",1439
"2024","Battersea","E14001081","Total","Aged 85+","Value",1270
"2024","Beckenham and Penge","E14001083","Total","All Ages","Value",109162
"2024","Beckenham and Penge","E14001083","Total","Age 0 - 4","Value",6292
"2024","Beckenham and Penge","E14001083","Total","Aged 5-9","Value",6483
"2024","Beckenham and Penge","E14001083","Total","Aged 10-14","Value",6308
"2024","Beckenham and Penge","E14001083","Total","Aged 15-19","Value",5532
"2024","Beckenham and Penge","E14001083","Total","Aged 20-24","Value",4286
"2024","Beckenham and Penge","E14001083","Total","Aged 25-29","Value",6524
"2024","Beckenham and Penge","E14001083","Total","Aged 30-34","Value",8205
"2024","Beckenham and Penge","E14001083","Total","Aged 35-39","Value",9141
"2024","Beckenham and Penge","E14001083","Total","Aged 40-44","Value",9056
"2024","Beckenham and Penge","E14001083","Total","Aged 45-49","Value",8392
"2024","Beckenham and Penge","E14001083","Total","Aged 50-54","Value",7888
"2024","Beckenham and Penge","E14001083","Total","Aged 55-59","Value",7200
"2024","Beckenham and Penge","E14001083","Total","Aged 60-64","Value",6209
"2024","Beckenham and Penge","E14001083","Total","Aged 65-69","Value",5005
"2024","Beckenham and Penge","E14001083","Total","Aged 70-74","Value",3985
"2024","Beckenham and Penge","E14001083","Total","Aged 75-79","Value",3929
"2024","Beckenham and Penge","E14001083","Total","Aged 80-84","Value",2255
"2024","Beckenham and Penge","E14001083","Total","Aged 85+","Value",2472
"2024","Bermondsey and Old Southwark","E14001085","Total","All Ages","Value",110615
"2024","Bermondsey and Old Southwark","E14001085","Total","Age 0 - 4","Value",4472
"2024","Bermondsey and Old Southwark","E14001085","Total","Aged 5-9","Value",4558
"2024","Bermondsey and Old Southwark","E14001085","Total","Aged 10-14","Value",4592
"2024","Bermondsey and Old Southwark","E14001085","Total","Aged 15-19","Value",6042
"2024","Bermondsey and Old Southwark","E14001085","Total","Aged 20-24","Value",12450
"2024","Bermondsey and Old Southwark","E14001085","Total","Aged 25-29","Value",16127
"2024","Bermondsey and Old Southwark","E14001085","Total","Aged 30-34","Value",13908
"2024","Bermondsey and Old Southwark","E14001085","Total","Aged 35-39","Value",10025
"2024","Bermondsey and Old Southwark","E14001085","Total","Aged 40-44","Value",7553
"2024","Bermondsey and Old Southwark","E14001085","Total","Aged 45-49","Value",6269
"2024","Bermondsey and Old Southwark","E14001085","Total","Aged 50-54","Value",5883
"2024","Bermondsey and Old Southwark","E14001085","Total","Aged 55-59","Value",5773
"2024","Bermondsey and Old Southwark","E14001085","Total","Aged 60-64","Value",4735
"2024","Bermondsey and Old Southwark","E14001085","Total","Aged 65-69","Value",3134
"2024","Bermondsey and Old Southwark","E14001085","Total","Aged 70-74","Value",2005
"2024","Bermondsey and Old Southwark","E14001085","Total","Aged 75-79","Value",1410
"2024","Bermondsey and Old Southwark","E14001085","Total","Aged 80-84","Value",770
"2024","Bermondsey and Old Southwark","E14001085","Total","Aged 85+","Value",909
"2024","Bethnal Green and Stepney","E14001086","Total","All Ages","Value",134660
"2024","Bethnal Green and Stepney","E14001086","Total","Age 0 - 4","Value",7258
"2024","Bethnal Green and Stepney","E14001086","Total","Aged 5-9","Value",6948
"2024","Bethnal Green and Stepney","E14001086","Total","Aged 10-14","Value",7077
"2024","Bethnal Green and Stepney","E14001086","Total","Aged 15-19","Value",9099
"2024","Bethnal Green and Stepney","E14001086","Total","Aged 20-24","Value",16530
"2024","Bethnal Green and Stepney","E14001086","Total","Aged 25-29","Value",20771
"2024","Bethnal Green and Stepney","E14001086","Total","Aged 30-34","Value",15167
"2024","Bethnal Green and Stepney","E14001086","Total","Aged 35-39","Value",11178
"2024","Bethnal Green and Stepney","E14001086","Total","Aged 40-44","Value",9146
"2024","Bethnal Green and Stepney","E14001086","Total","Aged 45-49","Value",7592
"2024","Bethnal Green and Stepney","E14001086","Total","Aged 50-54","Value",6344
"2024","Bethnal Green and Stepney","E14001086","Total","Aged 55-59","Value",4936
"2024","Bethnal Green and Stepney","E14001086","Total","Aged 60-64","Value",4095
"2024","Bethnal Green and Stepney","E14001086","Total","Aged 65-69","Value",3033
"2024","Bethnal Green and Stepney","E14001086","Total","Aged 70-74","Value",2007
"2024","Bethnal Green and Stepney","E14001086","Total","Aged 75-79","Value",1498
"2024","Bethnal Green and Stepney","E14001086","Total","Aged 80-84","Value",1039
"2024","Bethnal Green and Stepney","E14001086","Total","Aged 85+","Value",942
"2024","Bexleyheath and Crayford","E14001089","Total","All Ages","Value",103552
"2024","Bexleyheath and Crayford","E14001089","Total","Age 0 - 4","Value",5919
"2024","Bexleyheath and Crayford","E14001089","Total","Aged 5-9","Value",6831
"2024","Bexleyheath and Crayford","E14001089","Total","Aged 10-14","Value",7068
"2024","Bexleyheath and Crayford","E14001089","Total","Aged 15-19","Value",6281
"2024","Bexleyheath and Crayford","E14001089","Total","Aged 20-24","Value",5408
"2024","Bexleyheath and Crayford","E14001089","Total","Aged 25-29","Value",6116
"2024","Bexleyheath and Crayford","E14001089","Total","Aged 30-34","Value",7057
"2024","Bexleyheath and Crayford","E14001089","Total","Aged 35-39","Value",7766
"2024","Bexleyheath and Crayford","E14001089","Total","Aged 40-44","Value",7738
"2024","Bexleyheath and Crayford","E14001089","Total","Aged 45-49","Value",6785
"2024","Bexleyheath and Crayford","E14001089","Total","Aged 50-54","Value",6457
"2024","Bexleyheath and Crayford","E14001089","Total","Aged 55-59","Value",6796
"2024","Bexleyheath and Crayford","E14001089","Total","Aged 60-64","Value",5994
"2024","Bexleyheath and Crayford","E14001089","Total","Aged 65-69","Value",4604
"2024","Bexleyheath and Crayford","E14001089","Total","Aged 70-74","Value",3931
"2024","Bexleyheath and Crayford","E14001089","Total","Aged 75-79","Value",3680
"2024","Bexleyheath and Crayford","E14001089","Total","Aged 80-84","Value",2494
"2024","Bexleyheath and Crayford","E14001089","Total","Aged 85+","Value",2627
"2024","Brent East","E14001122","Total","All Ages","Value",137143
"2024","Brent East","E14001122","Total","Age 0 - 4","Value",8582
"2024","Brent East","E14001122","Total","Aged 5-9","Value",8290
"2024","Brent East","E14001122","Total","Aged 10-14","Value",8734
"2024","Brent East","E14001122","Total","Aged 15-19","Value",9099
"2024","Brent East","E14001122","Total","Aged 20-24","Value",10332
"2024","Brent East","E14001122","Total","Aged 25-29","Value",11799
"2024","Brent East","E14001122","Total","Aged 30-34","Value",10765
"2024","Brent East","E14001122","Total","Aged 35-39","Value",10205
"2024","Brent East","E14001122","Total","Aged 40-44","Value",9510
"2024","Brent East","E14001122","Total","Aged 45-49","Value",8920
"2024","Brent East","E14001122","Total","Aged 50-54","Value",8630
"2024","Brent East","E14001122","Total","Aged 55-59","Value",8708
"2024","Brent East","E14001122","Total","Aged 60-64","Value",7110
"2024","Brent East","E14001122","Total","Aged 65-69","Value",5422
"2024","Brent East","E14001122","Total","Aged 70-74","Value",3960
"2024","Brent East","E14001122","Total","Aged 75-79","Value",2831
"2024","Brent East","E14001122","Total","Aged 80-84","Value",2108
"2024","Brent East","E14001122","Total","Aged 85+","Value",2138
"2024","Brent West","E14001123","Total","All Ages","Value",144844
"2024","Brent West","E14001123","Total","Age 0 - 4","Value",8382
"2024","Brent West","E14001123","Total","Aged 5-9","Value",7696
"2024","Brent West","E14001123","Total","Aged 10-14","Value",7659
"2024","Brent West","E14001123","Total","Aged 15-19","Value",8847
"2024","Brent West","E14001123","Total","Aged 20-24","Value",14275
"2024","Brent West","E14001123","Total","Aged 25-29","Value",16122
"2024","Brent West","E14001123","Total","Aged 30-34","Value",12594
"2024","Brent West","E14001123","Total","Aged 35-39","Value",10481
"2024","Brent West","E14001123","Total","Aged 40-44","Value",10033
"2024","Brent West","E14001123","Total","Aged 45-49","Value",8630
"2024","Brent West","E14001123","Total","Aged 50-54","Value",7828
"2024","Brent West","E14001123","Total","Aged 55-59","Value",7499
"2024","Brent West","E14001123","Total","Aged 60-64","Value",6831
"2024","Brent West","E14001123","Total","Aged 65-69","Value",5543
"2024","Brent West","E14001123","Total","Aged 70-74","Value",4404
"2024","Brent West","E14001123","Total","Aged 75-79","Value",3137
"2024","Brent West","E14001123","Total","Aged 80-84","Value",2276
"2024","Brent West","E14001123","Total","Aged 85+","Value",2607
"2024","Brentford and Isleworth","E14001124","Total","All Ages","Value",132350
"2024","Brentford and Isleworth","E14001124","Total","Age 0 - 4","Value",7930
"2024","Brentford and Isleworth","E14001124","Total","Aged 5-9","Value",8246
"2024","Brentford and Isleworth","E14001124","Total","Aged 10-14","Value",8524
"2024","Brentford and Isleworth","E14001124","Total","Aged 15-19","Value",7822
"2024","Brentford and Isleworth","E14001124","Total","Aged 20-24","Value",7420
"2024","Brentford and Isleworth","E14001124","Total","Aged 25-29","Value",10552
"2024","Brentford and Isleworth","E14001124","Total","Aged 30-34","Value",10123
"2024","Brentford and Isleworth","E14001124","Total","Aged 35-39","Value",11394
"2024","Brentford and Isleworth","E14001124","Total","Aged 40-44","Value",11078
"2024","Brentford and Isleworth","E14001124","Total","Aged 45-49","Value",10034
"2024","Brentford and Isleworth","E14001124","Total","Aged 50-54","Value",8928
"2024","Brentford and Isleworth","E14001124","Total","Aged 55-59","Value",7585
"2024","Brentford and Isleworth","E14001124","Total","Aged 60-64","Value",6228
"2024","Brentford and Isleworth","E14001124","Total","Aged 65-69","Value",4907
"2024","Brentford and Isleworth","E14001124","Total","Aged 70-74","Value",3995
"2024","Brentford and Isleworth","E14001124","Total","Aged 75-79","Value",3268
"2024","Brentford and Isleworth","E14001124","Total","Aged 80-84","Value",2094
"2024","Brentford and Isleworth","E14001124","Total","Aged 85+","Value",2222
"2024","Bromley and Biggin Hill","E14001137","Total","All Ages","Value",99266
"2024","Bromley and Biggin Hill","E14001137","Total","Age 0 - 4","Value",5288
"2024","Bromley and Biggin Hill","E14001137","Total","Aged 5-9","Value",6094
"2024","Bromley and Biggin Hill","E14001137","Total","Aged 10-14","Value",6669
"2024","Bromley and Biggin Hill","E14001137","Total","Aged 15-19","Value",5642
"2024","Bromley and Biggin Hill","E14001137","Total","Aged 20-24","Value",4247
"2024","Bromley and Biggin Hill","E14001137","Total","Aged 25-29","Value",5509
"2024","Bromley and Biggin Hill","E14001137","Total","Aged 30-34","Value",6094
"2024","Bromley and Biggin Hill","E14001137","Total","Aged 35-39","Value",7150
"2024","Bromley and Biggin Hill","E14001137","Total","Aged 40-44","Value",7539
"2024","Bromley and Biggin Hill","E14001137","Total","Aged 45-49","Value",7210
"2024","Bromley and Biggin Hill","E14001137","Total","Aged 50-54","Value",6949
"2024","Bromley and Biggin Hill","E14001137","Total","Aged 55-59","Value",6840
"2024","Bromley and Biggin Hill","E14001137","Total","Aged 60-64","Value",5899
"2024","Bromley and Biggin Hill","E14001137","Total","Aged 65-69","Value",4533
"2024","Bromley and Biggin Hill","E14001137","Total","Aged 70-74","Value",3979
"2024","Bromley and Biggin Hill","E14001137","Total","Aged 75-79","Value",4134
"2024","Bromley and Biggin Hill","E14001137","Total","Aged 80-84","Value",2719
"2024","Bromley and Biggin Hill","E14001137","Total","Aged 85+","Value",2771
"2024","Carshalton and Wallington","E14001153","Total","All Ages","Value",107379
"2024","Carshalton and Wallington","E14001153","Total","Age 0 - 4","Value",6036
"2024","Carshalton and Wallington","E14001153","Total","Aged 5-9","Value",7260
"2024","Carshalton and Wallington","E14001153","Total","Aged 10-14","Value",7967
"2024","Carshalton and Wallington","E14001153","Total","Aged 15-19","Value",6895
"2024","Carshalton and Wallington","E14001153","Total","Aged 20-24","Value",4987
"2024","Carshalton and Wallington","E14001153","Total","Aged 25-29","Value",6110
"2024","Carshalton and Wallington","E14001153","Total","Aged 30-34","Value",6929
"2024","Carshalton and Wallington","E14001153","Total","Aged 35-39","Value",8122
"2024","Carshalton and Wallington","E14001153","Total","Aged 40-44","Value",8753
"2024","Carshalton and Wallington","E14001153","Total","Aged 45-49","Value",8252
"2024","Carshalton and Wallington","E14001153","Total","Aged 50-54","Value",7463
"2024","Carshalton and Wallington","E14001153","Total","Aged 55-59","Value",7067
"2024","Carshalton and Wallington","E14001153","Total","Aged 60-64","Value",6069
"2024","Carshalton and Wallington","E14001153","Total","Aged 65-69","Value",4483
"2024","Carshalton and Wallington","E14001153","Total","Aged 70-74","Value",3637
"2024","Carshalton and Wallington","E14001153","Total","Aged 75-79","Value",3308
"2024","Carshalton and Wallington","E14001153","Total","Aged 80-84","Value",2008
"2024","Carshalton and Wallington","E14001153","Total","Aged 85+","Value",2033
"2024","Chelsea and Fulham","E14001160","Total","All Ages","Value",122271
"2024","Chelsea and Fulham","E14001160","Total","Age 0 - 4","Value",5854
"2024","Chelsea and Fulham","E14001160","Total","Aged 5-9","Value",5406
"2024","Chelsea and Fulham","E14001160","Total","Aged 10-14","Value",5290
"2024","Chelsea and Fulham","E14001160","Total","Aged 15-19","Value",5176
"2024","Chelsea and Fulham","E14001160","Total","Aged 20-24","Value",10983
"2024","Chelsea and Fulham","E14001160","Total","Aged 25-29","Value",16176
"2024","Chelsea and Fulham","E14001160","Total","Aged 30-34","Value",11609
"2024","Chelsea and Fulham","E14001160","Total","Aged 35-39","Value",8986
"2024","Chelsea and Fulham","E14001160","Total","Aged 40-44","Value",7607
"2024","Chelsea and Fulham","E14001160","Total","Aged 45-49","Value",7285
"2024","Chelsea and Fulham","E14001160","Total","Aged 50-54","Value",7789
"2024","Chelsea and Fulham","E14001160","Total","Aged 55-59","Value",7721
"2024","Chelsea and Fulham","E14001160","Total","Aged 60-64","Value",6155
"2024","Chelsea and Fulham","E14001160","Total","Aged 65-69","Value",4740
"2024","Chelsea and Fulham","E14001160","Total","Aged 70-74","Value",3922
"2024","Chelsea and Fulham","E14001160","Total","Aged 75-79","Value",3331
"2024","Chelsea and Fulham","E14001160","Total","Aged 80-84","Value",2237
"2024","Chelsea and Fulham","E14001160","Total","Aged 85+","Value",2004
"2024","Chingford and Woodford Green","E14001167","Total","All Ages","Value",109870
"2024","Chingford and Woodford Green","E14001167","Total","Age 0 - 4","Value",6511
"2024","Chingford and Woodford Green","E14001167","Total","Aged 5-9","Value",7010
"2024","Chingford and Woodford Green","E14001167","Total","Aged 10-14","Value",6902
"2024","Chingford and Woodford Green","E14001167","Total","Aged 15-19","Value",6434
"2024","Chingford and Woodford Green","E14001167","Total","Aged 20-24","Value",5520
"2024","Chingford and Woodford Green","E14001167","Total","Aged 25-29","Value",6575
"2024","Chingford and Woodford Green","E14001167","Total","Aged 30-34","Value",7320
"2024","Chingford and Woodford Green","E14001167","Total","Aged 35-39","Value",8011
"2024","Chingford and Woodford Green","E14001167","Total","Aged 40-44","Value",8159
"2024","Chingford and Woodford Green","E14001167","Total","Aged 45-49","Value",7751
"2024","Chingford and Woodford Green","E14001167","Total","Aged 50-54","Value",7320
"2024","Chingford and Woodford Green","E14001167","Total","Aged 55-59","Value",7475
"2024","Chingford and Woodford Green","E14001167","Total","Aged 60-64","Value",6433
"2024","Chingford and Woodford Green","E14001167","Total","Aged 65-69","Value",5016
"2024","Chingford and Woodford Green","E14001167","Total","Aged 70-74","Value",3935
"2024","Chingford and Woodford Green","E14001167","Total","Aged 75-79","Value",3889
"2024","Chingford and Woodford Green","E14001167","Total","Aged 80-84","Value",2569
"2024","Chingford and Woodford Green","E14001167","Total","Aged 85+","Value",3040
"2024","Chipping Barnet","E14001169","Total","All Ages","Value",116131
"2024","Chipping Barnet","E14001169","Total","Age 0 - 4","Value",6477
"2024","Chipping Barnet","E14001169","Total","Aged 5-9","Value",7330
"2024","Chipping Barnet","E14001169","Total","Aged 10-14","Value",8044
"2024","Chipping Barnet","E14001169","Total","Aged 15-19","Value",7026
"2024","Chipping Barnet","E14001169","Total","Aged 20-24","Value",5631
"2024","Chipping Barnet","E14001169","Total","Aged 25-29","Value",7008
"2024","Chipping Barnet","E14001169","Total","Aged 30-34","Value",6789
"2024","Chipping Barnet","E14001169","Total","Aged 35-39","Value",7809
"2024","Chipping Barnet","E14001169","Total","Aged 40-44","Value",8542
"2024","Chipping Barnet","E14001169","Total","Aged 45-49","Value",8300
"2024","Chipping Barnet","E14001169","Total","Aged 50-54","Value",7928
"2024","Chipping Barnet","E14001169","Total","Aged 55-59","Value",7692
"2024","Chipping Barnet","E14001169","Total","Aged 60-64","Value",6663
"2024","Chipping Barnet","E14001169","Total","Aged 65-69","Value",5697
"2024","Chipping Barnet","E14001169","Total","Aged 70-74","Value",4718
"2024","Chipping Barnet","E14001169","Total","Aged 75-79","Value",4458
"2024","Chipping Barnet","E14001169","Total","Aged 80-84","Value",2818
"2024","Chipping Barnet","E14001169","Total","Aged 85+","Value",3201
"2024","Cities of London and Westminster","E14001172","Total","All Ages","Value",131247
"2024","Cities of London and Westminster","E14001172","Total","Age 0 - 4","Value",4521
"2024","Cities of London and Westminster","E14001172","Total","Aged 5-9","Value",3994
"2024","Cities of London and Westminster","E14001172","Total","Aged 10-14","Value",4192
"2024","Cities of London and Westminster","E14001172","Total","Aged 15-19","Value",6696
"2024","Cities of London and Westminster","E14001172","Total","Aged 20-24","Value",13676
"2024","Cities of London and Westminster","E14001172","Total","Aged 25-29","Value",17134
"2024","Cities of London and Westminster","E14001172","Total","Aged 30-34","Value",14164
"2024","Cities of London and Westminster","E14001172","Total","Aged 35-39","Value",10441
"2024","Cities of London and Westminster","E14001172","Total","Aged 40-44","Value",8210
"2024","Cities of London and Westminster","E14001172","Total","Aged 45-49","Value",7707
"2024","Cities of London and Westminster","E14001172","Total","Aged 50-54","Value",8104
"2024","Cities of London and Westminster","E14001172","Total","Aged 55-59","Value",8354
"2024","Cities of London and Westminster","E14001172","Total","Aged 60-64","Value",6680
"2024","Cities of London and Westminster","E14001172","Total","Aged 65-69","Value",5217
"2024","Cities of London and Westminster","E14001172","Total","Aged 70-74","Value",3954
"2024","Cities of London and Westminster","E14001172","Total","Aged 75-79","Value",3518
"2024","Cities of London and Westminster","E14001172","Total","Aged 80-84","Value",2293
"2024","Cities of London and Westminster","E14001172","Total","Aged 85+","Value",2392
"2024","Clapham and Brixton Hill","E14001175","Total","All Ages","Value",103651
"2024","Clapham and Brixton Hill","E14001175","Total","Age 0 - 4","Value",4457
"2024","Clapham and Brixton Hill","E14001175","Total","Aged 5-9","Value",3966
"2024","Clapham and Brixton Hill","E14001175","Total","Aged 10-14","Value",4136
"2024","Clapham and Brixton Hill","E14001175","Total","Aged 15-19","Value",4459
"2024","Clapham and Brixton Hill","E14001175","Total","Aged 20-24","Value",8548
"2024","Clapham and Brixton Hill","E14001175","Total","Aged 25-29","Value",21001
"2024","Clapham and Brixton Hill","E14001175","Total","Aged 30-34","Value",12735
"2024","Clapham and Brixton Hill","E14001175","Total","Aged 35-39","Value",7807
"2024","Clapham and Brixton Hill","E14001175","Total","Aged 40-44","Value",6240
"2024","Clapham and Brixton Hill","E14001175","Total","Aged 45-49","Value",5619
"2024","Clapham and Brixton Hill","E14001175","Total","Aged 50-54","Value",5578
"2024","Clapham and Brixton Hill","E14001175","Total","Aged 55-59","Value",5755
"2024","Clapham and Brixton Hill","E14001175","Total","Aged 60-64","Value",4753
"2024","Clapham and Brixton Hill","E14001175","Total","Aged 65-69","Value",3187
"2024","Clapham and Brixton Hill","E14001175","Total","Aged 70-74","Value",2041
"2024","Clapham and Brixton Hill","E14001175","Total","Aged 75-79","Value",1439
"2024","Clapham and Brixton Hill","E14001175","Total","Aged 80-84","Value",992
"2024","Clapham and Brixton Hill","E14001175","Total","Aged 85+","Value",938
"2024","Croydon East","E14001186","Total","All Ages","Value",111995
"2024","Croydon East","E14001186","Total","Age 0 - 4","Value",6376
"2024","Croydon East","E14001186","Total","Aged 5-9","Value",6931
"2024","Croydon East","E14001186","Total","Aged 10-14","Value",7463
"2024","Croydon East","E14001186","Total","Aged 15-19","Value",7357
"2024","Croydon East","E14001186","Total","Aged 20-24","Value",6195
"2024","Croydon East","E14001186","Total","Aged 25-29","Value",7323
"2024","Croydon East","E14001186","Total","Aged 30-34","Value",8046
"2024","Croydon East","E14001186","Total","Aged 35-39","Value",8238
"2024","Croydon East","E14001186","Total","Aged 40-44","Value",7734
"2024","Croydon East","E14001186","Total","Aged 45-49","Value",7049
"2024","Croydon East","E14001186","Total","Aged 50-54","Value",6973
"2024","Croydon East","E14001186","Total","Aged 55-59","Value",7865
"2024","Croydon East","E14001186","Total","Aged 60-64","Value",7013
"2024","Croydon East","E14001186","Total","Aged 65-69","Value",5016
"2024","Croydon East","E14001186","Total","Aged 70-74","Value",4192
"2024","Croydon East","E14001186","Total","Aged 75-79","Value",3606
"2024","Croydon East","E14001186","Total","Aged 80-84","Value",2393
"2024","Croydon East","E14001186","Total","Aged 85+","Value",2225
"2024","Croydon South","E14001187","Total","All Ages","Value",105891
"2024","Croydon South","E14001187","Total","Age 0 - 4","Value",6507
"2024","Croydon South","E14001187","Total","Aged 5-9","Value",6716
"2024","Croydon South","E14001187","Total","Aged 10-14","Value",6660
"2024","Croydon South","E14001187","Total","Aged 15-19","Value",5860
"2024","Croydon South","E14001187","Total","Aged 20-24","Value",4509
"2024","Croydon South","E14001187","Total","Aged 25-29","Value",6389
"2024","Croydon South","E14001187","Total","Aged 30-34","Value",7480
"2024","Croydon South","E14001187","Total","Aged 35-39","Value",8335
"2024","Croydon South","E14001187","Total","Aged 40-44","Value",8298
"2024","Croydon South","E14001187","Total","Aged 45-49","Value",7070
"2024","Croydon South","E14001187","Total","Aged 50-54","Value",6296
"2024","Croydon South","E14001187","Total","Aged 55-59","Value",6663
"2024","Croydon South","E14001187","Total","Aged 60-64","Value",6066
"2024","Croydon South","E14001187","Total","Aged 65-69","Value",5013
"2024","Croydon South","E14001187","Total","Aged 70-74","Value",4241
"2024","Croydon South","E14001187","Total","Aged 75-79","Value",4147
"2024","Croydon South","E14001187","Total","Aged 80-84","Value",2659
"2024","Croydon South","E14001187","Total","Aged 85+","Value",2982
"2024","Croydon West","E14001188","Total","All Ages","Value",131983
"2024","Croydon West","E14001188","Total","Age 0 - 4","Value",9199
"2024","Croydon West","E14001188","Total","Aged 5-9","Value",8624
"2024","Croydon West","E14001188","Total","Aged 10-14","Value",8521
"2024","Croydon West","E14001188","Total","Aged 15-19","Value",7982
"2024","Croydon West","E14001188","Total","Aged 20-24","Value",8081
"2024","Croydon West","E14001188","Total","Aged 25-29","Value",12379
"2024","Croydon West","E14001188","Total","Aged 30-34","Value",12565
"2024","Croydon West","E14001188","Total","Aged 35-39","Value",11623
"2024","Croydon West","E14001188","Total","Aged 40-44","Value",9919
"2024","Croydon West","E14001188","Total","Aged 45-49","Value",8811
"2024","Croydon West","E14001188","Total","Aged 50-54","Value",7973
"2024","Croydon West","E14001188","Total","Aged 55-59","Value",7692
"2024","Croydon West","E14001188","Total","Aged 60-64","Value",6434
"2024","Croydon West","E14001188","Total","Aged 65-69","Value",4341
"2024","Croydon West","E14001188","Total","Aged 70-74","Value",2886
"2024","Croydon West","E14001188","Total","Aged 75-79","Value",2117
"2024","Croydon West","E14001188","Total","Aged 80-84","Value",1395
"2024","Croydon West","E14001188","Total","Aged 85+","Value",1441
"2024","Dagenham and Rainham","E14001189","Total","All Ages","Value",127838
"2024","Dagenham and Rainham","E14001189","Total","Age 0 - 4","Value",9170
"2024","Dagenham and Rainham","E14001189","Total","Aged 5-9","Value",9657
"2024","Dagenham and Rainham","E14001189","Total","Aged 10-14","Value",9289
"2024","Dagenham and Rainham","E14001189","Total","Aged 15-19","Value",8767
"2024","Dagenham and Rainham","E14001189","Total","Aged 20-24","Value",7637
"2024","Dagenham and Rainham","E14001189","Total","Aged 25-29","Value",9457
"2024","Dagenham and Rainham","E14001189","Total","Aged 30-34","Value",9706
"2024","Dagenham and Rainham","E14001189","Total","Aged 35-39","Value",10050
"2024","Dagenham and Rainham","E14001189","Total","Aged 40-44","Value",9432
"2024","Dagenham and Rainham","E14001189","Total","Aged 45-49","Value",7941
"2024","Dagenham and Rainham","E14001189","Total","Aged 50-54","Value",7528
"2024","Dagenham and Rainham","E14001189","Total","Aged 55-59","Value",7333
"2024","Dagenham and Rainham","E14001189","Total","Aged 60-64","Value",6110
"2024","Dagenham and Rainham","E14001189","Total","Aged 65-69","Value",4776
"2024","Dagenham and Rainham","E14001189","Total","Aged 70-74","Value",3443
"2024","Dagenham and Rainham","E14001189","Total","Aged 75-79","Value",3151
"2024","Dagenham and Rainham","E14001189","Total","Aged 80-84","Value",2190
"2024","Dagenham and Rainham","E14001189","Total","Aged 85+","Value",2201
"2024","Dulwich and West Norwood","E14001205","Total","All Ages","Value",105259
"2024","Dulwich and West Norwood","E14001205","Total","Age 0 - 4","Value",5476
"2024","Dulwich and West Norwood","E14001205","Total","Aged 5-9","Value",5639
"2024","Dulwich and West Norwood","E14001205","Total","Aged 10-14","Value",6117
"2024","Dulwich and West Norwood","E14001205","Total","Aged 15-19","Value",6265
"2024","Dulwich and West Norwood","E14001205","Total","Aged 20-24","Value",6497
"2024","Dulwich and West Norwood","E14001205","Total","Aged 25-29","Value",11393
"2024","Dulwich and West Norwood","E14001205","Total","Aged 30-34","Value",10522
"2024","Dulwich and West Norwood","E14001205","Total","Aged 35-39","Value",7955
"2024","Dulwich and West Norwood","E14001205","Total","Aged 40-44","Value",7019
"2024","Dulwich and West Norwood","E14001205","Total","Aged 45-49","Value",7113
"2024","Dulwich and West Norwood","E14001205","Total","Aged 50-54","Value",6968
"2024","Dulwich and West Norwood","E14001205","Total","Aged 55-59","Value",6952
"2024","Dulwich and West Norwood","E14001205","Total","Aged 60-64","Value",5838
"2024","Dulwich and West Norwood","E14001205","Total","Aged 65-69","Value",3947
"2024","Dulwich and West Norwood","E14001205","Total","Aged 70-74","Value",2727
"2024","Dulwich and West Norwood","E14001205","Total","Aged 75-79","Value",2245
"2024","Dulwich and West Norwood","E14001205","Total","Aged 80-84","Value",1400
"2024","Dulwich and West Norwood","E14001205","Total","Aged 85+","Value",1186
"2024","Ealing Central and Acton","E14001207","Total","All Ages","Value",139040
"2024","Ealing Central and Acton","E14001207","Total","Age 0 - 4","Value",7854
"2024","Ealing Central and Acton","E14001207","Total","Aged 5-9","Value",7268
"2024","Ealing Central and Acton","E14001207","Total","Aged 10-14","Value",7259
"2024","Ealing Central and Acton","E14001207","Total","Aged 15-19","Value",7592
"2024","Ealing Central and Acton","E14001207","Total","Aged 20-24","Value",10756
"2024","Ealing Central and Acton","E14001207","Total","Aged 25-29","Value",13998
"2024","Ealing Central and Acton","E14001207","Total","Aged 30-34","Value",13509
"2024","Ealing Central and Acton","E14001207","Total","Aged 35-39","Value",11822
"2024","Ealing Central and Acton","E14001207","Total","Aged 40-44","Value",10554
"2024","Ealing Central and Acton","E14001207","Total","Aged 45-49","Value",9342
"2024","Ealing Central and Acton","E14001207","Total","Aged 50-54","Value",8717
"2024","Ealing Central and Acton","E14001207","Total","Aged 55-59","Value",7767
"2024","Ealing Central and Acton","E14001207","Total","Aged 60-64","Value",6428
"2024","Ealing Central and Acton","E14001207","Total","Aged 65-69","Value",4943
"2024","Ealing Central and Acton","E14001207","Total","Aged 70-74","Value",3937
"2024","Ealing Central and Acton","E14001207","Total","Aged 75-79","Value",3209
"2024","Ealing Central and Acton","E14001207","Total","Aged 80-84","Value",2134
"2024","Ealing Central and Acton","E14001207","Total","Aged 85+","Value",1951
"2024","Ealing North","E14001208","Total","All Ages","Value",134468
"2024","Ealing North","E14001208","Total","Age 0 - 4","Value",7742
"2024","Ealing North","E14001208","Total","Aged 5-9","Value",8166
"2024","Ealing North","E14001208","Total","Aged 10-14","Value",8915
"2024","Ealing North","E14001208","Total","Aged 15-19","Value",9176
"2024","Ealing North","E14001208","Total","Aged 20-24","Value",8999
"2024","Ealing North","E14001208","Total","Aged 25-29","Value",10172
"2024","Ealing North","E14001208","Total","Aged 30-34","Value",9944
"2024","Ealing North","E14001208","Total","Aged 35-39","Value",9884
"2024","Ealing North","E14001208","Total","Aged 40-44","Value",10131
"2024","Ealing North","E14001208","Total","Aged 45-49","Value",9458
"2024","Ealing North","E14001208","Total","Aged 50-54","Value",8595
"2024","Ealing North","E14001208","Total","Aged 55-59","Value",8519
"2024","Ealing North","E14001208","Total","Aged 60-64","Value",7098
"2024","Ealing North","E14001208","Total","Aged 65-69","Value",5546
"2024","Ealing North","E14001208","Total","Aged 70-74","Value",4257
"2024","Ealing North","E14001208","Total","Aged 75-79","Value",3426
"2024","Ealing North","E14001208","Total","Aged 80-84","Value",2169
"2024","Ealing North","E14001208","Total","Aged 85+","Value",2271
"2024","Ealing Southall","E14001209","Total","All Ages","Value",132243
"2024","Ealing Southall","E14001209","Total","Age 0 - 4","Value",7649
"2024","Ealing Southall","E14001209","Total","Aged 5-9","Value",7579
"2024","Ealing Southall","E14001209","Total","Aged 10-14","Value",8345
"2024","Ealing Southall","E14001209","Total","Aged 15-19","Value",8238
"2024","Ealing Southall","E14001209","Total","Aged 20-24","Value",10553
"2024","Ealing Southall","E14001209","Total","Aged 25-29","Value",11612
"2024","Ealing Southall","E14001209","Total","Aged 30-34","Value",10055
"2024","Ealing Southall","E14001209","Total","Aged 35-39","Value",9633
"2024","Ealing Southall","E14001209","Total","Aged 40-44","Value",9824
"2024","Ealing Southall","E14001209","Total","Aged 45-49","Value",9284
"2024","Ealing Southall","E14001209","Total","Aged 50-54","Value",8539
"2024","Ealing Southall","E14001209","Total","Aged 55-59","Value",7733
"2024","Ealing Southall","E14001209","Total","Aged 60-64","Value",6578
"2024","Ealing Southall","E14001209","Total","Aged 65-69","Value",5401
"2024","Ealing Southall","E14001209","Total","Aged 70-74","Value",3981
"2024","Ealing Southall","E14001209","Total","Aged 75-79","Value",3100
"2024","Ealing Southall","E14001209","Total","Aged 80-84","Value",2076
"2024","Ealing Southall","E14001209","Total","Aged 85+","Value",2063
"2024","East Ham","E14001213","Total","All Ages","Value",136432
"2024","East Ham","E14001213","Total","Age 0 - 4","Value",10203
"2024","East Ham","E14001213","Total","Aged 5-9","Value",9424
"2024","East Ham","E14001213","Total","Aged 10-14","Value",9589
"2024","East Ham","E14001213","Total","Aged 15-19","Value",9683
"2024","East Ham","E14001213","Total","Aged 20-24","Value",12849
"2024","East Ham","E14001213","Total","Aged 25-29","Value",15140
"2024","East Ham","E14001213","Total","Aged 30-34","Value",9970
"2024","East Ham","E14001213","Total","Aged 35-39","Value",9960
"2024","East Ham","E14001213","Total","Aged 40-44","Value",9780
"2024","East Ham","E14001213","Total","Aged 45-49","Value",8795
"2024","East Ham","E14001213","Total","Aged 50-54","Value",8037
"2024","East Ham","E14001213","Total","Aged 55-59","Value",6379
"2024","East Ham","E14001213","Total","Aged 60-64","Value",5270
"2024","East Ham","E14001213","Total","Aged 65-69","Value",4083
"2024","East Ham","E14001213","Total","Aged 70-74","Value",2829
"2024","East Ham","E14001213","Total","Aged 75-79","Value",1899
"2024","East Ham","E14001213","Total","Aged 80-84","Value",1272
"2024","East Ham","E14001213","Total","Aged 85+","Value",1270
"2024","Edmonton and Winchmore Hill","E14001221","Total","All Ages","Value",125096
"2024","Edmonton and Winchmore Hill","E14001221","Total","Age 0 - 4","Value",7567
"2024","Edmonton and Winchmore Hill","E14001221","Total","Aged 5-9","Value",8528
"2024","Edmonton and Winchmore Hill","E14001221","Total","Aged 10-14","Value",8868
"2024","Edmonton and Winchmore Hill","E14001221","Total","Aged 15-19","Value",9131
"2024","Edmonton and Winchmore Hill","E14001221","Total","Aged 20-24","Value",7538
"2024","Edmonton and Winchmore Hill","E14001221","Total","Aged 25-29","Value",8374
"2024","Edmonton and Winchmore Hill","E14001221","Total","Aged 30-34","Value",7786
"2024","Edmonton and Winchmore Hill","E14001221","Total","Aged 35-39","Value",8387
"2024","Edmonton and Winchmore Hill","E14001221","Total","Aged 40-44","Value",8557
"2024","Edmonton and Winchmore Hill","E14001221","Total","Aged 45-49","Value",8107
"2024","Edmonton and Winchmore Hill","E14001221","Total","Aged 50-54","Value",8461
"2024","Edmonton and Winchmore Hill","E14001221","Total","Aged 55-59","Value",8154
"2024","Edmonton and Winchmore Hill","E14001221","Total","Aged 60-64","Value",7150
"2024","Edmonton and Winchmore Hill","E14001221","Total","Aged 65-69","Value",5758
"2024","Edmonton and Winchmore Hill","E14001221","Total","Aged 70-74","Value",4364
"2024","Edmonton and Winchmore Hill","E14001221","Total","Aged 75-79","Value",3459
"2024","Edmonton and Winchmore Hill","E14001221","Total","Aged 80-84","Value",2372
"2024","Edmonton and Winchmore Hill","E14001221","Total","Aged 85+","Value",2535
"2024","Eltham and Chislehurst","E14001223","Total","All Ages","Value",113218
"2024","Eltham and Chislehurst","E14001223","Total","Age 0 - 4","Value",6547
"2024","Eltham and Chislehurst","E14001223","Total","Aged 5-9","Value",7098
"2024","Eltham and Chislehurst","E14001223","Total","Aged 10-14","Value",7541
"2024","Eltham and Chislehurst","E14001223","Total","Aged 15-19","Value",6906
"2024","Eltham and Chislehurst","E14001223","Total","Aged 20-24","Value",6193
"2024","Eltham and Chislehurst","E14001223","Total","Aged 25-29","Value",6773
"2024","Eltham and Chislehurst","E14001223","Total","Aged 30-34","Value",8109
"2024","Eltham and Chislehurst","E14001223","Total","Aged 35-39","Value",8644
"2024","Eltham and Chislehurst","E14001223","Total","Aged 40-44","Value",8935
"2024","Eltham and Chislehurst","E14001223","Total","Aged 45-49","Value",7903
"2024","Eltham and Chislehurst","E14001223","Total","Aged 50-54","Value",7282
"2024","Eltham and Chislehurst","E14001223","Total","Aged 55-59","Value",7145
"2024","Eltham and Chislehurst","E14001223","Total","Aged 60-64","Value",6100
"2024","Eltham and Chislehurst","E14001223","Total","Aged 65-69","Value",4948
"2024","Eltham and Chislehurst","E14001223","Total","Aged 70-74","Value",3916
"2024","Eltham and Chislehurst","E14001223","Total","Aged 75-79","Value",3895
"2024","Eltham and Chislehurst","E14001223","Total","Aged 80-84","Value",2545
"2024","Eltham and Chislehurst","E14001223","Total","Aged 85+","Value",2738
"2024","Enfield North","E14001225","Total","All Ages","Value",127513
"2024","Enfield North","E14001225","Total","Age 0 - 4","Value",8168
"2024","Enfield North","E14001225","Total","Aged 5-9","Value",9202
"2024","Enfield North","E14001225","Total","Aged 10-14","Value",9907
"2024","Enfield North","E14001225","Total","Aged 15-19","Value",9702
"2024","Enfield North","E14001225","Total","Aged 20-24","Value",7581
"2024","Enfield North","E14001225","Total","Aged 25-29","Value",8488
"2024","Enfield North","E14001225","Total","Aged 30-34","Value",8125
"2024","Enfield North","E14001225","Total","Aged 35-39","Value",8798
"2024","Enfield North","E14001225","Total","Aged 40-44","Value",8990
"2024","Enfield North","E14001225","Total","Aged 45-49","Value",8720
"2024","Enfield North","E14001225","Total","Aged 50-54","Value",8529
"2024","Enfield North","E14001225","Total","Aged 55-59","Value",8025
"2024","Enfield North","E14001225","Total","Aged 60-64","Value",6818
"2024","Enfield North","E14001225","Total","Aged 65-69","Value",4887
"2024","Enfield North","E14001225","Total","Aged 70-74","Value",3735
"2024","Enfield North","E14001225","Total","Aged 75-79","Value",3341
"2024","Enfield North","E14001225","Total","Aged 80-84","Value",2196
"2024","Enfield North","E14001225","Total","Aged 85+","Value",2301
"2024","Erith and Thamesmead","E14001229","Total","All Ages","Value",139591
"2024","Erith and Thamesmead","E14001229","Total","Age 0 - 4","Value",9132
"2024","Erith and Thamesmead","E14001229","Total","Aged 5-9","Value",9274
"2024","Erith and Thamesmead","E14001229","Total","Aged 10-14","Value",9865
"2024","Erith and Thamesmead","E14001229","Total","Aged 15-19","Value",9018
"2024","Erith and Thamesmead","E14001229","Total","Aged 20-24","Value",9130
"2024","Erith and Thamesmead","E14001229","Total","Aged 25-29","Value",11173
"2024","Erith and Thamesmead","E14001229","Total","Aged 30-34","Value",11147
"2024","Erith and Thamesmead","E14001229","Total","Aged 35-39","Value",11322
"2024","Erith and Thamesmead","E14001229","Total","Aged 40-44","Value",10759
"2024","Erith and Thamesmead","E14001229","Total","Aged 45-49","Value",9444
"2024","Erith and Thamesmead","E14001229","Total","Aged 50-54","Value",8951
"2024","Erith and Thamesmead","E14001229","Total","Aged 55-59","Value",8603
"2024","Erith and Thamesmead","E14001229","Total","Aged 60-64","Value",7309
"2024","Erith and Thamesmead","E14001229","Total","Aged 65-69","Value",5072
"2024","Erith and Thamesmead","E14001229","Total","Aged 70-74","Value",3590
"2024","Erith and Thamesmead","E14001229","Total","Aged 75-79","Value",2810
"2024","Erith and Thamesmead","E14001229","Total","Aged 80-84","Value",1623
"2024","Erith and Thamesmead","E14001229","Total","Aged 85+","Value",1369
"2024","Feltham and Heston","E14001236","Total","All Ages","Value",140412
"2024","Feltham and Heston","E14001236","Total","Age 0 - 4","Value",8822
"2024","Feltham and Heston","E14001236","Total","Aged 5-9","Value",9140
"2024","Feltham and Heston","E14001236","Total","Aged 10-14","Value",9531
"2024","Feltham and Heston","E14001236","Total","Aged 15-19","Value",9122
"2024","Feltham and Heston","E14001236","Total","Aged 20-24","Value",9594
"2024","Feltham and Heston","E14001236","Total","Aged 25-29","Value",11286
"2024","Feltham and Heston","E14001236","Total","Aged 30-34","Value",10441
"2024","Feltham and Heston","E14001236","Total","Aged 35-39","Value",11378
"2024","Feltham and Heston","E14001236","Total","Aged 40-44","Value",10955
"2024","Feltham and Heston","E14001236","Total","Aged 45-49","Value",9931
"2024","Feltham and Heston","E14001236","Total","Aged 50-54","Value",8848
"2024","Feltham and Heston","E14001236","Total","Aged 55-59","Value",8115
"2024","Feltham and Heston","E14001236","Total","Aged 60-64","Value",6882
"2024","Feltham and Heston","E14001236","Total","Aged 65-69","Value",5358
"2024","Feltham and Heston","E14001236","Total","Aged 70-74","Value",4052
"2024","Feltham and Heston","E14001236","Total","Aged 75-79","Value",3069
"2024","Feltham and Heston","E14001236","Total","Aged 80-84","Value",2023
"2024","Feltham and Heston","E14001236","Total","Aged 85+","Value",1865
"2024","Finchley and Golders Green","E14001238","Total","All Ages","Value",130032
"2024","Finchley and Golders Green","E14001238","Total","Age 0 - 4","Value",7926
"2024","Finchley and Golders Green","E14001238","Total","Aged 5-9","Value",8403
"2024","Finchley and Golders Green","E14001238","Total","Aged 10-14","Value",8800
"2024","Finchley and Golders Green","E14001238","Total","Aged 15-19","Value",7735
"2024","Finchley and Golders Green","E14001238","Total","Aged 20-24","Value",6680
"2024","Finchley and Golders Green","E14001238","Total","Aged 25-29","Value",9593
"2024","Finchley and Golders Green","E14001238","Total","Aged 30-34","Value",9316
"2024","Finchley and Golders Green","E14001238","Total","Aged 35-39","Value",9313
"2024","Finchley and Golders Green","E14001238","Total","Aged 40-44","Value",9823
"2024","Finchley and Golders Green","E14001238","Total","Aged 45-49","Value",9254
"2024","Finchley and Golders Green","E14001238","Total","Aged 50-54","Value",8689
"2024","Finchley and Golders Green","E14001238","Total","Aged 55-59","Value",7600
"2024","Finchley and Golders Green","E14001238","Total","Aged 60-64","Value",6393
"2024","Finchley and Golders Green","E14001238","Total","Aged 65-69","Value",5213
"2024","Finchley and Golders Green","E14001238","Total","Aged 70-74","Value",4666
"2024","Finchley and Golders Green","E14001238","Total","Aged 75-79","Value",4291
"2024","Finchley and Golders Green","E14001238","Total","Aged 80-84","Value",2996
"2024","Finchley and Golders Green","E14001238","Total","Aged 85+","Value",3341
"2024","Greenwich and Woolwich","E14001257","Total","All Ages","Value",123686
"2024","Greenwich and Woolwich","E14001257","Total","Age 0 - 4","Value",7639
"2024","Greenwich and Woolwich","E14001257","Total","Aged 5-9","Value",6718
"2024","Greenwich and Woolwich","E14001257","Total","Aged 10-14","Value",6239
"2024","Greenwich and Woolwich","E14001257","Total","Aged 15-19","Value",6660
"2024","Greenwich and Woolwich","E14001257","Total","Aged 20-24","Value",8382
"2024","Greenwich and Woolwich","E14001257","Total","Aged 25-29","Value",13780
"2024","Greenwich and Woolwich","E14001257","Total","Aged 30-34","Value",15337
"2024","Greenwich and Woolwich","E14001257","Total","Aged 35-39","Value",12690
"2024","Greenwich and Woolwich","E14001257","Total","Aged 40-44","Value",10167
"2024","Greenwich and Woolwich","E14001257","Total","Aged 45-49","Value",8110
"2024","Greenwich and Woolwich","E14001257","Total","Aged 50-54","Value",6974
"2024","Greenwich and Woolwich","E14001257","Total","Aged 55-59","Value",5921
"2024","Greenwich and Woolwich","E14001257","Total","Aged 60-64","Value",4931
"2024","Greenwich and Woolwich","E14001257","Total","Aged 65-69","Value",3386
"2024","Greenwich and Woolwich","E14001257","Total","Aged 70-74","Value",2449
"2024","Greenwich and Woolwich","E14001257","Total","Aged 75-79","Value",1988
"2024","Greenwich and Woolwich","E14001257","Total","Aged 80-84","Value",1255
"2024","Greenwich and Woolwich","E14001257","Total","Aged 85+","Value",1060
"2024","Hackney North and Stoke Newington","E14001259","Total","All Ages","Value",117415
"2024","Hackney North and Stoke Newington","E14001259","Total","Age 0 - 4","Value",9207
"2024","Hackney North and Stoke Newington","E14001259","Total","Aged 5-9","Value",7538
"2024","Hackney North and Stoke Newington","E14001259","Total","Aged 10-14","Value",7526
"2024","Hackney North and Stoke Newington","E14001259","Total","Aged 15-19","Value",7477
"2024","Hackney North and Stoke Newington","E14001259","Total","Aged 20-24","Value",8122
"2024","Hackney North and Stoke Newington","E14001259","Total","Aged 25-29","Value",13261
"2024","Hackney North and Stoke Newington","E14001259","Total","Aged 30-34","Value",12426
"2024","Hackney North and Stoke Newington","E14001259","Total","Aged 35-39","Value",9234
"2024","Hackney North and Stoke Newington","E14001259","Total","Aged 40-44","Value",7775
"2024","Hackney North and Stoke Newington","E14001259","Total","Aged 45-49","Value",6676
"2024","Hackney North and Stoke Newington","E14001259","Total","Aged 50-54","Value",6100
"2024","Hackney North and Stoke Newington","E14001259","Total","Aged 55-59","Value",6109
"2024","Hackney North and Stoke Newington","E14001259","Total","Aged 60-64","Value",5212
"2024","Hackney North and Stoke Newington","E14001259","Total","Aged 65-69","Value",3918
"2024","Hackney North and Stoke Newington","E14001259","Total","Aged 70-74","Value",2601
"2024","Hackney North and Stoke Newington","E14001259","Total","Aged 75-79","Value",1948
"2024","Hackney North and Stoke Newington","E14001259","Total","Aged 80-84","Value",1177
"2024","Hackney North and Stoke Newington","E14001259","Total","Aged 85+","Value",1108
"2024","Hackney South and Shoreditch","E14001260","Total","All Ages","Value",117917
"2024","Hackney South and Shoreditch","E14001260","Total","Age 0 - 4","Value",5188
"2024","Hackney South and Shoreditch","E14001260","Total","Aged 5-9","Value",5095
"2024","Hackney South and Shoreditch","E14001260","Total","Aged 10-14","Value",5415
"2024","Hackney South and Shoreditch","E14001260","Total","Aged 15-19","Value",6142
"2024","Hackney South and Shoreditch","E14001260","Total","Aged 20-24","Value",9523
"2024","Hackney South and Shoreditch","E14001260","Total","Aged 25-29","Value",17578
"2024","Hackney South and Shoreditch","E14001260","Total","Aged 30-34","Value",16298
"2024","Hackney South and Shoreditch","E14001260","Total","Aged 35-39","Value",10931
"2024","Hackney South and Shoreditch","E14001260","Total","Aged 40-44","Value",7989
"2024","Hackney South and Shoreditch","E14001260","Total","Aged 45-49","Value",6866
"2024","Hackney South and Shoreditch","E14001260","Total","Aged 50-54","Value",6373
"2024","Hackney South and Shoreditch","E14001260","Total","Aged 55-59","Value",6148
"2024","Hackney South and Shoreditch","E14001260","Total","Aged 60-64","Value",4969
"2024","Hackney South and Shoreditch","E14001260","Total","Aged 65-69","Value",3450
"2024","Hackney South and Shoreditch","E14001260","Total","Aged 70-74","Value",2346
"2024","Hackney South and Shoreditch","E14001260","Total","Aged 75-79","Value",1680
"2024","Hackney South and Shoreditch","E14001260","Total","Aged 80-84","Value",1041
"2024","Hackney South and Shoreditch","E14001260","Total","Aged 85+","Value",885
"2024","Hammersmith and Chiswick","E14001264","Total","All Ages","Value",118478
"2024","Hammersmith and Chiswick","E14001264","Total","Age 0 - 4","Value",5680
"2024","Hammersmith and Chiswick","E14001264","Total","Aged 5-9","Value",5693
"2024","Hammersmith and Chiswick","E14001264","Total","Aged 10-14","Value",5603
"2024","Hammersmith and Chiswick","E14001264","Total","Aged 15-19","Value",5730
"2024","Hammersmith and Chiswick","E14001264","Total","Aged 20-24","Value",9493
"2024","Hammersmith and Chiswick","E14001264","Total","Aged 25-29","Value",13037
"2024","Hammersmith and Chiswick","E14001264","Total","Aged 30-34","Value",11516
"2024","Hammersmith and Chiswick","E14001264","Total","Aged 35-39","Value",9374
"2024","Hammersmith and Chiswick","E14001264","Total","Aged 40-44","Value",8247
"2024","Hammersmith and Chiswick","E14001264","Total","Aged 45-49","Value",7705
"2024","Hammersmith and Chiswick","E14001264","Total","Aged 50-54","Value",8035
"2024","Hammersmith and Chiswick","E14001264","Total","Aged 55-59","Value",7542
"2024","Hammersmith and Chiswick","E14001264","Total","Aged 60-64","Value",6039
"2024","Hammersmith and Chiswick","E14001264","Total","Aged 65-69","Value",4290
"2024","Hammersmith and Chiswick","E14001264","Total","Aged 70-74","Value",3683
"2024","Hammersmith and Chiswick","E14001264","Total","Aged 75-79","Value",3032
"2024","Hammersmith and Chiswick","E14001264","Total","Aged 80-84","Value",1932
"2024","Hammersmith and Chiswick","E14001264","Total","Aged 85+","Value",1847
"2024","Hampstead and Highgate","E14001265","Total","All Ages","Value",117711
"2024","Hampstead and Highgate","E14001265","Total","Age 0 - 4","Value",5963
"2024","Hampstead and Highgate","E14001265","Total","Aged 5-9","Value",5751
"2024","Hampstead and Highgate","E14001265","Total","Aged 10-14","Value",5956
"2024","Hampstead and Highgate","E14001265","Total","Aged 15-19","Value",6276
"2024","Hampstead and Highgate","E14001265","Total","Aged 20-24","Value",7962
"2024","Hampstead and Highgate","E14001265","Total","Aged 25-29","Value",11899
"2024","Hampstead and Highgate","E14001265","Total","Aged 30-34","Value",10963
"2024","Hampstead and Highgate","E14001265","Total","Aged 35-39","Value",9375
"2024","Hampstead and Highgate","E14001265","Total","Aged 40-44","Value",8045
"2024","Hampstead and Highgate","E14001265","Total","Aged 45-49","Value",8224
"2024","Hampstead and Highgate","E14001265","Total","Aged 50-54","Value",7927
"2024","Hampstead and Highgate","E14001265","Total","Aged 55-59","Value",7184
"2024","Hampstead and Highgate","E14001265","Total","Aged 60-64","Value",5862
"2024","Hampstead and Highgate","E14001265","Total","Aged 65-69","Value",4421
"2024","Hampstead and Highgate","E14001265","Total","Aged 70-74","Value",3735
"2024","Hampstead and Highgate","E14001265","Total","Aged 75-79","Value",3597
"2024","Hampstead and Highgate","E14001265","Total","Aged 80-84","Value",2312
"2024","Hampstead and Highgate","E14001265","Total","Aged 85+","Value",2259
"2024","Harrow East","E14001270","Total","All Ages","Value",121718
"2024","Harrow East","E14001270","Total","Age 0 - 4","Value",7061
"2024","Harrow East","E14001270","Total","Aged 5-9","Value",7312
"2024","Harrow East","E14001270","Total","Aged 10-14","Value",7218
"2024","Harrow East","E14001270","Total","Aged 15-19","Value",6933
"2024","Harrow East","E14001270","Total","Aged 20-24","Value",7555
"2024","Harrow East","E14001270","Total","Aged 25-29","Value",10209
"2024","Harrow East","E14001270","Total","Aged 30-34","Value",8660
"2024","Harrow East","E14001270","Total","Aged 35-39","Value",8876
"2024","Harrow East","E14001270","Total","Aged 40-44","Value",8406
"2024","Harrow East","E14001270","Total","Aged 45-49","Value",7758
"2024","Harrow East","E14001270","Total","Aged 50-54","Value",7060
"2024","Harrow East","E14001270","Total","Aged 55-59","Value",6822
"2024","Harrow East","E14001270","Total","Aged 60-64","Value",6657
"2024","Harrow East","E14001270","Total","Aged 65-69","Value",6236
"2024","Harrow East","E14001270","Total","Aged 70-74","Value",4930
"2024","Harrow East","E14001270","Total","Aged 75-79","Value",4038
"2024","Harrow East","E14001270","Total","Aged 80-84","Value",2824
"2024","Harrow East","E14001270","Total","Aged 85+","Value",3163
"2024","Harrow West","E14001271","Total","All Ages","Value",127794
"2024","Harrow West","E14001271","Total","Age 0 - 4","Value",8208
"2024","Harrow West","E14001271","Total","Aged 5-9","Value",8001
"2024","Harrow West","E14001271","Total","Aged 10-14","Value",8011
"2024","Harrow West","E14001271","Total","Aged 15-19","Value",8012
"2024","Harrow West","E14001271","Total","Aged 20-24","Value",7840
"2024","Harrow West","E14001271","Total","Aged 25-29","Value",11218
"2024","Harrow West","E14001271","Total","Aged 30-34","Value",10592
"2024","Harrow West","E14001271","Total","Aged 35-39","Value",10847
"2024","Harrow West","E14001271","Total","Aged 40-44","Value",9898
"2024","Harrow West","E14001271","Total","Aged 45-49","Value",8571
"2024","Harrow West","E14001271","Total","Aged 50-54","Value",7352
"2024","Harrow West","E14001271","Total","Aged 55-59","Value",7047
"2024","Harrow West","E14001271","Total","Aged 60-64","Value",6308
"2024","Harrow West","E14001271","Total","Aged 65-69","Value",4907
"2024","Harrow West","E14001271","Total","Aged 70-74","Value",3943
"2024","Harrow West","E14001271","Total","Aged 75-79","Value",3113
"2024","Harrow West","E14001271","Total","Aged 80-84","Value",1963
"2024","Harrow West","E14001271","Total","Aged 85+","Value",1963
"2024","Hayes and Harlington","E14001276","Total","All Ages","Value",141145
"2024","Hayes and Harlington","E14001276","Total","Age 0 - 4","Value",9417
"2024","Hayes and Harlington","E14001276","Total","Aged 5-9","Value",9521
"2024","Hayes and Harlington","E14001276","Total","Aged 10-14","Value",9372
"2024","Hayes and Harlington","E14001276","Total","Aged 15-19","Value",9030
"2024","Hayes and Harlington","E14001276","Total","Aged 20-24","Value",11516
"2024","Hayes and Harlington","E14001276","Total","Aged 25-29","Value",12974
"2024","Hayes and Harlington","E14001276","Total","Aged 30-34","Value",11793
"2024","Hayes and Harlington","E14001276","Total","Aged 35-39","Value",11576
"2024","Hayes and Harlington","E14001276","Total","Aged 40-44","Value",10605
"2024","Hayes and Harlington","E14001276","Total","Aged 45-49","Value",9290
"2024","Hayes and Harlington","E14001276","Total","Aged 50-54","Value",8524
"2024","Hayes and Harlington","E14001276","Total","Aged 55-59","Value",7505
"2024","Hayes and Harlington","E14001276","Total","Aged 60-64","Value",6351
"2024","Hayes and Harlington","E14001276","Total","Aged 65-69","Value",4685
"2024","Hayes and Harlington","E14001276","Total","Aged 70-74","Value",3302
"2024","Hayes and Harlington","E14001276","Total","Aged 75-79","Value",2451
"2024","Hayes and Harlington","E14001276","Total","Aged 80-84","Value",1599
"2024","Hayes and Harlington","E14001276","Total","Aged 85+","Value",1634
"2024","Hendon","E14001279","Total","All Ages","Value",139299
"2024","Hendon","E14001279","Total","Age 0 - 4","Value",8857
"2024","Hendon","E14001279","Total","Aged 5-9","Value",9006
"2024","Hendon","E14001279","Total","Aged 10-14","Value",9125
"2024","Hendon","E14001279","Total","Aged 15-19","Value",8686
"2024","Hendon","E14001279","Total","Aged 20-24","Value",9246
"2024","Hendon","E14001279","Total","Aged 25-29","Value",11936
"2024","Hendon","E14001279","Total","Aged 30-34","Value",12191
"2024","Hendon","E14001279","Total","Aged 35-39","Value",11355
"2024","Hendon","E14001279","Total","Aged 40-44","Value",10838
"2024","Hendon","E14001279","Total","Aged 45-49","Value",9470
"2024","Hendon","E14001279","Total","Aged 50-54","Value",8454
"2024","Hendon","E14001279","Total","Aged 55-59","Value",7279
"2024","Hendon","E14001279","Total","Aged 60-64","Value",6400
"2024","Hendon","E14001279","Total","Aged 65-69","Value",5119
"2024","Hendon","E14001279","Total","Aged 70-74","Value",3862
"2024","Hendon","E14001279","Total","Aged 75-79","Value",3141
"2024","Hendon","E14001279","Total","Aged 80-84","Value",1998
"2024","Hendon","E14001279","Total","Aged 85+","Value",2336
"2024","Holborn and St Pancras","E14001290","Total","All Ages","Value",111853
"2024","Holborn and St Pancras","E14001290","Total","Age 0 - 4","Value",4256
"2024","Holborn and St Pancras","E14001290","Total","Aged 5-9","Value",4272
"2024","Holborn and St Pancras","E14001290","Total","Aged 10-14","Value",4571
"2024","Holborn and St Pancras","E14001290","Total","Aged 15-19","Value",9144
"2024","Holborn and St Pancras","E14001290","Total","Aged 20-24","Value",18205
"2024","Holborn and St Pancras","E14001290","Total","Aged 25-29","Value",12984
"2024","Holborn and St Pancras","E14001290","Total","Aged 30-34","Value",9939
"2024","Holborn and St Pancras","E14001290","Total","Aged 35-39","Value",7587
"2024","Holborn and St Pancras","E14001290","Total","Aged 40-44","Value",6169
"2024","Holborn and St Pancras","E14001290","Total","Aged 45-49","Value",5765
"2024","Holborn and St Pancras","E14001290","Total","Aged 50-54","Value",5892
"2024","Holborn and St Pancras","E14001290","Total","Aged 55-59","Value",6043
"2024","Holborn and St Pancras","E14001290","Total","Aged 60-64","Value",5126
"2024","Holborn and St Pancras","E14001290","Total","Aged 65-69","Value",3827
"2024","Holborn and St Pancras","E14001290","Total","Aged 70-74","Value",2963
"2024","Holborn and St Pancras","E14001290","Total","Aged 75-79","Value",2422
"2024","Holborn and St Pancras","E14001290","Total","Aged 80-84","Value",1437
"2024","Holborn and St Pancras","E14001290","Total","Aged 85+","Value",1251
"2024","Hornchurch and Upminster","E14001292","Total","All Ages","Value",111519
"2024","Hornchurch and Upminster","E14001292","Total","Age 0 - 4","Value",6294
"2024","Hornchurch and Upminster","E14001292","Total","Aged 5-9","Value",7365
"2024","Hornchurch and Upminster","E14001292","Total","Aged 10-14","Value",7311
"2024","Hornchurch and Upminster","E14001292","Total","Aged 15-19","Value",6582
"2024","Hornchurch and Upminster","E14001292","Total","Aged 20-24","Value",5590
"2024","Hornchurch and Upminster","E14001292","Total","Aged 25-29","Value",6373
"2024","Hornchurch and Upminster","E14001292","Total","Aged 30-34","Value",7073
"2024","Hornchurch and Upminster","E14001292","Total","Aged 35-39","Value",8183
"2024","Hornchurch and Upminster","E14001292","Total","Aged 40-44","Value",8165
"2024","Hornchurch and Upminster","E14001292","Total","Aged 45-49","Value",6941
"2024","Hornchurch and Upminster","E14001292","Total","Aged 50-54","Value",6800
"2024","Hornchurch and Upminster","E14001292","Total","Aged 55-59","Value",7120
"2024","Hornchurch and Upminster","E14001292","Total","Aged 60-64","Value",6545
"2024","Hornchurch and Upminster","E14001292","Total","Aged 65-69","Value",5423
"2024","Hornchurch and Upminster","E14001292","Total","Aged 70-74","Value",4841
"2024","Hornchurch and Upminster","E14001292","Total","Aged 75-79","Value",4685
"2024","Hornchurch and Upminster","E14001292","Total","Aged 80-84","Value",2843
"2024","Hornchurch and Upminster","E14001292","Total","Aged 85+","Value",3385
"2024","Hornsey and Friern Barnet","E14001293","Total","All Ages","Value",101598
"2024","Hornsey and Friern Barnet","E14001293","Total","Age 0 - 4","Value",5269
"2024","Hornsey and Friern Barnet","E14001293","Total","Aged 5-9","Value",5531
"2024","Hornsey and Friern Barnet","E14001293","Total","Aged 10-14","Value",5896
"2024","Hornsey and Friern Barnet","E14001293","Total","Aged 15-19","Value",5462
"2024","Hornsey and Friern Barnet","E14001293","Total","Aged 20-24","Value",5103
"2024","Hornsey and Friern Barnet","E14001293","Total","Aged 25-29","Value",8396
"2024","Hornsey and Friern Barnet","E14001293","Total","Aged 30-34","Value",8734
"2024","Hornsey and Friern Barnet","E14001293","Total","Aged 35-39","Value",8335
"2024","Hornsey and Friern Barnet","E14001293","Total","Aged 40-44","Value",8023
"2024","Hornsey and Friern Barnet","E14001293","Total","Aged 45-49","Value",7535
"2024","Hornsey and Friern Barnet","E14001293","Total","Aged 50-54","Value",7322
"2024","Hornsey and Friern Barnet","E14001293","Total","Aged 55-59","Value",6759
"2024","Hornsey and Friern Barnet","E14001293","Total","Aged 60-64","Value",5558
"2024","Hornsey and Friern Barnet","E14001293","Total","Aged 65-69","Value",4154
"2024","Hornsey and Friern Barnet","E14001293","Total","Aged 70-74","Value",3445
"2024","Hornsey and Friern Barnet","E14001293","Total","Aged 75-79","Value",2863
"2024","Hornsey and Friern Barnet","E14001293","Total","Aged 80-84","Value",1603
"2024","Hornsey and Friern Barnet","E14001293","Total","Aged 85+","Value",1610
"2024","Ilford North","E14001300","Total","All Ages","Value",124236
"2024","Ilford North","E14001300","Total","Age 0 - 4","Value",7988
"2024","Ilford North","E14001300","Total","Aged 5-9","Value",8105
"2024","Ilford North","E14001300","Total","Aged 10-14","Value",8149
"2024","Ilford North","E14001300","Total","Aged 15-19","Value",8043
"2024","Ilford North","E14001300","Total","Aged 20-24","Value",8315
"2024","Ilford North","E14001300","Total","Aged 25-29","Value",10338
"2024","Ilford North","E14001300","Total","Aged 30-34","Value",9244
"2024","Ilford North","E14001300","Total","Aged 35-39","Value",9168
"2024","Ilford North","E14001300","Total","Aged 40-44","Value",9593
"2024","Ilford North","E14001300","Total","Aged 45-49","Value",8494
"2024","Ilford North","E14001300","Total","Aged 50-54","Value",7507
"2024","Ilford North","E14001300","Total","Aged 55-59","Value",6984
"2024","Ilford North","E14001300","Total","Aged 60-64","Value",5836
"2024","Ilford North","E14001300","Total","Aged 65-69","Value",5048
"2024","Ilford North","E14001300","Total","Aged 70-74","Value",3888
"2024","Ilford North","E14001300","Total","Aged 75-79","Value",3243
"2024","Ilford North","E14001300","Total","Aged 80-84","Value",2040
"2024","Ilford North","E14001300","Total","Aged 85+","Value",2253
"2024","Ilford South","E14001301","Total","All Ages","Value",138320
"2024","Ilford South","E14001301","Total","Age 0 - 4","Value",10413
"2024","Ilford South","E14001301","Total","Aged 5-9","Value",10224
"2024","Ilford South","E14001301","Total","Aged 10-14","Value",10004
"2024","Ilford South","E14001301","Total","Aged 15-19","Value",9949
"2024","Ilford South","E14001301","Total","Aged 20-24","Value",10824
"2024","Ilford South","E14001301","Total","Aged 25-29","Value",13199
"2024","Ilford South","E14001301","Total","Aged 30-34","Value",10691
"2024","Ilford South","E14001301","Total","Aged 35-39","Value",10611
"2024","Ilford South","E14001301","Total","Aged 40-44","Value",10317
"2024","Ilford South","E14001301","Total","Aged 45-49","Value",9274
"2024","Ilford South","E14001301","Total","Aged 50-54","Value",7628
"2024","Ilford South","E14001301","Total","Aged 55-59","Value",6410
"2024","Ilford South","E14001301","Total","Aged 60-64","Value",5478
"2024","Ilford South","E14001301","Total","Aged 65-69","Value",4322
"2024","Ilford South","E14001301","Total","Aged 70-74","Value",3409
"2024","Ilford South","E14001301","Total","Aged 75-79","Value",2297
"2024","Ilford South","E14001301","Total","Aged 80-84","Value",1577
"2024","Ilford South","E14001301","Total","Aged 85+","Value",1693
"2024","Islington North","E14001305","Total","All Ages","Value",111022
"2024","Islington North","E14001305","Total","Age 0 - 4","Value",5373
"2024","Islington North","E14001305","Total","Aged 5-9","Value",5106
"2024","Islington North","E14001305","Total","Aged 10-14","Value",5288
"2024","Islington North","E14001305","Total","Aged 15-19","Value",5577
"2024","Islington North","E14001305","Total","Aged 20-24","Value",9163
"2024","Islington North","E14001305","Total","Aged 25-29","Value",15087
"2024","Islington North","E14001305","Total","Aged 30-34","Value",13537
"2024","Islington North","E14001305","Total","Aged 35-39","Value",9599
"2024","Islington North","E14001305","Total","Aged 40-44","Value",7615
"2024","Islington North","E14001305","Total","Aged 45-49","Value",6356
"2024","Islington North","E14001305","Total","Aged 50-54","Value",6056
"2024","Islington North","E14001305","Total","Aged 55-59","Value",6148
"2024","Islington North","E14001305","Total","Aged 60-64","Value",5257
"2024","Islington North","E14001305","Total","Aged 65-69","Value",3489
"2024","Islington North","E14001305","Total","Aged 70-74","Value",2706
"2024","Islington North","E14001305","Total","Aged 75-79","Value",2117
"2024","Islington North","E14001305","Total","Aged 80-84","Value",1331
"2024","Islington North","E14001305","Total","Aged 85+","Value",1217
"2024","Islington South and Finsbury","E14001306","Total","All Ages","Value",121361
"2024","Islington South and Finsbury","E14001306","Total","Age 0 - 4","Value",5748
"2024","Islington South and Finsbury","E14001306","Total","Aged 5-9","Value",4916
"2024","Islington South and Finsbury","E14001306","Total","Aged 10-14","Value",4702
"2024","Islington South and Finsbury","E14001306","Total","Aged 15-19","Value",6648
"2024","Islington South and Finsbury","E14001306","Total","Aged 20-24","Value",13264
"2024","Islington South and Finsbury","E14001306","Total","Aged 25-29","Value",16845
"2024","Islington South and Finsbury","E14001306","Total","Aged 30-34","Value",15533
"2024","Islington South and Finsbury","E14001306","Total","Aged 35-39","Value",10304
"2024","Islington South and Finsbury","E14001306","Total","Aged 40-44","Value",7427
"2024","Islington South and Finsbury","E14001306","Total","Aged 45-49","Value",6459
"2024","Islington South and Finsbury","E14001306","Total","Aged 50-54","Value",6301
"2024","Islington South and Finsbury","E14001306","Total","Aged 55-59","Value",6269
"2024","Islington South and Finsbury","E14001306","Total","Aged 60-64","Value",5371
"2024","Islington South and Finsbury","E14001306","Total","Aged 65-69","Value",3877
"2024","Islington South and Finsbury","E14001306","Total","Aged 70-74","Value",2780
"2024","Islington South and Finsbury","E14001306","Total","Aged 75-79","Value",2338
"2024","Islington South and Finsbury","E14001306","Total","Aged 80-84","Value",1339
"2024","Islington South and Finsbury","E14001306","Total","Aged 85+","Value",1240
"2024","Kensington and Bayswater","E14001310","Total","All Ages","Value",132388
"2024","Kensington and Bayswater","E14001310","Total","Age 0 - 4","Value",6081
"2024","Kensington and Bayswater","E14001310","Total","Aged 5-9","Value",5517
"2024","Kensington and Bayswater","E14001310","Total","Aged 10-14","Value",5430
"2024","Kensington and Bayswater","E14001310","Total","Aged 15-19","Value",5739
"2024","Kensington and Bayswater","E14001310","Total","Aged 20-24","Value",11381
"2024","Kensington and Bayswater","E14001310","Total","Aged 25-29","Value",14972
"2024","Kensington and Bayswater","E14001310","Total","Aged 30-34","Value",11792
"2024","Kensington and Bayswater","E14001310","Total","Aged 35-39","Value",10058
"2024","Kensington and Bayswater","E14001310","Total","Aged 40-44","Value",8801
"2024","Kensington and Bayswater","E14001310","Total","Aged 45-49","Value",8378
"2024","Kensington and Bayswater","E14001310","Total","Aged 50-54","Value",8983
"2024","Kensington and Bayswater","E14001310","Total","Aged 55-59","Value",9017
"2024","Kensington and Bayswater","E14001310","Total","Aged 60-64","Value",8064
"2024","Kensington and Bayswater","E14001310","Total","Aged 65-69","Value",5498
"2024","Kensington and Bayswater","E14001310","Total","Aged 70-74","Value",4315
"2024","Kensington and Bayswater","E14001310","Total","Aged 75-79","Value",3938
"2024","Kensington and Bayswater","E14001310","Total","Aged 80-84","Value",2461
"2024","Kensington and Bayswater","E14001310","Total","Aged 85+","Value",1963
"2024","Kingston and Surbiton","E14001312","Total","All Ages","Value",118904
"2024","Kingston and Surbiton","E14001312","Total","Age 0 - 4","Value",6357
"2024","Kingston and Surbiton","E14001312","Total","Aged 5-9","Value",7107
"2024","Kingston and Surbiton","E14001312","Total","Aged 10-14","Value",7177
"2024","Kingston and Surbiton","E14001312","Total","Aged 15-19","Value",7273
"2024","Kingston and Surbiton","E14001312","Total","Aged 20-24","Value",8652
"2024","Kingston and Surbiton","E14001312","Total","Aged 25-29","Value",8453
"2024","Kingston and Surbiton","E14001312","Total","Aged 30-34","Value",9157
"2024","Kingston and Surbiton","E14001312","Total","Aged 35-39","Value",9387
"2024","Kingston and Surbiton","E14001312","Total","Aged 40-44","Value",9198
"2024","Kingston and Surbiton","E14001312","Total","Aged 45-49","Value",8639
"2024","Kingston and Surbiton","E14001312","Total","Aged 50-54","Value",7900
"2024","Kingston and Surbiton","E14001312","Total","Aged 55-59","Value",7019
"2024","Kingston and Surbiton","E14001312","Total","Aged 60-64","Value",5850
"2024","Kingston and Surbiton","E14001312","Total","Aged 65-69","Value",4708
"2024","Kingston and Surbiton","E14001312","Total","Aged 70-74","Value",4002
"2024","Kingston and Surbiton","E14001312","Total","Aged 75-79","Value",3605
"2024","Kingston and Surbiton","E14001312","Total","Aged 80-84","Value",2165
"2024","Kingston and Surbiton","E14001312","Total","Aged 85+","Value",2255
"2024","Lewisham East","E14001331","Total","All Ages","Value",117847
"2024","Lewisham East","E14001331","Total","Age 0 - 4","Value",7368
"2024","Lewisham East","E14001331","Total","Aged 5-9","Value",7351
"2024","Lewisham East","E14001331","Total","Aged 10-14","Value",7264
"2024","Lewisham East","E14001331","Total","Aged 15-19","Value",6910
"2024","Lewisham East","E14001331","Total","Aged 20-24","Value",6677
"2024","Lewisham East","E14001331","Total","Aged 25-29","Value",8681
"2024","Lewisham East","E14001331","Total","Aged 30-34","Value",9954
"2024","Lewisham East","E14001331","Total","Aged 35-39","Value",10123
"2024","Lewisham East","E14001331","Total","Aged 40-44","Value",9268
"2024","Lewisham East","E14001331","Total","Aged 45-49","Value",8063
"2024","Lewisham East","E14001331","Total","Aged 50-54","Value",7696
"2024","Lewisham East","E14001331","Total","Aged 55-59","Value",7651
"2024","Lewisham East","E14001331","Total","Aged 60-64","Value",6775
"2024","Lewisham East","E14001331","Total","Aged 65-69","Value",4769
"2024","Lewisham East","E14001331","Total","Aged 70-74","Value",3110
"2024","Lewisham East","E14001331","Total","Aged 75-79","Value",2453
"2024","Lewisham East","E14001331","Total","Aged 80-84","Value",1785
"2024","Lewisham East","E14001331","Total","Aged 85+","Value",1949
"2024","Lewisham North","E14001332","Total","All Ages","Value",117247
"2024","Lewisham North","E14001332","Total","Age 0 - 4","Value",6029
"2024","Lewisham North","E14001332","Total","Aged 5-9","Value",5854
"2024","Lewisham North","E14001332","Total","Aged 10-14","Value",5823
"2024","Lewisham North","E14001332","Total","Aged 15-19","Value",6067
"2024","Lewisham North","E14001332","Total","Aged 20-24","Value",9367
"2024","Lewisham North","E14001332","Total","Aged 25-29","Value",13606
"2024","Lewisham North","E14001332","Total","Aged 30-34","Value",14376
"2024","Lewisham North","E14001332","Total","Aged 35-39","Value",11013
"2024","Lewisham North","E14001332","Total","Aged 40-44","Value",8813
"2024","Lewisham North","E14001332","Total","Aged 45-49","Value",7561
"2024","Lewisham North","E14001332","Total","Aged 50-54","Value",7109
"2024","Lewisham North","E14001332","Total","Aged 55-59","Value",6680
"2024","Lewisham North","E14001332","Total","Aged 60-64","Value",5524
"2024","Lewisham North","E14001332","Total","Aged 65-69","Value",3486
"2024","Lewisham North","E14001332","Total","Aged 70-74","Value",2279
"2024","Lewisham North","E14001332","Total","Aged 75-79","Value",1627
"2024","Lewisham North","E14001332","Total","Aged 80-84","Value",1094
"2024","Lewisham North","E14001332","Total","Aged 85+","Value",939
"2024","Lewisham West and East Dulwich","E14001333","Total","All Ages","Value",99311
"2024","Lewisham West and East Dulwich","E14001333","Total","Age 0 - 4","Value",6464
"2024","Lewisham West and East Dulwich","E14001333","Total","Aged 5-9","Value",5925
"2024","Lewisham West and East Dulwich","E14001333","Total","Aged 10-14","Value",5582
"2024","Lewisham West and East Dulwich","E14001333","Total","Aged 15-19","Value",4932
"2024","Lewisham West and East Dulwich","E14001333","Total","Aged 20-24","Value",4759
"2024","Lewisham West and East Dulwich","E14001333","Total","Aged 25-29","Value",7892
"2024","Lewisham West and East Dulwich","E14001333","Total","Aged 30-34","Value",10788
"2024","Lewisham West and East Dulwich","E14001333","Total","Aged 35-39","Value",9366
"2024","Lewisham West and East Dulwich","E14001333","Total","Aged 40-44","Value",8080
"2024","Lewisham West and East Dulwich","E14001333","Total","Aged 45-49","Value",7143
"2024","Lewisham West and East Dulwich","E14001333","Total","Aged 50-54","Value",6414
"2024","Lewisham West and East Dulwich","E14001333","Total","Aged 55-59","Value",5785
"2024","Lewisham West and East Dulwich","E14001333","Total","Aged 60-64","Value",5271
"2024","Lewisham West and East Dulwich","E14001333","Total","Aged 65-69","Value",3606
"2024","Lewisham West and East Dulwich","E14001333","Total","Aged 70-74","Value",2614
"2024","Lewisham West and East Dulwich","E14001333","Total","Aged 75-79","Value",1994
"2024","Lewisham West and East Dulwich","E14001333","Total","Aged 80-84","Value",1257
"2024","Lewisham West and East Dulwich","E14001333","Total","Aged 85+","Value",1439
"2024","Leyton and Wanstead","E14001334","Total","All Ages","Value",116726
"2024","Leyton and Wanstead","E14001334","Total","Age 0 - 4","Value",8002
"2024","Leyton and Wanstead","E14001334","Total","Aged 5-9","Value",6994
"2024","Leyton and Wanstead","E14001334","Total","Aged 10-14","Value",6638
"2024","Leyton and Wanstead","E14001334","Total","Aged 15-19","Value",5996
"2024","Leyton and Wanstead","E14001334","Total","Aged 20-24","Value",6340
"2024","Leyton and Wanstead","E14001334","Total","Aged 25-29","Value",9359
"2024","Leyton and Wanstead","E14001334","Total","Aged 30-34","Value",11180
"2024","Leyton and Wanstead","E14001334","Total","Aged 35-39","Value",11536
"2024","Leyton and Wanstead","E14001334","Total","Aged 40-44","Value",9895
"2024","Leyton and Wanstead","E14001334","Total","Aged 45-49","Value",8388
"2024","Leyton and Wanstead","E14001334","Total","Aged 50-54","Value",6944
"2024","Leyton and Wanstead","E14001334","Total","Aged 55-59","Value",6368
"2024","Leyton and Wanstead","E14001334","Total","Aged 60-64","Value",5747
"2024","Leyton and Wanstead","E14001334","Total","Aged 65-69","Value",4144
"2024","Leyton and Wanstead","E14001334","Total","Aged 70-74","Value",3382
"2024","Leyton and Wanstead","E14001334","Total","Aged 75-79","Value",2670
"2024","Leyton and Wanstead","E14001334","Total","Aged 80-84","Value",1620
"2024","Leyton and Wanstead","E14001334","Total","Aged 85+","Value",1523
"2024","Mitcham and Morden","E14001371","Total","All Ages","Value",126180
"2024","Mitcham and Morden","E14001371","Total","Age 0 - 4","Value",7200
"2024","Mitcham and Morden","E14001371","Total","Aged 5-9","Value",7789
"2024","Mitcham and Morden","E14001371","Total","Aged 10-14","Value",7764
"2024","Mitcham and Morden","E14001371","Total","Aged 15-19","Value",7445
"2024","Mitcham and Morden","E14001371","Total","Aged 20-24","Value",7408
"2024","Mitcham and Morden","E14001371","Total","Aged 25-29","Value",10411
"2024","Mitcham and Morden","E14001371","Total","Aged 30-34","Value",10451
"2024","Mitcham and Morden","E14001371","Total","Aged 35-39","Value",10328
"2024","Mitcham and Morden","E14001371","Total","Aged 40-44","Value",10105
"2024","Mitcham and Morden","E14001371","Total","Aged 45-49","Value",8854
"2024","Mitcham and Morden","E14001371","Total","Aged 50-54","Value",8055
"2024","Mitcham and Morden","E14001371","Total","Aged 55-59","Value",7835
"2024","Mitcham and Morden","E14001371","Total","Aged 60-64","Value",6764
"2024","Mitcham and Morden","E14001371","Total","Aged 65-69","Value",4954
"2024","Mitcham and Morden","E14001371","Total","Aged 70-74","Value",3820
"2024","Mitcham and Morden","E14001371","Total","Aged 75-79","Value",2997
"2024","Mitcham and Morden","E14001371","Total","Aged 80-84","Value",1953
"2024","Mitcham and Morden","E14001371","Total","Aged 85+","Value",2047
"2024","Old Bexley and Sidcup","E14001414","Total","All Ages","Value",103301
"2024","Old Bexley and Sidcup","E14001414","Total","Age 0 - 4","Value",5612
"2024","Old Bexley and Sidcup","E14001414","Total","Aged 5-9","Value",6299
"2024","Old Bexley and Sidcup","E14001414","Total","Aged 10-14","Value",6380
"2024","Old Bexley and Sidcup","E14001414","Total","Aged 15-19","Value",5958
"2024","Old Bexley and Sidcup","E14001414","Total","Aged 20-24","Value",5644
"2024","Old Bexley and Sidcup","E14001414","Total","Aged 25-29","Value",5792
"2024","Old Bexley and Sidcup","E14001414","Total","Aged 30-34","Value",6757
"2024","Old Bexley and Sidcup","E14001414","Total","Aged 35-39","Value",7417
"2024","Old Bexley and Sidcup","E14001414","Total","Aged 40-44","Value",7484
"2024","Old Bexley and Sidcup","E14001414","Total","Aged 45-49","Value",6598
"2024","Old Bexley and Sidcup","E14001414","Total","Aged 50-54","Value",6600
"2024","Old Bexley and Sidcup","E14001414","Total","Aged 55-59","Value",6770
"2024","Old Bexley and Sidcup","E14001414","Total","Aged 60-64","Value",6313
"2024","Old Bexley and Sidcup","E14001414","Total","Aged 65-69","Value",5049
"2024","Old Bexley and Sidcup","E14001414","Total","Aged 70-74","Value",4292
"2024","Old Bexley and Sidcup","E14001414","Total","Aged 75-79","Value",4268
"2024","Old Bexley and Sidcup","E14001414","Total","Aged 80-84","Value",2881
"2024","Old Bexley and Sidcup","E14001414","Total","Aged 85+","Value",3187
"2024","Orpington","E14001417","Total","All Ages","Value",99505
"2024","Orpington","E14001417","Total","Age 0 - 4","Value",5467
"2024","Orpington","E14001417","Total","Aged 5-9","Value",6550
"2024","Orpington","E14001417","Total","Aged 10-14","Value",6667
"2024","Orpington","E14001417","Total","Aged 15-19","Value",5894
"2024","Orpington","E14001417","Total","Aged 20-24","Value",4458
"2024","Orpington","E14001417","Total","Aged 25-29","Value",4956
"2024","Orpington","E14001417","Total","Aged 30-34","Value",5734
"2024","Orpington","E14001417","Total","Aged 35-39","Value",6885
"2024","Orpington","E14001417","Total","Aged 40-44","Value",7295
"2024","Orpington","E14001417","Total","Aged 45-49","Value",6759
"2024","Orpington","E14001417","Total","Aged 50-54","Value",6610
"2024","Orpington","E14001417","Total","Aged 55-59","Value",6802
"2024","Orpington","E14001417","Total","Aged 60-64","Value",6198
"2024","Orpington","E14001417","Total","Aged 65-69","Value",4680
"2024","Orpington","E14001417","Total","Aged 70-74","Value",4196
"2024","Orpington","E14001417","Total","Aged 75-79","Value",4414
"2024","Orpington","E14001417","Total","Aged 80-84","Value",2868
"2024","Orpington","E14001417","Total","Aged 85+","Value",3072
"2024","Peckham","E14001421","Total","All Ages","Value",111865
"2024","Peckham","E14001421","Total","Age 0 - 4","Value",5652
"2024","Peckham","E14001421","Total","Aged 5-9","Value",5381
"2024","Peckham","E14001421","Total","Aged 10-14","Value",5636
"2024","Peckham","E14001421","Total","Aged 15-19","Value",6671
"2024","Peckham","E14001421","Total","Aged 20-24","Value",10350
"2024","Peckham","E14001421","Total","Aged 25-29","Value",14061
"2024","Peckham","E14001421","Total","Aged 30-34","Value",12524
"2024","Peckham","E14001421","Total","Aged 35-39","Value",9111
"2024","Peckham","E14001421","Total","Aged 40-44","Value",7168
"2024","Peckham","E14001421","Total","Aged 45-49","Value",6573
"2024","Peckham","E14001421","Total","Aged 50-54","Value",6689
"2024","Peckham","E14001421","Total","Aged 55-59","Value",6498
"2024","Peckham","E14001421","Total","Aged 60-64","Value",5529
"2024","Peckham","E14001421","Total","Aged 65-69","Value",3671
"2024","Peckham","E14001421","Total","Aged 70-74","Value",2301
"2024","Peckham","E14001421","Total","Aged 75-79","Value",1760
"2024","Peckham","E14001421","Total","Aged 80-84","Value",1189
"2024","Peckham","E14001421","Total","Aged 85+","Value",1101
"2024","Poplar and Limehouse","E14001430","Total","All Ages","Value",149371
"2024","Poplar and Limehouse","E14001430","Total","Age 0 - 4","Value",8623
"2024","Poplar and Limehouse","E14001430","Total","Aged 5-9","Value",7579
"2024","Poplar and Limehouse","E14001430","Total","Aged 10-14","Value",7570
"2024","Poplar and Limehouse","E14001430","Total","Aged 15-19","Value",8157
"2024","Poplar and Limehouse","E14001430","Total","Aged 20-24","Value",16395
"2024","Poplar and Limehouse","E14001430","Total","Aged 25-29","Value",23422
"2024","Poplar and Limehouse","E14001430","Total","Aged 30-34","Value",19269
"2024","Poplar and Limehouse","E14001430","Total","Aged 35-39","Value",14622
"2024","Poplar and Limehouse","E14001430","Total","Aged 40-44","Value",11284
"2024","Poplar and Limehouse","E14001430","Total","Aged 45-49","Value",8755
"2024","Poplar and Limehouse","E14001430","Total","Aged 50-54","Value",6694
"2024","Poplar and Limehouse","E14001430","Total","Aged 55-59","Value",5426
"2024","Poplar and Limehouse","E14001430","Total","Aged 60-64","Value",3921
"2024","Poplar and Limehouse","E14001430","Total","Aged 65-69","Value",2898
"2024","Poplar and Limehouse","E14001430","Total","Aged 70-74","Value",2080
"2024","Poplar and Limehouse","E14001430","Total","Aged 75-79","Value",1288
"2024","Poplar and Limehouse","E14001430","Total","Aged 80-84","Value",675
"2024","Poplar and Limehouse","E14001430","Total","Aged 85+","Value",713
"2024","Putney","E14001434","Total","All Ages","Value",113653
"2024","Putney","E14001434","Total","Age 0 - 4","Value",6167
"2024","Putney","E14001434","Total","Aged 5-9","Value",5819
"2024","Putney","E14001434","Total","Aged 10-14","Value",5718
"2024","Putney","E14001434","Total","Aged 15-19","Value",5477
"2024","Putney","E14001434","Total","Aged 20-24","Value",7519
"2024","Putney","E14001434","Total","Aged 25-29","Value",14255
"2024","Putney","E14001434","Total","Aged 30-34","Value",12849
"2024","Putney","E14001434","Total","Aged 35-39","Value",9560
"2024","Putney","E14001434","Total","Aged 40-44","Value",8441
"2024","Putney","E14001434","Total","Aged 45-49","Value",7492
"2024","Putney","E14001434","Total","Aged 50-54","Value",6807
"2024","Putney","E14001434","Total","Aged 55-59","Value",5925
"2024","Putney","E14001434","Total","Aged 60-64","Value",4998
"2024","Putney","E14001434","Total","Aged 65-69","Value",3603
"2024","Putney","E14001434","Total","Aged 70-74","Value",3067
"2024","Putney","E14001434","Total","Aged 75-79","Value",2608
"2024","Putney","E14001434","Total","Aged 80-84","Value",1672
"2024","Putney","E14001434","Total","Aged 85+","Value",1676
"2024","Queen's Park and Maida Vale","E14001435","Total","All Ages","Value",124662
"2024","Queen's Park and Maida Vale","E14001435","Total","Age 0 - 4","Value",7083
"2024","Queen's Park and Maida Vale","E14001435","Total","Aged 5-9","Value",6235
"2024","Queen's Park and Maida Vale","E14001435","Total","Aged 10-14","Value",6355
"2024","Queen's Park and Maida Vale","E14001435","Total","Aged 15-19","Value",7245
"2024","Queen's Park and Maida Vale","E14001435","Total","Aged 20-24","Value",9845
"2024","Queen's Park and Maida Vale","E14001435","Total","Aged 25-29","Value",12767
"2024","Queen's Park and Maida Vale","E14001435","Total","Aged 30-34","Value",11398
"2024","Queen's Park and Maida Vale","E14001435","Total","Aged 35-39","Value",9307
"2024","Queen's Park and Maida Vale","E14001435","Total","Aged 40-44","Value",8341
"2024","Queen's Park and Maida Vale","E14001435","Total","Aged 45-49","Value",8084
"2024","Queen's Park and Maida Vale","E14001435","Total","Aged 50-54","Value",8465
"2024","Queen's Park and Maida Vale","E14001435","Total","Aged 55-59","Value",8711
"2024","Queen's Park and Maida Vale","E14001435","Total","Aged 60-64","Value",6765
"2024","Queen's Park and Maida Vale","E14001435","Total","Aged 65-69","Value",4779
"2024","Queen's Park and Maida Vale","E14001435","Total","Aged 70-74","Value",3390
"2024","Queen's Park and Maida Vale","E14001435","Total","Aged 75-79","Value",2535
"2024","Queen's Park and Maida Vale","E14001435","Total","Aged 80-84","Value",1719
"2024","Queen's Park and Maida Vale","E14001435","Total","Aged 85+","Value",1638
"2024","Richmond Park","E14001445","Total","All Ages","Value",112235
"2024","Richmond Park","E14001445","Total","Age 0 - 4","Value",5771
"2024","Richmond Park","E14001445","Total","Aged 5-9","Value",7368
"2024","Richmond Park","E14001445","Total","Aged 10-14","Value",8175
"2024","Richmond Park","E14001445","Total","Aged 15-19","Value",6525
"2024","Richmond Park","E14001445","Total","Aged 20-24","Value",4575
"2024","Richmond Park","E14001445","Total","Aged 25-29","Value",6274
"2024","Richmond Park","E14001445","Total","Aged 30-34","Value",6781
"2024","Richmond Park","E14001445","Total","Aged 35-39","Value",7615
"2024","Richmond Park","E14001445","Total","Aged 40-44","Value",8853
"2024","Richmond Park","E14001445","Total","Aged 45-49","Value",8993
"2024","Richmond Park","E14001445","Total","Aged 50-54","Value",8733
"2024","Richmond Park","E14001445","Total","Aged 55-59","Value",7722
"2024","Richmond Park","E14001445","Total","Aged 60-64","Value",6422
"2024","Richmond Park","E14001445","Total","Aged 65-69","Value",4780
"2024","Richmond Park","E14001445","Total","Aged 70-74","Value",4218
"2024","Richmond Park","E14001445","Total","Aged 75-79","Value",4215
"2024","Richmond Park","E14001445","Total","Aged 80-84","Value",2681
"2024","Richmond Park","E14001445","Total","Aged 85+","Value",2534
"2024","Romford","E14001448","Total","All Ages","Value",114165
"2024","Romford","E14001448","Total","Age 0 - 4","Value",7469
"2024","Romford","E14001448","Total","Aged 5-9","Value",7805
"2024","Romford","E14001448","Total","Aged 10-14","Value",7030
"2024","Romford","E14001448","Total","Aged 15-19","Value",6270
"2024","Romford","E14001448","Total","Aged 20-24","Value",5943
"2024","Romford","E14001448","Total","Aged 25-29","Value",7828
"2024","Romford","E14001448","Total","Aged 30-34","Value",8818
"2024","Romford","E14001448","Total","Aged 35-39","Value",9316
"2024","Romford","E14001448","Total","Aged 40-44","Value",8427
"2024","Romford","E14001448","Total","Aged 45-49","Value",7083
"2024","Romford","E14001448","Total","Aged 50-54","Value",6762
"2024","Romford","E14001448","Total","Aged 55-59","Value",6666
"2024","Romford","E14001448","Total","Aged 60-64","Value",6036
"2024","Romford","E14001448","Total","Aged 65-69","Value",5053
"2024","Romford","E14001448","Total","Aged 70-74","Value",4187
"2024","Romford","E14001448","Total","Aged 75-79","Value",4098
"2024","Romford","E14001448","Total","Aged 80-84","Value",2617
"2024","Romford","E14001448","Total","Aged 85+","Value",2757
"2024","Ruislip, Northwood and Pinner","E14001454","Total","All Ages","Value",101288
"2024","Ruislip, Northwood and Pinner","E14001454","Total","Age 0 - 4","Value",5546
"2024","Ruislip, Northwood and Pinner","E14001454","Total","Aged 5-9","Value",5891
"2024","Ruislip, Northwood and Pinner","E14001454","Total","Aged 10-14","Value",6365
"2024","Ruislip, Northwood and Pinner","E14001454","Total","Aged 15-19","Value",5549
"2024","Ruislip, Northwood and Pinner","E14001454","Total","Aged 20-24","Value",4513
"2024","Ruislip, Northwood and Pinner","E14001454","Total","Aged 25-29","Value",5645
"2024","Ruislip, Northwood and Pinner","E14001454","Total","Aged 30-34","Value",5899
"2024","Ruislip, Northwood and Pinner","E14001454","Total","Aged 35-39","Value",6905
"2024","Ruislip, Northwood and Pinner","E14001454","Total","Aged 40-44","Value",7740
"2024","Ruislip, Northwood and Pinner","E14001454","Total","Aged 45-49","Value",7059
"2024","Ruislip, Northwood and Pinner","E14001454","Total","Aged 50-54","Value",6438
"2024","Ruislip, Northwood and Pinner","E14001454","Total","Aged 55-59","Value",6238
"2024","Ruislip, Northwood and Pinner","E14001454","Total","Aged 60-64","Value",6115
"2024","Ruislip, Northwood and Pinner","E14001454","Total","Aged 65-69","Value",5308
"2024","Ruislip, Northwood and Pinner","E14001454","Total","Aged 70-74","Value",4629
"2024","Ruislip, Northwood and Pinner","E14001454","Total","Aged 75-79","Value",4612
"2024","Ruislip, Northwood and Pinner","E14001454","Total","Aged 80-84","Value",3240
"2024","Ruislip, Northwood and Pinner","E14001454","Total","Aged 85+","Value",3596
"2024","Southgate and Wood Green","E14001503","Total","All Ages","Value",127670
"2024","Southgate and Wood Green","E14001503","Total","Age 0 - 4","Value",7081
"2024","Southgate and Wood Green","E14001503","Total","Aged 5-9","Value",6908
"2024","Southgate and Wood Green","E14001503","Total","Aged 10-14","Value",7295
"2024","Southgate and Wood Green","E14001503","Total","Aged 15-19","Value",7255
"2024","Southgate and Wood Green","E14001503","Total","Aged 20-24","Value",7377
"2024","Southgate and Wood Green","E14001503","Total","Aged 25-29","Value",9774
"2024","Southgate and Wood Green","E14001503","Total","Aged 30-34","Value",9629
"2024","Southgate and Wood Green","E14001503","Total","Aged 35-39","Value",10218
"2024","Southgate and Wood Green","E14001503","Total","Aged 40-44","Value",10045
"2024","Southgate and Wood Green","E14001503","Total","Aged 45-49","Value",9115
"2024","Southgate and Wood Green","E14001503","Total","Aged 50-54","Value",8475
"2024","Southgate and Wood Green","E14001503","Total","Aged 55-59","Value",8165
"2024","Southgate and Wood Green","E14001503","Total","Aged 60-64","Value",7360
"2024","Southgate and Wood Green","E14001503","Total","Aged 65-69","Value",5512
"2024","Southgate and Wood Green","E14001503","Total","Aged 70-74","Value",4262
"2024","Southgate and Wood Green","E14001503","Total","Aged 75-79","Value",3592
"2024","Southgate and Wood Green","E14001503","Total","Aged 80-84","Value",2657
"2024","Southgate and Wood Green","E14001503","Total","Aged 85+","Value",2950
"2024","Stratford and Bow","E14001525","Total","All Ages","Value",138009
"2024","Stratford and Bow","E14001525","Total","Age 0 - 4","Value",9007
"2024","Stratford and Bow","E14001525","Total","Aged 5-9","Value",6923
"2024","Stratford and Bow","E14001525","Total","Aged 10-14","Value",6646
"2024","Stratford and Bow","E14001525","Total","Aged 15-19","Value",7266
"2024","Stratford and Bow","E14001525","Total","Aged 20-24","Value",14055
"2024","Stratford and Bow","E14001525","Total","Aged 25-29","Value",20226
"2024","Stratford and Bow","E14001525","Total","Aged 30-34","Value",16895
"2024","Stratford and Bow","E14001525","Total","Aged 35-39","Value",13038
"2024","Stratford and Bow","E14001525","Total","Aged 40-44","Value",10329
"2024","Stratford and Bow","E14001525","Total","Aged 45-49","Value",7450
"2024","Stratford and Bow","E14001525","Total","Aged 50-54","Value",6472
"2024","Stratford and Bow","E14001525","Total","Aged 55-59","Value",5413
"2024","Stratford and Bow","E14001525","Total","Aged 60-64","Value",4715
"2024","Stratford and Bow","E14001525","Total","Aged 65-69","Value",3351
"2024","Stratford and Bow","E14001525","Total","Aged 70-74","Value",2389
"2024","Stratford and Bow","E14001525","Total","Aged 75-79","Value",1599
"2024","Stratford and Bow","E14001525","Total","Aged 80-84","Value",982
"2024","Stratford and Bow","E14001525","Total","Aged 85+","Value",1253
"2024","Streatham and Croydon North","E14001527","Total","All Ages","Value",120754
"2024","Streatham and Croydon North","E14001527","Total","Age 0 - 4","Value",7022
"2024","Streatham and Croydon North","E14001527","Total","Aged 5-9","Value",6554
"2024","Streatham and Croydon North","E14001527","Total","Aged 10-14","Value",6462
"2024","Streatham and Croydon North","E14001527","Total","Aged 15-19","Value",6784
"2024","Streatham and Croydon North","E14001527","Total","Aged 20-24","Value",6836
"2024","Streatham and Croydon North","E14001527","Total","Aged 25-29","Value",11295
"2024","Streatham and Croydon North","E14001527","Total","Aged 30-34","Value",11954
"2024","Streatham and Croydon North","E14001527","Total","Aged 35-39","Value",10080
"2024","Streatham and Croydon North","E14001527","Total","Aged 40-44","Value",9183
"2024","Streatham and Croydon North","E14001527","Total","Aged 45-49","Value",8500
"2024","Streatham and Croydon North","E14001527","Total","Aged 50-54","Value",7760
"2024","Streatham and Croydon North","E14001527","Total","Aged 55-59","Value",7361
"2024","Streatham and Croydon North","E14001527","Total","Aged 60-64","Value",6292
"2024","Streatham and Croydon North","E14001527","Total","Aged 65-69","Value",4605
"2024","Streatham and Croydon North","E14001527","Total","Aged 70-74","Value",3388
"2024","Streatham and Croydon North","E14001527","Total","Aged 75-79","Value",2843
"2024","Streatham and Croydon North","E14001527","Total","Aged 80-84","Value",1835
"2024","Streatham and Croydon North","E14001527","Total","Aged 85+","Value",2000
"2024","Sutton and Cheam","E14001534","Total","All Ages","Value",107146
"2024","Sutton and Cheam","E14001534","Total","Age 0 - 4","Value",5748
"2024","Sutton and Cheam","E14001534","Total","Aged 5-9","Value",7237
"2024","Sutton and Cheam","E14001534","Total","Aged 10-14","Value",7894
"2024","Sutton and Cheam","E14001534","Total","Aged 15-19","Value",5970
"2024","Sutton and Cheam","E14001534","Total","Aged 20-24","Value",4534
"2024","Sutton and Cheam","E14001534","Total","Aged 25-29","Value",5998
"2024","Sutton and Cheam","E14001534","Total","Aged 30-34","Value",7030
"2024","Sutton and Cheam","E14001534","Total","Aged 35-39","Value",8088
"2024","Sutton and Cheam","E14001534","Total","Aged 40-44","Value",9382
"2024","Sutton and Cheam","E14001534","Total","Aged 45-49","Value",8306
"2024","Sutton and Cheam","E14001534","Total","Aged 50-54","Value",7313
"2024","Sutton and Cheam","E14001534","Total","Aged 55-59","Value",6606
"2024","Sutton and Cheam","E14001534","Total","Aged 60-64","Value",5619
"2024","Sutton and Cheam","E14001534","Total","Aged 65-69","Value",4617
"2024","Sutton and Cheam","E14001534","Total","Aged 70-74","Value",3912
"2024","Sutton and Cheam","E14001534","Total","Aged 75-79","Value",3836
"2024","Sutton and Cheam","E14001534","Total","Aged 80-84","Value",2428
"2024","Sutton and Cheam","E14001534","Total","Aged 85+","Value",2628
"2024","Tooting","E14001550","Total","All Ages","Value",108254
"2024","Tooting","E14001550","Total","Age 0 - 4","Value",5974
"2024","Tooting","E14001550","Total","Aged 5-9","Value",5006
"2024","Tooting","E14001550","Total","Aged 10-14","Value",4947
"2024","Tooting","E14001550","Total","Aged 15-19","Value",4580
"2024","Tooting","E14001550","Total","Aged 20-24","Value",7665
"2024","Tooting","E14001550","Total","Aged 25-29","Value",17668
"2024","Tooting","E14001550","Total","Aged 30-34","Value",13793
"2024","Tooting","E14001550","Total","Aged 35-39","Value",8733
"2024","Tooting","E14001550","Total","Aged 40-44","Value",7018
"2024","Tooting","E14001550","Total","Aged 45-49","Value",6323
"2024","Tooting","E14001550","Total","Aged 50-54","Value",5740
"2024","Tooting","E14001550","Total","Aged 55-59","Value",5582
"2024","Tooting","E14001550","Total","Aged 60-64","Value",4531
"2024","Tooting","E14001550","Total","Aged 65-69","Value",3174
"2024","Tooting","E14001550","Total","Aged 70-74","Value",2575
"2024","Tooting","E14001550","Total","Aged 75-79","Value",2085
"2024","Tooting","E14001550","Total","Aged 80-84","Value",1330
"2024","Tooting","E14001550","Total","Aged 85+","Value",1530
"2024","Tottenham","E14001553","Total","All Ages","Value",138441
"2024","Tottenham","E14001553","Total","Age 0 - 4","Value",8856
"2024","Tottenham","E14001553","Total","Aged 5-9","Value",8266
"2024","Tottenham","E14001553","Total","Aged 10-14","Value",8069
"2024","Tottenham","E14001553","Total","Aged 15-19","Value",8146
"2024","Tottenham","E14001553","Total","Aged 20-24","Value",10281
"2024","Tottenham","E14001553","Total","Aged 25-29","Value",14185
"2024","Tottenham","E14001553","Total","Aged 30-34","Value",14406
"2024","Tottenham","E14001553","Total","Aged 35-39","Value",11824
"2024","Tottenham","E14001553","Total","Aged 40-44","Value",10128
"2024","Tottenham","E14001553","Total","Aged 45-49","Value",8876
"2024","Tottenham","E14001553","Total","Aged 50-54","Value",8198
"2024","Tottenham","E14001553","Total","Aged 55-59","Value",8005
"2024","Tottenham","E14001553","Total","Aged 60-64","Value",6476
"2024","Tottenham","E14001553","Total","Aged 65-69","Value",4487
"2024","Tottenham","E14001553","Total","Aged 70-74","Value",3176
"2024","Tottenham","E14001553","Total","Aged 75-79","Value",2109
"2024","Tottenham","E14001553","Total","Aged 80-84","Value",1557
"2024","Tottenham","E14001553","Total","Aged 85+","Value",1396
"2024","Twickenham","E14001556","Total","All Ages","Value",108664
"2024","Twickenham","E14001556","Total","Age 0 - 4","Value",5350
"2024","Twickenham","E14001556","Total","Aged 5-9","Value",6840
"2024","Twickenham","E14001556","Total","Aged 10-14","Value",7626
"2024","Twickenham","E14001556","Total","Aged 15-19","Value",6684
"2024","Twickenham","E14001556","Total","Aged 20-24","Value",5036
"2024","Twickenham","E14001556","Total","Aged 25-29","Value",5715
"2024","Twickenham","E14001556","Total","Aged 30-34","Value",5957
"2024","Twickenham","E14001556","Total","Aged 35-39","Value",7042
"2024","Twickenham","E14001556","Total","Aged 40-44","Value",8193
"2024","Twickenham","E14001556","Total","Aged 45-49","Value",8856
"2024","Twickenham","E14001556","Total","Aged 50-54","Value",8713
"2024","Twickenham","E14001556","Total","Aged 55-59","Value",7991
"2024","Twickenham","E14001556","Total","Aged 60-64","Value",6480
"2024","Twickenham","E14001556","Total","Aged 65-69","Value",4961
"2024","Twickenham","E14001556","Total","Aged 70-74","Value",4410
"2024","Twickenham","E14001556","Total","Aged 75-79","Value",4170
"2024","Twickenham","E14001556","Total","Aged 80-84","Value",2312
"2024","Twickenham","E14001556","Total","Aged 85+","Value",2328
"2024","Uxbridge and South Ruislip","E14001558","Total","All Ages","Value",125632
"2024","Uxbridge and South Ruislip","E14001558","Total","Age 0 - 4","Value",8346
"2024","Uxbridge and South Ruislip","E14001558","Total","Aged 5-9","Value",8193
"2024","Uxbridge and South Ruislip","E14001558","Total","Aged 10-14","Value",7451
"2024","Uxbridge and South Ruislip","E14001558","Total","Aged 15-19","Value",8156
"2024","Uxbridge and South Ruislip","E14001558","Total","Aged 20-24","Value",9198
"2024","Uxbridge and South Ruislip","E14001558","Total","Aged 25-29","Value",9050
"2024","Uxbridge and South Ruislip","E14001558","Total","Aged 30-34","Value",10108
"2024","Uxbridge and South Ruislip","E14001558","Total","Aged 35-39","Value",10122
"2024","Uxbridge and South Ruislip","E14001558","Total","Aged 40-44","Value",10077
"2024","Uxbridge and South Ruislip","E14001558","Total","Aged 45-49","Value",8067
"2024","Uxbridge and South Ruislip","E14001558","Total","Aged 50-54","Value",7456
"2024","Uxbridge and South Ruislip","E14001558","Total","Aged 55-59","Value",7113
"2024","Uxbridge and South Ruislip","E14001558","Total","Aged 60-64","Value",6086
"2024","Uxbridge and South Ruislip","E14001558","Total","Aged 65-69","Value",4726
"2024","Uxbridge and South Ruislip","E14001558","Total","Aged 70-74","Value",3797
"2024","Uxbridge and South Ruislip","E14001558","Total","Aged 75-79","Value",3361
"2024","Uxbridge and South Ruislip","E14001558","Total","Aged 80-84","Value",2043
"2024","Uxbridge and South Ruislip","E14001558","Total","Aged 85+","Value",2282
"2024","Vauxhall and Camberwell Green","E14001559","Total","All Ages","Value",105885
"2024","Vauxhall and Camberwell Green","E14001559","Total","Age 0 - 4","Value",4183
"2024","Vauxhall and Camberwell Green","E14001559","Total","Aged 5-9","Value",4035
"2024","Vauxhall and Camberwell Green","E14001559","Total","Aged 10-14","Value",4485
"2024","Vauxhall and Camberwell Green","E14001559","Total","Aged 15-19","Value",5768
"2024","Vauxhall and Camberwell Green","E14001559","Total","Aged 20-24","Value",10805
"2024","Vauxhall and Camberwell Green","E14001559","Total","Aged 25-29","Value",16255
"2024","Vauxhall and Camberwell Green","E14001559","Total","Aged 30-34","Value",11636
"2024","Vauxhall and Camberwell Green","E14001559","Total","Aged 35-39","Value",7865
"2024","Vauxhall and Camberwell Green","E14001559","Total","Aged 40-44","Value",6690
"2024","Vauxhall and Camberwell Green","E14001559","Total","Aged 45-49","Value",6015
"2024","Vauxhall and Camberwell Green","E14001559","Total","Aged 50-54","Value",6140
"2024","Vauxhall and Camberwell Green","E14001559","Total","Aged 55-59","Value",6394
"2024","Vauxhall and Camberwell Green","E14001559","Total","Aged 60-64","Value",5155
"2024","Vauxhall and Camberwell Green","E14001559","Total","Aged 65-69","Value",3948
"2024","Vauxhall and Camberwell Green","E14001559","Total","Aged 70-74","Value",2487
"2024","Vauxhall and Camberwell Green","E14001559","Total","Aged 75-79","Value",1701
"2024","Vauxhall and Camberwell Green","E14001559","Total","Aged 80-84","Value",1203
"2024","Vauxhall and Camberwell Green","E14001559","Total","Aged 85+","Value",1120
"2024","Walthamstow","E14001563","Total","All Ages","Value",124802
"2024","Walthamstow","E14001563","Total","Age 0 - 4","Value",8695
"2024","Walthamstow","E14001563","Total","Aged 5-9","Value",7813
"2024","Walthamstow","E14001563","Total","Aged 10-14","Value",7443
"2024","Walthamstow","E14001563","Total","Aged 15-19","Value",7045
"2024","Walthamstow","E14001563","Total","Aged 20-24","Value",7091
"2024","Walthamstow","E14001563","Total","Aged 25-29","Value",10090
"2024","Walthamstow","E14001563","Total","Aged 30-34","Value",13312
"2024","Walthamstow","E14001563","Total","Aged 35-39","Value",13183
"2024","Walthamstow","E14001563","Total","Aged 40-44","Value",11417
"2024","Walthamstow","E14001563","Total","Aged 45-49","Value",8922
"2024","Walthamstow","E14001563","Total","Aged 50-54","Value",7617
"2024","Walthamstow","E14001563","Total","Aged 55-59","Value",6497
"2024","Walthamstow","E14001563","Total","Aged 60-64","Value",5277
"2024","Walthamstow","E14001563","Total","Aged 65-69","Value",3666
"2024","Walthamstow","E14001563","Total","Aged 70-74","Value",2626
"2024","Walthamstow","E14001563","Total","Aged 75-79","Value",1851
"2024","Walthamstow","E14001563","Total","Aged 80-84","Value",1225
"2024","Walthamstow","E14001563","Total","Aged 85+","Value",1032
"2024","West Ham and Beckton","E14001576","Total","All Ages","Value",147937
"2024","West Ham and Beckton","E14001576","Total","Age 0 - 4","Value",9406
"2024","West Ham and Beckton","E14001576","Total","Aged 5-9","Value",8519
"2024","West Ham and Beckton","E14001576","Total","Aged 10-14","Value",8531
"2024","West Ham and Beckton","E14001576","Total","Aged 15-19","Value",9043
"2024","West Ham and Beckton","E14001576","Total","Aged 20-24","Value",12929
"2024","West Ham and Beckton","E14001576","Total","Aged 25-29","Value",17931
"2024","West Ham and Beckton","E14001576","Total","Aged 30-34","Value",15906
"2024","West Ham and Beckton","E14001576","Total","Aged 35-39","Value",13709
"2024","West Ham and Beckton","E14001576","Total","Aged 40-44","Value",10819
"2024","West Ham and Beckton","E14001576","Total","Aged 45-49","Value",9224
"2024","West Ham and Beckton","E14001576","Total","Aged 50-54","Value",8194
"2024","West Ham and Beckton","E14001576","Total","Aged 55-59","Value",7324
"2024","West Ham and Beckton","E14001576","Total","Aged 60-64","Value",5735
"2024","West Ham and Beckton","E14001576","Total","Aged 65-69","Value",4030
"2024","West Ham and Beckton","E14001576","Total","Aged 70-74","Value",2975
"2024","West Ham and Beckton","E14001576","Total","Aged 75-79","Value",1698
"2024","West Ham and Beckton","E14001576","Total","Aged 80-84","Value",1106
"2024","West Ham and Beckton","E14001576","Total","Aged 85+","Value",858
"2024","Wimbledon","E14001586","Total","All Ages","Value",111409
"2024","Wimbledon","E14001586","Total","Age 0 - 4","Value",6487
"2024","Wimbledon","E14001586","Total","Aged 5-9","Value",6713
"2024","Wimbledon","E14001586","Total","Aged 10-14","Value",6638
"2024","Wimbledon","E14001586","Total","Aged 15-19","Value",5562
"2024","Wimbledon","E14001586","Total","Aged 20-24","Value",5067
"2024","Wimbledon","E14001586","Total","Aged 25-29","Value",8616
"2024","Wimbledon","E14001586","Total","Aged 30-34","Value",8899
"2024","Wimbledon","E14001586","Total","Aged 35-39","Value",8922
"2024","Wimbledon","E14001586","Total","Aged 40-44","Value",8943
"2024","Wimbledon","E14001586","Total","Aged 45-49","Value",8464
"2024","Wimbledon","E14001586","Total","Aged 50-54","Value",7724
"2024","Wimbledon","E14001586","Total","Aged 55-59","Value",6752
"2024","Wimbledon","E14001586","Total","Aged 60-64","Value",5510
"2024","Wimbledon","E14001586","Total","Aged 65-69","Value",4725
"2024","Wimbledon","E14001586","Total","Aged 70-74","Value",4056
"2024","Wimbledon","E14001586","Total","Aged 75-79","Value",3592
"2024","Wimbledon","E14001586","Total","Aged 80-84","Value",2318
"2024","Wimbledon","E14001586","Total","Aged 85+","Value",2421
"2024","Aldershot","E14001063","Total","All Ages","Value",124531
"2024","Aldershot","E14001063","Total","Age 0 - 4","Value",7294
"2024","Aldershot","E14001063","Total","Aged 5-9","Value",7470
"2024","Aldershot","E14001063","Total","Aged 10-14","Value",7021
"2024","Aldershot","E14001063","Total","Aged 15-19","Value",6843
"2024","Aldershot","E14001063","Total","Aged 20-24","Value",6847
"2024","Aldershot","E14001063","Total","Aged 25-29","Value",9117
"2024","Aldershot","E14001063","Total","Aged 30-34","Value",10432
"2024","Aldershot","E14001063","Total","Aged 35-39","Value",10260
"2024","Aldershot","E14001063","Total","Aged 40-44","Value",8793
"2024","Aldershot","E14001063","Total","Aged 45-49","Value",7583
"2024","Aldershot","E14001063","Total","Aged 50-54","Value",7833
"2024","Aldershot","E14001063","Total","Aged 55-59","Value",7939
"2024","Aldershot","E14001063","Total","Aged 60-64","Value",6873
"2024","Aldershot","E14001063","Total","Aged 65-69","Value",5186
"2024","Aldershot","E14001063","Total","Aged 70-74","Value",4607
"2024","Aldershot","E14001063","Total","Aged 75-79","Value",4719
"2024","Aldershot","E14001063","Total","Aged 80-84","Value",3119
"2024","Aldershot","E14001063","Total","Aged 85+","Value",2595
"2024","Arundel and South Downs","E14001067","Total","All Ages","Value",99148
"2024","Arundel and South Downs","E14001067","Total","Age 0 - 4","Value",3891
"2024","Arundel and South Downs","E14001067","Total","Aged 5-9","Value",4792
"2024","Arundel and South Downs","E14001067","Total","Aged 10-14","Value",5672
"2024","Arundel and South Downs","E14001067","Total","Aged 15-19","Value",5185
"2024","Arundel and South Downs","E14001067","Total","Aged 20-24","Value",3635
"2024","Arundel and South Downs","E14001067","Total","Aged 25-29","Value",3748
"2024","Arundel and South Downs","E14001067","Total","Aged 30-34","Value",4420
"2024","Arundel and South Downs","E14001067","Total","Aged 35-39","Value",4826
"2024","Arundel and South Downs","E14001067","Total","Aged 40-44","Value",5203
"2024","Arundel and South Downs","E14001067","Total","Aged 45-49","Value",5273
"2024","Arundel and South Downs","E14001067","Total","Aged 50-54","Value",6683
"2024","Arundel and South Downs","E14001067","Total","Aged 55-59","Value",7945
"2024","Arundel and South Downs","E14001067","Total","Aged 60-64","Value",8131
"2024","Arundel and South Downs","E14001067","Total","Aged 65-69","Value",7225
"2024","Arundel and South Downs","E14001067","Total","Aged 70-74","Value",6758
"2024","Arundel and South Downs","E14001067","Total","Aged 75-79","Value",6793
"2024","Arundel and South Downs","E14001067","Total","Aged 80-84","Value",4604
"2024","Arundel and South Downs","E14001067","Total","Aged 85+","Value",4364
"2024","Ashford","E14001069","Total","All Ages","Value",112689
"2024","Ashford","E14001069","Total","Age 0 - 4","Value",6495
"2024","Ashford","E14001069","Total","Aged 5-9","Value",7306
"2024","Ashford","E14001069","Total","Aged 10-14","Value",7653
"2024","Ashford","E14001069","Total","Aged 15-19","Value",6532
"2024","Ashford","E14001069","Total","Aged 20-24","Value",5213
"2024","Ashford","E14001069","Total","Aged 25-29","Value",7101
"2024","Ashford","E14001069","Total","Aged 30-34","Value",8204
"2024","Ashford","E14001069","Total","Aged 35-39","Value",8397
"2024","Ashford","E14001069","Total","Aged 40-44","Value",7603
"2024","Ashford","E14001069","Total","Aged 45-49","Value",7193
"2024","Ashford","E14001069","Total","Aged 50-54","Value",7488
"2024","Ashford","E14001069","Total","Aged 55-59","Value",7853
"2024","Ashford","E14001069","Total","Aged 60-64","Value",6401
"2024","Ashford","E14001069","Total","Aged 65-69","Value",5046
"2024","Ashford","E14001069","Total","Aged 70-74","Value",4591
"2024","Ashford","E14001069","Total","Aged 75-79","Value",4561
"2024","Ashford","E14001069","Total","Aged 80-84","Value",2683
"2024","Ashford","E14001069","Total","Aged 85+","Value",2369
"2024","Aylesbury","E14001071","Total","All Ages","Value",116323
"2024","Aylesbury","E14001071","Total","Age 0 - 4","Value",7104
"2024","Aylesbury","E14001071","Total","Aged 5-9","Value",7777
"2024","Aylesbury","E14001071","Total","Aged 10-14","Value",7976
"2024","Aylesbury","E14001071","Total","Aged 15-19","Value",6468
"2024","Aylesbury","E14001071","Total","Aged 20-24","Value",5232
"2024","Aylesbury","E14001071","Total","Aged 25-29","Value",7275
"2024","Aylesbury","E14001071","Total","Aged 30-34","Value",8692
"2024","Aylesbury","E14001071","Total","Aged 35-39","Value",8944
"2024","Aylesbury","E14001071","Total","Aged 40-44","Value",8998
"2024","Aylesbury","E14001071","Total","Aged 45-49","Value",7731
"2024","Aylesbury","E14001071","Total","Aged 50-54","Value",7497
"2024","Aylesbury","E14001071","Total","Aged 55-59","Value",7774
"2024","Aylesbury","E14001071","Total","Aged 60-64","Value",6708
"2024","Aylesbury","E14001071","Total","Aged 65-69","Value",5299
"2024","Aylesbury","E14001071","Total","Aged 70-74","Value",4400
"2024","Aylesbury","E14001071","Total","Aged 75-79","Value",3981
"2024","Aylesbury","E14001071","Total","Aged 80-84","Value",2297
"2024","Aylesbury","E14001071","Total","Aged 85+","Value",2170
"2024","Banbury","E14001072","Total","All Ages","Value",107187
"2024","Banbury","E14001072","Total","Age 0 - 4","Value",5899
"2024","Banbury","E14001072","Total","Aged 5-9","Value",6347
"2024","Banbury","E14001072","Total","Aged 10-14","Value",6423
"2024","Banbury","E14001072","Total","Aged 15-19","Value",6193
"2024","Banbury","E14001072","Total","Aged 20-24","Value",4589
"2024","Banbury","E14001072","Total","Aged 25-29","Value",6487
"2024","Banbury","E14001072","Total","Aged 30-34","Value",7630
"2024","Banbury","E14001072","Total","Aged 35-39","Value",7748
"2024","Banbury","E14001072","Total","Aged 40-44","Value",7206
"2024","Banbury","E14001072","Total","Aged 45-49","Value",6508
"2024","Banbury","E14001072","Total","Aged 50-54","Value",6891
"2024","Banbury","E14001072","Total","Aged 55-59","Value",7517
"2024","Banbury","E14001072","Total","Aged 60-64","Value",6617
"2024","Banbury","E14001072","Total","Aged 65-69","Value",5368
"2024","Banbury","E14001072","Total","Aged 70-74","Value",4942
"2024","Banbury","E14001072","Total","Aged 75-79","Value",4768
"2024","Banbury","E14001072","Total","Aged 80-84","Value",3178
"2024","Banbury","E14001072","Total","Aged 85+","Value",2876
"2024","Basingstoke","E14001078","Total","All Ages","Value",115085
"2024","Basingstoke","E14001078","Total","Age 0 - 4","Value",6371
"2024","Basingstoke","E14001078","Total","Aged 5-9","Value",7066
"2024","Basingstoke","E14001078","Total","Aged 10-14","Value",7132
"2024","Basingstoke","E14001078","Total","Aged 15-19","Value",6184
"2024","Basingstoke","E14001078","Total","Aged 20-24","Value",5321
"2024","Basingstoke","E14001078","Total","Aged 25-29","Value",8104
"2024","Basingstoke","E14001078","Total","Aged 30-34","Value",9298
"2024","Basingstoke","E14001078","Total","Aged 35-39","Value",9450
"2024","Basingstoke","E14001078","Total","Aged 40-44","Value",8533
"2024","Basingstoke","E14001078","Total","Aged 45-49","Value",7572
"2024","Basingstoke","E14001078","Total","Aged 50-54","Value",7768
"2024","Basingstoke","E14001078","Total","Aged 55-59","Value",7571
"2024","Basingstoke","E14001078","Total","Aged 60-64","Value",6447
"2024","Basingstoke","E14001078","Total","Aged 65-69","Value",4953
"2024","Basingstoke","E14001078","Total","Aged 70-74","Value",4341
"2024","Basingstoke","E14001078","Total","Aged 75-79","Value",4199
"2024","Basingstoke","E14001078","Total","Aged 80-84","Value",2559
"2024","Basingstoke","E14001078","Total","Aged 85+","Value",2216
"2024","Beaconsfield","E14001082","Total","All Ages","Value",99305
"2024","Beaconsfield","E14001082","Total","Age 0 - 4","Value",4999
"2024","Beaconsfield","E14001082","Total","Aged 5-9","Value",5770
"2024","Beaconsfield","E14001082","Total","Aged 10-14","Value",6375
"2024","Beaconsfield","E14001082","Total","Aged 15-19","Value",5707
"2024","Beaconsfield","E14001082","Total","Aged 20-24","Value",3756
"2024","Beaconsfield","E14001082","Total","Aged 25-29","Value",4673
"2024","Beaconsfield","E14001082","Total","Aged 30-34","Value",5612
"2024","Beaconsfield","E14001082","Total","Aged 35-39","Value",6075
"2024","Beaconsfield","E14001082","Total","Aged 40-44","Value",6711
"2024","Beaconsfield","E14001082","Total","Aged 45-49","Value",6698
"2024","Beaconsfield","E14001082","Total","Aged 50-54","Value",6879
"2024","Beaconsfield","E14001082","Total","Aged 55-59","Value",7308
"2024","Beaconsfield","E14001082","Total","Aged 60-64","Value",6727
"2024","Beaconsfield","E14001082","Total","Aged 65-69","Value",5518
"2024","Beaconsfield","E14001082","Total","Aged 70-74","Value",4727
"2024","Beaconsfield","E14001082","Total","Aged 75-79","Value",4609
"2024","Beaconsfield","E14001082","Total","Aged 80-84","Value",3340
"2024","Beaconsfield","E14001082","Total","Aged 85+","Value",3821
"2024","Bexhill and Battle","E14001088","Total","All Ages","Value",92284
"2024","Bexhill and Battle","E14001088","Total","Age 0 - 4","Value",3557
"2024","Bexhill and Battle","E14001088","Total","Aged 5-9","Value",4223
"2024","Bexhill and Battle","E14001088","Total","Aged 10-14","Value",4872
"2024","Bexhill and Battle","E14001088","Total","Aged 15-19","Value",4763
"2024","Bexhill and Battle","E14001088","Total","Aged 20-24","Value",3281
"2024","Bexhill and Battle","E14001088","Total","Aged 25-29","Value",4031
"2024","Bexhill and Battle","E14001088","Total","Aged 30-34","Value",4298
"2024","Bexhill and Battle","E14001088","Total","Aged 35-39","Value",4396
"2024","Bexhill and Battle","E14001088","Total","Aged 40-44","Value",4501
"2024","Bexhill and Battle","E14001088","Total","Aged 45-49","Value",4418
"2024","Bexhill and Battle","E14001088","Total","Aged 50-54","Value",5796
"2024","Bexhill and Battle","E14001088","Total","Aged 55-59","Value",7072
"2024","Bexhill and Battle","E14001088","Total","Aged 60-64","Value",7351
"2024","Bexhill and Battle","E14001088","Total","Aged 65-69","Value",6821
"2024","Bexhill and Battle","E14001088","Total","Aged 70-74","Value",6683
"2024","Bexhill and Battle","E14001088","Total","Aged 75-79","Value",7155
"2024","Bexhill and Battle","E14001088","Total","Aged 80-84","Value",4578
"2024","Bexhill and Battle","E14001088","Total","Aged 85+","Value",4488
"2024","Bicester and Woodstock","E14001090","Total","All Ages","Value",106660
"2024","Bicester and Woodstock","E14001090","Total","Age 0 - 4","Value",5964
"2024","Bicester and Woodstock","E14001090","Total","Aged 5-9","Value",6215
"2024","Bicester and Woodstock","E14001090","Total","Aged 10-14","Value",6405
"2024","Bicester and Woodstock","E14001090","Total","Aged 15-19","Value",5656
"2024","Bicester and Woodstock","E14001090","Total","Aged 20-24","Value",4488
"2024","Bicester and Woodstock","E14001090","Total","Aged 25-29","Value",6179
"2024","Bicester and Woodstock","E14001090","Total","Aged 30-34","Value",7691
"2024","Bicester and Woodstock","E14001090","Total","Aged 35-39","Value",8053
"2024","Bicester and Woodstock","E14001090","Total","Aged 40-44","Value",7763
"2024","Bicester and Woodstock","E14001090","Total","Aged 45-49","Value",6835
"2024","Bicester and Woodstock","E14001090","Total","Aged 50-54","Value",7175
"2024","Bicester and Woodstock","E14001090","Total","Aged 55-59","Value",7287
"2024","Bicester and Woodstock","E14001090","Total","Aged 60-64","Value",6744
"2024","Bicester and Woodstock","E14001090","Total","Aged 65-69","Value",5353
"2024","Bicester and Woodstock","E14001090","Total","Aged 70-74","Value",4655
"2024","Bicester and Woodstock","E14001090","Total","Aged 75-79","Value",4359
"2024","Bicester and Woodstock","E14001090","Total","Aged 80-84","Value",2791
"2024","Bicester and Woodstock","E14001090","Total","Aged 85+","Value",3047
"2024","Bognor Regis and Littlehampton","E14001108","Total","All Ages","Value",109075
"2024","Bognor Regis and Littlehampton","E14001108","Total","Age 0 - 4","Value",4557
"2024","Bognor Regis and Littlehampton","E14001108","Total","Aged 5-9","Value",5389
"2024","Bognor Regis and Littlehampton","E14001108","Total","Aged 10-14","Value",5800
"2024","Bognor Regis and Littlehampton","E14001108","Total","Aged 15-19","Value",5435
"2024","Bognor Regis and Littlehampton","E14001108","Total","Aged 20-24","Value",4836
"2024","Bognor Regis and Littlehampton","E14001108","Total","Aged 25-29","Value",5442
"2024","Bognor Regis and Littlehampton","E14001108","Total","Aged 30-34","Value",6403
"2024","Bognor Regis and Littlehampton","E14001108","Total","Aged 35-39","Value",6469
"2024","Bognor Regis and Littlehampton","E14001108","Total","Aged 40-44","Value",6220
"2024","Bognor Regis and Littlehampton","E14001108","Total","Aged 45-49","Value",5758
"2024","Bognor Regis and Littlehampton","E14001108","Total","Aged 50-54","Value",6835
"2024","Bognor Regis and Littlehampton","E14001108","Total","Aged 55-59","Value",7725
"2024","Bognor Regis and Littlehampton","E14001108","Total","Aged 60-64","Value",7774
"2024","Bognor Regis and Littlehampton","E14001108","Total","Aged 65-69","Value",7058
"2024","Bognor Regis and Littlehampton","E14001108","Total","Aged 70-74","Value",6826
"2024","Bognor Regis and Littlehampton","E14001108","Total","Aged 75-79","Value",7356
"2024","Bognor Regis and Littlehampton","E14001108","Total","Aged 80-84","Value",4603
"2024","Bognor Regis and Littlehampton","E14001108","Total","Aged 85+","Value",4589
"2024","Bracknell","E14001117","Total","All Ages","Value",105396
"2024","Bracknell","E14001117","Total","Age 0 - 4","Value",5881
"2024","Bracknell","E14001117","Total","Aged 5-9","Value",6196
"2024","Bracknell","E14001117","Total","Aged 10-14","Value",7039
"2024","Bracknell","E14001117","Total","Aged 15-19","Value",6776
"2024","Bracknell","E14001117","Total","Aged 20-24","Value",5118
"2024","Bracknell","E14001117","Total","Aged 25-29","Value",6786
"2024","Bracknell","E14001117","Total","Aged 30-34","Value",7834
"2024","Bracknell","E14001117","Total","Aged 35-39","Value",8297
"2024","Bracknell","E14001117","Total","Aged 40-44","Value",8159
"2024","Bracknell","E14001117","Total","Aged 45-49","Value",7112
"2024","Bracknell","E14001117","Total","Aged 50-54","Value",7221
"2024","Bracknell","E14001117","Total","Aged 55-59","Value",6813
"2024","Bracknell","E14001117","Total","Aged 60-64","Value",5998
"2024","Bracknell","E14001117","Total","Aged 65-69","Value",4818
"2024","Bracknell","E14001117","Total","Aged 70-74","Value",3948
"2024","Bracknell","E14001117","Total","Aged 75-79","Value",3414
"2024","Bracknell","E14001117","Total","Aged 80-84","Value",1976
"2024","Bracknell","E14001117","Total","Aged 85+","Value",2010
"2024","Brighton Kemptown and Peacehaven","E14001129","Total","All Ages","Value",98152
"2024","Brighton Kemptown and Peacehaven","E14001129","Total","Age 0 - 4","Value",3795
"2024","Brighton Kemptown and Peacehaven","E14001129","Total","Aged 5-9","Value",4400
"2024","Brighton Kemptown and Peacehaven","E14001129","Total","Aged 10-14","Value",4893
"2024","Brighton Kemptown and Peacehaven","E14001129","Total","Aged 15-19","Value",6508
"2024","Brighton Kemptown and Peacehaven","E14001129","Total","Aged 20-24","Value",10364
"2024","Brighton Kemptown and Peacehaven","E14001129","Total","Aged 25-29","Value",6333
"2024","Brighton Kemptown and Peacehaven","E14001129","Total","Aged 30-34","Value",6335
"2024","Brighton Kemptown and Peacehaven","E14001129","Total","Aged 35-39","Value",6380
"2024","Brighton Kemptown and Peacehaven","E14001129","Total","Aged 40-44","Value",5961
"2024","Brighton Kemptown and Peacehaven","E14001129","Total","Aged 45-49","Value",5697
"2024","Brighton Kemptown and Peacehaven","E14001129","Total","Aged 50-54","Value",6694
"2024","Brighton Kemptown and Peacehaven","E14001129","Total","Aged 55-59","Value",7075
"2024","Brighton Kemptown and Peacehaven","E14001129","Total","Aged 60-64","Value",5873
"2024","Brighton Kemptown and Peacehaven","E14001129","Total","Aged 65-69","Value",4787
"2024","Brighton Kemptown and Peacehaven","E14001129","Total","Aged 70-74","Value",4063
"2024","Brighton Kemptown and Peacehaven","E14001129","Total","Aged 75-79","Value",3861
"2024","Brighton Kemptown and Peacehaven","E14001129","Total","Aged 80-84","Value",2668
"2024","Brighton Kemptown and Peacehaven","E14001129","Total","Aged 85+","Value",2465
"2024","Brighton Pavilion","E14001130","Total","All Ages","Value",105217
"2024","Brighton Pavilion","E14001130","Total","Age 0 - 4","Value",3879
"2024","Brighton Pavilion","E14001130","Total","Aged 5-9","Value",4266
"2024","Brighton Pavilion","E14001130","Total","Aged 10-14","Value",4681
"2024","Brighton Pavilion","E14001130","Total","Aged 15-19","Value",8196
"2024","Brighton Pavilion","E14001130","Total","Aged 20-24","Value",15055
"2024","Brighton Pavilion","E14001130","Total","Aged 25-29","Value",8901
"2024","Brighton Pavilion","E14001130","Total","Aged 30-34","Value",8153
"2024","Brighton Pavilion","E14001130","Total","Aged 35-39","Value",7055
"2024","Brighton Pavilion","E14001130","Total","Aged 40-44","Value",6942
"2024","Brighton Pavilion","E14001130","Total","Aged 45-49","Value",6464
"2024","Brighton Pavilion","E14001130","Total","Aged 50-54","Value",7196
"2024","Brighton Pavilion","E14001130","Total","Aged 55-59","Value",7060
"2024","Brighton Pavilion","E14001130","Total","Aged 60-64","Value",5183
"2024","Brighton Pavilion","E14001130","Total","Aged 65-69","Value",3766
"2024","Brighton Pavilion","E14001130","Total","Aged 70-74","Value",3088
"2024","Brighton Pavilion","E14001130","Total","Aged 75-79","Value",2498
"2024","Brighton Pavilion","E14001130","Total","Aged 80-84","Value",1407
"2024","Brighton Pavilion","E14001130","Total","Aged 85+","Value",1427
"2024","Buckingham and Bletchley","E14001141","Total","All Ages","Value",110790
"2024","Buckingham and Bletchley","E14001141","Total","Age 0 - 4","Value",6102
"2024","Buckingham and Bletchley","E14001141","Total","Aged 5-9","Value",7313
"2024","Buckingham and Bletchley","E14001141","Total","Aged 10-14","Value",8324
"2024","Buckingham and Bletchley","E14001141","Total","Aged 15-19","Value",7110
"2024","Buckingham and Bletchley","E14001141","Total","Aged 20-24","Value",5128
"2024","Buckingham and Bletchley","E14001141","Total","Aged 25-29","Value",6117
"2024","Buckingham and Bletchley","E14001141","Total","Aged 30-34","Value",7002
"2024","Buckingham and Bletchley","E14001141","Total","Aged 35-39","Value",8081
"2024","Buckingham and Bletchley","E14001141","Total","Aged 40-44","Value",7855
"2024","Buckingham and Bletchley","E14001141","Total","Aged 45-49","Value",7293
"2024","Buckingham and Bletchley","E14001141","Total","Aged 50-54","Value",7381
"2024","Buckingham and Bletchley","E14001141","Total","Aged 55-59","Value",7159
"2024","Buckingham and Bletchley","E14001141","Total","Aged 60-64","Value",6387
"2024","Buckingham and Bletchley","E14001141","Total","Aged 65-69","Value",5279
"2024","Buckingham and Bletchley","E14001141","Total","Aged 70-74","Value",4584
"2024","Buckingham and Bletchley","E14001141","Total","Aged 75-79","Value",4366
"2024","Buckingham and Bletchley","E14001141","Total","Aged 80-84","Value",2791
"2024","Buckingham and Bletchley","E14001141","Total","Aged 85+","Value",2518
"2024","Canterbury","E14001151","Total","All Ages","Value",110138
"2024","Canterbury","E14001151","Total","Age 0 - 4","Value",4504
"2024","Canterbury","E14001151","Total","Aged 5-9","Value",5381
"2024","Canterbury","E14001151","Total","Aged 10-14","Value",6227
"2024","Canterbury","E14001151","Total","Aged 15-19","Value",10234
"2024","Canterbury","E14001151","Total","Aged 20-24","Value",11292
"2024","Canterbury","E14001151","Total","Aged 25-29","Value",5947
"2024","Canterbury","E14001151","Total","Aged 30-34","Value",6462
"2024","Canterbury","E14001151","Total","Aged 35-39","Value",6287
"2024","Canterbury","E14001151","Total","Aged 40-44","Value",6452
"2024","Canterbury","E14001151","Total","Aged 45-49","Value",5808
"2024","Canterbury","E14001151","Total","Aged 50-54","Value",6374
"2024","Canterbury","E14001151","Total","Aged 55-59","Value",6644
"2024","Canterbury","E14001151","Total","Aged 60-64","Value",6231
"2024","Canterbury","E14001151","Total","Aged 65-69","Value",5620
"2024","Canterbury","E14001151","Total","Aged 70-74","Value",5153
"2024","Canterbury","E14001151","Total","Aged 75-79","Value",5150
"2024","Canterbury","E14001151","Total","Aged 80-84","Value",3229
"2024","Canterbury","E14001151","Total","Aged 85+","Value",3143
"2024","Chatham and Aylesford","E14001157","Total","All Ages","Value",109309
"2024","Chatham and Aylesford","E14001157","Total","Age 0 - 4","Value",6754
"2024","Chatham and Aylesford","E14001157","Total","Aged 5-9","Value",7593
"2024","Chatham and Aylesford","E14001157","Total","Aged 10-14","Value",7573
"2024","Chatham and Aylesford","E14001157","Total","Aged 15-19","Value",6525
"2024","Chatham and Aylesford","E14001157","Total","Aged 20-24","Value",5481
"2024","Chatham and Aylesford","E14001157","Total","Aged 25-29","Value",6806
"2024","Chatham and Aylesford","E14001157","Total","Aged 30-34","Value",8051
"2024","Chatham and Aylesford","E14001157","Total","Aged 35-39","Value",8318
"2024","Chatham and Aylesford","E14001157","Total","Aged 40-44","Value",7746
"2024","Chatham and Aylesford","E14001157","Total","Aged 45-49","Value",6782
"2024","Chatham and Aylesford","E14001157","Total","Aged 50-54","Value",6893
"2024","Chatham and Aylesford","E14001157","Total","Aged 55-59","Value",7054
"2024","Chatham and Aylesford","E14001157","Total","Aged 60-64","Value",6233
"2024","Chatham and Aylesford","E14001157","Total","Aged 65-69","Value",5114
"2024","Chatham and Aylesford","E14001157","Total","Aged 70-74","Value",4186
"2024","Chatham and Aylesford","E14001157","Total","Aged 75-79","Value",3899
"2024","Chatham and Aylesford","E14001157","Total","Aged 80-84","Value",2387
"2024","Chatham and Aylesford","E14001157","Total","Aged 85+","Value",1914
"2024","Chesham and Amersham","E14001162","Total","All Ages","Value",101628
"2024","Chesham and Amersham","E14001162","Total","Age 0 - 4","Value",4949
"2024","Chesham and Amersham","E14001162","Total","Aged 5-9","Value",6430
"2024","Chesham and Amersham","E14001162","Total","Aged 10-14","Value",7246
"2024","Chesham and Amersham","E14001162","Total","Aged 15-19","Value",6214
"2024","Chesham and Amersham","E14001162","Total","Aged 20-24","Value",3932
"2024","Chesham and Amersham","E14001162","Total","Aged 25-29","Value",4510
"2024","Chesham and Amersham","E14001162","Total","Aged 30-34","Value",4740
"2024","Chesham and Amersham","E14001162","Total","Aged 35-39","Value",5859
"2024","Chesham and Amersham","E14001162","Total","Aged 40-44","Value",7099
"2024","Chesham and Amersham","E14001162","Total","Aged 45-49","Value",7399
"2024","Chesham and Amersham","E14001162","Total","Aged 50-54","Value",7366
"2024","Chesham and Amersham","E14001162","Total","Aged 55-59","Value",7156
"2024","Chesham and Amersham","E14001162","Total","Aged 60-64","Value",6694
"2024","Chesham and Amersham","E14001162","Total","Aged 65-69","Value",5441
"2024","Chesham and Amersham","E14001162","Total","Aged 70-74","Value",4595
"2024","Chesham and Amersham","E14001162","Total","Aged 75-79","Value",4838
"2024","Chesham and Amersham","E14001162","Total","Aged 80-84","Value",3399
"2024","Chesham and Amersham","E14001162","Total","Aged 85+","Value",3761
"2024","Chichester","E14001166","Total","All Ages","Value",109427
"2024","Chichester","E14001166","Total","Age 0 - 4","Value",4891
"2024","Chichester","E14001166","Total","Aged 5-9","Value",5416
"2024","Chichester","E14001166","Total","Aged 10-14","Value",5602
"2024","Chichester","E14001166","Total","Aged 15-19","Value",5870
"2024","Chichester","E14001166","Total","Aged 20-24","Value",6009
"2024","Chichester","E14001166","Total","Aged 25-29","Value",5760
"2024","Chichester","E14001166","Total","Aged 30-34","Value",6430
"2024","Chichester","E14001166","Total","Aged 35-39","Value",6518
"2024","Chichester","E14001166","Total","Aged 40-44","Value",6214
"2024","Chichester","E14001166","Total","Aged 45-49","Value",5589
"2024","Chichester","E14001166","Total","Aged 50-54","Value",6405
"2024","Chichester","E14001166","Total","Aged 55-59","Value",7402
"2024","Chichester","E14001166","Total","Aged 60-64","Value",7737
"2024","Chichester","E14001166","Total","Aged 65-69","Value",7217
"2024","Chichester","E14001166","Total","Aged 70-74","Value",6480
"2024","Chichester","E14001166","Total","Aged 75-79","Value",6777
"2024","Chichester","E14001166","Total","Aged 80-84","Value",4521
"2024","Chichester","E14001166","Total","Aged 85+","Value",4589
"2024","Crawley","E14001184","Total","All Ages","Value",124008
"2024","Crawley","E14001184","Total","Age 0 - 4","Value",7802
"2024","Crawley","E14001184","Total","Aged 5-9","Value",8306
"2024","Crawley","E14001184","Total","Aged 10-14","Value",8613
"2024","Crawley","E14001184","Total","Aged 15-19","Value",7386
"2024","Crawley","E14001184","Total","Aged 20-24","Value",6353
"2024","Crawley","E14001184","Total","Aged 25-29","Value",8380
"2024","Crawley","E14001184","Total","Aged 30-34","Value",10324
"2024","Crawley","E14001184","Total","Aged 35-39","Value",10435
"2024","Crawley","E14001184","Total","Aged 40-44","Value",9850
"2024","Crawley","E14001184","Total","Aged 45-49","Value",8396
"2024","Crawley","E14001184","Total","Aged 50-54","Value",7702
"2024","Crawley","E14001184","Total","Aged 55-59","Value",7329
"2024","Crawley","E14001184","Total","Aged 60-64","Value",6395
"2024","Crawley","E14001184","Total","Aged 65-69","Value",5281
"2024","Crawley","E14001184","Total","Aged 70-74","Value",3993
"2024","Crawley","E14001184","Total","Aged 75-79","Value",3417
"2024","Crawley","E14001184","Total","Aged 80-84","Value",1897
"2024","Crawley","E14001184","Total","Aged 85+","Value",2149
"2024","Dartford","E14001191","Total","All Ages","Value",117149
"2024","Dartford","E14001191","Total","Age 0 - 4","Value",8033
"2024","Dartford","E14001191","Total","Aged 5-9","Value",8653
"2024","Dartford","E14001191","Total","Aged 10-14","Value",8841
"2024","Dartford","E14001191","Total","Aged 15-19","Value",6740
"2024","Dartford","E14001191","Total","Aged 20-24","Value",5023
"2024","Dartford","E14001191","Total","Aged 25-29","Value",7516
"2024","Dartford","E14001191","Total","Aged 30-34","Value",9594
"2024","Dartford","E14001191","Total","Aged 35-39","Value",10642
"2024","Dartford","E14001191","Total","Aged 40-44","Value",9644
"2024","Dartford","E14001191","Total","Aged 45-49","Value",8103
"2024","Dartford","E14001191","Total","Aged 50-54","Value",7067
"2024","Dartford","E14001191","Total","Aged 55-59","Value",6848
"2024","Dartford","E14001191","Total","Aged 60-64","Value",5431
"2024","Dartford","E14001191","Total","Aged 65-69","Value",4267
"2024","Dartford","E14001191","Total","Aged 70-74","Value",3399
"2024","Dartford","E14001191","Total","Aged 75-79","Value",3251
"2024","Dartford","E14001191","Total","Aged 80-84","Value",2020
"2024","Dartford","E14001191","Total","Aged 85+","Value",2077
"2024","Didcot and Wantage","E14001197","Total","All Ages","Value",115695
"2024","Didcot and Wantage","E14001197","Total","Age 0 - 4","Value",7212
"2024","Didcot and Wantage","E14001197","Total","Aged 5-9","Value",7478
"2024","Didcot and Wantage","E14001197","Total","Aged 10-14","Value",7349
"2024","Didcot and Wantage","E14001197","Total","Aged 15-19","Value",6109
"2024","Didcot and Wantage","E14001197","Total","Aged 20-24","Value",4675
"2024","Didcot and Wantage","E14001197","Total","Aged 25-29","Value",6953
"2024","Didcot and Wantage","E14001197","Total","Aged 30-34","Value",9104
"2024","Didcot and Wantage","E14001197","Total","Aged 35-39","Value",9099
"2024","Didcot and Wantage","E14001197","Total","Aged 40-44","Value",8453
"2024","Didcot and Wantage","E14001197","Total","Aged 45-49","Value",7170
"2024","Didcot and Wantage","E14001197","Total","Aged 50-54","Value",7473
"2024","Didcot and Wantage","E14001197","Total","Aged 55-59","Value",7634
"2024","Didcot and Wantage","E14001197","Total","Aged 60-64","Value",6534
"2024","Didcot and Wantage","E14001197","Total","Aged 65-69","Value",5395
"2024","Didcot and Wantage","E14001197","Total","Aged 70-74","Value",4712
"2024","Didcot and Wantage","E14001197","Total","Aged 75-79","Value",4432
"2024","Didcot and Wantage","E14001197","Total","Aged 80-84","Value",2921
"2024","Didcot and Wantage","E14001197","Total","Aged 85+","Value",2992
"2024","Dorking and Horley","E14001201","Total","All Ages","Value",97333
"2024","Dorking and Horley","E14001201","Total","Age 0 - 4","Value",4773
"2024","Dorking and Horley","E14001201","Total","Aged 5-9","Value",5559
"2024","Dorking and Horley","E14001201","Total","Aged 10-14","Value",5852
"2024","Dorking and Horley","E14001201","Total","Aged 15-19","Value",5528
"2024","Dorking and Horley","E14001201","Total","Aged 20-24","Value",3740
"2024","Dorking and Horley","E14001201","Total","Aged 25-29","Value",4790
"2024","Dorking and Horley","E14001201","Total","Aged 30-34","Value",5490
"2024","Dorking and Horley","E14001201","Total","Aged 35-39","Value",6164
"2024","Dorking and Horley","E14001201","Total","Aged 40-44","Value",6442
"2024","Dorking and Horley","E14001201","Total","Aged 45-49","Value",6379
"2024","Dorking and Horley","E14001201","Total","Aged 50-54","Value",6734
"2024","Dorking and Horley","E14001201","Total","Aged 55-59","Value",7162
"2024","Dorking and Horley","E14001201","Total","Aged 60-64","Value",6714
"2024","Dorking and Horley","E14001201","Total","Aged 65-69","Value",5559
"2024","Dorking and Horley","E14001201","Total","Aged 70-74","Value",5026
"2024","Dorking and Horley","E14001201","Total","Aged 75-79","Value",4938
"2024","Dorking and Horley","E14001201","Total","Aged 80-84","Value",3145
"2024","Dorking and Horley","E14001201","Total","Aged 85+","Value",3338
"2024","Dover and Deal","E14001202","Total","All Ages","Value",105667
"2024","Dover and Deal","E14001202","Total","Age 0 - 4","Value",5079
"2024","Dover and Deal","E14001202","Total","Aged 5-9","Value",5864
"2024","Dover and Deal","E14001202","Total","Aged 10-14","Value",6470
"2024","Dover and Deal","E14001202","Total","Aged 15-19","Value",5808
"2024","Dover and Deal","E14001202","Total","Aged 20-24","Value",4404
"2024","Dover and Deal","E14001202","Total","Aged 25-29","Value",5897
"2024","Dover and Deal","E14001202","Total","Aged 30-34","Value",6469
"2024","Dover and Deal","E14001202","Total","Aged 35-39","Value",6566
"2024","Dover and Deal","E14001202","Total","Aged 40-44","Value",6144
"2024","Dover and Deal","E14001202","Total","Aged 45-49","Value",5699
"2024","Dover and Deal","E14001202","Total","Aged 50-54","Value",6572
"2024","Dover and Deal","E14001202","Total","Aged 55-59","Value",7612
"2024","Dover and Deal","E14001202","Total","Aged 60-64","Value",7537
"2024","Dover and Deal","E14001202","Total","Aged 65-69","Value",6831
"2024","Dover and Deal","E14001202","Total","Aged 70-74","Value",6013
"2024","Dover and Deal","E14001202","Total","Aged 75-79","Value",5895
"2024","Dover and Deal","E14001202","Total","Aged 80-84","Value",3596
"2024","Dover and Deal","E14001202","Total","Aged 85+","Value",3211
"2024","Earley and Woodley","E14001210","Total","All Ages","Value",111218
"2024","Earley and Woodley","E14001210","Total","Age 0 - 4","Value",5791
"2024","Earley and Woodley","E14001210","Total","Aged 5-9","Value",7362
"2024","Earley and Woodley","E14001210","Total","Aged 10-14","Value",8141
"2024","Earley and Woodley","E14001210","Total","Aged 15-19","Value",9128
"2024","Earley and Woodley","E14001210","Total","Aged 20-24","Value",6396
"2024","Earley and Woodley","E14001210","Total","Aged 25-29","Value",6377
"2024","Earley and Woodley","E14001210","Total","Aged 30-34","Value",7136
"2024","Earley and Woodley","E14001210","Total","Aged 35-39","Value",8320
"2024","Earley and Woodley","E14001210","Total","Aged 40-44","Value",9072
"2024","Earley and Woodley","E14001210","Total","Aged 45-49","Value",7860
"2024","Earley and Woodley","E14001210","Total","Aged 50-54","Value",7130
"2024","Earley and Woodley","E14001210","Total","Aged 55-59","Value",6459
"2024","Earley and Woodley","E14001210","Total","Aged 60-64","Value",5779
"2024","Earley and Woodley","E14001210","Total","Aged 65-69","Value",4650
"2024","Earley and Woodley","E14001210","Total","Aged 70-74","Value",3657
"2024","Earley and Woodley","E14001210","Total","Aged 75-79","Value",3462
"2024","Earley and Woodley","E14001210","Total","Aged 80-84","Value",2209
"2024","Earley and Woodley","E14001210","Total","Aged 85+","Value",2289
"2024","East Grinstead and Uckfield","E14001212","Total","All Ages","Value",101008
"2024","East Grinstead and Uckfield","E14001212","Total","Age 0 - 4","Value",4772
"2024","East Grinstead and Uckfield","E14001212","Total","Aged 5-9","Value",5826
"2024","East Grinstead and Uckfield","E14001212","Total","Aged 10-14","Value",6494
"2024","East Grinstead and Uckfield","E14001212","Total","Aged 15-19","Value",5692
"2024","East Grinstead and Uckfield","E14001212","Total","Aged 20-24","Value",3864
"2024","East Grinstead and Uckfield","E14001212","Total","Aged 25-29","Value",4921
"2024","East Grinstead and Uckfield","E14001212","Total","Aged 30-34","Value",5565
"2024","East Grinstead and Uckfield","E14001212","Total","Aged 35-39","Value",5982
"2024","East Grinstead and Uckfield","E14001212","Total","Aged 40-44","Value",6408
"2024","East Grinstead and Uckfield","E14001212","Total","Aged 45-49","Value",6332
"2024","East Grinstead and Uckfield","E14001212","Total","Aged 50-54","Value",7159
"2024","East Grinstead and Uckfield","E14001212","Total","Aged 55-59","Value",7509
"2024","East Grinstead and Uckfield","E14001212","Total","Aged 60-64","Value",7028
"2024","East Grinstead and Uckfield","E14001212","Total","Aged 65-69","Value",6077
"2024","East Grinstead and Uckfield","E14001212","Total","Aged 70-74","Value",5369
"2024","East Grinstead and Uckfield","E14001212","Total","Aged 75-79","Value",5461
"2024","East Grinstead and Uckfield","E14001212","Total","Aged 80-84","Value",3516
"2024","East Grinstead and Uckfield","E14001212","Total","Aged 85+","Value",3033
"2024","East Hampshire","E14001214","Total","All Ages","Value",92992
"2024","East Hampshire","E14001214","Total","Age 0 - 4","Value",3892
"2024","East Hampshire","E14001214","Total","Aged 5-9","Value",4688
"2024","East Hampshire","E14001214","Total","Aged 10-14","Value",5640
"2024","East Hampshire","E14001214","Total","Aged 15-19","Value",5284
"2024","East Hampshire","E14001214","Total","Aged 20-24","Value",3442
"2024","East Hampshire","E14001214","Total","Aged 25-29","Value",3965
"2024","East Hampshire","E14001214","Total","Aged 30-34","Value",4759
"2024","East Hampshire","E14001214","Total","Aged 35-39","Value",5255
"2024","East Hampshire","E14001214","Total","Aged 40-44","Value",5476
"2024","East Hampshire","E14001214","Total","Aged 45-49","Value",5647
"2024","East Hampshire","E14001214","Total","Aged 50-54","Value",6724
"2024","East Hampshire","E14001214","Total","Aged 55-59","Value",7174
"2024","East Hampshire","E14001214","Total","Aged 60-64","Value",7024
"2024","East Hampshire","E14001214","Total","Aged 65-69","Value",6063
"2024","East Hampshire","E14001214","Total","Aged 70-74","Value",5187
"2024","East Hampshire","E14001214","Total","Aged 75-79","Value",5560
"2024","East Hampshire","E14001214","Total","Aged 80-84","Value",3569
"2024","East Hampshire","E14001214","Total","Aged 85+","Value",3643
"2024","East Surrey","E14001215","Total","All Ages","Value",102392
"2024","East Surrey","E14001215","Total","Age 0 - 4","Value",5656
"2024","East Surrey","E14001215","Total","Aged 5-9","Value",6249
"2024","East Surrey","E14001215","Total","Aged 10-14","Value",6496
"2024","East Surrey","E14001215","Total","Aged 15-19","Value",6325
"2024","East Surrey","E14001215","Total","Aged 20-24","Value",4225
"2024","East Surrey","E14001215","Total","Aged 25-29","Value",5099
"2024","East Surrey","E14001215","Total","Aged 30-34","Value",5780
"2024","East Surrey","E14001215","Total","Aged 35-39","Value",6902
"2024","East Surrey","E14001215","Total","Aged 40-44","Value",6965
"2024","East Surrey","E14001215","Total","Aged 45-49","Value",6568
"2024","East Surrey","E14001215","Total","Aged 50-54","Value",7224
"2024","East Surrey","E14001215","Total","Aged 55-59","Value",7213
"2024","East Surrey","E14001215","Total","Aged 60-64","Value",6755
"2024","East Surrey","E14001215","Total","Aged 65-69","Value",5310
"2024","East Surrey","E14001215","Total","Aged 70-74","Value",4641
"2024","East Surrey","E14001215","Total","Aged 75-79","Value",4791
"2024","East Surrey","E14001215","Total","Aged 80-84","Value",3072
"2024","East Surrey","E14001215","Total","Aged 85+","Value",3121
"2024","East Thanet","E14001216","Total","All Ages","Value",106234
"2024","East Thanet","E14001216","Total","Age 0 - 4","Value",5727
"2024","East Thanet","E14001216","Total","Aged 5-9","Value",6261
"2024","East Thanet","E14001216","Total","Aged 10-14","Value",6411
"2024","East Thanet","E14001216","Total","Aged 15-19","Value",6012
"2024","East Thanet","E14001216","Total","Aged 20-24","Value",4762
"2024","East Thanet","E14001216","Total","Aged 25-29","Value",5734
"2024","East Thanet","E14001216","Total","Aged 30-34","Value",6713
"2024","East Thanet","E14001216","Total","Aged 35-39","Value",7070
"2024","East Thanet","E14001216","Total","Aged 40-44","Value",6622
"2024","East Thanet","E14001216","Total","Aged 45-49","Value",6175
"2024","East Thanet","E14001216","Total","Aged 50-54","Value",6753
"2024","East Thanet","E14001216","Total","Aged 55-59","Value",7332
"2024","East Thanet","E14001216","Total","Aged 60-64","Value",7132
"2024","East Thanet","E14001216","Total","Aged 65-69","Value",6109
"2024","East Thanet","E14001216","Total","Aged 70-74","Value",5656
"2024","East Thanet","E14001216","Total","Aged 75-79","Value",5608
"2024","East Thanet","E14001216","Total","Aged 80-84","Value",3330
"2024","East Thanet","E14001216","Total","Aged 85+","Value",2827
"2024","East Worthing and Shoreham","E14001218","Total","All Ages","Value",100078
"2024","East Worthing and Shoreham","E14001218","Total","Age 0 - 4","Value",4298
"2024","East Worthing and Shoreham","E14001218","Total","Aged 5-9","Value",5521
"2024","East Worthing and Shoreham","E14001218","Total","Aged 10-14","Value",6226
"2024","East Worthing and Shoreham","E14001218","Total","Aged 15-19","Value",5866
"2024","East Worthing and Shoreham","E14001218","Total","Aged 20-24","Value",4077
"2024","East Worthing and Shoreham","E14001218","Total","Aged 25-29","Value",4712
"2024","East Worthing and Shoreham","E14001218","Total","Aged 30-34","Value",5552
"2024","East Worthing and Shoreham","E14001218","Total","Aged 35-39","Value",6456
"2024","East Worthing and Shoreham","E14001218","Total","Aged 40-44","Value",6613
"2024","East Worthing and Shoreham","E14001218","Total","Aged 45-49","Value",6613
"2024","East Worthing and Shoreham","E14001218","Total","Aged 50-54","Value",7532
"2024","East Worthing and Shoreham","E14001218","Total","Aged 55-59","Value",7295
"2024","East Worthing and Shoreham","E14001218","Total","Aged 60-64","Value",6635
"2024","East Worthing and Shoreham","E14001218","Total","Aged 65-69","Value",5459
"2024","East Worthing and Shoreham","E14001218","Total","Aged 70-74","Value",5133
"2024","East Worthing and Shoreham","E14001218","Total","Aged 75-79","Value",5359
"2024","East Worthing and Shoreham","E14001218","Total","Aged 80-84","Value",3419
"2024","East Worthing and Shoreham","E14001218","Total","Aged 85+","Value",3312
"2024","Eastbourne","E14001219","Total","All Ages","Value",104259
"2024","Eastbourne","E14001219","Total","Age 0 - 4","Value",4509
"2024","Eastbourne","E14001219","Total","Aged 5-9","Value",5372
"2024","Eastbourne","E14001219","Total","Aged 10-14","Value",6002
"2024","Eastbourne","E14001219","Total","Aged 15-19","Value",6167
"2024","Eastbourne","E14001219","Total","Aged 20-24","Value",5018
"2024","Eastbourne","E14001219","Total","Aged 25-29","Value",5593
"2024","Eastbourne","E14001219","Total","Aged 30-34","Value",6214
"2024","Eastbourne","E14001219","Total","Aged 35-39","Value",6489
"2024","Eastbourne","E14001219","Total","Aged 40-44","Value",6403
"2024","Eastbourne","E14001219","Total","Aged 45-49","Value",5914
"2024","Eastbourne","E14001219","Total","Aged 50-54","Value",6558
"2024","Eastbourne","E14001219","Total","Aged 55-59","Value",7123
"2024","Eastbourne","E14001219","Total","Aged 60-64","Value",6972
"2024","Eastbourne","E14001219","Total","Aged 65-69","Value",6091
"2024","Eastbourne","E14001219","Total","Aged 70-74","Value",5756
"2024","Eastbourne","E14001219","Total","Aged 75-79","Value",6015
"2024","Eastbourne","E14001219","Total","Aged 80-84","Value",3805
"2024","Eastbourne","E14001219","Total","Aged 85+","Value",4258
"2024","Eastleigh","E14001220","Total","All Ages","Value",96778
"2024","Eastleigh","E14001220","Total","Age 0 - 4","Value",4771
"2024","Eastleigh","E14001220","Total","Aged 5-9","Value",5706
"2024","Eastleigh","E14001220","Total","Aged 10-14","Value",6308
"2024","Eastleigh","E14001220","Total","Aged 15-19","Value",5468
"2024","Eastleigh","E14001220","Total","Aged 20-24","Value",4206
"2024","Eastleigh","E14001220","Total","Aged 25-29","Value",5372
"2024","Eastleigh","E14001220","Total","Aged 30-34","Value",6403
"2024","Eastleigh","E14001220","Total","Aged 35-39","Value",6845
"2024","Eastleigh","E14001220","Total","Aged 40-44","Value",6806
"2024","Eastleigh","E14001220","Total","Aged 45-49","Value",6222
"2024","Eastleigh","E14001220","Total","Aged 50-54","Value",6366
"2024","Eastleigh","E14001220","Total","Aged 55-59","Value",6389
"2024","Eastleigh","E14001220","Total","Aged 60-64","Value",6001
"2024","Eastleigh","E14001220","Total","Aged 65-69","Value",5188
"2024","Eastleigh","E14001220","Total","Aged 70-74","Value",4531
"2024","Eastleigh","E14001220","Total","Aged 75-79","Value",4487
"2024","Eastleigh","E14001220","Total","Aged 80-84","Value",2805
"2024","Eastleigh","E14001220","Total","Aged 85+","Value",2904
"2024","Epsom and Ewell","E14001227","Total","All Ages","Value",110835
"2024","Epsom and Ewell","E14001227","Total","Age 0 - 4","Value",5698
"2024","Epsom and Ewell","E14001227","Total","Aged 5-9","Value",6922
"2024","Epsom and Ewell","E14001227","Total","Aged 10-14","Value",7715
"2024","Epsom and Ewell","E14001227","Total","Aged 15-19","Value",6794
"2024","Epsom and Ewell","E14001227","Total","Aged 20-24","Value",5142
"2024","Epsom and Ewell","E14001227","Total","Aged 25-29","Value",5717
"2024","Epsom and Ewell","E14001227","Total","Aged 30-34","Value",6073
"2024","Epsom and Ewell","E14001227","Total","Aged 35-39","Value",7088
"2024","Epsom and Ewell","E14001227","Total","Aged 40-44","Value",8257
"2024","Epsom and Ewell","E14001227","Total","Aged 45-49","Value",8311
"2024","Epsom and Ewell","E14001227","Total","Aged 50-54","Value",7832
"2024","Epsom and Ewell","E14001227","Total","Aged 55-59","Value",7484
"2024","Epsom and Ewell","E14001227","Total","Aged 60-64","Value",6610
"2024","Epsom and Ewell","E14001227","Total","Aged 65-69","Value",5236
"2024","Epsom and Ewell","E14001227","Total","Aged 70-74","Value",4673
"2024","Epsom and Ewell","E14001227","Total","Aged 75-79","Value",4798
"2024","Epsom and Ewell","E14001227","Total","Aged 80-84","Value",3227
"2024","Epsom and Ewell","E14001227","Total","Aged 85+","Value",3258
"2024","Esher and Walton","E14001230","Total","All Ages","Value",105649
"2024","Esher and Walton","E14001230","Total","Age 0 - 4","Value",6150
"2024","Esher and Walton","E14001230","Total","Aged 5-9","Value",7207
"2024","Esher and Walton","E14001230","Total","Aged 10-14","Value",7828
"2024","Esher and Walton","E14001230","Total","Aged 15-19","Value",6165
"2024","Esher and Walton","E14001230","Total","Aged 20-24","Value",3829
"2024","Esher and Walton","E14001230","Total","Aged 25-29","Value",4614
"2024","Esher and Walton","E14001230","Total","Aged 30-34","Value",5528
"2024","Esher and Walton","E14001230","Total","Aged 35-39","Value",6910
"2024","Esher and Walton","E14001230","Total","Aged 40-44","Value",8401
"2024","Esher and Walton","E14001230","Total","Aged 45-49","Value",8647
"2024","Esher and Walton","E14001230","Total","Aged 50-54","Value",8125
"2024","Esher and Walton","E14001230","Total","Aged 55-59","Value",7317
"2024","Esher and Walton","E14001230","Total","Aged 60-64","Value",6197
"2024","Esher and Walton","E14001230","Total","Aged 65-69","Value",4731
"2024","Esher and Walton","E14001230","Total","Aged 70-74","Value",4204
"2024","Esher and Walton","E14001230","Total","Aged 75-79","Value",4025
"2024","Esher and Walton","E14001230","Total","Aged 80-84","Value",2716
"2024","Esher and Walton","E14001230","Total","Aged 85+","Value",3055
"2024","Fareham and Waterlooville","E14001233","Total","All Ages","Value",101183
"2024","Fareham and Waterlooville","E14001233","Total","Age 0 - 4","Value",4738
"2024","Fareham and Waterlooville","E14001233","Total","Aged 5-9","Value",5332
"2024","Fareham and Waterlooville","E14001233","Total","Aged 10-14","Value",5559
"2024","Fareham and Waterlooville","E14001233","Total","Aged 15-19","Value",4836
"2024","Fareham and Waterlooville","E14001233","Total","Aged 20-24","Value",4531
"2024","Fareham and Waterlooville","E14001233","Total","Aged 25-29","Value",5477
"2024","Fareham and Waterlooville","E14001233","Total","Aged 30-34","Value",6081
"2024","Fareham and Waterlooville","E14001233","Total","Aged 35-39","Value",6585
"2024","Fareham and Waterlooville","E14001233","Total","Aged 40-44","Value",6108
"2024","Fareham and Waterlooville","E14001233","Total","Aged 45-49","Value",5399
"2024","Fareham and Waterlooville","E14001233","Total","Aged 50-54","Value",6326
"2024","Fareham and Waterlooville","E14001233","Total","Aged 55-59","Value",7302
"2024","Fareham and Waterlooville","E14001233","Total","Aged 60-64","Value",7368
"2024","Fareham and Waterlooville","E14001233","Total","Aged 65-69","Value",6201
"2024","Fareham and Waterlooville","E14001233","Total","Aged 70-74","Value",5472
"2024","Fareham and Waterlooville","E14001233","Total","Aged 75-79","Value",5860
"2024","Fareham and Waterlooville","E14001233","Total","Aged 80-84","Value",3899
"2024","Fareham and Waterlooville","E14001233","Total","Aged 85+","Value",4109
"2024","Farnham and Bordon","E14001234","Total","All Ages","Value",105075
"2024","Farnham and Bordon","E14001234","Total","Age 0 - 4","Value",5055
"2024","Farnham and Bordon","E14001234","Total","Aged 5-9","Value",6353
"2024","Farnham and Bordon","E14001234","Total","Aged 10-14","Value",6987
"2024","Farnham and Bordon","E14001234","Total","Aged 15-19","Value",6455
"2024","Farnham and Bordon","E14001234","Total","Aged 20-24","Value",4646
"2024","Farnham and Bordon","E14001234","Total","Aged 25-29","Value",5241
"2024","Farnham and Bordon","E14001234","Total","Aged 30-34","Value",5640
"2024","Farnham and Bordon","E14001234","Total","Aged 35-39","Value",6385
"2024","Farnham and Bordon","E14001234","Total","Aged 40-44","Value",7027
"2024","Farnham and Bordon","E14001234","Total","Aged 45-49","Value",7017
"2024","Farnham and Bordon","E14001234","Total","Aged 50-54","Value",7745
"2024","Farnham and Bordon","E14001234","Total","Aged 55-59","Value",7519
"2024","Farnham and Bordon","E14001234","Total","Aged 60-64","Value",6664
"2024","Farnham and Bordon","E14001234","Total","Aged 65-69","Value",5479
"2024","Farnham and Bordon","E14001234","Total","Aged 70-74","Value",4841
"2024","Farnham and Bordon","E14001234","Total","Aged 75-79","Value",4994
"2024","Farnham and Bordon","E14001234","Total","Aged 80-84","Value",3372
"2024","Farnham and Bordon","E14001234","Total","Aged 85+","Value",3655
"2024","Faversham and Mid Kent","E14001235","Total","All Ages","Value",104995
"2024","Faversham and Mid Kent","E14001235","Total","Age 0 - 4","Value",5806
"2024","Faversham and Mid Kent","E14001235","Total","Aged 5-9","Value",6920
"2024","Faversham and Mid Kent","E14001235","Total","Aged 10-14","Value",6915
"2024","Faversham and Mid Kent","E14001235","Total","Aged 15-19","Value",5808
"2024","Faversham and Mid Kent","E14001235","Total","Aged 20-24","Value",4229
"2024","Faversham and Mid Kent","E14001235","Total","Aged 25-29","Value",5477
"2024","Faversham and Mid Kent","E14001235","Total","Aged 30-34","Value",6615
"2024","Faversham and Mid Kent","E14001235","Total","Aged 35-39","Value",7005
"2024","Faversham and Mid Kent","E14001235","Total","Aged 40-44","Value",6722
"2024","Faversham and Mid Kent","E14001235","Total","Aged 45-49","Value",6215
"2024","Faversham and Mid Kent","E14001235","Total","Aged 50-54","Value",7049
"2024","Faversham and Mid Kent","E14001235","Total","Aged 55-59","Value",7419
"2024","Faversham and Mid Kent","E14001235","Total","Aged 60-64","Value",6829
"2024","Faversham and Mid Kent","E14001235","Total","Aged 65-69","Value",5754
"2024","Faversham and Mid Kent","E14001235","Total","Aged 70-74","Value",4931
"2024","Faversham and Mid Kent","E14001235","Total","Aged 75-79","Value",5206
"2024","Faversham and Mid Kent","E14001235","Total","Aged 80-84","Value",3123
"2024","Faversham and Mid Kent","E14001235","Total","Aged 85+","Value",2972
"2024","Folkestone and Hythe","E14001239","Total","All Ages","Value",93782
"2024","Folkestone and Hythe","E14001239","Total","Age 0 - 4","Value",4237
"2024","Folkestone and Hythe","E14001239","Total","Aged 5-9","Value",4757
"2024","Folkestone and Hythe","E14001239","Total","Aged 10-14","Value",5250
"2024","Folkestone and Hythe","E14001239","Total","Aged 15-19","Value",5074
"2024","Folkestone and Hythe","E14001239","Total","Aged 20-24","Value",3923
"2024","Folkestone and Hythe","E14001239","Total","Aged 25-29","Value",4935
"2024","Folkestone and Hythe","E14001239","Total","Aged 30-34","Value",5566
"2024","Folkestone and Hythe","E14001239","Total","Aged 35-39","Value",5537
"2024","Folkestone and Hythe","E14001239","Total","Aged 40-44","Value",5566
"2024","Folkestone and Hythe","E14001239","Total","Aged 45-49","Value",5093
"2024","Folkestone and Hythe","E14001239","Total","Aged 50-54","Value",5968
"2024","Folkestone and Hythe","E14001239","Total","Aged 55-59","Value",6881
"2024","Folkestone and Hythe","E14001239","Total","Aged 60-64","Value",6882
"2024","Folkestone and Hythe","E14001239","Total","Aged 65-69","Value",5938
"2024","Folkestone and Hythe","E14001239","Total","Aged 70-74","Value",5699
"2024","Folkestone and Hythe","E14001239","Total","Aged 75-79","Value",5825
"2024","Folkestone and Hythe","E14001239","Total","Aged 80-84","Value",3492
"2024","Folkestone and Hythe","E14001239","Total","Aged 85+","Value",3159
"2024","Gillingham and Rainham","E14001246","Total","All Ages","Value",106621
"2024","Gillingham and Rainham","E14001246","Total","Age 0 - 4","Value",5982
"2024","Gillingham and Rainham","E14001246","Total","Aged 5-9","Value",6999
"2024","Gillingham and Rainham","E14001246","Total","Aged 10-14","Value",7232
"2024","Gillingham and Rainham","E14001246","Total","Aged 15-19","Value",6618
"2024","Gillingham and Rainham","E14001246","Total","Aged 20-24","Value",5710
"2024","Gillingham and Rainham","E14001246","Total","Aged 25-29","Value",6811
"2024","Gillingham and Rainham","E14001246","Total","Aged 30-34","Value",7408
"2024","Gillingham and Rainham","E14001246","Total","Aged 35-39","Value",7773
"2024","Gillingham and Rainham","E14001246","Total","Aged 40-44","Value",7244
"2024","Gillingham and Rainham","E14001246","Total","Aged 45-49","Value",6512
"2024","Gillingham and Rainham","E14001246","Total","Aged 50-54","Value",6488
"2024","Gillingham and Rainham","E14001246","Total","Aged 55-59","Value",6549
"2024","Gillingham and Rainham","E14001246","Total","Aged 60-64","Value",6201
"2024","Gillingham and Rainham","E14001246","Total","Aged 65-69","Value",5183
"2024","Gillingham and Rainham","E14001246","Total","Aged 70-74","Value",4491
"2024","Gillingham and Rainham","E14001246","Total","Aged 75-79","Value",4484
"2024","Gillingham and Rainham","E14001246","Total","Aged 80-84","Value",2560
"2024","Gillingham and Rainham","E14001246","Total","Aged 85+","Value",2376
"2024","Godalming and Ash","E14001249","Total","All Ages","Value",102165
"2024","Godalming and Ash","E14001249","Total","Age 0 - 4","Value",5504
"2024","Godalming and Ash","E14001249","Total","Aged 5-9","Value",5957
"2024","Godalming and Ash","E14001249","Total","Aged 10-14","Value",6632
"2024","Godalming and Ash","E14001249","Total","Aged 15-19","Value",6503
"2024","Godalming and Ash","E14001249","Total","Aged 20-24","Value",3721
"2024","Godalming and Ash","E14001249","Total","Aged 25-29","Value",4580
"2024","Godalming and Ash","E14001249","Total","Aged 30-34","Value",5727
"2024","Godalming and Ash","E14001249","Total","Aged 35-39","Value",6722
"2024","Godalming and Ash","E14001249","Total","Aged 40-44","Value",6709
"2024","Godalming and Ash","E14001249","Total","Aged 45-49","Value",6795
"2024","Godalming and Ash","E14001249","Total","Aged 50-54","Value",7281
"2024","Godalming and Ash","E14001249","Total","Aged 55-59","Value",7109
"2024","Godalming and Ash","E14001249","Total","Aged 60-64","Value",6614
"2024","Godalming and Ash","E14001249","Total","Aged 65-69","Value",5514
"2024","Godalming and Ash","E14001249","Total","Aged 70-74","Value",4820
"2024","Godalming and Ash","E14001249","Total","Aged 75-79","Value",5046
"2024","Godalming and Ash","E14001249","Total","Aged 80-84","Value",3487
"2024","Godalming and Ash","E14001249","Total","Aged 85+","Value",3444
"2024","Gosport","E14001252","Total","All Ages","Value",97447
"2024","Gosport","E14001252","Total","Age 0 - 4","Value",4422
"2024","Gosport","E14001252","Total","Aged 5-9","Value",5082
"2024","Gosport","E14001252","Total","Aged 10-14","Value",5625
"2024","Gosport","E14001252","Total","Aged 15-19","Value",5619
"2024","Gosport","E14001252","Total","Aged 20-24","Value",5059
"2024","Gosport","E14001252","Total","Aged 25-29","Value",5391
"2024","Gosport","E14001252","Total","Aged 30-34","Value",5729
"2024","Gosport","E14001252","Total","Aged 35-39","Value",5933
"2024","Gosport","E14001252","Total","Aged 40-44","Value",5738
"2024","Gosport","E14001252","Total","Aged 45-49","Value",5122
"2024","Gosport","E14001252","Total","Aged 50-54","Value",6239
"2024","Gosport","E14001252","Total","Aged 55-59","Value",6883
"2024","Gosport","E14001252","Total","Aged 60-64","Value",7074
"2024","Gosport","E14001252","Total","Aged 65-69","Value",6130
"2024","Gosport","E14001252","Total","Aged 70-74","Value",5224
"2024","Gosport","E14001252","Total","Aged 75-79","Value",5676
"2024","Gosport","E14001252","Total","Aged 80-84","Value",3254
"2024","Gosport","E14001252","Total","Aged 85+","Value",3247
"2024","Gravesham","E14001254","Total","All Ages","Value",110671
"2024","Gravesham","E14001254","Total","Age 0 - 4","Value",6926
"2024","Gravesham","E14001254","Total","Aged 5-9","Value",7422
"2024","Gravesham","E14001254","Total","Aged 10-14","Value",7856
"2024","Gravesham","E14001254","Total","Aged 15-19","Value",6816
"2024","Gravesham","E14001254","Total","Aged 20-24","Value",5511
"2024","Gravesham","E14001254","Total","Aged 25-29","Value",6772
"2024","Gravesham","E14001254","Total","Aged 30-34","Value",7798
"2024","Gravesham","E14001254","Total","Aged 35-39","Value",8135
"2024","Gravesham","E14001254","Total","Aged 40-44","Value",7721
"2024","Gravesham","E14001254","Total","Aged 45-49","Value",6713
"2024","Gravesham","E14001254","Total","Aged 50-54","Value",6999
"2024","Gravesham","E14001254","Total","Aged 55-59","Value",6998
"2024","Gravesham","E14001254","Total","Aged 60-64","Value",6284
"2024","Gravesham","E14001254","Total","Aged 65-69","Value",5105
"2024","Gravesham","E14001254","Total","Aged 70-74","Value",4224
"2024","Gravesham","E14001254","Total","Aged 75-79","Value",4178
"2024","Gravesham","E14001254","Total","Aged 80-84","Value",2652
"2024","Gravesham","E14001254","Total","Aged 85+","Value",2561
"2024","Guildford","E14001258","Total","All Ages","Value",106711
"2024","Guildford","E14001258","Total","Age 0 - 4","Value",4554
"2024","Guildford","E14001258","Total","Aged 5-9","Value",5537
"2024","Guildford","E14001258","Total","Aged 10-14","Value",6323
"2024","Guildford","E14001258","Total","Aged 15-19","Value",8023
"2024","Guildford","E14001258","Total","Aged 20-24","Value",11436
"2024","Guildford","E14001258","Total","Aged 25-29","Value",7415
"2024","Guildford","E14001258","Total","Aged 30-34","Value",6750
"2024","Guildford","E14001258","Total","Aged 35-39","Value",6618
"2024","Guildford","E14001258","Total","Aged 40-44","Value",7002
"2024","Guildford","E14001258","Total","Aged 45-49","Value",6734
"2024","Guildford","E14001258","Total","Aged 50-54","Value",6837
"2024","Guildford","E14001258","Total","Aged 55-59","Value",6479
"2024","Guildford","E14001258","Total","Aged 60-64","Value",5804
"2024","Guildford","E14001258","Total","Aged 65-69","Value",4522
"2024","Guildford","E14001258","Total","Aged 70-74","Value",3907
"2024","Guildford","E14001258","Total","Aged 75-79","Value",3728
"2024","Guildford","E14001258","Total","Aged 80-84","Value",2398
"2024","Guildford","E14001258","Total","Aged 85+","Value",2644
"2024","Hamble Valley","E14001263","Total","All Ages","Value",108189
"2024","Hamble Valley","E14001263","Total","Age 0 - 4","Value",5547
"2024","Hamble Valley","E14001263","Total","Aged 5-9","Value",6532
"2024","Hamble Valley","E14001263","Total","Aged 10-14","Value",6969
"2024","Hamble Valley","E14001263","Total","Aged 15-19","Value",5752
"2024","Hamble Valley","E14001263","Total","Aged 20-24","Value",4603
"2024","Hamble Valley","E14001263","Total","Aged 25-29","Value",6017
"2024","Hamble Valley","E14001263","Total","Aged 30-34","Value",6939
"2024","Hamble Valley","E14001263","Total","Aged 35-39","Value",7687
"2024","Hamble Valley","E14001263","Total","Aged 40-44","Value",7078
"2024","Hamble Valley","E14001263","Total","Aged 45-49","Value",6581
"2024","Hamble Valley","E14001263","Total","Aged 50-54","Value",7395
"2024","Hamble Valley","E14001263","Total","Aged 55-59","Value",7901
"2024","Hamble Valley","E14001263","Total","Aged 60-64","Value",7241
"2024","Hamble Valley","E14001263","Total","Aged 65-69","Value",5850
"2024","Hamble Valley","E14001263","Total","Aged 70-74","Value",4990
"2024","Hamble Valley","E14001263","Total","Aged 75-79","Value",4861
"2024","Hamble Valley","E14001263","Total","Aged 80-84","Value",3073
"2024","Hamble Valley","E14001263","Total","Aged 85+","Value",3173
"2024","Hastings and Rye","E14001274","Total","All Ages","Value",105194
"2024","Hastings and Rye","E14001274","Total","Age 0 - 4","Value",4928
"2024","Hastings and Rye","E14001274","Total","Aged 5-9","Value",5525
"2024","Hastings and Rye","E14001274","Total","Aged 10-14","Value",5917
"2024","Hastings and Rye","E14001274","Total","Aged 15-19","Value",5871
"2024","Hastings and Rye","E14001274","Total","Aged 20-24","Value",4479
"2024","Hastings and Rye","E14001274","Total","Aged 25-29","Value",5608
"2024","Hastings and Rye","E14001274","Total","Aged 30-34","Value",6252
"2024","Hastings and Rye","E14001274","Total","Aged 35-39","Value",6898
"2024","Hastings and Rye","E14001274","Total","Aged 40-44","Value",6572
"2024","Hastings and Rye","E14001274","Total","Aged 45-49","Value",6021
"2024","Hastings and Rye","E14001274","Total","Aged 50-54","Value",7158
"2024","Hastings and Rye","E14001274","Total","Aged 55-59","Value",8127
"2024","Hastings and Rye","E14001274","Total","Aged 60-64","Value",7763
"2024","Hastings and Rye","E14001274","Total","Aged 65-69","Value",6361
"2024","Hastings and Rye","E14001274","Total","Aged 70-74","Value",5810
"2024","Hastings and Rye","E14001274","Total","Aged 75-79","Value",5573
"2024","Hastings and Rye","E14001274","Total","Aged 80-84","Value",3209
"2024","Hastings and Rye","E14001274","Total","Aged 85+","Value",3122
"2024","Havant","E14001275","Total","All Ages","Value",97335
"2024","Havant","E14001275","Total","Age 0 - 4","Value",4635
"2024","Havant","E14001275","Total","Aged 5-9","Value",5522
"2024","Havant","E14001275","Total","Aged 10-14","Value",5815
"2024","Havant","E14001275","Total","Aged 15-19","Value",5428
"2024","Havant","E14001275","Total","Aged 20-24","Value",4254
"2024","Havant","E14001275","Total","Aged 25-29","Value",5033
"2024","Havant","E14001275","Total","Aged 30-34","Value",5847
"2024","Havant","E14001275","Total","Aged 35-39","Value",5954
"2024","Havant","E14001275","Total","Aged 40-44","Value",5638
"2024","Havant","E14001275","Total","Aged 45-49","Value",5106
"2024","Havant","E14001275","Total","Aged 50-54","Value",6163
"2024","Havant","E14001275","Total","Aged 55-59","Value",7091
"2024","Havant","E14001275","Total","Aged 60-64","Value",7074
"2024","Havant","E14001275","Total","Aged 65-69","Value",6325
"2024","Havant","E14001275","Total","Aged 70-74","Value",5261
"2024","Havant","E14001275","Total","Aged 75-79","Value",5409
"2024","Havant","E14001275","Total","Aged 80-84","Value",3339
"2024","Havant","E14001275","Total","Aged 85+","Value",3441
"2024","Henley and Thame","E14001280","Total","All Ages","Value",98899
"2024","Henley and Thame","E14001280","Total","Age 0 - 4","Value",4687
"2024","Henley and Thame","E14001280","Total","Aged 5-9","Value",5501
"2024","Henley and Thame","E14001280","Total","Aged 10-14","Value",5997
"2024","Henley and Thame","E14001280","Total","Aged 15-19","Value",5427
"2024","Henley and Thame","E14001280","Total","Aged 20-24","Value",3731
"2024","Henley and Thame","E14001280","Total","Aged 25-29","Value",4786
"2024","Henley and Thame","E14001280","Total","Aged 30-34","Value",5177
"2024","Henley and Thame","E14001280","Total","Aged 35-39","Value",5809
"2024","Henley and Thame","E14001280","Total","Aged 40-44","Value",6060
"2024","Henley and Thame","E14001280","Total","Aged 45-49","Value",6289
"2024","Henley and Thame","E14001280","Total","Aged 50-54","Value",7089
"2024","Henley and Thame","E14001280","Total","Aged 55-59","Value",7614
"2024","Henley and Thame","E14001280","Total","Aged 60-64","Value",6946
"2024","Henley and Thame","E14001280","Total","Aged 65-69","Value",5649
"2024","Henley and Thame","E14001280","Total","Aged 70-74","Value",5192
"2024","Henley and Thame","E14001280","Total","Aged 75-79","Value",5415
"2024","Henley and Thame","E14001280","Total","Aged 80-84","Value",3766
"2024","Henley and Thame","E14001280","Total","Aged 85+","Value",3764
"2024","Herne Bay and Sandwich","E14001282","Total","All Ages","Value",102520
"2024","Herne Bay and Sandwich","E14001282","Total","Age 0 - 4","Value",4415
"2024","Herne Bay and Sandwich","E14001282","Total","Aged 5-9","Value",5179
"2024","Herne Bay and Sandwich","E14001282","Total","Aged 10-14","Value",5575
"2024","Herne Bay and Sandwich","E14001282","Total","Aged 15-19","Value",5311
"2024","Herne Bay and Sandwich","E14001282","Total","Aged 20-24","Value",4342
"2024","Herne Bay and Sandwich","E14001282","Total","Aged 25-29","Value",4557
"2024","Herne Bay and Sandwich","E14001282","Total","Aged 30-34","Value",5472
"2024","Herne Bay and Sandwich","E14001282","Total","Aged 35-39","Value",6054
"2024","Herne Bay and Sandwich","E14001282","Total","Aged 40-44","Value",5837
"2024","Herne Bay and Sandwich","E14001282","Total","Aged 45-49","Value",5347
"2024","Herne Bay and Sandwich","E14001282","Total","Aged 50-54","Value",6670
"2024","Herne Bay and Sandwich","E14001282","Total","Aged 55-59","Value",7521
"2024","Herne Bay and Sandwich","E14001282","Total","Aged 60-64","Value",7639
"2024","Herne Bay and Sandwich","E14001282","Total","Aged 65-69","Value",7093
"2024","Herne Bay and Sandwich","E14001282","Total","Aged 70-74","Value",6634
"2024","Herne Bay and Sandwich","E14001282","Total","Aged 75-79","Value",6758
"2024","Herne Bay and Sandwich","E14001282","Total","Aged 80-84","Value",4130
"2024","Herne Bay and Sandwich","E14001282","Total","Aged 85+","Value",3986
"2024","Horsham","E14001294","Total","All Ages","Value",108700
"2024","Horsham","E14001294","Total","Age 0 - 4","Value",5629
"2024","Horsham","E14001294","Total","Aged 5-9","Value",6470
"2024","Horsham","E14001294","Total","Aged 10-14","Value",6999
"2024","Horsham","E14001294","Total","Aged 15-19","Value",6366
"2024","Horsham","E14001294","Total","Aged 20-24","Value",4078
"2024","Horsham","E14001294","Total","Aged 25-29","Value",5935
"2024","Horsham","E14001294","Total","Aged 30-34","Value",6815
"2024","Horsham","E14001294","Total","Aged 35-39","Value",7523
"2024","Horsham","E14001294","Total","Aged 40-44","Value",7403
"2024","Horsham","E14001294","Total","Aged 45-49","Value",6924
"2024","Horsham","E14001294","Total","Aged 50-54","Value",7463
"2024","Horsham","E14001294","Total","Aged 55-59","Value",7887
"2024","Horsham","E14001294","Total","Aged 60-64","Value",7112
"2024","Horsham","E14001294","Total","Aged 65-69","Value",5868
"2024","Horsham","E14001294","Total","Aged 70-74","Value",4986
"2024","Horsham","E14001294","Total","Aged 75-79","Value",4957
"2024","Horsham","E14001294","Total","Aged 80-84","Value",3132
"2024","Horsham","E14001294","Total","Aged 85+","Value",3153
"2024","Hove and Portslade","E14001296","Total","All Ages","Value",104152
"2024","Hove and Portslade","E14001296","Total","Age 0 - 4","Value",4527
"2024","Hove and Portslade","E14001296","Total","Aged 5-9","Value",5100
"2024","Hove and Portslade","E14001296","Total","Aged 10-14","Value",5599
"2024","Hove and Portslade","E14001296","Total","Aged 15-19","Value",5842
"2024","Hove and Portslade","E14001296","Total","Aged 20-24","Value",5798
"2024","Hove and Portslade","E14001296","Total","Aged 25-29","Value",7681
"2024","Hove and Portslade","E14001296","Total","Aged 30-34","Value",8607
"2024","Hove and Portslade","E14001296","Total","Aged 35-39","Value",7577
"2024","Hove and Portslade","E14001296","Total","Aged 40-44","Value",7806
"2024","Hove and Portslade","E14001296","Total","Aged 45-49","Value",7651
"2024","Hove and Portslade","E14001296","Total","Aged 50-54","Value",8107
"2024","Hove and Portslade","E14001296","Total","Aged 55-59","Value",7474
"2024","Hove and Portslade","E14001296","Total","Aged 60-64","Value",6009
"2024","Hove and Portslade","E14001296","Total","Aged 65-69","Value",4498
"2024","Hove and Portslade","E14001296","Total","Aged 70-74","Value",3644
"2024","Hove and Portslade","E14001296","Total","Aged 75-79","Value",3538
"2024","Hove and Portslade","E14001296","Total","Aged 80-84","Value",2222
"2024","Hove and Portslade","E14001296","Total","Aged 85+","Value",2472
"2024","Isle of Wight East","E14001303","Total","All Ages","Value",69387
"2024","Isle of Wight East","E14001303","Total","Age 0 - 4","Value",2286
"2024","Isle of Wight East","E14001303","Total","Aged 5-9","Value",3014
"2024","Isle of Wight East","E14001303","Total","Aged 10-14","Value",3394
"2024","Isle of Wight East","E14001303","Total","Aged 15-19","Value",3271
"2024","Isle of Wight East","E14001303","Total","Aged 20-24","Value",2508
"2024","Isle of Wight East","E14001303","Total","Aged 25-29","Value",2953
"2024","Isle of Wight East","E14001303","Total","Aged 30-34","Value",3189
"2024","Isle of Wight East","E14001303","Total","Aged 35-39","Value",3449
"2024","Isle of Wight East","E14001303","Total","Aged 40-44","Value",3388
"2024","Isle of Wight East","E14001303","Total","Aged 45-49","Value",3552
"2024","Isle of Wight East","E14001303","Total","Aged 50-54","Value",4419
"2024","Isle of Wight East","E14001303","Total","Aged 55-59","Value",5639
"2024","Isle of Wight East","E14001303","Total","Aged 60-64","Value",5888
"2024","Isle of Wight East","E14001303","Total","Aged 65-69","Value",5586
"2024","Isle of Wight East","E14001303","Total","Aged 70-74","Value",5281
"2024","Isle of Wight East","E14001303","Total","Aged 75-79","Value",5308
"2024","Isle of Wight East","E14001303","Total","Aged 80-84","Value",3316
"2024","Isle of Wight East","E14001303","Total","Aged 85+","Value",2946
"2024","Isle of Wight West","E14001304","Total","All Ages","Value",72273
"2024","Isle of Wight West","E14001304","Total","Age 0 - 4","Value",2977
"2024","Isle of Wight West","E14001304","Total","Aged 5-9","Value",3464
"2024","Isle of Wight West","E14001304","Total","Aged 10-14","Value",3846
"2024","Isle of Wight West","E14001304","Total","Aged 15-19","Value",3576
"2024","Isle of Wight West","E14001304","Total","Aged 20-24","Value",2840
"2024","Isle of Wight West","E14001304","Total","Aged 25-29","Value",3675
"2024","Isle of Wight West","E14001304","Total","Aged 30-34","Value",4016
"2024","Isle of Wight West","E14001304","Total","Aged 35-39","Value",4140
"2024","Isle of Wight West","E14001304","Total","Aged 40-44","Value",3967
"2024","Isle of Wight West","E14001304","Total","Aged 45-49","Value",3764
"2024","Isle of Wight West","E14001304","Total","Aged 50-54","Value",4642
"2024","Isle of Wight West","E14001304","Total","Aged 55-59","Value",5530
"2024","Isle of Wight West","E14001304","Total","Aged 60-64","Value",5530
"2024","Isle of Wight West","E14001304","Total","Aged 65-69","Value",5023
"2024","Isle of Wight West","E14001304","Total","Aged 70-74","Value",4735
"2024","Isle of Wight West","E14001304","Total","Aged 75-79","Value",4850
"2024","Isle of Wight West","E14001304","Total","Aged 80-84","Value",3000
"2024","Isle of Wight West","E14001304","Total","Aged 85+","Value",2698
"2024","Lewes","E14001330","Total","All Ages","Value",97384
"2024","Lewes","E14001330","Total","Age 0 - 4","Value",3935
"2024","Lewes","E14001330","Total","Aged 5-9","Value",4643
"2024","Lewes","E14001330","Total","Aged 10-14","Value",5467
"2024","Lewes","E14001330","Total","Aged 15-19","Value",5366
"2024","Lewes","E14001330","Total","Aged 20-24","Value",3888
"2024","Lewes","E14001330","Total","Aged 25-29","Value",4091
"2024","Lewes","E14001330","Total","Aged 30-34","Value",4714
"2024","Lewes","E14001330","Total","Aged 35-39","Value",5393
"2024","Lewes","E14001330","Total","Aged 40-44","Value",5569
"2024","Lewes","E14001330","Total","Aged 45-49","Value",5380
"2024","Lewes","E14001330","Total","Aged 50-54","Value",6544
"2024","Lewes","E14001330","Total","Aged 55-59","Value",7203
"2024","Lewes","E14001330","Total","Aged 60-64","Value",7194
"2024","Lewes","E14001330","Total","Aged 65-69","Value",6355
"2024","Lewes","E14001330","Total","Aged 70-74","Value",6278
"2024","Lewes","E14001330","Total","Aged 75-79","Value",6532
"2024","Lewes","E14001330","Total","Aged 80-84","Value",4312
"2024","Lewes","E14001330","Total","Aged 85+","Value",4520
"2024","Maidenhead","E14001348","Total","All Ages","Value",110380
"2024","Maidenhead","E14001348","Total","Age 0 - 4","Value",5956
"2024","Maidenhead","E14001348","Total","Aged 5-9","Value",6993
"2024","Maidenhead","E14001348","Total","Aged 10-14","Value",7190
"2024","Maidenhead","E14001348","Total","Aged 15-19","Value",6226
"2024","Maidenhead","E14001348","Total","Aged 20-24","Value",4432
"2024","Maidenhead","E14001348","Total","Aged 25-29","Value",6065
"2024","Maidenhead","E14001348","Total","Aged 30-34","Value",7198
"2024","Maidenhead","E14001348","Total","Aged 35-39","Value",7896
"2024","Maidenhead","E14001348","Total","Aged 40-44","Value",8490
"2024","Maidenhead","E14001348","Total","Aged 45-49","Value",7972
"2024","Maidenhead","E14001348","Total","Aged 50-54","Value",7702
"2024","Maidenhead","E14001348","Total","Aged 55-59","Value",7308
"2024","Maidenhead","E14001348","Total","Aged 60-64","Value",6595
"2024","Maidenhead","E14001348","Total","Aged 65-69","Value",5305
"2024","Maidenhead","E14001348","Total","Aged 70-74","Value",4489
"2024","Maidenhead","E14001348","Total","Aged 75-79","Value",4526
"2024","Maidenhead","E14001348","Total","Aged 80-84","Value",2983
"2024","Maidenhead","E14001348","Total","Aged 85+","Value",3054
"2024","Maidstone and Malling","E14001349","Total","All Ages","Value",115913
"2024","Maidstone and Malling","E14001349","Total","Age 0 - 4","Value",6587
"2024","Maidstone and Malling","E14001349","Total","Aged 5-9","Value",7463
"2024","Maidstone and Malling","E14001349","Total","Aged 10-14","Value",7592
"2024","Maidstone and Malling","E14001349","Total","Aged 15-19","Value",6318
"2024","Maidstone and Malling","E14001349","Total","Aged 20-24","Value",5575
"2024","Maidstone and Malling","E14001349","Total","Aged 25-29","Value",7744
"2024","Maidstone and Malling","E14001349","Total","Aged 30-34","Value",8867
"2024","Maidstone and Malling","E14001349","Total","Aged 35-39","Value",9014
"2024","Maidstone and Malling","E14001349","Total","Aged 40-44","Value",8588
"2024","Maidstone and Malling","E14001349","Total","Aged 45-49","Value",7614
"2024","Maidstone and Malling","E14001349","Total","Aged 50-54","Value",7941
"2024","Maidstone and Malling","E14001349","Total","Aged 55-59","Value",7224
"2024","Maidstone and Malling","E14001349","Total","Aged 60-64","Value",6125
"2024","Maidstone and Malling","E14001349","Total","Aged 65-69","Value",4823
"2024","Maidstone and Malling","E14001349","Total","Aged 70-74","Value",4317
"2024","Maidstone and Malling","E14001349","Total","Aged 75-79","Value",4550
"2024","Maidstone and Malling","E14001349","Total","Aged 80-84","Value",2807
"2024","Maidstone and Malling","E14001349","Total","Aged 85+","Value",2764
"2024","Mid Buckinghamshire","E14001360","Total","All Ages","Value",103361
"2024","Mid Buckinghamshire","E14001360","Total","Age 0 - 4","Value",5592
"2024","Mid Buckinghamshire","E14001360","Total","Aged 5-9","Value",6493
"2024","Mid Buckinghamshire","E14001360","Total","Aged 10-14","Value",6992
"2024","Mid Buckinghamshire","E14001360","Total","Aged 15-19","Value",5930
"2024","Mid Buckinghamshire","E14001360","Total","Aged 20-24","Value",3876
"2024","Mid Buckinghamshire","E14001360","Total","Aged 25-29","Value",4516
"2024","Mid Buckinghamshire","E14001360","Total","Aged 30-34","Value",5801
"2024","Mid Buckinghamshire","E14001360","Total","Aged 35-39","Value",6849
"2024","Mid Buckinghamshire","E14001360","Total","Aged 40-44","Value",7015
"2024","Mid Buckinghamshire","E14001360","Total","Aged 45-49","Value",6662
"2024","Mid Buckinghamshire","E14001360","Total","Aged 50-54","Value",7216
"2024","Mid Buckinghamshire","E14001360","Total","Aged 55-59","Value",7455
"2024","Mid Buckinghamshire","E14001360","Total","Aged 60-64","Value",6757
"2024","Mid Buckinghamshire","E14001360","Total","Aged 65-69","Value",5492
"2024","Mid Buckinghamshire","E14001360","Total","Aged 70-74","Value",4837
"2024","Mid Buckinghamshire","E14001360","Total","Aged 75-79","Value",5109
"2024","Mid Buckinghamshire","E14001360","Total","Aged 80-84","Value",3440
"2024","Mid Buckinghamshire","E14001360","Total","Aged 85+","Value",3329
"2024","Mid Sussex","E14001366","Total","All Ages","Value",103756
"2024","Mid Sussex","E14001366","Total","Age 0 - 4","Value",5764
"2024","Mid Sussex","E14001366","Total","Aged 5-9","Value",6579
"2024","Mid Sussex","E14001366","Total","Aged 10-14","Value",6759
"2024","Mid Sussex","E14001366","Total","Aged 15-19","Value",5998
"2024","Mid Sussex","E14001366","Total","Aged 20-24","Value",3694
"2024","Mid Sussex","E14001366","Total","Aged 25-29","Value",5195
"2024","Mid Sussex","E14001366","Total","Aged 30-34","Value",6337
"2024","Mid Sussex","E14001366","Total","Aged 35-39","Value",7462
"2024","Mid Sussex","E14001366","Total","Aged 40-44","Value",7485
"2024","Mid Sussex","E14001366","Total","Aged 45-49","Value",7063
"2024","Mid Sussex","E14001366","Total","Aged 50-54","Value",7539
"2024","Mid Sussex","E14001366","Total","Aged 55-59","Value",6948
"2024","Mid Sussex","E14001366","Total","Aged 60-64","Value",6009
"2024","Mid Sussex","E14001366","Total","Aged 65-69","Value",5144
"2024","Mid Sussex","E14001366","Total","Aged 70-74","Value",4558
"2024","Mid Sussex","E14001366","Total","Aged 75-79","Value",4739
"2024","Mid Sussex","E14001366","Total","Aged 80-84","Value",3090
"2024","Mid Sussex","E14001366","Total","Aged 85+","Value",3393
"2024","Milton Keynes Central","E14001369","Total","All Ages","Value",136669
"2024","Milton Keynes Central","E14001369","Total","Age 0 - 4","Value",8143
"2024","Milton Keynes Central","E14001369","Total","Aged 5-9","Value",9759
"2024","Milton Keynes Central","E14001369","Total","Aged 10-14","Value",9967
"2024","Milton Keynes Central","E14001369","Total","Aged 15-19","Value",8629
"2024","Milton Keynes Central","E14001369","Total","Aged 20-24","Value",6990
"2024","Milton Keynes Central","E14001369","Total","Aged 25-29","Value",9862
"2024","Milton Keynes Central","E14001369","Total","Aged 30-34","Value",10827
"2024","Milton Keynes Central","E14001369","Total","Aged 35-39","Value",11665
"2024","Milton Keynes Central","E14001369","Total","Aged 40-44","Value",11589
"2024","Milton Keynes Central","E14001369","Total","Aged 45-49","Value",10294
"2024","Milton Keynes Central","E14001369","Total","Aged 50-54","Value",9085
"2024","Milton Keynes Central","E14001369","Total","Aged 55-59","Value",7961
"2024","Milton Keynes Central","E14001369","Total","Aged 60-64","Value",6531
"2024","Milton Keynes Central","E14001369","Total","Aged 65-69","Value",5289
"2024","Milton Keynes Central","E14001369","Total","Aged 70-74","Value",3947
"2024","Milton Keynes Central","E14001369","Total","Aged 75-79","Value",2966
"2024","Milton Keynes Central","E14001369","Total","Aged 80-84","Value",1612
"2024","Milton Keynes Central","E14001369","Total","Aged 85+","Value",1553
"2024","Milton Keynes North","E14001370","Total","All Ages","Value",104281
"2024","Milton Keynes North","E14001370","Total","Age 0 - 4","Value",6017
"2024","Milton Keynes North","E14001370","Total","Aged 5-9","Value",6910
"2024","Milton Keynes North","E14001370","Total","Aged 10-14","Value",7315
"2024","Milton Keynes North","E14001370","Total","Aged 15-19","Value",6029
"2024","Milton Keynes North","E14001370","Total","Aged 20-24","Value",4326
"2024","Milton Keynes North","E14001370","Total","Aged 25-29","Value",5911
"2024","Milton Keynes North","E14001370","Total","Aged 30-34","Value",7404
"2024","Milton Keynes North","E14001370","Total","Aged 35-39","Value",8017
"2024","Milton Keynes North","E14001370","Total","Aged 40-44","Value",7915
"2024","Milton Keynes North","E14001370","Total","Aged 45-49","Value",6989
"2024","Milton Keynes North","E14001370","Total","Aged 50-54","Value",6532
"2024","Milton Keynes North","E14001370","Total","Aged 55-59","Value",6328
"2024","Milton Keynes North","E14001370","Total","Aged 60-64","Value",5725
"2024","Milton Keynes North","E14001370","Total","Aged 65-69","Value",5206
"2024","Milton Keynes North","E14001370","Total","Aged 70-74","Value",4862
"2024","Milton Keynes North","E14001370","Total","Aged 75-79","Value",4207
"2024","Milton Keynes North","E14001370","Total","Aged 80-84","Value",2417
"2024","Milton Keynes North","E14001370","Total","Aged 85+","Value",2171
"2024","New Forest East","E14001373","Total","All Ages","Value",91095
"2024","New Forest East","E14001373","Total","Age 0 - 4","Value",3831
"2024","New Forest East","E14001373","Total","Aged 5-9","Value",4620
"2024","New Forest East","E14001373","Total","Aged 10-14","Value",5280
"2024","New Forest East","E14001373","Total","Aged 15-19","Value",4779
"2024","New Forest East","E14001373","Total","Aged 20-24","Value",3596
"2024","New Forest East","E14001373","Total","Aged 25-29","Value",4132
"2024","New Forest East","E14001373","Total","Aged 30-34","Value",4739
"2024","New Forest East","E14001373","Total","Aged 35-39","Value",5136
"2024","New Forest East","E14001373","Total","Aged 40-44","Value",5060
"2024","New Forest East","E14001373","Total","Aged 45-49","Value",4980
"2024","New Forest East","E14001373","Total","Aged 50-54","Value",6054
"2024","New Forest East","E14001373","Total","Aged 55-59","Value",7223
"2024","New Forest East","E14001373","Total","Aged 60-64","Value",7071
"2024","New Forest East","E14001373","Total","Aged 65-69","Value",6190
"2024","New Forest East","E14001373","Total","Aged 70-74","Value",5711
"2024","New Forest East","E14001373","Total","Aged 75-79","Value",5541
"2024","New Forest East","E14001373","Total","Aged 80-84","Value",3525
"2024","New Forest East","E14001373","Total","Aged 85+","Value",3627
"2024","New Forest West","E14001374","Total","All Ages","Value",85021
"2024","New Forest West","E14001374","Total","Age 0 - 4","Value",2777
"2024","New Forest West","E14001374","Total","Aged 5-9","Value",3580
"2024","New Forest West","E14001374","Total","Aged 10-14","Value",4246
"2024","New Forest West","E14001374","Total","Aged 15-19","Value",3945
"2024","New Forest West","E14001374","Total","Aged 20-24","Value",3074
"2024","New Forest West","E14001374","Total","Aged 25-29","Value",3370
"2024","New Forest West","E14001374","Total","Aged 30-34","Value",3556
"2024","New Forest West","E14001374","Total","Aged 35-39","Value",3869
"2024","New Forest West","E14001374","Total","Aged 40-44","Value",4166
"2024","New Forest West","E14001374","Total","Aged 45-49","Value",4267
"2024","New Forest West","E14001374","Total","Aged 50-54","Value",5268
"2024","New Forest West","E14001374","Total","Aged 55-59","Value",6585
"2024","New Forest West","E14001374","Total","Aged 60-64","Value",6886
"2024","New Forest West","E14001374","Total","Aged 65-69","Value",6432
"2024","New Forest West","E14001374","Total","Aged 70-74","Value",6386
"2024","New Forest West","E14001374","Total","Aged 75-79","Value",7016
"2024","New Forest West","E14001374","Total","Aged 80-84","Value",4640
"2024","New Forest West","E14001374","Total","Aged 85+","Value",4958
"2024","Newbury","E14001376","Total","All Ages","Value",100351
"2024","Newbury","E14001376","Total","Age 0 - 4","Value",5084
"2024","Newbury","E14001376","Total","Aged 5-9","Value",5752
"2024","Newbury","E14001376","Total","Aged 10-14","Value",6553
"2024","Newbury","E14001376","Total","Aged 15-19","Value",5854
"2024","Newbury","E14001376","Total","Aged 20-24","Value",4283
"2024","Newbury","E14001376","Total","Aged 25-29","Value",5736
"2024","Newbury","E14001376","Total","Aged 30-34","Value",6674
"2024","Newbury","E14001376","Total","Aged 35-39","Value",6910
"2024","Newbury","E14001376","Total","Aged 40-44","Value",6492
"2024","Newbury","E14001376","Total","Aged 45-49","Value",6535
"2024","Newbury","E14001376","Total","Aged 50-54","Value",7099
"2024","Newbury","E14001376","Total","Aged 55-59","Value",7258
"2024","Newbury","E14001376","Total","Aged 60-64","Value",6389
"2024","Newbury","E14001376","Total","Aged 65-69","Value",5294
"2024","Newbury","E14001376","Total","Aged 70-74","Value",4589
"2024","Newbury","E14001376","Total","Aged 75-79","Value",4539
"2024","Newbury","E14001376","Total","Aged 80-84","Value",2749
"2024","Newbury","E14001376","Total","Aged 85+","Value",2561
"2024","North East Hampshire","E14001392","Total","All Ages","Value",104791
"2024","North East Hampshire","E14001392","Total","Age 0 - 4","Value",5098
"2024","North East Hampshire","E14001392","Total","Aged 5-9","Value",6357
"2024","North East Hampshire","E14001392","Total","Aged 10-14","Value",6964
"2024","North East Hampshire","E14001392","Total","Aged 15-19","Value",5570
"2024","North East Hampshire","E14001392","Total","Aged 20-24","Value",4310
"2024","North East Hampshire","E14001392","Total","Aged 25-29","Value",5211
"2024","North East Hampshire","E14001392","Total","Aged 30-34","Value",5988
"2024","North East Hampshire","E14001392","Total","Aged 35-39","Value",6736
"2024","North East Hampshire","E14001392","Total","Aged 40-44","Value",7153
"2024","North East Hampshire","E14001392","Total","Aged 45-49","Value",7109
"2024","North East Hampshire","E14001392","Total","Aged 50-54","Value",7878
"2024","North East Hampshire","E14001392","Total","Aged 55-59","Value",7652
"2024","North East Hampshire","E14001392","Total","Aged 60-64","Value",6916
"2024","North East Hampshire","E14001392","Total","Aged 65-69","Value",5439
"2024","North East Hampshire","E14001392","Total","Aged 70-74","Value",4904
"2024","North East Hampshire","E14001392","Total","Aged 75-79","Value",4936
"2024","North East Hampshire","E14001392","Total","Aged 80-84","Value",3236
"2024","North East Hampshire","E14001392","Total","Aged 85+","Value",3334
"2024","North West Hampshire","E14001403","Total","All Ages","Value",112627
"2024","North West Hampshire","E14001403","Total","Age 0 - 4","Value",6540
"2024","North West Hampshire","E14001403","Total","Aged 5-9","Value",7167
"2024","North West Hampshire","E14001403","Total","Aged 10-14","Value",7089
"2024","North West Hampshire","E14001403","Total","Aged 15-19","Value",6029
"2024","North West Hampshire","E14001403","Total","Aged 20-24","Value",4651
"2024","North West Hampshire","E14001403","Total","Aged 25-29","Value",6904
"2024","North West Hampshire","E14001403","Total","Aged 30-34","Value",8312
"2024","North West Hampshire","E14001403","Total","Aged 35-39","Value",8756
"2024","North West Hampshire","E14001403","Total","Aged 40-44","Value",7813
"2024","North West Hampshire","E14001403","Total","Aged 45-49","Value",7147
"2024","North West Hampshire","E14001403","Total","Aged 50-54","Value",7604
"2024","North West Hampshire","E14001403","Total","Aged 55-59","Value",7763
"2024","North West Hampshire","E14001403","Total","Aged 60-64","Value",6884
"2024","North West Hampshire","E14001403","Total","Aged 65-69","Value",5270
"2024","North West Hampshire","E14001403","Total","Aged 70-74","Value",4439
"2024","North West Hampshire","E14001403","Total","Aged 75-79","Value",4613
"2024","North West Hampshire","E14001403","Total","Aged 80-84","Value",2890
"2024","North West Hampshire","E14001403","Total","Aged 85+","Value",2756
"2024","Oxford East","E14001419","Total","All Ages","Value",120232
"2024","Oxford East","E14001419","Total","Age 0 - 4","Value",6151
"2024","Oxford East","E14001419","Total","Aged 5-9","Value",6412
"2024","Oxford East","E14001419","Total","Aged 10-14","Value",6699
"2024","Oxford East","E14001419","Total","Aged 15-19","Value",8921
"2024","Oxford East","E14001419","Total","Aged 20-24","Value",13849
"2024","Oxford East","E14001419","Total","Aged 25-29","Value",10496
"2024","Oxford East","E14001419","Total","Aged 30-34","Value",10050
"2024","Oxford East","E14001419","Total","Aged 35-39","Value",9324
"2024","Oxford East","E14001419","Total","Aged 40-44","Value",8493
"2024","Oxford East","E14001419","Total","Aged 45-49","Value",6981
"2024","Oxford East","E14001419","Total","Aged 50-54","Value",6600
"2024","Oxford East","E14001419","Total","Aged 55-59","Value",6432
"2024","Oxford East","E14001419","Total","Aged 60-64","Value",5475
"2024","Oxford East","E14001419","Total","Aged 65-69","Value",4098
"2024","Oxford East","E14001419","Total","Aged 70-74","Value",3430
"2024","Oxford East","E14001419","Total","Aged 75-79","Value",2826
"2024","Oxford East","E14001419","Total","Aged 80-84","Value",1935
"2024","Oxford East","E14001419","Total","Aged 85+","Value",2060
"2024","Oxford West and Abingdon","E14001420","Total","All Ages","Value",109402
"2024","Oxford West and Abingdon","E14001420","Total","Age 0 - 4","Value",4116
"2024","Oxford West and Abingdon","E14001420","Total","Aged 5-9","Value",4994
"2024","Oxford West and Abingdon","E14001420","Total","Aged 10-14","Value",6139
"2024","Oxford West and Abingdon","E14001420","Total","Aged 15-19","Value",10264
"2024","Oxford West and Abingdon","E14001420","Total","Aged 20-24","Value",13285
"2024","Oxford West and Abingdon","E14001420","Total","Aged 25-29","Value",8207
"2024","Oxford West and Abingdon","E14001420","Total","Aged 30-34","Value",7042
"2024","Oxford West and Abingdon","E14001420","Total","Aged 35-39","Value",6445
"2024","Oxford West and Abingdon","E14001420","Total","Aged 40-44","Value",6338
"2024","Oxford West and Abingdon","E14001420","Total","Aged 45-49","Value",5817
"2024","Oxford West and Abingdon","E14001420","Total","Aged 50-54","Value",6069
"2024","Oxford West and Abingdon","E14001420","Total","Aged 55-59","Value",5982
"2024","Oxford West and Abingdon","E14001420","Total","Aged 60-64","Value",5674
"2024","Oxford West and Abingdon","E14001420","Total","Aged 65-69","Value",4809
"2024","Oxford West and Abingdon","E14001420","Total","Aged 70-74","Value",4315
"2024","Oxford West and Abingdon","E14001420","Total","Aged 75-79","Value",4196
"2024","Oxford West and Abingdon","E14001420","Total","Aged 80-84","Value",2807
"2024","Oxford West and Abingdon","E14001420","Total","Aged 85+","Value",2903
"2024","Portsmouth North","E14001431","Total","All Ages","Value",103518
"2024","Portsmouth North","E14001431","Total","Age 0 - 4","Value",5786
"2024","Portsmouth North","E14001431","Total","Aged 5-9","Value",6451
"2024","Portsmouth North","E14001431","Total","Aged 10-14","Value",6827
"2024","Portsmouth North","E14001431","Total","Aged 15-19","Value",5767
"2024","Portsmouth North","E14001431","Total","Aged 20-24","Value",6098
"2024","Portsmouth North","E14001431","Total","Aged 25-29","Value",6438
"2024","Portsmouth North","E14001431","Total","Aged 30-34","Value",7798
"2024","Portsmouth North","E14001431","Total","Aged 35-39","Value",8208
"2024","Portsmouth North","E14001431","Total","Aged 40-44","Value",7224
"2024","Portsmouth North","E14001431","Total","Aged 45-49","Value",6125
"2024","Portsmouth North","E14001431","Total","Aged 50-54","Value",6398
"2024","Portsmouth North","E14001431","Total","Aged 55-59","Value",6954
"2024","Portsmouth North","E14001431","Total","Aged 60-64","Value",6092
"2024","Portsmouth North","E14001431","Total","Aged 65-69","Value",4887
"2024","Portsmouth North","E14001431","Total","Aged 70-74","Value",3960
"2024","Portsmouth North","E14001431","Total","Aged 75-79","Value",3883
"2024","Portsmouth North","E14001431","Total","Aged 80-84","Value",2312
"2024","Portsmouth North","E14001431","Total","Aged 85+","Value",2310
"2024","Portsmouth South","E14001432","Total","All Ages","Value",110803
"2024","Portsmouth South","E14001432","Total","Age 0 - 4","Value",5487
"2024","Portsmouth South","E14001432","Total","Aged 5-9","Value",5710
"2024","Portsmouth South","E14001432","Total","Aged 10-14","Value",5616
"2024","Portsmouth South","E14001432","Total","Aged 15-19","Value",8303
"2024","Portsmouth South","E14001432","Total","Aged 20-24","Value",13746
"2024","Portsmouth South","E14001432","Total","Aged 25-29","Value",9311
"2024","Portsmouth South","E14001432","Total","Aged 30-34","Value",9311
"2024","Portsmouth South","E14001432","Total","Aged 35-39","Value",8465
"2024","Portsmouth South","E14001432","Total","Aged 40-44","Value",7272
"2024","Portsmouth South","E14001432","Total","Aged 45-49","Value",5928
"2024","Portsmouth South","E14001432","Total","Aged 50-54","Value",5971
"2024","Portsmouth South","E14001432","Total","Aged 55-59","Value",5745
"2024","Portsmouth South","E14001432","Total","Aged 60-64","Value",5330
"2024","Portsmouth South","E14001432","Total","Aged 65-69","Value",4209
"2024","Portsmouth South","E14001432","Total","Aged 70-74","Value",3406
"2024","Portsmouth South","E14001432","Total","Aged 75-79","Value",3116
"2024","Portsmouth South","E14001432","Total","Aged 80-84","Value",1891
"2024","Portsmouth South","E14001432","Total","Aged 85+","Value",1986
"2024","Reading Central","E14001438","Total","All Ages","Value",122660
"2024","Reading Central","E14001438","Total","Age 0 - 4","Value",7126
"2024","Reading Central","E14001438","Total","Aged 5-9","Value",7104
"2024","Reading Central","E14001438","Total","Aged 10-14","Value",6737
"2024","Reading Central","E14001438","Total","Aged 15-19","Value",6825
"2024","Reading Central","E14001438","Total","Aged 20-24","Value",11567
"2024","Reading Central","E14001438","Total","Aged 25-29","Value",11044
"2024","Reading Central","E14001438","Total","Aged 30-34","Value",11573
"2024","Reading Central","E14001438","Total","Aged 35-39","Value",10824
"2024","Reading Central","E14001438","Total","Aged 40-44","Value",9597
"2024","Reading Central","E14001438","Total","Aged 45-49","Value",7888
"2024","Reading Central","E14001438","Total","Aged 50-54","Value",7024
"2024","Reading Central","E14001438","Total","Aged 55-59","Value",6338
"2024","Reading Central","E14001438","Total","Aged 60-64","Value",5094
"2024","Reading Central","E14001438","Total","Aged 65-69","Value",3934
"2024","Reading Central","E14001438","Total","Aged 70-74","Value",3136
"2024","Reading Central","E14001438","Total","Aged 75-79","Value",2856
"2024","Reading Central","E14001438","Total","Aged 80-84","Value",2031
"2024","Reading Central","E14001438","Total","Aged 85+","Value",1962
"2024","Reading West and Mid Berkshire","E14001439","Total","All Ages","Value",97093
"2024","Reading West and Mid Berkshire","E14001439","Total","Age 0 - 4","Value",4938
"2024","Reading West and Mid Berkshire","E14001439","Total","Aged 5-9","Value",5930
"2024","Reading West and Mid Berkshire","E14001439","Total","Aged 10-14","Value",6695
"2024","Reading West and Mid Berkshire","E14001439","Total","Aged 15-19","Value",6084
"2024","Reading West and Mid Berkshire","E14001439","Total","Aged 20-24","Value",4416
"2024","Reading West and Mid Berkshire","E14001439","Total","Aged 25-29","Value",4815
"2024","Reading West and Mid Berkshire","E14001439","Total","Aged 30-34","Value",5601
"2024","Reading West and Mid Berkshire","E14001439","Total","Aged 35-39","Value",6516
"2024","Reading West and Mid Berkshire","E14001439","Total","Aged 40-44","Value",6647
"2024","Reading West and Mid Berkshire","E14001439","Total","Aged 45-49","Value",6370
"2024","Reading West and Mid Berkshire","E14001439","Total","Aged 50-54","Value",6847
"2024","Reading West and Mid Berkshire","E14001439","Total","Aged 55-59","Value",6856
"2024","Reading West and Mid Berkshire","E14001439","Total","Aged 60-64","Value",6213
"2024","Reading West and Mid Berkshire","E14001439","Total","Aged 65-69","Value",5271
"2024","Reading West and Mid Berkshire","E14001439","Total","Aged 70-74","Value",4355
"2024","Reading West and Mid Berkshire","E14001439","Total","Aged 75-79","Value",4286
"2024","Reading West and Mid Berkshire","E14001439","Total","Aged 80-84","Value",2754
"2024","Reading West and Mid Berkshire","E14001439","Total","Aged 85+","Value",2499
"2024","Reigate","E14001442","Total","All Ages","Value",113609
"2024","Reigate","E14001442","Total","Age 0 - 4","Value",6049
"2024","Reigate","E14001442","Total","Aged 5-9","Value",6945
"2024","Reigate","E14001442","Total","Aged 10-14","Value",7640
"2024","Reigate","E14001442","Total","Aged 15-19","Value",6571
"2024","Reigate","E14001442","Total","Aged 20-24","Value",4740
"2024","Reigate","E14001442","Total","Aged 25-29","Value",6157
"2024","Reigate","E14001442","Total","Aged 30-34","Value",7329
"2024","Reigate","E14001442","Total","Aged 35-39","Value",8232
"2024","Reigate","E14001442","Total","Aged 40-44","Value",8282
"2024","Reigate","E14001442","Total","Aged 45-49","Value",7994
"2024","Reigate","E14001442","Total","Aged 50-54","Value",7753
"2024","Reigate","E14001442","Total","Aged 55-59","Value",7614
"2024","Reigate","E14001442","Total","Aged 60-64","Value",6697
"2024","Reigate","E14001442","Total","Aged 65-69","Value",5468
"2024","Reigate","E14001442","Total","Aged 70-74","Value",4629
"2024","Reigate","E14001442","Total","Aged 75-79","Value",4779
"2024","Reigate","E14001442","Total","Aged 80-84","Value",3072
"2024","Reigate","E14001442","Total","Aged 85+","Value",3658
"2024","Rochester and Strood","E14001447","Total","All Ages","Value",109506
"2024","Rochester and Strood","E14001447","Total","Age 0 - 4","Value",7015
"2024","Rochester and Strood","E14001447","Total","Aged 5-9","Value",7372
"2024","Rochester and Strood","E14001447","Total","Aged 10-14","Value",7276
"2024","Rochester and Strood","E14001447","Total","Aged 15-19","Value",6220
"2024","Rochester and Strood","E14001447","Total","Aged 20-24","Value",5484
"2024","Rochester and Strood","E14001447","Total","Aged 25-29","Value",7056
"2024","Rochester and Strood","E14001447","Total","Aged 30-34","Value",8418
"2024","Rochester and Strood","E14001447","Total","Aged 35-39","Value",8442
"2024","Rochester and Strood","E14001447","Total","Aged 40-44","Value",7761
"2024","Rochester and Strood","E14001447","Total","Aged 45-49","Value",6858
"2024","Rochester and Strood","E14001447","Total","Aged 50-54","Value",6787
"2024","Rochester and Strood","E14001447","Total","Aged 55-59","Value",7174
"2024","Rochester and Strood","E14001447","Total","Aged 60-64","Value",6288
"2024","Rochester and Strood","E14001447","Total","Aged 65-69","Value",4893
"2024","Rochester and Strood","E14001447","Total","Aged 70-74","Value",4125
"2024","Rochester and Strood","E14001447","Total","Aged 75-79","Value",3934
"2024","Rochester and Strood","E14001447","Total","Aged 80-84","Value",2378
"2024","Rochester and Strood","E14001447","Total","Aged 85+","Value",2025
"2024","Romsey and Southampton North","E14001449","Total","All Ages","Value",103718
"2024","Romsey and Southampton North","E14001449","Total","Age 0 - 4","Value",4459
"2024","Romsey and Southampton North","E14001449","Total","Aged 5-9","Value",5145
"2024","Romsey and Southampton North","E14001449","Total","Aged 10-14","Value",5631
"2024","Romsey and Southampton North","E14001449","Total","Aged 15-19","Value",7547
"2024","Romsey and Southampton North","E14001449","Total","Aged 20-24","Value",8021
"2024","Romsey and Southampton North","E14001449","Total","Aged 25-29","Value",5617
"2024","Romsey and Southampton North","E14001449","Total","Aged 30-34","Value",5772
"2024","Romsey and Southampton North","E14001449","Total","Aged 35-39","Value",5788
"2024","Romsey and Southampton North","E14001449","Total","Aged 40-44","Value",6013
"2024","Romsey and Southampton North","E14001449","Total","Aged 45-49","Value",5730
"2024","Romsey and Southampton North","E14001449","Total","Aged 50-54","Value",6511
"2024","Romsey and Southampton North","E14001449","Total","Aged 55-59","Value",6706
"2024","Romsey and Southampton North","E14001449","Total","Aged 60-64","Value",6659
"2024","Romsey and Southampton North","E14001449","Total","Aged 65-69","Value",5837
"2024","Romsey and Southampton North","E14001449","Total","Aged 70-74","Value",5410
"2024","Romsey and Southampton North","E14001449","Total","Aged 75-79","Value",5559
"2024","Romsey and Southampton North","E14001449","Total","Aged 80-84","Value",3718
"2024","Romsey and Southampton North","E14001449","Total","Aged 85+","Value",3595
"2024","Runnymede and Weybridge","E14001456","Total","All Ages","Value",109665
"2024","Runnymede and Weybridge","E14001456","Total","Age 0 - 4","Value",6018
"2024","Runnymede and Weybridge","E14001456","Total","Aged 5-9","Value",6646
"2024","Runnymede and Weybridge","E14001456","Total","Aged 10-14","Value",6888
"2024","Runnymede and Weybridge","E14001456","Total","Aged 15-19","Value",6197
"2024","Runnymede and Weybridge","E14001456","Total","Aged 20-24","Value",6187
"2024","Runnymede and Weybridge","E14001456","Total","Aged 25-29","Value",5663
"2024","Runnymede and Weybridge","E14001456","Total","Aged 30-34","Value",6554
"2024","Runnymede and Weybridge","E14001456","Total","Aged 35-39","Value",7718
"2024","Runnymede and Weybridge","E14001456","Total","Aged 40-44","Value",7819
"2024","Runnymede and Weybridge","E14001456","Total","Aged 45-49","Value",7739
"2024","Runnymede and Weybridge","E14001456","Total","Aged 50-54","Value",7885
"2024","Runnymede and Weybridge","E14001456","Total","Aged 55-59","Value",7263
"2024","Runnymede and Weybridge","E14001456","Total","Aged 60-64","Value",6776
"2024","Runnymede and Weybridge","E14001456","Total","Aged 65-69","Value",5183
"2024","Runnymede and Weybridge","E14001456","Total","Aged 70-74","Value",4433
"2024","Runnymede and Weybridge","E14001456","Total","Aged 75-79","Value",4449
"2024","Runnymede and Weybridge","E14001456","Total","Aged 80-84","Value",2939
"2024","Runnymede and Weybridge","E14001456","Total","Aged 85+","Value",3308
"2024","Sevenoaks","E14001465","Total","All Ages","Value",101230
"2024","Sevenoaks","E14001465","Total","Age 0 - 4","Value",5347
"2024","Sevenoaks","E14001465","Total","Aged 5-9","Value",6411
"2024","Sevenoaks","E14001465","Total","Aged 10-14","Value",6758
"2024","Sevenoaks","E14001465","Total","Aged 15-19","Value",6237
"2024","Sevenoaks","E14001465","Total","Aged 20-24","Value",3837
"2024","Sevenoaks","E14001465","Total","Aged 25-29","Value",4725
"2024","Sevenoaks","E14001465","Total","Aged 30-34","Value",5505
"2024","Sevenoaks","E14001465","Total","Aged 35-39","Value",6409
"2024","Sevenoaks","E14001465","Total","Aged 40-44","Value",6601
"2024","Sevenoaks","E14001465","Total","Aged 45-49","Value",6616
"2024","Sevenoaks","E14001465","Total","Aged 50-54","Value",7083
"2024","Sevenoaks","E14001465","Total","Aged 55-59","Value",7270
"2024","Sevenoaks","E14001465","Total","Aged 60-64","Value",6450
"2024","Sevenoaks","E14001465","Total","Aged 65-69","Value",5337
"2024","Sevenoaks","E14001465","Total","Aged 70-74","Value",4866
"2024","Sevenoaks","E14001465","Total","Aged 75-79","Value",4908
"2024","Sevenoaks","E14001465","Total","Aged 80-84","Value",3172
"2024","Sevenoaks","E14001465","Total","Aged 85+","Value",3698
"2024","Sittingbourne and Sheppey","E14001474","Total","All Ages","Value",116581
"2024","Sittingbourne and Sheppey","E14001474","Total","Age 0 - 4","Value",6535
"2024","Sittingbourne and Sheppey","E14001474","Total","Aged 5-9","Value",7612
"2024","Sittingbourne and Sheppey","E14001474","Total","Aged 10-14","Value",7852
"2024","Sittingbourne and Sheppey","E14001474","Total","Aged 15-19","Value",6784
"2024","Sittingbourne and Sheppey","E14001474","Total","Aged 20-24","Value",5675
"2024","Sittingbourne and Sheppey","E14001474","Total","Aged 25-29","Value",7068
"2024","Sittingbourne and Sheppey","E14001474","Total","Aged 30-34","Value",8315
"2024","Sittingbourne and Sheppey","E14001474","Total","Aged 35-39","Value",8406
"2024","Sittingbourne and Sheppey","E14001474","Total","Aged 40-44","Value",7824
"2024","Sittingbourne and Sheppey","E14001474","Total","Aged 45-49","Value",6839
"2024","Sittingbourne and Sheppey","E14001474","Total","Aged 50-54","Value",7287
"2024","Sittingbourne and Sheppey","E14001474","Total","Aged 55-59","Value",7893
"2024","Sittingbourne and Sheppey","E14001474","Total","Aged 60-64","Value",7285
"2024","Sittingbourne and Sheppey","E14001474","Total","Aged 65-69","Value",5820
"2024","Sittingbourne and Sheppey","E14001474","Total","Aged 70-74","Value",5062
"2024","Sittingbourne and Sheppey","E14001474","Total","Aged 75-79","Value",5018
"2024","Sittingbourne and Sheppey","E14001474","Total","Aged 80-84","Value",2893
"2024","Sittingbourne and Sheppey","E14001474","Total","Aged 85+","Value",2413
"2024","Slough","E14001477","Total","All Ages","Value",145376
"2024","Slough","E14001477","Total","Age 0 - 4","Value",10778
"2024","Slough","E14001477","Total","Aged 5-9","Value",11453
"2024","Slough","E14001477","Total","Aged 10-14","Value",11673
"2024","Slough","E14001477","Total","Aged 15-19","Value",10275
"2024","Slough","E14001477","Total","Aged 20-24","Value",8587
"2024","Slough","E14001477","Total","Aged 25-29","Value",10373
"2024","Slough","E14001477","Total","Aged 30-34","Value",10948
"2024","Slough","E14001477","Total","Aged 35-39","Value",12293
"2024","Slough","E14001477","Total","Aged 40-44","Value",12697
"2024","Slough","E14001477","Total","Aged 45-49","Value",10415
"2024","Slough","E14001477","Total","Aged 50-54","Value",8559
"2024","Slough","E14001477","Total","Aged 55-59","Value",7380
"2024","Slough","E14001477","Total","Aged 60-64","Value",5738
"2024","Slough","E14001477","Total","Aged 65-69","Value",4770
"2024","Slough","E14001477","Total","Aged 70-74","Value",3600
"2024","Slough","E14001477","Total","Aged 75-79","Value",2442
"2024","Slough","E14001477","Total","Aged 80-84","Value",1680
"2024","Slough","E14001477","Total","Aged 85+","Value",1715
"2024","Southampton Itchen","E14001499","Total","All Ages","Value",114013
"2024","Southampton Itchen","E14001499","Total","Age 0 - 4","Value",6040
"2024","Southampton Itchen","E14001499","Total","Aged 5-9","Value",6490
"2024","Southampton Itchen","E14001499","Total","Aged 10-14","Value",6335
"2024","Southampton Itchen","E14001499","Total","Aged 15-19","Value",7671
"2024","Southampton Itchen","E14001499","Total","Aged 20-24","Value",11441
"2024","Southampton Itchen","E14001499","Total","Aged 25-29","Value",9514
"2024","Southampton Itchen","E14001499","Total","Aged 30-34","Value",9346
"2024","Southampton Itchen","E14001499","Total","Aged 35-39","Value",8576
"2024","Southampton Itchen","E14001499","Total","Aged 40-44","Value",7592
"2024","Southampton Itchen","E14001499","Total","Aged 45-49","Value",6183
"2024","Southampton Itchen","E14001499","Total","Aged 50-54","Value",6120
"2024","Southampton Itchen","E14001499","Total","Aged 55-59","Value",6222
"2024","Southampton Itchen","E14001499","Total","Aged 60-64","Value",5832
"2024","Southampton Itchen","E14001499","Total","Aged 65-69","Value",4681
"2024","Southampton Itchen","E14001499","Total","Aged 70-74","Value",3822
"2024","Southampton Itchen","E14001499","Total","Aged 75-79","Value",3604
"2024","Southampton Itchen","E14001499","Total","Aged 80-84","Value",2332
"2024","Southampton Itchen","E14001499","Total","Aged 85+","Value",2212
"2024","Southampton Test","E14001500","Total","All Ages","Value",114034
"2024","Southampton Test","E14001500","Total","Age 0 - 4","Value",6319
"2024","Southampton Test","E14001500","Total","Aged 5-9","Value",6500
"2024","Southampton Test","E14001500","Total","Aged 10-14","Value",6722
"2024","Southampton Test","E14001500","Total","Aged 15-19","Value",6689
"2024","Southampton Test","E14001500","Total","Aged 20-24","Value",12843
"2024","Southampton Test","E14001500","Total","Aged 25-29","Value",9420
"2024","Southampton Test","E14001500","Total","Aged 30-34","Value",9404
"2024","Southampton Test","E14001500","Total","Aged 35-39","Value",8807
"2024","Southampton Test","E14001500","Total","Aged 40-44","Value",8101
"2024","Southampton Test","E14001500","Total","Aged 45-49","Value",7255
"2024","Southampton Test","E14001500","Total","Aged 50-54","Value",6389
"2024","Southampton Test","E14001500","Total","Aged 55-59","Value",5794
"2024","Southampton Test","E14001500","Total","Aged 60-64","Value",5119
"2024","Southampton Test","E14001500","Total","Aged 65-69","Value",4379
"2024","Southampton Test","E14001500","Total","Aged 70-74","Value",3725
"2024","Southampton Test","E14001500","Total","Aged 75-79","Value",3008
"2024","Southampton Test","E14001500","Total","Aged 80-84","Value",1860
"2024","Southampton Test","E14001500","Total","Aged 85+","Value",1700
"2024","Spelthorne","E14001505","Total","All Ages","Value",107074
"2024","Spelthorne","E14001505","Total","Age 0 - 4","Value",6189
"2024","Spelthorne","E14001505","Total","Aged 5-9","Value",6535
"2024","Spelthorne","E14001505","Total","Aged 10-14","Value",6589
"2024","Spelthorne","E14001505","Total","Aged 15-19","Value",5851
"2024","Spelthorne","E14001505","Total","Aged 20-24","Value",5061
"2024","Spelthorne","E14001505","Total","Aged 25-29","Value",6262
"2024","Spelthorne","E14001505","Total","Aged 30-34","Value",7290
"2024","Spelthorne","E14001505","Total","Aged 35-39","Value",8231
"2024","Spelthorne","E14001505","Total","Aged 40-44","Value",8151
"2024","Spelthorne","E14001505","Total","Aged 45-49","Value",7274
"2024","Spelthorne","E14001505","Total","Aged 50-54","Value",6945
"2024","Spelthorne","E14001505","Total","Aged 55-59","Value",7107
"2024","Spelthorne","E14001505","Total","Aged 60-64","Value",6405
"2024","Spelthorne","E14001505","Total","Aged 65-69","Value",4972
"2024","Spelthorne","E14001505","Total","Aged 70-74","Value",4152
"2024","Spelthorne","E14001505","Total","Aged 75-79","Value",4162
"2024","Spelthorne","E14001505","Total","Aged 80-84","Value",2856
"2024","Spelthorne","E14001505","Total","Aged 85+","Value",3042
"2024","Surrey Heath","E14001532","Total","All Ages","Value",102466
"2024","Surrey Heath","E14001532","Total","Age 0 - 4","Value",5075
"2024","Surrey Heath","E14001532","Total","Aged 5-9","Value",5761
"2024","Surrey Heath","E14001532","Total","Aged 10-14","Value",6446
"2024","Surrey Heath","E14001532","Total","Aged 15-19","Value",6268
"2024","Surrey Heath","E14001532","Total","Aged 20-24","Value",4779
"2024","Surrey Heath","E14001532","Total","Aged 25-29","Value",5963
"2024","Surrey Heath","E14001532","Total","Aged 30-34","Value",6241
"2024","Surrey Heath","E14001532","Total","Aged 35-39","Value",6683
"2024","Surrey Heath","E14001532","Total","Aged 40-44","Value",7059
"2024","Surrey Heath","E14001532","Total","Aged 45-49","Value",6847
"2024","Surrey Heath","E14001532","Total","Aged 50-54","Value",7196
"2024","Surrey Heath","E14001532","Total","Aged 55-59","Value",7162
"2024","Surrey Heath","E14001532","Total","Aged 60-64","Value",6421
"2024","Surrey Heath","E14001532","Total","Aged 65-69","Value",5126
"2024","Surrey Heath","E14001532","Total","Aged 70-74","Value",4340
"2024","Surrey Heath","E14001532","Total","Aged 75-79","Value",4539
"2024","Surrey Heath","E14001532","Total","Aged 80-84","Value",3105
"2024","Surrey Heath","E14001532","Total","Aged 85+","Value",3455
"2024","Sussex Weald","E14001533","Total","All Ages","Value",95101
"2024","Sussex Weald","E14001533","Total","Age 0 - 4","Value",4413
"2024","Sussex Weald","E14001533","Total","Aged 5-9","Value",5235
"2024","Sussex Weald","E14001533","Total","Aged 10-14","Value",5516
"2024","Sussex Weald","E14001533","Total","Aged 15-19","Value",5019
"2024","Sussex Weald","E14001533","Total","Aged 20-24","Value",3481
"2024","Sussex Weald","E14001533","Total","Aged 25-29","Value",4457
"2024","Sussex Weald","E14001533","Total","Aged 30-34","Value",5206
"2024","Sussex Weald","E14001533","Total","Aged 35-39","Value",5524
"2024","Sussex Weald","E14001533","Total","Aged 40-44","Value",5215
"2024","Sussex Weald","E14001533","Total","Aged 45-49","Value",5128
"2024","Sussex Weald","E14001533","Total","Aged 50-54","Value",6447
"2024","Sussex Weald","E14001533","Total","Aged 55-59","Value",7247
"2024","Sussex Weald","E14001533","Total","Aged 60-64","Value",7165
"2024","Sussex Weald","E14001533","Total","Aged 65-69","Value",6212
"2024","Sussex Weald","E14001533","Total","Aged 70-74","Value",5651
"2024","Sussex Weald","E14001533","Total","Aged 75-79","Value",5912
"2024","Sussex Weald","E14001533","Total","Aged 80-84","Value",3654
"2024","Sussex Weald","E14001533","Total","Aged 85+","Value",3619
"2024","Tonbridge","E14001549","Total","All Ages","Value",99120
"2024","Tonbridge","E14001549","Total","Age 0 - 4","Value",4836
"2024","Tonbridge","E14001549","Total","Aged 5-9","Value",5982
"2024","Tonbridge","E14001549","Total","Aged 10-14","Value",6616
"2024","Tonbridge","E14001549","Total","Aged 15-19","Value",5949
"2024","Tonbridge","E14001549","Total","Aged 20-24","Value",3921
"2024","Tonbridge","E14001549","Total","Aged 25-29","Value",4602
"2024","Tonbridge","E14001549","Total","Aged 30-34","Value",5603
"2024","Tonbridge","E14001549","Total","Aged 35-39","Value",6278
"2024","Tonbridge","E14001549","Total","Aged 40-44","Value",6618
"2024","Tonbridge","E14001549","Total","Aged 45-49","Value",6466
"2024","Tonbridge","E14001549","Total","Aged 50-54","Value",6827
"2024","Tonbridge","E14001549","Total","Aged 55-59","Value",7283
"2024","Tonbridge","E14001549","Total","Aged 60-64","Value",6587
"2024","Tonbridge","E14001549","Total","Aged 65-69","Value",5229
"2024","Tonbridge","E14001549","Total","Aged 70-74","Value",4823
"2024","Tonbridge","E14001549","Total","Aged 75-79","Value",4936
"2024","Tonbridge","E14001549","Total","Aged 80-84","Value",3216
"2024","Tonbridge","E14001549","Total","Aged 85+","Value",3348
"2024","Tunbridge Wells","E14001555","Total","All Ages","Value",109491
"2024","Tunbridge Wells","E14001555","Total","Age 0 - 4","Value",5774
"2024","Tunbridge Wells","E14001555","Total","Aged 5-9","Value",6865
"2024","Tunbridge Wells","E14001555","Total","Aged 10-14","Value",7678
"2024","Tunbridge Wells","E14001555","Total","Aged 15-19","Value",6417
"2024","Tunbridge Wells","E14001555","Total","Aged 20-24","Value",3812
"2024","Tunbridge Wells","E14001555","Total","Aged 25-29","Value",5657
"2024","Tunbridge Wells","E14001555","Total","Aged 30-34","Value",6577
"2024","Tunbridge Wells","E14001555","Total","Aged 35-39","Value",7345
"2024","Tunbridge Wells","E14001555","Total","Aged 40-44","Value",7784
"2024","Tunbridge Wells","E14001555","Total","Aged 45-49","Value",7695
"2024","Tunbridge Wells","E14001555","Total","Aged 50-54","Value",7999
"2024","Tunbridge Wells","E14001555","Total","Aged 55-59","Value",7969
"2024","Tunbridge Wells","E14001555","Total","Aged 60-64","Value",6440
"2024","Tunbridge Wells","E14001555","Total","Aged 65-69","Value",5335
"2024","Tunbridge Wells","E14001555","Total","Aged 70-74","Value",4728
"2024","Tunbridge Wells","E14001555","Total","Aged 75-79","Value",4747
"2024","Tunbridge Wells","E14001555","Total","Aged 80-84","Value",3237
"2024","Tunbridge Wells","E14001555","Total","Aged 85+","Value",3432
"2024","Weald of Kent","E14001570","Total","All Ages","Value",100068
"2024","Weald of Kent","E14001570","Total","Age 0 - 4","Value",4915
"2024","Weald of Kent","E14001570","Total","Aged 5-9","Value",5676
"2024","Weald of Kent","E14001570","Total","Aged 10-14","Value",5984
"2024","Weald of Kent","E14001570","Total","Aged 15-19","Value",5633
"2024","Weald of Kent","E14001570","Total","Aged 20-24","Value",3651
"2024","Weald of Kent","E14001570","Total","Aged 25-29","Value",4683
"2024","Weald of Kent","E14001570","Total","Aged 30-34","Value",5235
"2024","Weald of Kent","E14001570","Total","Aged 35-39","Value",5653
"2024","Weald of Kent","E14001570","Total","Aged 40-44","Value",5754
"2024","Weald of Kent","E14001570","Total","Aged 45-49","Value",5382
"2024","Weald of Kent","E14001570","Total","Aged 50-54","Value",6676
"2024","Weald of Kent","E14001570","Total","Aged 55-59","Value",7837
"2024","Weald of Kent","E14001570","Total","Aged 60-64","Value",7439
"2024","Weald of Kent","E14001570","Total","Aged 65-69","Value",6410
"2024","Weald of Kent","E14001570","Total","Aged 70-74","Value",5541
"2024","Weald of Kent","E14001570","Total","Aged 75-79","Value",6020
"2024","Weald of Kent","E14001570","Total","Aged 80-84","Value",4057
"2024","Weald of Kent","E14001570","Total","Aged 85+","Value",3522
"2024","Winchester","E14001587","Total","All Ages","Value",109065
"2024","Winchester","E14001587","Total","Age 0 - 4","Value",4767
"2024","Winchester","E14001587","Total","Aged 5-9","Value",5857
"2024","Winchester","E14001587","Total","Aged 10-14","Value",7003
"2024","Winchester","E14001587","Total","Aged 15-19","Value",7978
"2024","Winchester","E14001587","Total","Aged 20-24","Value",7520
"2024","Winchester","E14001587","Total","Aged 25-29","Value",5330
"2024","Winchester","E14001587","Total","Aged 30-34","Value",5581
"2024","Winchester","E14001587","Total","Aged 35-39","Value",6342
"2024","Winchester","E14001587","Total","Aged 40-44","Value",6544
"2024","Winchester","E14001587","Total","Aged 45-49","Value",6899
"2024","Winchester","E14001587","Total","Aged 50-54","Value",7312
"2024","Winchester","E14001587","Total","Aged 55-59","Value",7324
"2024","Winchester","E14001587","Total","Aged 60-64","Value",6892
"2024","Winchester","E14001587","Total","Aged 65-69","Value",5887
"2024","Winchester","E14001587","Total","Aged 70-74","Value",5224
"2024","Winchester","E14001587","Total","Aged 75-79","Value",5374
"2024","Winchester","E14001587","Total","Aged 80-84","Value",3544
"2024","Winchester","E14001587","Total","Aged 85+","Value",3687
"2024","Windsor","E14001588","Total","All Ages","Value",114686
"2024","Windsor","E14001588","Total","Age 0 - 4","Value",5317
"2024","Windsor","E14001588","Total","Aged 5-9","Value",6288
"2024","Windsor","E14001588","Total","Aged 10-14","Value",7866
"2024","Windsor","E14001588","Total","Aged 15-19","Value",10279
"2024","Windsor","E14001588","Total","Aged 20-24","Value",7751
"2024","Windsor","E14001588","Total","Aged 25-29","Value",6248
"2024","Windsor","E14001588","Total","Aged 30-34","Value",6353
"2024","Windsor","E14001588","Total","Aged 35-39","Value",6882
"2024","Windsor","E14001588","Total","Aged 40-44","Value",7845
"2024","Windsor","E14001588","Total","Aged 45-49","Value",7940
"2024","Windsor","E14001588","Total","Aged 50-54","Value",8023
"2024","Windsor","E14001588","Total","Aged 55-59","Value",7829
"2024","Windsor","E14001588","Total","Aged 60-64","Value",6715
"2024","Windsor","E14001588","Total","Aged 65-69","Value",5095
"2024","Windsor","E14001588","Total","Aged 70-74","Value",4260
"2024","Windsor","E14001588","Total","Aged 75-79","Value",4177
"2024","Windsor","E14001588","Total","Aged 80-84","Value",2769
"2024","Windsor","E14001588","Total","Aged 85+","Value",3049
"2024","Witney","E14001591","Total","All Ages","Value",105143
"2024","Witney","E14001591","Total","Age 0 - 4","Value",5702
"2024","Witney","E14001591","Total","Aged 5-9","Value",6092
"2024","Witney","E14001591","Total","Aged 10-14","Value",6689
"2024","Witney","E14001591","Total","Aged 15-19","Value",5636
"2024","Witney","E14001591","Total","Aged 20-24","Value",4834
"2024","Witney","E14001591","Total","Aged 25-29","Value",6561
"2024","Witney","E14001591","Total","Aged 30-34","Value",7181
"2024","Witney","E14001591","Total","Aged 35-39","Value",7319
"2024","Witney","E14001591","Total","Aged 40-44","Value",6778
"2024","Witney","E14001591","Total","Aged 45-49","Value",6244
"2024","Witney","E14001591","Total","Aged 50-54","Value",6993
"2024","Witney","E14001591","Total","Aged 55-59","Value",7187
"2024","Witney","E14001591","Total","Aged 60-64","Value",6882
"2024","Witney","E14001591","Total","Aged 65-69","Value",5483
"2024","Witney","E14001591","Total","Aged 70-74","Value",4761
"2024","Witney","E14001591","Total","Aged 75-79","Value",4827
"2024","Witney","E14001591","Total","Aged 80-84","Value",2988
"2024","Witney","E14001591","Total","Aged 85+","Value",2986
"2024","Woking","E14001592","Total","All Ages","Value",105679
"2024","Woking","E14001592","Total","Age 0 - 4","Value",5925
"2024","Woking","E14001592","Total","Aged 5-9","Value",6688
"2024","Woking","E14001592","Total","Aged 10-14","Value",6814
"2024","Woking","E14001592","Total","Aged 15-19","Value",6024
"2024","Woking","E14001592","Total","Aged 20-24","Value",4619
"2024","Woking","E14001592","Total","Aged 25-29","Value",6839
"2024","Woking","E14001592","Total","Aged 30-34","Value",7100
"2024","Woking","E14001592","Total","Aged 35-39","Value",8000
"2024","Woking","E14001592","Total","Aged 40-44","Value",8172
"2024","Woking","E14001592","Total","Aged 45-49","Value",7748
"2024","Woking","E14001592","Total","Aged 50-54","Value",7230
"2024","Woking","E14001592","Total","Aged 55-59","Value",6663
"2024","Woking","E14001592","Total","Aged 60-64","Value",5796
"2024","Woking","E14001592","Total","Aged 65-69","Value",4714
"2024","Woking","E14001592","Total","Aged 70-74","Value",4062
"2024","Woking","E14001592","Total","Aged 75-79","Value",3898
"2024","Woking","E14001592","Total","Aged 80-84","Value",2515
"2024","Woking","E14001592","Total","Aged 85+","Value",2872
"2024","Wokingham","E14001593","Total","All Ages","Value",103897
"2024","Wokingham","E14001593","Total","Age 0 - 4","Value",5324
"2024","Wokingham","E14001593","Total","Aged 5-9","Value",6882
"2024","Wokingham","E14001593","Total","Aged 10-14","Value",8169
"2024","Wokingham","E14001593","Total","Aged 15-19","Value",6345
"2024","Wokingham","E14001593","Total","Aged 20-24","Value",3712
"2024","Wokingham","E14001593","Total","Aged 25-29","Value",5095
"2024","Wokingham","E14001593","Total","Aged 30-34","Value",5832
"2024","Wokingham","E14001593","Total","Aged 35-39","Value",6883
"2024","Wokingham","E14001593","Total","Aged 40-44","Value",7835
"2024","Wokingham","E14001593","Total","Aged 45-49","Value",7866
"2024","Wokingham","E14001593","Total","Aged 50-54","Value",7632
"2024","Wokingham","E14001593","Total","Aged 55-59","Value",6923
"2024","Wokingham","E14001593","Total","Aged 60-64","Value",6175
"2024","Wokingham","E14001593","Total","Aged 65-69","Value",4796
"2024","Wokingham","E14001593","Total","Aged 70-74","Value",4248
"2024","Wokingham","E14001593","Total","Aged 75-79","Value",4455
"2024","Wokingham","E14001593","Total","Aged 80-84","Value",2878
"2024","Wokingham","E14001593","Total","Aged 85+","Value",2847
"2024","Worthing West","E14001599","Total","All Ages","Value",102846
"2024","Worthing West","E14001599","Total","Age 0 - 4","Value",4270
"2024","Worthing West","E14001599","Total","Aged 5-9","Value",5149
"2024","Worthing West","E14001599","Total","Aged 10-14","Value",5320
"2024","Worthing West","E14001599","Total","Aged 15-19","Value",4847
"2024","Worthing West","E14001599","Total","Aged 20-24","Value",4079
"2024","Worthing West","E14001599","Total","Aged 25-29","Value",5235
"2024","Worthing West","E14001599","Total","Aged 30-34","Value",6192
"2024","Worthing West","E14001599","Total","Aged 35-39","Value",6475
"2024","Worthing West","E14001599","Total","Aged 40-44","Value",6248
"2024","Worthing West","E14001599","Total","Aged 45-49","Value",5975
"2024","Worthing West","E14001599","Total","Aged 50-54","Value",6548
"2024","Worthing West","E14001599","Total","Aged 55-59","Value",7450
"2024","Worthing West","E14001599","Total","Aged 60-64","Value",7051
"2024","Worthing West","E14001599","Total","Aged 65-69","Value",6282
"2024","Worthing West","E14001599","Total","Aged 70-74","Value",6022
"2024","Worthing West","E14001599","Total","Aged 75-79","Value",6617
"2024","Worthing West","E14001599","Total","Aged 80-84","Value",4203
"2024","Worthing West","E14001599","Total","Aged 85+","Value",4883
"2024","Wycombe","E14001600","Total","All Ages","Value",112299
"2024","Wycombe","E14001600","Total","Age 0 - 4","Value",6556
"2024","Wycombe","E14001600","Total","Aged 5-9","Value",7488
"2024","Wycombe","E14001600","Total","Aged 10-14","Value",7846
"2024","Wycombe","E14001600","Total","Aged 15-19","Value",7266
"2024","Wycombe","E14001600","Total","Aged 20-24","Value",5955
"2024","Wycombe","E14001600","Total","Aged 25-29","Value",7469
"2024","Wycombe","E14001600","Total","Aged 30-34","Value",8539
"2024","Wycombe","E14001600","Total","Aged 35-39","Value",9029
"2024","Wycombe","E14001600","Total","Aged 40-44","Value",8832
"2024","Wycombe","E14001600","Total","Aged 45-49","Value",7621
"2024","Wycombe","E14001600","Total","Aged 50-54","Value",7357
"2024","Wycombe","E14001600","Total","Aged 55-59","Value",6756
"2024","Wycombe","E14001600","Total","Aged 60-64","Value",5716
"2024","Wycombe","E14001600","Total","Aged 65-69","Value",4607
"2024","Wycombe","E14001600","Total","Aged 70-74","Value",3764
"2024","Wycombe","E14001600","Total","Aged 75-79","Value",3236
"2024","Wycombe","E14001600","Total","Aged 80-84","Value",2239
"2024","Wycombe","E14001600","Total","Aged 85+","Value",2023
"2024","Bath","E14001080","Total","All Ages","Value",106548
"2024","Bath","E14001080","Total","Age 0 - 4","Value",3961
"2024","Bath","E14001080","Total","Aged 5-9","Value",4587
"2024","Bath","E14001080","Total","Aged 10-14","Value",5295
"2024","Bath","E14001080","Total","Aged 15-19","Value",9991
"2024","Bath","E14001080","Total","Aged 20-24","Value",16391
"2024","Bath","E14001080","Total","Aged 25-29","Value",6310
"2024","Bath","E14001080","Total","Aged 30-34","Value",6272
"2024","Bath","E14001080","Total","Aged 35-39","Value",5949
"2024","Bath","E14001080","Total","Aged 40-44","Value",5764
"2024","Bath","E14001080","Total","Aged 45-49","Value",5651
"2024","Bath","E14001080","Total","Aged 50-54","Value",6326
"2024","Bath","E14001080","Total","Aged 55-59","Value",6153
"2024","Bath","E14001080","Total","Aged 60-64","Value",5765
"2024","Bath","E14001080","Total","Aged 65-69","Value",4592
"2024","Bath","E14001080","Total","Aged 70-74","Value",4113
"2024","Bath","E14001080","Total","Aged 75-79","Value",4028
"2024","Bath","E14001080","Total","Aged 80-84","Value",2616
"2024","Bath","E14001080","Total","Aged 85+","Value",2784
"2024","Bournemouth East","E14001115","Total","All Ages","Value",108539
"2024","Bournemouth East","E14001115","Total","Age 0 - 4","Value",4974
"2024","Bournemouth East","E14001115","Total","Aged 5-9","Value",5941
"2024","Bournemouth East","E14001115","Total","Aged 10-14","Value",6584
"2024","Bournemouth East","E14001115","Total","Aged 15-19","Value",5825
"2024","Bournemouth East","E14001115","Total","Aged 20-24","Value",7058
"2024","Bournemouth East","E14001115","Total","Aged 25-29","Value",6365
"2024","Bournemouth East","E14001115","Total","Aged 30-34","Value",7138
"2024","Bournemouth East","E14001115","Total","Aged 35-39","Value",8223
"2024","Bournemouth East","E14001115","Total","Aged 40-44","Value",8715
"2024","Bournemouth East","E14001115","Total","Aged 45-49","Value",7536
"2024","Bournemouth East","E14001115","Total","Aged 50-54","Value",7198
"2024","Bournemouth East","E14001115","Total","Aged 55-59","Value",7030
"2024","Bournemouth East","E14001115","Total","Aged 60-64","Value",6277
"2024","Bournemouth East","E14001115","Total","Aged 65-69","Value",5176
"2024","Bournemouth East","E14001115","Total","Aged 70-74","Value",4559
"2024","Bournemouth East","E14001115","Total","Aged 75-79","Value",4394
"2024","Bournemouth East","E14001115","Total","Aged 80-84","Value",2657
"2024","Bournemouth East","E14001115","Total","Aged 85+","Value",2889
"2024","Bournemouth West","E14001116","Total","All Ages","Value",112281
"2024","Bournemouth West","E14001116","Total","Age 0 - 4","Value",4652
"2024","Bournemouth West","E14001116","Total","Aged 5-9","Value",5354
"2024","Bournemouth West","E14001116","Total","Aged 10-14","Value",5413
"2024","Bournemouth West","E14001116","Total","Aged 15-19","Value",8491
"2024","Bournemouth West","E14001116","Total","Aged 20-24","Value",13271
"2024","Bournemouth West","E14001116","Total","Aged 25-29","Value",7923
"2024","Bournemouth West","E14001116","Total","Aged 30-34","Value",8057
"2024","Bournemouth West","E14001116","Total","Aged 35-39","Value",7665
"2024","Bournemouth West","E14001116","Total","Aged 40-44","Value",7411
"2024","Bournemouth West","E14001116","Total","Aged 45-49","Value",6109
"2024","Bournemouth West","E14001116","Total","Aged 50-54","Value",6143
"2024","Bournemouth West","E14001116","Total","Aged 55-59","Value",6177
"2024","Bournemouth West","E14001116","Total","Aged 60-64","Value",5966
"2024","Bournemouth West","E14001116","Total","Aged 65-69","Value",5190
"2024","Bournemouth West","E14001116","Total","Aged 70-74","Value",4435
"2024","Bournemouth West","E14001116","Total","Aged 75-79","Value",4342
"2024","Bournemouth West","E14001116","Total","Aged 80-84","Value",2691
"2024","Bournemouth West","E14001116","Total","Aged 85+","Value",2991
"2024","Bridgwater","E14001126","Total","All Ages","Value",103600
"2024","Bridgwater","E14001126","Total","Age 0 - 4","Value",5273
"2024","Bridgwater","E14001126","Total","Aged 5-9","Value",5740
"2024","Bridgwater","E14001126","Total","Aged 10-14","Value",6221
"2024","Bridgwater","E14001126","Total","Aged 15-19","Value",5659
"2024","Bridgwater","E14001126","Total","Aged 20-24","Value",4732
"2024","Bridgwater","E14001126","Total","Aged 25-29","Value",6284
"2024","Bridgwater","E14001126","Total","Aged 30-34","Value",6857
"2024","Bridgwater","E14001126","Total","Aged 35-39","Value",6685
"2024","Bridgwater","E14001126","Total","Aged 40-44","Value",6203
"2024","Bridgwater","E14001126","Total","Aged 45-49","Value",5603
"2024","Bridgwater","E14001126","Total","Aged 50-54","Value",6631
"2024","Bridgwater","E14001126","Total","Aged 55-59","Value",7398
"2024","Bridgwater","E14001126","Total","Aged 60-64","Value",7093
"2024","Bridgwater","E14001126","Total","Aged 65-69","Value",5936
"2024","Bridgwater","E14001126","Total","Aged 70-74","Value",5545
"2024","Bridgwater","E14001126","Total","Aged 75-79","Value",5446
"2024","Bridgwater","E14001126","Total","Aged 80-84","Value",3345
"2024","Bridgwater","E14001126","Total","Aged 85+","Value",2949
"2024","Bristol Central","E14001131","Total","All Ages","Value",101154
"2024","Bristol Central","E14001131","Total","Age 0 - 4","Value",2680
"2024","Bristol Central","E14001131","Total","Aged 5-9","Value",2740
"2024","Bristol Central","E14001131","Total","Aged 10-14","Value",3270
"2024","Bristol Central","E14001131","Total","Aged 15-19","Value",7628
"2024","Bristol Central","E14001131","Total","Aged 20-24","Value",26156
"2024","Bristol Central","E14001131","Total","Aged 25-29","Value",15030
"2024","Bristol Central","E14001131","Total","Aged 30-34","Value",9622
"2024","Bristol Central","E14001131","Total","Aged 35-39","Value",6378
"2024","Bristol Central","E14001131","Total","Aged 40-44","Value",4959
"2024","Bristol Central","E14001131","Total","Aged 45-49","Value",4193
"2024","Bristol Central","E14001131","Total","Aged 50-54","Value",3849
"2024","Bristol Central","E14001131","Total","Aged 55-59","Value",3814
"2024","Bristol Central","E14001131","Total","Aged 60-64","Value",3261
"2024","Bristol Central","E14001131","Total","Aged 65-69","Value",2358
"2024","Bristol Central","E14001131","Total","Aged 70-74","Value",2019
"2024","Bristol Central","E14001131","Total","Aged 75-79","Value",1676
"2024","Bristol Central","E14001131","Total","Aged 80-84","Value",800
"2024","Bristol Central","E14001131","Total","Aged 85+","Value",721
"2024","Bristol East","E14001132","Total","All Ages","Value",114286
"2024","Bristol East","E14001132","Total","Age 0 - 4","Value",6688
"2024","Bristol East","E14001132","Total","Aged 5-9","Value",6418
"2024","Bristol East","E14001132","Total","Aged 10-14","Value",6394
"2024","Bristol East","E14001132","Total","Aged 15-19","Value",6085
"2024","Bristol East","E14001132","Total","Aged 20-24","Value",8860
"2024","Bristol East","E14001132","Total","Aged 25-29","Value",10671
"2024","Bristol East","E14001132","Total","Aged 30-34","Value",11347
"2024","Bristol East","E14001132","Total","Aged 35-39","Value",10968
"2024","Bristol East","E14001132","Total","Aged 40-44","Value",8651
"2024","Bristol East","E14001132","Total","Aged 45-49","Value",6841
"2024","Bristol East","E14001132","Total","Aged 50-54","Value",6236
"2024","Bristol East","E14001132","Total","Aged 55-59","Value",5995
"2024","Bristol East","E14001132","Total","Aged 60-64","Value",5054
"2024","Bristol East","E14001132","Total","Aged 65-69","Value",3967
"2024","Bristol East","E14001132","Total","Aged 70-74","Value",3204
"2024","Bristol East","E14001132","Total","Aged 75-79","Value",2895
"2024","Bristol East","E14001132","Total","Aged 80-84","Value",2118
"2024","Bristol East","E14001132","Total","Aged 85+","Value",1894
"2024","Bristol North East","E14001133","Total","All Ages","Value",102663
"2024","Bristol North East","E14001133","Total","Age 0 - 4","Value",5379
"2024","Bristol North East","E14001133","Total","Aged 5-9","Value",6035
"2024","Bristol North East","E14001133","Total","Aged 10-14","Value",6154
"2024","Bristol North East","E14001133","Total","Aged 15-19","Value",5717
"2024","Bristol North East","E14001133","Total","Aged 20-24","Value",8558
"2024","Bristol North East","E14001133","Total","Aged 25-29","Value",8177
"2024","Bristol North East","E14001133","Total","Aged 30-34","Value",8671
"2024","Bristol North East","E14001133","Total","Aged 35-39","Value",8592
"2024","Bristol North East","E14001133","Total","Aged 40-44","Value",7440
"2024","Bristol North East","E14001133","Total","Aged 45-49","Value",5934
"2024","Bristol North East","E14001133","Total","Aged 50-54","Value",5786
"2024","Bristol North East","E14001133","Total","Aged 55-59","Value",5510
"2024","Bristol North East","E14001133","Total","Aged 60-64","Value",5004
"2024","Bristol North East","E14001133","Total","Aged 65-69","Value",4160
"2024","Bristol North East","E14001133","Total","Aged 70-74","Value",3612
"2024","Bristol North East","E14001133","Total","Aged 75-79","Value",3274
"2024","Bristol North East","E14001133","Total","Aged 80-84","Value",2277
"2024","Bristol North East","E14001133","Total","Aged 85+","Value",2383
"2024","Bristol North West","E14001134","Total","All Ages","Value",112745
"2024","Bristol North West","E14001134","Total","Age 0 - 4","Value",6001
"2024","Bristol North West","E14001134","Total","Aged 5-9","Value",6710
"2024","Bristol North West","E14001134","Total","Aged 10-14","Value",7170
"2024","Bristol North West","E14001134","Total","Aged 15-19","Value",8018
"2024","Bristol North West","E14001134","Total","Aged 20-24","Value",9929
"2024","Bristol North West","E14001134","Total","Aged 25-29","Value",8078
"2024","Bristol North West","E14001134","Total","Aged 30-34","Value",7703
"2024","Bristol North West","E14001134","Total","Aged 35-39","Value",8099
"2024","Bristol North West","E14001134","Total","Aged 40-44","Value",7825
"2024","Bristol North West","E14001134","Total","Aged 45-49","Value",6919
"2024","Bristol North West","E14001134","Total","Aged 50-54","Value",6279
"2024","Bristol North West","E14001134","Total","Aged 55-59","Value",6091
"2024","Bristol North West","E14001134","Total","Aged 60-64","Value",5531
"2024","Bristol North West","E14001134","Total","Aged 65-69","Value",4582
"2024","Bristol North West","E14001134","Total","Aged 70-74","Value",4301
"2024","Bristol North West","E14001134","Total","Aged 75-79","Value",4005
"2024","Bristol North West","E14001134","Total","Aged 80-84","Value",2576
"2024","Bristol North West","E14001134","Total","Aged 85+","Value",2928
"2024","Bristol South","E14001135","Total","All Ages","Value",107944
"2024","Bristol South","E14001135","Total","Age 0 - 4","Value",6456
"2024","Bristol South","E14001135","Total","Aged 5-9","Value",6525
"2024","Bristol South","E14001135","Total","Aged 10-14","Value",6444
"2024","Bristol South","E14001135","Total","Aged 15-19","Value",5494
"2024","Bristol South","E14001135","Total","Aged 20-24","Value",7478
"2024","Bristol South","E14001135","Total","Aged 25-29","Value",10741
"2024","Bristol South","E14001135","Total","Aged 30-34","Value",10996
"2024","Bristol South","E14001135","Total","Aged 35-39","Value",9433
"2024","Bristol South","E14001135","Total","Aged 40-44","Value",7591
"2024","Bristol South","E14001135","Total","Aged 45-49","Value",5877
"2024","Bristol South","E14001135","Total","Aged 50-54","Value",5535
"2024","Bristol South","E14001135","Total","Aged 55-59","Value",5620
"2024","Bristol South","E14001135","Total","Aged 60-64","Value",4956
"2024","Bristol South","E14001135","Total","Aged 65-69","Value",4460
"2024","Bristol South","E14001135","Total","Aged 70-74","Value",3481
"2024","Bristol South","E14001135","Total","Aged 75-79","Value",2955
"2024","Bristol South","E14001135","Total","Aged 80-84","Value",1951
"2024","Bristol South","E14001135","Total","Aged 85+","Value",1951
"2024","Camborne and Redruth","E14001148","Total","All Ages","Value",102128
"2024","Camborne and Redruth","E14001148","Total","Age 0 - 4","Value",4818
"2024","Camborne and Redruth","E14001148","Total","Aged 5-9","Value",5740
"2024","Camborne and Redruth","E14001148","Total","Aged 10-14","Value",6145
"2024","Camborne and Redruth","E14001148","Total","Aged 15-19","Value",6274
"2024","Camborne and Redruth","E14001148","Total","Aged 20-24","Value",4643
"2024","Camborne and Redruth","E14001148","Total","Aged 25-29","Value",4994
"2024","Camborne and Redruth","E14001148","Total","Aged 30-34","Value",6007
"2024","Camborne and Redruth","E14001148","Total","Aged 35-39","Value",6367
"2024","Camborne and Redruth","E14001148","Total","Aged 40-44","Value",6302
"2024","Camborne and Redruth","E14001148","Total","Aged 45-49","Value",5837
"2024","Camborne and Redruth","E14001148","Total","Aged 50-54","Value",6795
"2024","Camborne and Redruth","E14001148","Total","Aged 55-59","Value",7455
"2024","Camborne and Redruth","E14001148","Total","Aged 60-64","Value",7053
"2024","Camborne and Redruth","E14001148","Total","Aged 65-69","Value",6029
"2024","Camborne and Redruth","E14001148","Total","Aged 70-74","Value",5632
"2024","Camborne and Redruth","E14001148","Total","Aged 75-79","Value",5709
"2024","Camborne and Redruth","E14001148","Total","Aged 80-84","Value",3440
"2024","Camborne and Redruth","E14001148","Total","Aged 85+","Value",2888
"2024","Central Devon","E14001155","Total","All Ages","Value",97093
"2024","Central Devon","E14001155","Total","Age 0 - 4","Value",3989
"2024","Central Devon","E14001155","Total","Aged 5-9","Value",4964
"2024","Central Devon","E14001155","Total","Aged 10-14","Value",5538
"2024","Central Devon","E14001155","Total","Aged 15-19","Value",5106
"2024","Central Devon","E14001155","Total","Aged 20-24","Value",3520
"2024","Central Devon","E14001155","Total","Aged 25-29","Value",4365
"2024","Central Devon","E14001155","Total","Aged 30-34","Value",4858
"2024","Central Devon","E14001155","Total","Aged 35-39","Value",5236
"2024","Central Devon","E14001155","Total","Aged 40-44","Value",5569
"2024","Central Devon","E14001155","Total","Aged 45-49","Value",5341
"2024","Central Devon","E14001155","Total","Aged 50-54","Value",6766
"2024","Central Devon","E14001155","Total","Aged 55-59","Value",7701
"2024","Central Devon","E14001155","Total","Aged 60-64","Value",7815
"2024","Central Devon","E14001155","Total","Aged 65-69","Value",6751
"2024","Central Devon","E14001155","Total","Aged 70-74","Value",6363
"2024","Central Devon","E14001155","Total","Aged 75-79","Value",5994
"2024","Central Devon","E14001155","Total","Aged 80-84","Value",3825
"2024","Central Devon","E14001155","Total","Aged 85+","Value",3392
"2024","Cheltenham","E14001161","Total","All Ages","Value",102658
"2024","Cheltenham","E14001161","Total","Age 0 - 4","Value",4589
"2024","Cheltenham","E14001161","Total","Aged 5-9","Value",5431
"2024","Cheltenham","E14001161","Total","Aged 10-14","Value",6188
"2024","Cheltenham","E14001161","Total","Aged 15-19","Value",6331
"2024","Cheltenham","E14001161","Total","Aged 20-24","Value",6641
"2024","Cheltenham","E14001161","Total","Aged 25-29","Value",7077
"2024","Cheltenham","E14001161","Total","Aged 30-34","Value",7073
"2024","Cheltenham","E14001161","Total","Aged 35-39","Value",6885
"2024","Cheltenham","E14001161","Total","Aged 40-44","Value",6959
"2024","Cheltenham","E14001161","Total","Aged 45-49","Value",6190
"2024","Cheltenham","E14001161","Total","Aged 50-54","Value",6357
"2024","Cheltenham","E14001161","Total","Aged 55-59","Value",6805
"2024","Cheltenham","E14001161","Total","Aged 60-64","Value",6291
"2024","Cheltenham","E14001161","Total","Aged 65-69","Value",4855
"2024","Cheltenham","E14001161","Total","Aged 70-74","Value",4309
"2024","Cheltenham","E14001161","Total","Aged 75-79","Value",4373
"2024","Cheltenham","E14001161","Total","Aged 80-84","Value",2924
"2024","Cheltenham","E14001161","Total","Aged 85+","Value",3380
"2024","Chippenham","E14001168","Total","All Ages","Value",101150
"2024","Chippenham","E14001168","Total","Age 0 - 4","Value",4893
"2024","Chippenham","E14001168","Total","Aged 5-9","Value",5390
"2024","Chippenham","E14001168","Total","Aged 10-14","Value",6035
"2024","Chippenham","E14001168","Total","Aged 15-19","Value",6067
"2024","Chippenham","E14001168","Total","Aged 20-24","Value",5139
"2024","Chippenham","E14001168","Total","Aged 25-29","Value",6329
"2024","Chippenham","E14001168","Total","Aged 30-34","Value",6687
"2024","Chippenham","E14001168","Total","Aged 35-39","Value",6580
"2024","Chippenham","E14001168","Total","Aged 40-44","Value",6056
"2024","Chippenham","E14001168","Total","Aged 45-49","Value",5872
"2024","Chippenham","E14001168","Total","Aged 50-54","Value",7083
"2024","Chippenham","E14001168","Total","Aged 55-59","Value",7532
"2024","Chippenham","E14001168","Total","Aged 60-64","Value",6993
"2024","Chippenham","E14001168","Total","Aged 65-69","Value",5465
"2024","Chippenham","E14001168","Total","Aged 70-74","Value",4755
"2024","Chippenham","E14001168","Total","Aged 75-79","Value",4755
"2024","Chippenham","E14001168","Total","Aged 80-84","Value",2868
"2024","Chippenham","E14001168","Total","Aged 85+","Value",2651
"2024","Christchurch","E14001171","Total","All Ages","Value",88284
"2024","Christchurch","E14001171","Total","Age 0 - 4","Value",3026
"2024","Christchurch","E14001171","Total","Aged 5-9","Value",3787
"2024","Christchurch","E14001171","Total","Aged 10-14","Value",4495
"2024","Christchurch","E14001171","Total","Aged 15-19","Value",4001
"2024","Christchurch","E14001171","Total","Aged 20-24","Value",3281
"2024","Christchurch","E14001171","Total","Aged 25-29","Value",3208
"2024","Christchurch","E14001171","Total","Aged 30-34","Value",3810
"2024","Christchurch","E14001171","Total","Aged 35-39","Value",4165
"2024","Christchurch","E14001171","Total","Aged 40-44","Value",4390
"2024","Christchurch","E14001171","Total","Aged 45-49","Value",4467
"2024","Christchurch","E14001171","Total","Aged 50-54","Value",5242
"2024","Christchurch","E14001171","Total","Aged 55-59","Value",6450
"2024","Christchurch","E14001171","Total","Aged 60-64","Value",6765
"2024","Christchurch","E14001171","Total","Aged 65-69","Value",6383
"2024","Christchurch","E14001171","Total","Aged 70-74","Value",6701
"2024","Christchurch","E14001171","Total","Aged 75-79","Value",7418
"2024","Christchurch","E14001171","Total","Aged 80-84","Value",5051
"2024","Christchurch","E14001171","Total","Aged 85+","Value",5644
"2024","East Wiltshire","E14001217","Total","All Ages","Value",104499
"2024","East Wiltshire","E14001217","Total","Age 0 - 4","Value",5615
"2024","East Wiltshire","E14001217","Total","Aged 5-9","Value",6433
"2024","East Wiltshire","E14001217","Total","Aged 10-14","Value",6838
"2024","East Wiltshire","E14001217","Total","Aged 15-19","Value",6463
"2024","East Wiltshire","E14001217","Total","Aged 20-24","Value",5191
"2024","East Wiltshire","E14001217","Total","Aged 25-29","Value",6322
"2024","East Wiltshire","E14001217","Total","Aged 30-34","Value",7088
"2024","East Wiltshire","E14001217","Total","Aged 35-39","Value",7252
"2024","East Wiltshire","E14001217","Total","Aged 40-44","Value",6619
"2024","East Wiltshire","E14001217","Total","Aged 45-49","Value",5603
"2024","East Wiltshire","E14001217","Total","Aged 50-54","Value",6572
"2024","East Wiltshire","E14001217","Total","Aged 55-59","Value",6928
"2024","East Wiltshire","E14001217","Total","Aged 60-64","Value",6618
"2024","East Wiltshire","E14001217","Total","Aged 65-69","Value",5560
"2024","East Wiltshire","E14001217","Total","Aged 70-74","Value",4969
"2024","East Wiltshire","E14001217","Total","Aged 75-79","Value",4614
"2024","East Wiltshire","E14001217","Total","Aged 80-84","Value",2997
"2024","East Wiltshire","E14001217","Total","Aged 85+","Value",2817
"2024","Exeter","E14001231","Total","All Ages","Value",105975
"2024","Exeter","E14001231","Total","Age 0 - 4","Value",3805
"2024","Exeter","E14001231","Total","Aged 5-9","Value",4370
"2024","Exeter","E14001231","Total","Aged 10-14","Value",4530
"2024","Exeter","E14001231","Total","Aged 15-19","Value",9207
"2024","Exeter","E14001231","Total","Aged 20-24","Value",18858
"2024","Exeter","E14001231","Total","Aged 25-29","Value",7443
"2024","Exeter","E14001231","Total","Aged 30-34","Value",7196
"2024","Exeter","E14001231","Total","Aged 35-39","Value",6746
"2024","Exeter","E14001231","Total","Aged 40-44","Value",5971
"2024","Exeter","E14001231","Total","Aged 45-49","Value",5217
"2024","Exeter","E14001231","Total","Aged 50-54","Value",5320
"2024","Exeter","E14001231","Total","Aged 55-59","Value",5735
"2024","Exeter","E14001231","Total","Aged 60-64","Value",5011
"2024","Exeter","E14001231","Total","Aged 65-69","Value",4265
"2024","Exeter","E14001231","Total","Aged 70-74","Value",3744
"2024","Exeter","E14001231","Total","Aged 75-79","Value",3559
"2024","Exeter","E14001231","Total","Aged 80-84","Value",2427
"2024","Exeter","E14001231","Total","Aged 85+","Value",2571
"2024","Exmouth and Exeter East","E14001232","Total","All Ages","Value",109223
"2024","Exmouth and Exeter East","E14001232","Total","Age 0 - 4","Value",5603
"2024","Exmouth and Exeter East","E14001232","Total","Aged 5-9","Value",6236
"2024","Exmouth and Exeter East","E14001232","Total","Aged 10-14","Value",6351
"2024","Exmouth and Exeter East","E14001232","Total","Aged 15-19","Value",5912
"2024","Exmouth and Exeter East","E14001232","Total","Aged 20-24","Value",4946
"2024","Exmouth and Exeter East","E14001232","Total","Aged 25-29","Value",6094
"2024","Exmouth and Exeter East","E14001232","Total","Aged 30-34","Value",7048
"2024","Exmouth and Exeter East","E14001232","Total","Aged 35-39","Value",7323
"2024","Exmouth and Exeter East","E14001232","Total","Aged 40-44","Value",6936
"2024","Exmouth and Exeter East","E14001232","Total","Aged 45-49","Value",6145
"2024","Exmouth and Exeter East","E14001232","Total","Aged 50-54","Value",6815
"2024","Exmouth and Exeter East","E14001232","Total","Aged 55-59","Value",7162
"2024","Exmouth and Exeter East","E14001232","Total","Aged 60-64","Value",6766
"2024","Exmouth and Exeter East","E14001232","Total","Aged 65-69","Value",6225
"2024","Exmouth and Exeter East","E14001232","Total","Aged 70-74","Value",5947
"2024","Exmouth and Exeter East","E14001232","Total","Aged 75-79","Value",5990
"2024","Exmouth and Exeter East","E14001232","Total","Aged 80-84","Value",3882
"2024","Exmouth and Exeter East","E14001232","Total","Aged 85+","Value",3842
"2024","Filton and Bradley Stoke","E14001237","Total","All Ages","Value",117188
"2024","Filton and Bradley Stoke","E14001237","Total","Age 0 - 4","Value",6269
"2024","Filton and Bradley Stoke","E14001237","Total","Aged 5-9","Value",7141
"2024","Filton and Bradley Stoke","E14001237","Total","Aged 10-14","Value",7152
"2024","Filton and Bradley Stoke","E14001237","Total","Aged 15-19","Value",8147
"2024","Filton and Bradley Stoke","E14001237","Total","Aged 20-24","Value",10140
"2024","Filton and Bradley Stoke","E14001237","Total","Aged 25-29","Value",8759
"2024","Filton and Bradley Stoke","E14001237","Total","Aged 30-34","Value",9505
"2024","Filton and Bradley Stoke","E14001237","Total","Aged 35-39","Value",9261
"2024","Filton and Bradley Stoke","E14001237","Total","Aged 40-44","Value",8281
"2024","Filton and Bradley Stoke","E14001237","Total","Aged 45-49","Value",7067
"2024","Filton and Bradley Stoke","E14001237","Total","Aged 50-54","Value",7022
"2024","Filton and Bradley Stoke","E14001237","Total","Aged 55-59","Value",6797
"2024","Filton and Bradley Stoke","E14001237","Total","Aged 60-64","Value",5663
"2024","Filton and Bradley Stoke","E14001237","Total","Aged 65-69","Value",4220
"2024","Filton and Bradley Stoke","E14001237","Total","Aged 70-74","Value",3454
"2024","Filton and Bradley Stoke","E14001237","Total","Aged 75-79","Value",3497
"2024","Filton and Bradley Stoke","E14001237","Total","Aged 80-84","Value",2465
"2024","Filton and Bradley Stoke","E14001237","Total","Aged 85+","Value",2348
"2024","Forest of Dean","E14001240","Total","All Ages","Value",94516
"2024","Forest of Dean","E14001240","Total","Age 0 - 4","Value",4268
"2024","Forest of Dean","E14001240","Total","Aged 5-9","Value",4788
"2024","Forest of Dean","E14001240","Total","Aged 10-14","Value",5134
"2024","Forest of Dean","E14001240","Total","Aged 15-19","Value",5367
"2024","Forest of Dean","E14001240","Total","Aged 20-24","Value",4016
"2024","Forest of Dean","E14001240","Total","Aged 25-29","Value",4546
"2024","Forest of Dean","E14001240","Total","Aged 30-34","Value",5221
"2024","Forest of Dean","E14001240","Total","Aged 35-39","Value",5489
"2024","Forest of Dean","E14001240","Total","Aged 40-44","Value",5242
"2024","Forest of Dean","E14001240","Total","Aged 45-49","Value",4821
"2024","Forest of Dean","E14001240","Total","Aged 50-54","Value",6332
"2024","Forest of Dean","E14001240","Total","Aged 55-59","Value",7564
"2024","Forest of Dean","E14001240","Total","Aged 60-64","Value",7368
"2024","Forest of Dean","E14001240","Total","Aged 65-69","Value",6302
"2024","Forest of Dean","E14001240","Total","Aged 70-74","Value",5963
"2024","Forest of Dean","E14001240","Total","Aged 75-79","Value",5581
"2024","Forest of Dean","E14001240","Total","Aged 80-84","Value",3578
"2024","Forest of Dean","E14001240","Total","Aged 85+","Value",2936
"2024","Frome and East Somerset","E14001241","Total","All Ages","Value",94068
"2024","Frome and East Somerset","E14001241","Total","Age 0 - 4","Value",4512
"2024","Frome and East Somerset","E14001241","Total","Aged 5-9","Value",5526
"2024","Frome and East Somerset","E14001241","Total","Aged 10-14","Value",5954
"2024","Frome and East Somerset","E14001241","Total","Aged 15-19","Value",5750
"2024","Frome and East Somerset","E14001241","Total","Aged 20-24","Value",4195
"2024","Frome and East Somerset","E14001241","Total","Aged 25-29","Value",4415
"2024","Frome and East Somerset","E14001241","Total","Aged 30-34","Value",5276
"2024","Frome and East Somerset","E14001241","Total","Aged 35-39","Value",5773
"2024","Frome and East Somerset","E14001241","Total","Aged 40-44","Value",5563
"2024","Frome and East Somerset","E14001241","Total","Aged 45-49","Value",5405
"2024","Frome and East Somerset","E14001241","Total","Aged 50-54","Value",6521
"2024","Frome and East Somerset","E14001241","Total","Aged 55-59","Value",7157
"2024","Frome and East Somerset","E14001241","Total","Aged 60-64","Value",6611
"2024","Frome and East Somerset","E14001241","Total","Aged 65-69","Value",5543
"2024","Frome and East Somerset","E14001241","Total","Aged 70-74","Value",5218
"2024","Frome and East Somerset","E14001241","Total","Aged 75-79","Value",4867
"2024","Frome and East Somerset","E14001241","Total","Aged 80-84","Value",3042
"2024","Frome and East Somerset","E14001241","Total","Aged 85+","Value",2740
"2024","Glastonbury and Somerton","E14001247","Total","All Ages","Value",94018
"2024","Glastonbury and Somerton","E14001247","Total","Age 0 - 4","Value",3791
"2024","Glastonbury and Somerton","E14001247","Total","Aged 5-9","Value",4408
"2024","Glastonbury and Somerton","E14001247","Total","Aged 10-14","Value",5478
"2024","Glastonbury and Somerton","E14001247","Total","Aged 15-19","Value",5548
"2024","Glastonbury and Somerton","E14001247","Total","Aged 20-24","Value",3915
"2024","Glastonbury and Somerton","E14001247","Total","Aged 25-29","Value",4415
"2024","Glastonbury and Somerton","E14001247","Total","Aged 30-34","Value",4893
"2024","Glastonbury and Somerton","E14001247","Total","Aged 35-39","Value",5040
"2024","Glastonbury and Somerton","E14001247","Total","Aged 40-44","Value",4889
"2024","Glastonbury and Somerton","E14001247","Total","Aged 45-49","Value",4856
"2024","Glastonbury and Somerton","E14001247","Total","Aged 50-54","Value",6246
"2024","Glastonbury and Somerton","E14001247","Total","Aged 55-59","Value",7434
"2024","Glastonbury and Somerton","E14001247","Total","Aged 60-64","Value",7272
"2024","Glastonbury and Somerton","E14001247","Total","Aged 65-69","Value",6479
"2024","Glastonbury and Somerton","E14001247","Total","Aged 70-74","Value",6158
"2024","Glastonbury and Somerton","E14001247","Total","Aged 75-79","Value",5971
"2024","Glastonbury and Somerton","E14001247","Total","Aged 80-84","Value",3932
"2024","Glastonbury and Somerton","E14001247","Total","Aged 85+","Value",3293
"2024","Gloucester","E14001248","Total","All Ages","Value",122420
"2024","Gloucester","E14001248","Total","Age 0 - 4","Value",6659
"2024","Gloucester","E14001248","Total","Aged 5-9","Value",7609
"2024","Gloucester","E14001248","Total","Aged 10-14","Value",7854
"2024","Gloucester","E14001248","Total","Aged 15-19","Value",7357
"2024","Gloucester","E14001248","Total","Aged 20-24","Value",8083
"2024","Gloucester","E14001248","Total","Aged 25-29","Value",8505
"2024","Gloucester","E14001248","Total","Aged 30-34","Value",9337
"2024","Gloucester","E14001248","Total","Aged 35-39","Value",9192
"2024","Gloucester","E14001248","Total","Aged 40-44","Value",8600
"2024","Gloucester","E14001248","Total","Aged 45-49","Value",7119
"2024","Gloucester","E14001248","Total","Aged 50-54","Value",7337
"2024","Gloucester","E14001248","Total","Aged 55-59","Value",7829
"2024","Gloucester","E14001248","Total","Aged 60-64","Value",7147
"2024","Gloucester","E14001248","Total","Aged 65-69","Value",5609
"2024","Gloucester","E14001248","Total","Aged 70-74","Value",4585
"2024","Gloucester","E14001248","Total","Aged 75-79","Value",4143
"2024","Gloucester","E14001248","Total","Aged 80-84","Value",2802
"2024","Gloucester","E14001248","Total","Aged 85+","Value",2653
"2024","Honiton and Sidmouth","E14001291","Total","All Ages","Value",93690
"2024","Honiton and Sidmouth","E14001291","Total","Age 0 - 4","Value",3503
"2024","Honiton and Sidmouth","E14001291","Total","Aged 5-9","Value",4377
"2024","Honiton and Sidmouth","E14001291","Total","Aged 10-14","Value",4890
"2024","Honiton and Sidmouth","E14001291","Total","Aged 15-19","Value",4416
"2024","Honiton and Sidmouth","E14001291","Total","Aged 20-24","Value",3210
"2024","Honiton and Sidmouth","E14001291","Total","Aged 25-29","Value",3816
"2024","Honiton and Sidmouth","E14001291","Total","Aged 30-34","Value",4283
"2024","Honiton and Sidmouth","E14001291","Total","Aged 35-39","Value",4531
"2024","Honiton and Sidmouth","E14001291","Total","Aged 40-44","Value",4776
"2024","Honiton and Sidmouth","E14001291","Total","Aged 45-49","Value",4756
"2024","Honiton and Sidmouth","E14001291","Total","Aged 50-54","Value",6114
"2024","Honiton and Sidmouth","E14001291","Total","Aged 55-59","Value",7202
"2024","Honiton and Sidmouth","E14001291","Total","Aged 60-64","Value",7277
"2024","Honiton and Sidmouth","E14001291","Total","Aged 65-69","Value",6870
"2024","Honiton and Sidmouth","E14001291","Total","Aged 70-74","Value",6745
"2024","Honiton and Sidmouth","E14001291","Total","Aged 75-79","Value",7248
"2024","Honiton and Sidmouth","E14001291","Total","Aged 80-84","Value",4783
"2024","Honiton and Sidmouth","E14001291","Total","Aged 85+","Value",4893
"2024","Melksham and Devizes","E14001356","Total","All Ages","Value",95301
"2024","Melksham and Devizes","E14001356","Total","Age 0 - 4","Value",4025
"2024","Melksham and Devizes","E14001356","Total","Aged 5-9","Value",4929
"2024","Melksham and Devizes","E14001356","Total","Aged 10-14","Value",5636
"2024","Melksham and Devizes","E14001356","Total","Aged 15-19","Value",5181
"2024","Melksham and Devizes","E14001356","Total","Aged 20-24","Value",3588
"2024","Melksham and Devizes","E14001356","Total","Aged 25-29","Value",4433
"2024","Melksham and Devizes","E14001356","Total","Aged 30-34","Value",5100
"2024","Melksham and Devizes","E14001356","Total","Aged 35-39","Value",5408
"2024","Melksham and Devizes","E14001356","Total","Aged 40-44","Value",5501
"2024","Melksham and Devizes","E14001356","Total","Aged 45-49","Value",5402
"2024","Melksham and Devizes","E14001356","Total","Aged 50-54","Value",6826
"2024","Melksham and Devizes","E14001356","Total","Aged 55-59","Value",7359
"2024","Melksham and Devizes","E14001356","Total","Aged 60-64","Value",7113
"2024","Melksham and Devizes","E14001356","Total","Aged 65-69","Value",6153
"2024","Melksham and Devizes","E14001356","Total","Aged 70-74","Value",5653
"2024","Melksham and Devizes","E14001356","Total","Aged 75-79","Value",5693
"2024","Melksham and Devizes","E14001356","Total","Aged 80-84","Value",3780
"2024","Melksham and Devizes","E14001356","Total","Aged 85+","Value",3521
"2024","Mid Dorset and North Poole","E14001363","Total","All Ages","Value",97747
"2024","Mid Dorset and North Poole","E14001363","Total","Age 0 - 4","Value",4204
"2024","Mid Dorset and North Poole","E14001363","Total","Aged 5-9","Value",5009
"2024","Mid Dorset and North Poole","E14001363","Total","Aged 10-14","Value",5701
"2024","Mid Dorset and North Poole","E14001363","Total","Aged 15-19","Value",5707
"2024","Mid Dorset and North Poole","E14001363","Total","Aged 20-24","Value",3890
"2024","Mid Dorset and North Poole","E14001363","Total","Aged 25-29","Value",4261
"2024","Mid Dorset and North Poole","E14001363","Total","Aged 30-34","Value",4946
"2024","Mid Dorset and North Poole","E14001363","Total","Aged 35-39","Value",5519
"2024","Mid Dorset and North Poole","E14001363","Total","Aged 40-44","Value",5654
"2024","Mid Dorset and North Poole","E14001363","Total","Aged 45-49","Value",5461
"2024","Mid Dorset and North Poole","E14001363","Total","Aged 50-54","Value",6281
"2024","Mid Dorset and North Poole","E14001363","Total","Aged 55-59","Value",7105
"2024","Mid Dorset and North Poole","E14001363","Total","Aged 60-64","Value",7358
"2024","Mid Dorset and North Poole","E14001363","Total","Aged 65-69","Value",6431
"2024","Mid Dorset and North Poole","E14001363","Total","Aged 70-74","Value",6206
"2024","Mid Dorset and North Poole","E14001363","Total","Aged 75-79","Value",6353
"2024","Mid Dorset and North Poole","E14001363","Total","Aged 80-84","Value",3963
"2024","Mid Dorset and North Poole","E14001363","Total","Aged 85+","Value",3698
"2024","Newton Abbot","E14001381","Total","All Ages","Value",94947
"2024","Newton Abbot","E14001381","Total","Age 0 - 4","Value",3779
"2024","Newton Abbot","E14001381","Total","Aged 5-9","Value",4537
"2024","Newton Abbot","E14001381","Total","Aged 10-14","Value",5164
"2024","Newton Abbot","E14001381","Total","Aged 15-19","Value",4576
"2024","Newton Abbot","E14001381","Total","Aged 20-24","Value",3627
"2024","Newton Abbot","E14001381","Total","Aged 25-29","Value",4533
"2024","Newton Abbot","E14001381","Total","Aged 30-34","Value",5277
"2024","Newton Abbot","E14001381","Total","Aged 35-39","Value",5596
"2024","Newton Abbot","E14001381","Total","Aged 40-44","Value",5426
"2024","Newton Abbot","E14001381","Total","Aged 45-49","Value",5097
"2024","Newton Abbot","E14001381","Total","Aged 50-54","Value",6257
"2024","Newton Abbot","E14001381","Total","Aged 55-59","Value",7255
"2024","Newton Abbot","E14001381","Total","Aged 60-64","Value",7411
"2024","Newton Abbot","E14001381","Total","Aged 65-69","Value",6613
"2024","Newton Abbot","E14001381","Total","Aged 70-74","Value",6228
"2024","Newton Abbot","E14001381","Total","Aged 75-79","Value",6172
"2024","Newton Abbot","E14001381","Total","Aged 80-84","Value",3780
"2024","Newton Abbot","E14001381","Total","Aged 85+","Value",3619
"2024","North Cornwall","E14001385","Total","All Ages","Value",100832
"2024","North Cornwall","E14001385","Total","Age 0 - 4","Value",4130
"2024","North Cornwall","E14001385","Total","Aged 5-9","Value",5173
"2024","North Cornwall","E14001385","Total","Aged 10-14","Value",6028
"2024","North Cornwall","E14001385","Total","Aged 15-19","Value",5445
"2024","North Cornwall","E14001385","Total","Aged 20-24","Value",3874
"2024","North Cornwall","E14001385","Total","Aged 25-29","Value",4387
"2024","North Cornwall","E14001385","Total","Aged 30-34","Value",5121
"2024","North Cornwall","E14001385","Total","Aged 35-39","Value",5543
"2024","North Cornwall","E14001385","Total","Aged 40-44","Value",5862
"2024","North Cornwall","E14001385","Total","Aged 45-49","Value",5455
"2024","North Cornwall","E14001385","Total","Aged 50-54","Value",6698
"2024","North Cornwall","E14001385","Total","Aged 55-59","Value",7792
"2024","North Cornwall","E14001385","Total","Aged 60-64","Value",7870
"2024","North Cornwall","E14001385","Total","Aged 65-69","Value",7223
"2024","North Cornwall","E14001385","Total","Aged 70-74","Value",6626
"2024","North Cornwall","E14001385","Total","Aged 75-79","Value",6255
"2024","North Cornwall","E14001385","Total","Aged 80-84","Value",3864
"2024","North Cornwall","E14001385","Total","Aged 85+","Value",3486
"2024","North Cotswolds","E14001386","Total","All Ages","Value",97068
"2024","North Cotswolds","E14001386","Total","Age 0 - 4","Value",4576
"2024","North Cotswolds","E14001386","Total","Aged 5-9","Value",5350
"2024","North Cotswolds","E14001386","Total","Aged 10-14","Value",5975
"2024","North Cotswolds","E14001386","Total","Aged 15-19","Value",5133
"2024","North Cotswolds","E14001386","Total","Aged 20-24","Value",3685
"2024","North Cotswolds","E14001386","Total","Aged 25-29","Value",4521
"2024","North Cotswolds","E14001386","Total","Aged 30-34","Value",5312
"2024","North Cotswolds","E14001386","Total","Aged 35-39","Value",6047
"2024","North Cotswolds","E14001386","Total","Aged 40-44","Value",6052
"2024","North Cotswolds","E14001386","Total","Aged 45-49","Value",5578
"2024","North Cotswolds","E14001386","Total","Aged 50-54","Value",6513
"2024","North Cotswolds","E14001386","Total","Aged 55-59","Value",7164
"2024","North Cotswolds","E14001386","Total","Aged 60-64","Value",7127
"2024","North Cotswolds","E14001386","Total","Aged 65-69","Value",6020
"2024","North Cotswolds","E14001386","Total","Aged 70-74","Value",5559
"2024","North Cotswolds","E14001386","Total","Aged 75-79","Value",5400
"2024","North Cotswolds","E14001386","Total","Aged 80-84","Value",3633
"2024","North Cotswolds","E14001386","Total","Aged 85+","Value",3423
"2024","North Devon","E14001387","Total","All Ages","Value",101222
"2024","North Devon","E14001387","Total","Age 0 - 4","Value",4240
"2024","North Devon","E14001387","Total","Aged 5-9","Value",5202
"2024","North Devon","E14001387","Total","Aged 10-14","Value",5887
"2024","North Devon","E14001387","Total","Aged 15-19","Value",5391
"2024","North Devon","E14001387","Total","Aged 20-24","Value",4150
"2024","North Devon","E14001387","Total","Aged 25-29","Value",4910
"2024","North Devon","E14001387","Total","Aged 30-34","Value",5542
"2024","North Devon","E14001387","Total","Aged 35-39","Value",5623
"2024","North Devon","E14001387","Total","Aged 40-44","Value",5695
"2024","North Devon","E14001387","Total","Aged 45-49","Value",5478
"2024","North Devon","E14001387","Total","Aged 50-54","Value",6795
"2024","North Devon","E14001387","Total","Aged 55-59","Value",7645
"2024","North Devon","E14001387","Total","Aged 60-64","Value",7863
"2024","North Devon","E14001387","Total","Aged 65-69","Value",6807
"2024","North Devon","E14001387","Total","Aged 70-74","Value",6164
"2024","North Devon","E14001387","Total","Aged 75-79","Value",6240
"2024","North Devon","E14001387","Total","Aged 80-84","Value",3989
"2024","North Devon","E14001387","Total","Aged 85+","Value",3601
"2024","North Dorset","E14001388","Total","All Ages","Value",95740
"2024","North Dorset","E14001388","Total","Age 0 - 4","Value",3712
"2024","North Dorset","E14001388","Total","Aged 5-9","Value",4712
"2024","North Dorset","E14001388","Total","Aged 10-14","Value",5407
"2024","North Dorset","E14001388","Total","Aged 15-19","Value",5817
"2024","North Dorset","E14001388","Total","Aged 20-24","Value",3600
"2024","North Dorset","E14001388","Total","Aged 25-29","Value",4122
"2024","North Dorset","E14001388","Total","Aged 30-34","Value",4954
"2024","North Dorset","E14001388","Total","Aged 35-39","Value",5214
"2024","North Dorset","E14001388","Total","Aged 40-44","Value",5147
"2024","North Dorset","E14001388","Total","Aged 45-49","Value",4940
"2024","North Dorset","E14001388","Total","Aged 50-54","Value",6262
"2024","North Dorset","E14001388","Total","Aged 55-59","Value",7360
"2024","North Dorset","E14001388","Total","Aged 60-64","Value",7525
"2024","North Dorset","E14001388","Total","Aged 65-69","Value",6991
"2024","North Dorset","E14001388","Total","Aged 70-74","Value",6148
"2024","North Dorset","E14001388","Total","Aged 75-79","Value",6281
"2024","North Dorset","E14001388","Total","Aged 80-84","Value",3843
"2024","North Dorset","E14001388","Total","Aged 85+","Value",3705
"2024","North East Somerset and Hanham","E14001394","Total","All Ages","Value",97419
"2024","North East Somerset and Hanham","E14001394","Total","Age 0 - 4","Value",4884
"2024","North East Somerset and Hanham","E14001394","Total","Aged 5-9","Value",5543
"2024","North East Somerset and Hanham","E14001394","Total","Aged 10-14","Value",5584
"2024","North East Somerset and Hanham","E14001394","Total","Aged 15-19","Value",5704
"2024","North East Somerset and Hanham","E14001394","Total","Aged 20-24","Value",5117
"2024","North East Somerset and Hanham","E14001394","Total","Aged 25-29","Value",5078
"2024","North East Somerset and Hanham","E14001394","Total","Aged 30-34","Value",6180
"2024","North East Somerset and Hanham","E14001394","Total","Aged 35-39","Value",6402
"2024","North East Somerset and Hanham","E14001394","Total","Aged 40-44","Value",5888
"2024","North East Somerset and Hanham","E14001394","Total","Aged 45-49","Value",5378
"2024","North East Somerset and Hanham","E14001394","Total","Aged 50-54","Value",6187
"2024","North East Somerset and Hanham","E14001394","Total","Aged 55-59","Value",6688
"2024","North East Somerset and Hanham","E14001394","Total","Aged 60-64","Value",6467
"2024","North East Somerset and Hanham","E14001394","Total","Aged 65-69","Value",5618
"2024","North East Somerset and Hanham","E14001394","Total","Aged 70-74","Value",5050
"2024","North East Somerset and Hanham","E14001394","Total","Aged 75-79","Value",5014
"2024","North East Somerset and Hanham","E14001394","Total","Aged 80-84","Value",3268
"2024","North East Somerset and Hanham","E14001394","Total","Aged 85+","Value",3369
"2024","North Somerset","E14001399","Total","All Ages","Value",95778
"2024","North Somerset","E14001399","Total","Age 0 - 4","Value",4043
"2024","North Somerset","E14001399","Total","Aged 5-9","Value",5436
"2024","North Somerset","E14001399","Total","Aged 10-14","Value",5994
"2024","North Somerset","E14001399","Total","Aged 15-19","Value",5120
"2024","North Somerset","E14001399","Total","Aged 20-24","Value",3617
"2024","North Somerset","E14001399","Total","Aged 25-29","Value",3917
"2024","North Somerset","E14001399","Total","Aged 30-34","Value",4593
"2024","North Somerset","E14001399","Total","Aged 35-39","Value",5465
"2024","North Somerset","E14001399","Total","Aged 40-44","Value",6303
"2024","North Somerset","E14001399","Total","Aged 45-49","Value",6325
"2024","North Somerset","E14001399","Total","Aged 50-54","Value",6672
"2024","North Somerset","E14001399","Total","Aged 55-59","Value",6799
"2024","North Somerset","E14001399","Total","Aged 60-64","Value",6505
"2024","North Somerset","E14001399","Total","Aged 65-69","Value",5719
"2024","North Somerset","E14001399","Total","Aged 70-74","Value",5527
"2024","North Somerset","E14001399","Total","Aged 75-79","Value",5912
"2024","North Somerset","E14001399","Total","Aged 80-84","Value",4013
"2024","North Somerset","E14001399","Total","Aged 85+","Value",3818
"2024","Plymouth Moor View","E14001426","Total","All Ages","Value",101837
"2024","Plymouth Moor View","E14001426","Total","Age 0 - 4","Value",5139
"2024","Plymouth Moor View","E14001426","Total","Aged 5-9","Value",6221
"2024","Plymouth Moor View","E14001426","Total","Aged 10-14","Value",6762
"2024","Plymouth Moor View","E14001426","Total","Aged 15-19","Value",6303
"2024","Plymouth Moor View","E14001426","Total","Aged 20-24","Value",5576
"2024","Plymouth Moor View","E14001426","Total","Aged 25-29","Value",5770
"2024","Plymouth Moor View","E14001426","Total","Aged 30-34","Value",6756
"2024","Plymouth Moor View","E14001426","Total","Aged 35-39","Value",6872
"2024","Plymouth Moor View","E14001426","Total","Aged 40-44","Value",6572
"2024","Plymouth Moor View","E14001426","Total","Aged 45-49","Value",5628
"2024","Plymouth Moor View","E14001426","Total","Aged 50-54","Value",6142
"2024","Plymouth Moor View","E14001426","Total","Aged 55-59","Value",6743
"2024","Plymouth Moor View","E14001426","Total","Aged 60-64","Value",6415
"2024","Plymouth Moor View","E14001426","Total","Aged 65-69","Value",5806
"2024","Plymouth Moor View","E14001426","Total","Aged 70-74","Value",4960
"2024","Plymouth Moor View","E14001426","Total","Aged 75-79","Value",4785
"2024","Plymouth Moor View","E14001426","Total","Aged 80-84","Value",2843
"2024","Plymouth Moor View","E14001426","Total","Aged 85+","Value",2544
"2024","Plymouth Sutton and Devonport","E14001427","Total","All Ages","Value",113420
"2024","Plymouth Sutton and Devonport","E14001427","Total","Age 0 - 4","Value",5043
"2024","Plymouth Sutton and Devonport","E14001427","Total","Aged 5-9","Value",5287
"2024","Plymouth Sutton and Devonport","E14001427","Total","Aged 10-14","Value",5502
"2024","Plymouth Sutton and Devonport","E14001427","Total","Aged 15-19","Value",7717
"2024","Plymouth Sutton and Devonport","E14001427","Total","Aged 20-24","Value",14040
"2024","Plymouth Sutton and Devonport","E14001427","Total","Aged 25-29","Value",9690
"2024","Plymouth Sutton and Devonport","E14001427","Total","Aged 30-34","Value",9320
"2024","Plymouth Sutton and Devonport","E14001427","Total","Aged 35-39","Value",8270
"2024","Plymouth Sutton and Devonport","E14001427","Total","Aged 40-44","Value",7442
"2024","Plymouth Sutton and Devonport","E14001427","Total","Aged 45-49","Value",6060
"2024","Plymouth Sutton and Devonport","E14001427","Total","Aged 50-54","Value",6516
"2024","Plymouth Sutton and Devonport","E14001427","Total","Aged 55-59","Value",6451
"2024","Plymouth Sutton and Devonport","E14001427","Total","Aged 60-64","Value",5943
"2024","Plymouth Sutton and Devonport","E14001427","Total","Aged 65-69","Value",4687
"2024","Plymouth Sutton and Devonport","E14001427","Total","Aged 70-74","Value",3887
"2024","Plymouth Sutton and Devonport","E14001427","Total","Aged 75-79","Value",3583
"2024","Plymouth Sutton and Devonport","E14001427","Total","Aged 80-84","Value",2042
"2024","Plymouth Sutton and Devonport","E14001427","Total","Aged 85+","Value",1940
"2024","Poole","E14001429","Total","All Ages","Value",99397
"2024","Poole","E14001429","Total","Age 0 - 4","Value",4819
"2024","Poole","E14001429","Total","Aged 5-9","Value",5396
"2024","Poole","E14001429","Total","Aged 10-14","Value",5601
"2024","Poole","E14001429","Total","Aged 15-19","Value",4927
"2024","Poole","E14001429","Total","Aged 20-24","Value",4440
"2024","Poole","E14001429","Total","Aged 25-29","Value",5353
"2024","Poole","E14001429","Total","Aged 30-34","Value",6417
"2024","Poole","E14001429","Total","Aged 35-39","Value",6640
"2024","Poole","E14001429","Total","Aged 40-44","Value",6518
"2024","Poole","E14001429","Total","Aged 45-49","Value",5922
"2024","Poole","E14001429","Total","Aged 50-54","Value",6609
"2024","Poole","E14001429","Total","Aged 55-59","Value",7044
"2024","Poole","E14001429","Total","Aged 60-64","Value",6455
"2024","Poole","E14001429","Total","Aged 65-69","Value",5522
"2024","Poole","E14001429","Total","Aged 70-74","Value",5181
"2024","Poole","E14001429","Total","Aged 75-79","Value",5389
"2024","Poole","E14001429","Total","Aged 80-84","Value",3511
"2024","Poole","E14001429","Total","Aged 85+","Value",3653
"2024","Salisbury","E14001460","Total","All Ages","Value",94654
"2024","Salisbury","E14001460","Total","Age 0 - 4","Value",4033
"2024","Salisbury","E14001460","Total","Aged 5-9","Value",5100
"2024","Salisbury","E14001460","Total","Aged 10-14","Value",5653
"2024","Salisbury","E14001460","Total","Aged 15-19","Value",4951
"2024","Salisbury","E14001460","Total","Aged 20-24","Value",3560
"2024","Salisbury","E14001460","Total","Aged 25-29","Value",4768
"2024","Salisbury","E14001460","Total","Aged 30-34","Value",5169
"2024","Salisbury","E14001460","Total","Aged 35-39","Value",5879
"2024","Salisbury","E14001460","Total","Aged 40-44","Value",5835
"2024","Salisbury","E14001460","Total","Aged 45-49","Value",5640
"2024","Salisbury","E14001460","Total","Aged 50-54","Value",6267
"2024","Salisbury","E14001460","Total","Aged 55-59","Value",7016
"2024","Salisbury","E14001460","Total","Aged 60-64","Value",6783
"2024","Salisbury","E14001460","Total","Aged 65-69","Value",5999
"2024","Salisbury","E14001460","Total","Aged 70-74","Value",5339
"2024","Salisbury","E14001460","Total","Aged 75-79","Value",5295
"2024","Salisbury","E14001460","Total","Aged 80-84","Value",3554
"2024","Salisbury","E14001460","Total","Aged 85+","Value",3813
"2024","South Cotswolds","E14001482","Total","All Ages","Value",96434
"2024","South Cotswolds","E14001482","Total","Age 0 - 4","Value",4192
"2024","South Cotswolds","E14001482","Total","Aged 5-9","Value",5177
"2024","South Cotswolds","E14001482","Total","Aged 10-14","Value",5737
"2024","South Cotswolds","E14001482","Total","Aged 15-19","Value",5208
"2024","South Cotswolds","E14001482","Total","Aged 20-24","Value",4009
"2024","South Cotswolds","E14001482","Total","Aged 25-29","Value",4218
"2024","South Cotswolds","E14001482","Total","Aged 30-34","Value",4873
"2024","South Cotswolds","E14001482","Total","Aged 35-39","Value",5311
"2024","South Cotswolds","E14001482","Total","Aged 40-44","Value",5778
"2024","South Cotswolds","E14001482","Total","Aged 45-49","Value",5775
"2024","South Cotswolds","E14001482","Total","Aged 50-54","Value",6898
"2024","South Cotswolds","E14001482","Total","Aged 55-59","Value",7408
"2024","South Cotswolds","E14001482","Total","Aged 60-64","Value",7325
"2024","South Cotswolds","E14001482","Total","Aged 65-69","Value",6097
"2024","South Cotswolds","E14001482","Total","Aged 70-74","Value",5745
"2024","South Cotswolds","E14001482","Total","Aged 75-79","Value",5571
"2024","South Cotswolds","E14001482","Total","Aged 80-84","Value",3689
"2024","South Cotswolds","E14001482","Total","Aged 85+","Value",3423
"2024","South Devon","E14001484","Total","All Ages","Value",92299
"2024","South Devon","E14001484","Total","Age 0 - 4","Value",3174
"2024","South Devon","E14001484","Total","Aged 5-9","Value",4394
"2024","South Devon","E14001484","Total","Aged 10-14","Value",5055
"2024","South Devon","E14001484","Total","Aged 15-19","Value",4664
"2024","South Devon","E14001484","Total","Aged 20-24","Value",3255
"2024","South Devon","E14001484","Total","Aged 25-29","Value",3711
"2024","South Devon","E14001484","Total","Aged 30-34","Value",4287
"2024","South Devon","E14001484","Total","Aged 35-39","Value",4702
"2024","South Devon","E14001484","Total","Aged 40-44","Value",4716
"2024","South Devon","E14001484","Total","Aged 45-49","Value",4867
"2024","South Devon","E14001484","Total","Aged 50-54","Value",5943
"2024","South Devon","E14001484","Total","Aged 55-59","Value",7253
"2024","South Devon","E14001484","Total","Aged 60-64","Value",7852
"2024","South Devon","E14001484","Total","Aged 65-69","Value",7171
"2024","South Devon","E14001484","Total","Aged 70-74","Value",6588
"2024","South Devon","E14001484","Total","Aged 75-79","Value",6713
"2024","South Devon","E14001484","Total","Aged 80-84","Value",4121
"2024","South Devon","E14001484","Total","Aged 85+","Value",3833
"2024","South Dorset","E14001485","Total","All Ages","Value",100592
"2024","South Dorset","E14001485","Total","Age 0 - 4","Value",3745
"2024","South Dorset","E14001485","Total","Aged 5-9","Value",4621
"2024","South Dorset","E14001485","Total","Aged 10-14","Value",5392
"2024","South Dorset","E14001485","Total","Aged 15-19","Value",5075
"2024","South Dorset","E14001485","Total","Aged 20-24","Value",4212
"2024","South Dorset","E14001485","Total","Aged 25-29","Value",5031
"2024","South Dorset","E14001485","Total","Aged 30-34","Value",5276
"2024","South Dorset","E14001485","Total","Aged 35-39","Value",5768
"2024","South Dorset","E14001485","Total","Aged 40-44","Value",5433
"2024","South Dorset","E14001485","Total","Aged 45-49","Value",5108
"2024","South Dorset","E14001485","Total","Aged 50-54","Value",6475
"2024","South Dorset","E14001485","Total","Aged 55-59","Value",7696
"2024","South Dorset","E14001485","Total","Aged 60-64","Value",8310
"2024","South Dorset","E14001485","Total","Aged 65-69","Value",7451
"2024","South Dorset","E14001485","Total","Aged 70-74","Value",6626
"2024","South Dorset","E14001485","Total","Aged 75-79","Value",6636
"2024","South Dorset","E14001485","Total","Aged 80-84","Value",3915
"2024","South Dorset","E14001485","Total","Aged 85+","Value",3822
"2024","South East Cornwall","E14001486","Total","All Ages","Value",93053
"2024","South East Cornwall","E14001486","Total","Age 0 - 4","Value",3422
"2024","South East Cornwall","E14001486","Total","Aged 5-9","Value",4276
"2024","South East Cornwall","E14001486","Total","Aged 10-14","Value",4920
"2024","South East Cornwall","E14001486","Total","Aged 15-19","Value",4681
"2024","South East Cornwall","E14001486","Total","Aged 20-24","Value",3494
"2024","South East Cornwall","E14001486","Total","Aged 25-29","Value",3762
"2024","South East Cornwall","E14001486","Total","Aged 30-34","Value",4489
"2024","South East Cornwall","E14001486","Total","Aged 35-39","Value",4829
"2024","South East Cornwall","E14001486","Total","Aged 40-44","Value",4932
"2024","South East Cornwall","E14001486","Total","Aged 45-49","Value",4767
"2024","South East Cornwall","E14001486","Total","Aged 50-54","Value",6408
"2024","South East Cornwall","E14001486","Total","Aged 55-59","Value",7628
"2024","South East Cornwall","E14001486","Total","Aged 60-64","Value",7900
"2024","South East Cornwall","E14001486","Total","Aged 65-69","Value",7335
"2024","South East Cornwall","E14001486","Total","Aged 70-74","Value",6432
"2024","South East Cornwall","E14001486","Total","Aged 75-79","Value",6610
"2024","South East Cornwall","E14001486","Total","Aged 80-84","Value",3878
"2024","South East Cornwall","E14001486","Total","Aged 85+","Value",3290
"2024","South West Devon","E14001495","Total","All Ages","Value",99686
"2024","South West Devon","E14001495","Total","Age 0 - 4","Value",4244
"2024","South West Devon","E14001495","Total","Aged 5-9","Value",5294
"2024","South West Devon","E14001495","Total","Aged 10-14","Value",6014
"2024","South West Devon","E14001495","Total","Aged 15-19","Value",5540
"2024","South West Devon","E14001495","Total","Aged 20-24","Value",4252
"2024","South West Devon","E14001495","Total","Aged 25-29","Value",4570
"2024","South West Devon","E14001495","Total","Aged 30-34","Value",5396
"2024","South West Devon","E14001495","Total","Aged 35-39","Value",6055
"2024","South West Devon","E14001495","Total","Aged 40-44","Value",5958
"2024","South West Devon","E14001495","Total","Aged 45-49","Value",5623
"2024","South West Devon","E14001495","Total","Aged 50-54","Value",6362
"2024","South West Devon","E14001495","Total","Aged 55-59","Value",7571
"2024","South West Devon","E14001495","Total","Aged 60-64","Value",7284
"2024","South West Devon","E14001495","Total","Aged 65-69","Value",6266
"2024","South West Devon","E14001495","Total","Aged 70-74","Value",5649
"2024","South West Devon","E14001495","Total","Aged 75-79","Value",5977
"2024","South West Devon","E14001495","Total","Aged 80-84","Value",3883
"2024","South West Devon","E14001495","Total","Aged 85+","Value",3748
"2024","South West Wiltshire","E14001498","Total","All Ages","Value",99098
"2024","South West Wiltshire","E14001498","Total","Age 0 - 4","Value",4586
"2024","South West Wiltshire","E14001498","Total","Aged 5-9","Value",5548
"2024","South West Wiltshire","E14001498","Total","Aged 10-14","Value",5879
"2024","South West Wiltshire","E14001498","Total","Aged 15-19","Value",5007
"2024","South West Wiltshire","E14001498","Total","Aged 20-24","Value",4512
"2024","South West Wiltshire","E14001498","Total","Aged 25-29","Value",5623
"2024","South West Wiltshire","E14001498","Total","Aged 30-34","Value",6122
"2024","South West Wiltshire","E14001498","Total","Aged 35-39","Value",6431
"2024","South West Wiltshire","E14001498","Total","Aged 40-44","Value",6198
"2024","South West Wiltshire","E14001498","Total","Aged 45-49","Value",5493
"2024","South West Wiltshire","E14001498","Total","Aged 50-54","Value",6873
"2024","South West Wiltshire","E14001498","Total","Aged 55-59","Value",7209
"2024","South West Wiltshire","E14001498","Total","Aged 60-64","Value",6855
"2024","South West Wiltshire","E14001498","Total","Aged 65-69","Value",5684
"2024","South West Wiltshire","E14001498","Total","Aged 70-74","Value",5275
"2024","South West Wiltshire","E14001498","Total","Aged 75-79","Value",5370
"2024","South West Wiltshire","E14001498","Total","Aged 80-84","Value",3330
"2024","South West Wiltshire","E14001498","Total","Aged 85+","Value",3103
"2024","St Austell and Newquay","E14001508","Total","All Ages","Value",101984
"2024","St Austell and Newquay","E14001508","Total","Age 0 - 4","Value",4506
"2024","St Austell and Newquay","E14001508","Total","Aged 5-9","Value",5433
"2024","St Austell and Newquay","E14001508","Total","Aged 10-14","Value",5934
"2024","St Austell and Newquay","E14001508","Total","Aged 15-19","Value",5381
"2024","St Austell and Newquay","E14001508","Total","Aged 20-24","Value",4607
"2024","St Austell and Newquay","E14001508","Total","Aged 25-29","Value",5138
"2024","St Austell and Newquay","E14001508","Total","Aged 30-34","Value",6231
"2024","St Austell and Newquay","E14001508","Total","Aged 35-39","Value",6470
"2024","St Austell and Newquay","E14001508","Total","Aged 40-44","Value",6196
"2024","St Austell and Newquay","E14001508","Total","Aged 45-49","Value",5870
"2024","St Austell and Newquay","E14001508","Total","Aged 50-54","Value",7213
"2024","St Austell and Newquay","E14001508","Total","Aged 55-59","Value",7605
"2024","St Austell and Newquay","E14001508","Total","Aged 60-64","Value",7258
"2024","St Austell and Newquay","E14001508","Total","Aged 65-69","Value",6395
"2024","St Austell and Newquay","E14001508","Total","Aged 70-74","Value",5738
"2024","St Austell and Newquay","E14001508","Total","Aged 75-79","Value",5620
"2024","St Austell and Newquay","E14001508","Total","Aged 80-84","Value",3347
"2024","St Austell and Newquay","E14001508","Total","Aged 85+","Value",3042
"2024","St Ives","E14001511","Total","All Ages","Value",89575
"2024","St Ives","E14001511","Total","Age 0 - 4","Value",3484
"2024","St Ives","E14001511","Total","Aged 5-9","Value",4133
"2024","St Ives","E14001511","Total","Aged 10-14","Value",4699
"2024","St Ives","E14001511","Total","Aged 15-19","Value",4348
"2024","St Ives","E14001511","Total","Aged 20-24","Value",3765
"2024","St Ives","E14001511","Total","Aged 25-29","Value",3838
"2024","St Ives","E14001511","Total","Aged 30-34","Value",4447
"2024","St Ives","E14001511","Total","Aged 35-39","Value",4670
"2024","St Ives","E14001511","Total","Aged 40-44","Value",4882
"2024","St Ives","E14001511","Total","Aged 45-49","Value",4851
"2024","St Ives","E14001511","Total","Aged 50-54","Value",6096
"2024","St Ives","E14001511","Total","Aged 55-59","Value",7073
"2024","St Ives","E14001511","Total","Aged 60-64","Value",7377
"2024","St Ives","E14001511","Total","Aged 65-69","Value",6576
"2024","St Ives","E14001511","Total","Aged 70-74","Value",6243
"2024","St Ives","E14001511","Total","Aged 75-79","Value",6086
"2024","St Ives","E14001511","Total","Aged 80-84","Value",3780
"2024","St Ives","E14001511","Total","Aged 85+","Value",3227
"2024","Stroud","E14001529","Total","All Ages","Value",99374
"2024","Stroud","E14001529","Total","Age 0 - 4","Value",4397
"2024","Stroud","E14001529","Total","Aged 5-9","Value",5212
"2024","Stroud","E14001529","Total","Aged 10-14","Value",5780
"2024","Stroud","E14001529","Total","Aged 15-19","Value",5459
"2024","Stroud","E14001529","Total","Aged 20-24","Value",3874
"2024","Stroud","E14001529","Total","Aged 25-29","Value",4786
"2024","Stroud","E14001529","Total","Aged 30-34","Value",5756
"2024","Stroud","E14001529","Total","Aged 35-39","Value",5958
"2024","Stroud","E14001529","Total","Aged 40-44","Value",5987
"2024","Stroud","E14001529","Total","Aged 45-49","Value",6024
"2024","Stroud","E14001529","Total","Aged 50-54","Value",7188
"2024","Stroud","E14001529","Total","Aged 55-59","Value",7793
"2024","Stroud","E14001529","Total","Aged 60-64","Value",7413
"2024","Stroud","E14001529","Total","Aged 65-69","Value",6311
"2024","Stroud","E14001529","Total","Aged 70-74","Value",5711
"2024","Stroud","E14001529","Total","Aged 75-79","Value",5287
"2024","Stroud","E14001529","Total","Aged 80-84","Value",3301
"2024","Stroud","E14001529","Total","Aged 85+","Value",3137
"2024","Swindon North","E14001536","Total","All Ages","Value",111224
"2024","Swindon North","E14001536","Total","Age 0 - 4","Value",6170
"2024","Swindon North","E14001536","Total","Aged 5-9","Value",7575
"2024","Swindon North","E14001536","Total","Aged 10-14","Value",7667
"2024","Swindon North","E14001536","Total","Aged 15-19","Value",6776
"2024","Swindon North","E14001536","Total","Aged 20-24","Value",5027
"2024","Swindon North","E14001536","Total","Aged 25-29","Value",6696
"2024","Swindon North","E14001536","Total","Aged 30-34","Value",7762
"2024","Swindon North","E14001536","Total","Aged 35-39","Value",8481
"2024","Swindon North","E14001536","Total","Aged 40-44","Value",8142
"2024","Swindon North","E14001536","Total","Aged 45-49","Value",7438
"2024","Swindon North","E14001536","Total","Aged 50-54","Value",7697
"2024","Swindon North","E14001536","Total","Aged 55-59","Value",7576
"2024","Swindon North","E14001536","Total","Aged 60-64","Value",6188
"2024","Swindon North","E14001536","Total","Aged 65-69","Value",5006
"2024","Swindon North","E14001536","Total","Aged 70-74","Value",4219
"2024","Swindon North","E14001536","Total","Aged 75-79","Value",3961
"2024","Swindon North","E14001536","Total","Aged 80-84","Value",2494
"2024","Swindon North","E14001536","Total","Aged 85+","Value",2349
"2024","Swindon South","E14001537","Total","All Ages","Value",117724
"2024","Swindon South","E14001537","Total","Age 0 - 4","Value",6632
"2024","Swindon South","E14001537","Total","Aged 5-9","Value",7114
"2024","Swindon South","E14001537","Total","Aged 10-14","Value",7573
"2024","Swindon South","E14001537","Total","Aged 15-19","Value",6507
"2024","Swindon South","E14001537","Total","Aged 20-24","Value",5882
"2024","Swindon South","E14001537","Total","Aged 25-29","Value",8071
"2024","Swindon South","E14001537","Total","Aged 30-34","Value",9481
"2024","Swindon South","E14001537","Total","Aged 35-39","Value",9486
"2024","Swindon South","E14001537","Total","Aged 40-44","Value",8928
"2024","Swindon South","E14001537","Total","Aged 45-49","Value",7458
"2024","Swindon South","E14001537","Total","Aged 50-54","Value",7757
"2024","Swindon South","E14001537","Total","Aged 55-59","Value",7537
"2024","Swindon South","E14001537","Total","Aged 60-64","Value",7400
"2024","Swindon South","E14001537","Total","Aged 65-69","Value",5404
"2024","Swindon South","E14001537","Total","Aged 70-74","Value",4503
"2024","Swindon South","E14001537","Total","Aged 75-79","Value",3648
"2024","Swindon South","E14001537","Total","Aged 80-84","Value",2149
"2024","Swindon South","E14001537","Total","Aged 85+","Value",2194
"2024","Taunton and Wellington","E14001540","Total","All Ages","Value",112724
"2024","Taunton and Wellington","E14001540","Total","Age 0 - 4","Value",5597
"2024","Taunton and Wellington","E14001540","Total","Aged 5-9","Value",6339
"2024","Taunton and Wellington","E14001540","Total","Aged 10-14","Value",6835
"2024","Taunton and Wellington","E14001540","Total","Aged 15-19","Value",6823
"2024","Taunton and Wellington","E14001540","Total","Aged 20-24","Value",4839
"2024","Taunton and Wellington","E14001540","Total","Aged 25-29","Value",6435
"2024","Taunton and Wellington","E14001540","Total","Aged 30-34","Value",7384
"2024","Taunton and Wellington","E14001540","Total","Aged 35-39","Value",7748
"2024","Taunton and Wellington","E14001540","Total","Aged 40-44","Value",6998
"2024","Taunton and Wellington","E14001540","Total","Aged 45-49","Value",6204
"2024","Taunton and Wellington","E14001540","Total","Aged 50-54","Value",7172
"2024","Taunton and Wellington","E14001540","Total","Aged 55-59","Value",7655
"2024","Taunton and Wellington","E14001540","Total","Aged 60-64","Value",7143
"2024","Taunton and Wellington","E14001540","Total","Aged 65-69","Value",6295
"2024","Taunton and Wellington","E14001540","Total","Aged 70-74","Value",6044
"2024","Taunton and Wellington","E14001540","Total","Aged 75-79","Value",5705
"2024","Taunton and Wellington","E14001540","Total","Aged 80-84","Value",3713
"2024","Taunton and Wellington","E14001540","Total","Aged 85+","Value",3795
"2024","Tewkesbury","E14001542","Total","All Ages","Value",100835
"2024","Tewkesbury","E14001542","Total","Age 0 - 4","Value",5175
"2024","Tewkesbury","E14001542","Total","Aged 5-9","Value",5968
"2024","Tewkesbury","E14001542","Total","Aged 10-14","Value",6080
"2024","Tewkesbury","E14001542","Total","Aged 15-19","Value",5423
"2024","Tewkesbury","E14001542","Total","Aged 20-24","Value",4085
"2024","Tewkesbury","E14001542","Total","Aged 25-29","Value",5326
"2024","Tewkesbury","E14001542","Total","Aged 30-34","Value",6549
"2024","Tewkesbury","E14001542","Total","Aged 35-39","Value",6921
"2024","Tewkesbury","E14001542","Total","Aged 40-44","Value",6562
"2024","Tewkesbury","E14001542","Total","Aged 45-49","Value",5939
"2024","Tewkesbury","E14001542","Total","Aged 50-54","Value",6295
"2024","Tewkesbury","E14001542","Total","Aged 55-59","Value",6991
"2024","Tewkesbury","E14001542","Total","Aged 60-64","Value",6806
"2024","Tewkesbury","E14001542","Total","Aged 65-69","Value",5724
"2024","Tewkesbury","E14001542","Total","Aged 70-74","Value",5206
"2024","Tewkesbury","E14001542","Total","Aged 75-79","Value",5173
"2024","Tewkesbury","E14001542","Total","Aged 80-84","Value",3542
"2024","Tewkesbury","E14001542","Total","Aged 85+","Value",3070
"2024","Thornbury and Yate","E14001545","Total","All Ages","Value",102839
"2024","Thornbury and Yate","E14001545","Total","Age 0 - 4","Value",5286
"2024","Thornbury and Yate","E14001545","Total","Aged 5-9","Value",6073
"2024","Thornbury and Yate","E14001545","Total","Aged 10-14","Value",6052
"2024","Thornbury and Yate","E14001545","Total","Aged 15-19","Value",5198
"2024","Thornbury and Yate","E14001545","Total","Aged 20-24","Value",4964
"2024","Thornbury and Yate","E14001545","Total","Aged 25-29","Value",5595
"2024","Thornbury and Yate","E14001545","Total","Aged 30-34","Value",6499
"2024","Thornbury and Yate","E14001545","Total","Aged 35-39","Value",6631
"2024","Thornbury and Yate","E14001545","Total","Aged 40-44","Value",6297
"2024","Thornbury and Yate","E14001545","Total","Aged 45-49","Value",5837
"2024","Thornbury and Yate","E14001545","Total","Aged 50-54","Value",6363
"2024","Thornbury and Yate","E14001545","Total","Aged 55-59","Value",7359
"2024","Thornbury and Yate","E14001545","Total","Aged 60-64","Value",7144
"2024","Thornbury and Yate","E14001545","Total","Aged 65-69","Value",5590
"2024","Thornbury and Yate","E14001545","Total","Aged 70-74","Value",5453
"2024","Thornbury and Yate","E14001545","Total","Aged 75-79","Value",5523
"2024","Thornbury and Yate","E14001545","Total","Aged 80-84","Value",3746
"2024","Thornbury and Yate","E14001545","Total","Aged 85+","Value",3229
"2024","Tiverton and Minehead","E14001548","Total","All Ages","Value",93065
"2024","Tiverton and Minehead","E14001548","Total","Age 0 - 4","Value",3461
"2024","Tiverton and Minehead","E14001548","Total","Aged 5-9","Value",4351
"2024","Tiverton and Minehead","E14001548","Total","Aged 10-14","Value",5133
"2024","Tiverton and Minehead","E14001548","Total","Aged 15-19","Value",5070
"2024","Tiverton and Minehead","E14001548","Total","Aged 20-24","Value",3457
"2024","Tiverton and Minehead","E14001548","Total","Aged 25-29","Value",3988
"2024","Tiverton and Minehead","E14001548","Total","Aged 30-34","Value",4429
"2024","Tiverton and Minehead","E14001548","Total","Aged 35-39","Value",4915
"2024","Tiverton and Minehead","E14001548","Total","Aged 40-44","Value",4991
"2024","Tiverton and Minehead","E14001548","Total","Aged 45-49","Value",4658
"2024","Tiverton and Minehead","E14001548","Total","Aged 50-54","Value",6143
"2024","Tiverton and Minehead","E14001548","Total","Aged 55-59","Value",7181
"2024","Tiverton and Minehead","E14001548","Total","Aged 60-64","Value",7671
"2024","Tiverton and Minehead","E14001548","Total","Aged 65-69","Value",6857
"2024","Tiverton and Minehead","E14001548","Total","Aged 70-74","Value",6586
"2024","Tiverton and Minehead","E14001548","Total","Aged 75-79","Value",6258
"2024","Tiverton and Minehead","E14001548","Total","Aged 80-84","Value",4066
"2024","Tiverton and Minehead","E14001548","Total","Aged 85+","Value",3850
"2024","Torbay","E14001551","Total","All Ages","Value",104727
"2024","Torbay","E14001551","Total","Age 0 - 4","Value",4114
"2024","Torbay","E14001551","Total","Aged 5-9","Value",5199
"2024","Torbay","E14001551","Total","Aged 10-14","Value",5871
"2024","Torbay","E14001551","Total","Aged 15-19","Value",5383
"2024","Torbay","E14001551","Total","Aged 20-24","Value",4267
"2024","Torbay","E14001551","Total","Aged 25-29","Value",5465
"2024","Torbay","E14001551","Total","Aged 30-34","Value",6037
"2024","Torbay","E14001551","Total","Aged 35-39","Value",5974
"2024","Torbay","E14001551","Total","Aged 40-44","Value",6046
"2024","Torbay","E14001551","Total","Aged 45-49","Value",5800
"2024","Torbay","E14001551","Total","Aged 50-54","Value",7127
"2024","Torbay","E14001551","Total","Aged 55-59","Value",8012
"2024","Torbay","E14001551","Total","Aged 60-64","Value",7767
"2024","Torbay","E14001551","Total","Aged 65-69","Value",6809
"2024","Torbay","E14001551","Total","Aged 70-74","Value",6234
"2024","Torbay","E14001551","Total","Aged 75-79","Value",6442
"2024","Torbay","E14001551","Total","Aged 80-84","Value",4082
"2024","Torbay","E14001551","Total","Aged 85+","Value",4098
"2024","Torridge and Tavistock","E14001552","Total","All Ages","Value",97655
"2024","Torridge and Tavistock","E14001552","Total","Age 0 - 4","Value",3671
"2024","Torridge and Tavistock","E14001552","Total","Aged 5-9","Value",4404
"2024","Torridge and Tavistock","E14001552","Total","Aged 10-14","Value",5272
"2024","Torridge and Tavistock","E14001552","Total","Aged 15-19","Value",5030
"2024","Torridge and Tavistock","E14001552","Total","Aged 20-24","Value",3421
"2024","Torridge and Tavistock","E14001552","Total","Aged 25-29","Value",4200
"2024","Torridge and Tavistock","E14001552","Total","Aged 30-34","Value",4682
"2024","Torridge and Tavistock","E14001552","Total","Aged 35-39","Value",4860
"2024","Torridge and Tavistock","E14001552","Total","Aged 40-44","Value",4769
"2024","Torridge and Tavistock","E14001552","Total","Aged 45-49","Value",4880
"2024","Torridge and Tavistock","E14001552","Total","Aged 50-54","Value",6647
"2024","Torridge and Tavistock","E14001552","Total","Aged 55-59","Value",7981
"2024","Torridge and Tavistock","E14001552","Total","Aged 60-64","Value",8449
"2024","Torridge and Tavistock","E14001552","Total","Aged 65-69","Value",7651
"2024","Torridge and Tavistock","E14001552","Total","Aged 70-74","Value",7036
"2024","Torridge and Tavistock","E14001552","Total","Aged 75-79","Value",6798
"2024","Torridge and Tavistock","E14001552","Total","Aged 80-84","Value",4139
"2024","Torridge and Tavistock","E14001552","Total","Aged 85+","Value",3765
"2024","Truro and Falmouth","E14001554","Total","All Ages","Value",98083
"2024","Truro and Falmouth","E14001554","Total","Age 0 - 4","Value",4122
"2024","Truro and Falmouth","E14001554","Total","Aged 5-9","Value",4647
"2024","Truro and Falmouth","E14001554","Total","Aged 10-14","Value",5144
"2024","Truro and Falmouth","E14001554","Total","Aged 15-19","Value",5627
"2024","Truro and Falmouth","E14001554","Total","Aged 20-24","Value",7877
"2024","Truro and Falmouth","E14001554","Total","Aged 25-29","Value",5452
"2024","Truro and Falmouth","E14001554","Total","Aged 30-34","Value",5777
"2024","Truro and Falmouth","E14001554","Total","Aged 35-39","Value",5967
"2024","Truro and Falmouth","E14001554","Total","Aged 40-44","Value",5635
"2024","Truro and Falmouth","E14001554","Total","Aged 45-49","Value",5284
"2024","Truro and Falmouth","E14001554","Total","Aged 50-54","Value",6243
"2024","Truro and Falmouth","E14001554","Total","Aged 55-59","Value",6505
"2024","Truro and Falmouth","E14001554","Total","Aged 60-64","Value",6352
"2024","Truro and Falmouth","E14001554","Total","Aged 65-69","Value",5734
"2024","Truro and Falmouth","E14001554","Total","Aged 70-74","Value",5444
"2024","Truro and Falmouth","E14001554","Total","Aged 75-79","Value",5508
"2024","Truro and Falmouth","E14001554","Total","Aged 80-84","Value",3481
"2024","Truro and Falmouth","E14001554","Total","Aged 85+","Value",3284
"2024","Wells and Mendip Hills","E14001572","Total","All Ages","Value",92935
"2024","Wells and Mendip Hills","E14001572","Total","Age 0 - 4","Value",3896
"2024","Wells and Mendip Hills","E14001572","Total","Aged 5-9","Value",4658
"2024","Wells and Mendip Hills","E14001572","Total","Aged 10-14","Value",5314
"2024","Wells and Mendip Hills","E14001572","Total","Aged 15-19","Value",5308
"2024","Wells and Mendip Hills","E14001572","Total","Aged 20-24","Value",3568
"2024","Wells and Mendip Hills","E14001572","Total","Aged 25-29","Value",4045
"2024","Wells and Mendip Hills","E14001572","Total","Aged 30-34","Value",4600
"2024","Wells and Mendip Hills","E14001572","Total","Aged 35-39","Value",4948
"2024","Wells and Mendip Hills","E14001572","Total","Aged 40-44","Value",5054
"2024","Wells and Mendip Hills","E14001572","Total","Aged 45-49","Value",5060
"2024","Wells and Mendip Hills","E14001572","Total","Aged 50-54","Value",6434
"2024","Wells and Mendip Hills","E14001572","Total","Aged 55-59","Value",7362
"2024","Wells and Mendip Hills","E14001572","Total","Aged 60-64","Value",7122
"2024","Wells and Mendip Hills","E14001572","Total","Aged 65-69","Value",6294
"2024","Wells and Mendip Hills","E14001572","Total","Aged 70-74","Value",5913
"2024","Wells and Mendip Hills","E14001572","Total","Aged 75-79","Value",5970
"2024","Wells and Mendip Hills","E14001572","Total","Aged 80-84","Value",3766
"2024","Wells and Mendip Hills","E14001572","Total","Aged 85+","Value",3623
"2024","West Dorset","E14001575","Total","All Ages","Value",96334
"2024","West Dorset","E14001575","Total","Age 0 - 4","Value",3360
"2024","West Dorset","E14001575","Total","Aged 5-9","Value",4094
"2024","West Dorset","E14001575","Total","Aged 10-14","Value",5008
"2024","West Dorset","E14001575","Total","Aged 15-19","Value",5170
"2024","West Dorset","E14001575","Total","Aged 20-24","Value",3248
"2024","West Dorset","E14001575","Total","Aged 25-29","Value",3966
"2024","West Dorset","E14001575","Total","Aged 30-34","Value",4075
"2024","West Dorset","E14001575","Total","Aged 35-39","Value",4607
"2024","West Dorset","E14001575","Total","Aged 40-44","Value",4426
"2024","West Dorset","E14001575","Total","Aged 45-49","Value",4727
"2024","West Dorset","E14001575","Total","Aged 50-54","Value",6032
"2024","West Dorset","E14001575","Total","Aged 55-59","Value",7414
"2024","West Dorset","E14001575","Total","Aged 60-64","Value",8156
"2024","West Dorset","E14001575","Total","Aged 65-69","Value",7635
"2024","West Dorset","E14001575","Total","Aged 70-74","Value",7352
"2024","West Dorset","E14001575","Total","Aged 75-79","Value",7404
"2024","West Dorset","E14001575","Total","Aged 80-84","Value",4893
"2024","West Dorset","E14001575","Total","Aged 85+","Value",4767
"2024","Weston-super-Mare","E14001581","Total","All Ages","Value",100609
"2024","Weston-super-Mare","E14001581","Total","Age 0 - 4","Value",5147
"2024","Weston-super-Mare","E14001581","Total","Aged 5-9","Value",5487
"2024","Weston-super-Mare","E14001581","Total","Aged 10-14","Value",5836
"2024","Weston-super-Mare","E14001581","Total","Aged 15-19","Value",5357
"2024","Weston-super-Mare","E14001581","Total","Aged 20-24","Value",4789
"2024","Weston-super-Mare","E14001581","Total","Aged 25-29","Value",6072
"2024","Weston-super-Mare","E14001581","Total","Aged 30-34","Value",6812
"2024","Weston-super-Mare","E14001581","Total","Aged 35-39","Value",7043
"2024","Weston-super-Mare","E14001581","Total","Aged 40-44","Value",6700
"2024","Weston-super-Mare","E14001581","Total","Aged 45-49","Value",5758
"2024","Weston-super-Mare","E14001581","Total","Aged 50-54","Value",6628
"2024","Weston-super-Mare","E14001581","Total","Aged 55-59","Value",7002
"2024","Weston-super-Mare","E14001581","Total","Aged 60-64","Value",6412
"2024","Weston-super-Mare","E14001581","Total","Aged 65-69","Value",5392
"2024","Weston-super-Mare","E14001581","Total","Aged 70-74","Value",4920
"2024","Weston-super-Mare","E14001581","Total","Aged 75-79","Value",5176
"2024","Weston-super-Mare","E14001581","Total","Aged 80-84","Value",3100
"2024","Weston-super-Mare","E14001581","Total","Aged 85+","Value",2978
"2024","Yeovil","E14001603","Total","All Ages","Value",106814
"2024","Yeovil","E14001603","Total","Age 0 - 4","Value",5067
"2024","Yeovil","E14001603","Total","Aged 5-9","Value",5885
"2024","Yeovil","E14001603","Total","Aged 10-14","Value",6098
"2024","Yeovil","E14001603","Total","Aged 15-19","Value",5653
"2024","Yeovil","E14001603","Total","Aged 20-24","Value",4559
"2024","Yeovil","E14001603","Total","Aged 25-29","Value",5857
"2024","Yeovil","E14001603","Total","Aged 30-34","Value",6694
"2024","Yeovil","E14001603","Total","Aged 35-39","Value",6707
"2024","Yeovil","E14001603","Total","Aged 40-44","Value",6177
"2024","Yeovil","E14001603","Total","Aged 45-49","Value",5861
"2024","Yeovil","E14001603","Total","Aged 50-54","Value",6848
"2024","Yeovil","E14001603","Total","Aged 55-59","Value",7575
"2024","Yeovil","E14001603","Total","Aged 60-64","Value",7418
"2024","Yeovil","E14001603","Total","Aged 65-69","Value",6402
"2024","Yeovil","E14001603","Total","Aged 70-74","Value",6256
"2024","Yeovil","E14001603","Total","Aged 75-79","Value",6199
"2024","Yeovil","E14001603","Total","Aged 80-84","Value",3826
"2024","Yeovil","E14001603","Total","Aged 85+","Value",3732
"2024","Aberafan Maesteg","W07000081","Total","All Ages","Value",92880
"2024","Aberafan Maesteg","W07000081","Total","Age 0 - 4","Value",4502
"2024","Aberafan Maesteg","W07000081","Total","Aged 5-9","Value",5335
"2024","Aberafan Maesteg","W07000081","Total","Aged 10-14","Value",5822
"2024","Aberafan Maesteg","W07000081","Total","Aged 15-19","Value",5344
"2024","Aberafan Maesteg","W07000081","Total","Aged 20-24","Value",4542
"2024","Aberafan Maesteg","W07000081","Total","Aged 25-29","Value",5460
"2024","Aberafan Maesteg","W07000081","Total","Aged 30-34","Value",6034
"2024","Aberafan Maesteg","W07000081","Total","Aged 35-39","Value",6197
"2024","Aberafan Maesteg","W07000081","Total","Aged 40-44","Value",5743
"2024","Aberafan Maesteg","W07000081","Total","Aged 45-49","Value",5227
"2024","Aberafan Maesteg","W07000081","Total","Aged 50-54","Value",5859
"2024","Aberafan Maesteg","W07000081","Total","Aged 55-59","Value",6531
"2024","Aberafan Maesteg","W07000081","Total","Aged 60-64","Value",6546
"2024","Aberafan Maesteg","W07000081","Total","Aged 65-69","Value",5632
"2024","Aberafan Maesteg","W07000081","Total","Aged 70-74","Value",4694
"2024","Aberafan Maesteg","W07000081","Total","Aged 75-79","Value",4333
"2024","Aberafan Maesteg","W07000081","Total","Aged 80-84","Value",2688
"2024","Aberafan Maesteg","W07000081","Total","Aged 85+","Value",2391
"2024","Alyn and Deeside","W07000082","Total","All Ages","Value",102997
"2024","Alyn and Deeside","W07000082","Total","Age 0 - 4","Value",5148
"2024","Alyn and Deeside","W07000082","Total","Aged 5-9","Value",5659
"2024","Alyn and Deeside","W07000082","Total","Aged 10-14","Value",6267
"2024","Alyn and Deeside","W07000082","Total","Aged 15-19","Value",5772
"2024","Alyn and Deeside","W07000082","Total","Aged 20-24","Value",4550
"2024","Alyn and Deeside","W07000082","Total","Aged 25-29","Value",5897
"2024","Alyn and Deeside","W07000082","Total","Aged 30-34","Value",6967
"2024","Alyn and Deeside","W07000082","Total","Aged 35-39","Value",7072
"2024","Alyn and Deeside","W07000082","Total","Aged 40-44","Value",6700
"2024","Alyn and Deeside","W07000082","Total","Aged 45-49","Value",6008
"2024","Alyn and Deeside","W07000082","Total","Aged 50-54","Value",7359
"2024","Alyn and Deeside","W07000082","Total","Aged 55-59","Value",7718
"2024","Alyn and Deeside","W07000082","Total","Aged 60-64","Value",6795
"2024","Alyn and Deeside","W07000082","Total","Aged 65-69","Value",5660
"2024","Alyn and Deeside","W07000082","Total","Aged 70-74","Value",5018
"2024","Alyn and Deeside","W07000082","Total","Aged 75-79","Value",4823
"2024","Alyn and Deeside","W07000082","Total","Aged 80-84","Value",2993
"2024","Alyn and Deeside","W07000082","Total","Aged 85+","Value",2591
"2024","Bangor Aberconwy","W07000083","Total","All Ages","Value",94363
"2024","Bangor Aberconwy","W07000083","Total","Age 0 - 4","Value",3877
"2024","Bangor Aberconwy","W07000083","Total","Aged 5-9","Value",4396
"2024","Bangor Aberconwy","W07000083","Total","Aged 10-14","Value",4951
"2024","Bangor Aberconwy","W07000083","Total","Aged 15-19","Value",5923
"2024","Bangor Aberconwy","W07000083","Total","Aged 20-24","Value",6916
"2024","Bangor Aberconwy","W07000083","Total","Aged 25-29","Value",5330
"2024","Bangor Aberconwy","W07000083","Total","Aged 30-34","Value",5226
"2024","Bangor Aberconwy","W07000083","Total","Aged 35-39","Value",5276
"2024","Bangor Aberconwy","W07000083","Total","Aged 40-44","Value",5015
"2024","Bangor Aberconwy","W07000083","Total","Aged 45-49","Value",4662
"2024","Bangor Aberconwy","W07000083","Total","Aged 50-54","Value",6131
"2024","Bangor Aberconwy","W07000083","Total","Aged 55-59","Value",6957
"2024","Bangor Aberconwy","W07000083","Total","Aged 60-64","Value",6892
"2024","Bangor Aberconwy","W07000083","Total","Aged 65-69","Value",6141
"2024","Bangor Aberconwy","W07000083","Total","Aged 70-74","Value",5388
"2024","Bangor Aberconwy","W07000083","Total","Aged 75-79","Value",5164
"2024","Bangor Aberconwy","W07000083","Total","Aged 80-84","Value",3179
"2024","Bangor Aberconwy","W07000083","Total","Aged 85+","Value",2939
"2024","Blaenau Gwent and Rhymney","W07000084","Total","All Ages","Value",95614
"2024","Blaenau Gwent and Rhymney","W07000084","Total","Age 0 - 4","Value",4984
"2024","Blaenau Gwent and Rhymney","W07000084","Total","Aged 5-9","Value",5310
"2024","Blaenau Gwent and Rhymney","W07000084","Total","Aged 10-14","Value",5591
"2024","Blaenau Gwent and Rhymney","W07000084","Total","Aged 15-19","Value",5171
"2024","Blaenau Gwent and Rhymney","W07000084","Total","Aged 20-24","Value",4729
"2024","Blaenau Gwent and Rhymney","W07000084","Total","Aged 25-29","Value",6034
"2024","Blaenau Gwent and Rhymney","W07000084","Total","Aged 30-34","Value",6734
"2024","Blaenau Gwent and Rhymney","W07000084","Total","Aged 35-39","Value",6475
"2024","Blaenau Gwent and Rhymney","W07000084","Total","Aged 40-44","Value",5665
"2024","Blaenau Gwent and Rhymney","W07000084","Total","Aged 45-49","Value",5029
"2024","Blaenau Gwent and Rhymney","W07000084","Total","Aged 50-54","Value",6339
"2024","Blaenau Gwent and Rhymney","W07000084","Total","Aged 55-59","Value",7276
"2024","Blaenau Gwent and Rhymney","W07000084","Total","Aged 60-64","Value",6691
"2024","Blaenau Gwent and Rhymney","W07000084","Total","Aged 65-69","Value",5427
"2024","Blaenau Gwent and Rhymney","W07000084","Total","Aged 70-74","Value",4844
"2024","Blaenau Gwent and Rhymney","W07000084","Total","Aged 75-79","Value",4481
"2024","Blaenau Gwent and Rhymney","W07000084","Total","Aged 80-84","Value",2710
"2024","Blaenau Gwent and Rhymney","W07000084","Total","Aged 85+","Value",2124
"2024","Brecon, Radnor and Cwm Tawe","W07000085","Total","All Ages","Value",92503
"2024","Brecon, Radnor and Cwm Tawe","W07000085","Total","Age 0 - 4","Value",3537
"2024","Brecon, Radnor and Cwm Tawe","W07000085","Total","Aged 5-9","Value",4527
"2024","Brecon, Radnor and Cwm Tawe","W07000085","Total","Aged 10-14","Value",5029
"2024","Brecon, Radnor and Cwm Tawe","W07000085","Total","Aged 15-19","Value",4512
"2024","Brecon, Radnor and Cwm Tawe","W07000085","Total","Aged 20-24","Value",3445
"2024","Brecon, Radnor and Cwm Tawe","W07000085","Total","Aged 25-29","Value",4463
"2024","Brecon, Radnor and Cwm Tawe","W07000085","Total","Aged 30-34","Value",4914
"2024","Brecon, Radnor and Cwm Tawe","W07000085","Total","Aged 35-39","Value",5078
"2024","Brecon, Radnor and Cwm Tawe","W07000085","Total","Aged 40-44","Value",4998
"2024","Brecon, Radnor and Cwm Tawe","W07000085","Total","Aged 45-49","Value",4857
"2024","Brecon, Radnor and Cwm Tawe","W07000085","Total","Aged 50-54","Value",6104
"2024","Brecon, Radnor and Cwm Tawe","W07000085","Total","Aged 55-59","Value",7263
"2024","Brecon, Radnor and Cwm Tawe","W07000085","Total","Aged 60-64","Value",7417
"2024","Brecon, Radnor and Cwm Tawe","W07000085","Total","Aged 65-69","Value",6923
"2024","Brecon, Radnor and Cwm Tawe","W07000085","Total","Aged 70-74","Value",6526
"2024","Brecon, Radnor and Cwm Tawe","W07000085","Total","Aged 75-79","Value",5791
"2024","Brecon, Radnor and Cwm Tawe","W07000085","Total","Aged 80-84","Value",3885
"2024","Brecon, Radnor and Cwm Tawe","W07000085","Total","Aged 85+","Value",3234
"2024","Bridgend","W07000086","Total","All Ages","Value",96925
"2024","Bridgend","W07000086","Total","Age 0 - 4","Value",4381
"2024","Bridgend","W07000086","Total","Aged 5-9","Value",5079
"2024","Bridgend","W07000086","Total","Aged 10-14","Value",5591
"2024","Bridgend","W07000086","Total","Aged 15-19","Value",4972
"2024","Bridgend","W07000086","Total","Aged 20-24","Value",4302
"2024","Bridgend","W07000086","Total","Aged 25-29","Value",5657
"2024","Bridgend","W07000086","Total","Aged 30-34","Value",6597
"2024","Bridgend","W07000086","Total","Aged 35-39","Value",6823
"2024","Bridgend","W07000086","Total","Aged 40-44","Value",6139
"2024","Bridgend","W07000086","Total","Aged 45-49","Value",5646
"2024","Bridgend","W07000086","Total","Aged 50-54","Value",6463
"2024","Bridgend","W07000086","Total","Aged 55-59","Value",6980
"2024","Bridgend","W07000086","Total","Aged 60-64","Value",6835
"2024","Bridgend","W07000086","Total","Aged 65-69","Value",5596
"2024","Bridgend","W07000086","Total","Aged 70-74","Value",5068
"2024","Bridgend","W07000086","Total","Aged 75-79","Value",4740
"2024","Bridgend","W07000086","Total","Aged 80-84","Value",3129
"2024","Bridgend","W07000086","Total","Aged 85+","Value",2927
"2024","Caerfyrddin","W07000087","Total","All Ages","Value",95366
"2024","Caerfyrddin","W07000087","Total","Age 0 - 4","Value",3959
"2024","Caerfyrddin","W07000087","Total","Aged 5-9","Value",4837
"2024","Caerfyrddin","W07000087","Total","Aged 10-14","Value",5345
"2024","Caerfyrddin","W07000087","Total","Aged 15-19","Value",5209
"2024","Caerfyrddin","W07000087","Total","Aged 20-24","Value",3976
"2024","Caerfyrddin","W07000087","Total","Aged 25-29","Value",4438
"2024","Caerfyrddin","W07000087","Total","Aged 30-34","Value",5029
"2024","Caerfyrddin","W07000087","Total","Aged 35-39","Value",5330
"2024","Caerfyrddin","W07000087","Total","Aged 40-44","Value",5244
"2024","Caerfyrddin","W07000087","Total","Aged 45-49","Value",5129
"2024","Caerfyrddin","W07000087","Total","Aged 50-54","Value",6202
"2024","Caerfyrddin","W07000087","Total","Aged 55-59","Value",7404
"2024","Caerfyrddin","W07000087","Total","Aged 60-64","Value",7419
"2024","Caerfyrddin","W07000087","Total","Aged 65-69","Value",6844
"2024","Caerfyrddin","W07000087","Total","Aged 70-74","Value",6216
"2024","Caerfyrddin","W07000087","Total","Aged 75-79","Value",5841
"2024","Caerfyrddin","W07000087","Total","Aged 80-84","Value",3678
"2024","Caerfyrddin","W07000087","Total","Aged 85+","Value",3266
"2024","Caerphilly","W07000088","Total","All Ages","Value",96965
"2024","Caerphilly","W07000088","Total","Age 0 - 4","Value",4453
"2024","Caerphilly","W07000088","Total","Aged 5-9","Value",5739
"2024","Caerphilly","W07000088","Total","Aged 10-14","Value",6012
"2024","Caerphilly","W07000088","Total","Aged 15-19","Value",5710
"2024","Caerphilly","W07000088","Total","Aged 20-24","Value",4691
"2024","Caerphilly","W07000088","Total","Aged 25-29","Value",5656
"2024","Caerphilly","W07000088","Total","Aged 30-34","Value",6369
"2024","Caerphilly","W07000088","Total","Aged 35-39","Value",6658
"2024","Caerphilly","W07000088","Total","Aged 40-44","Value",6439
"2024","Caerphilly","W07000088","Total","Aged 45-49","Value",5669
"2024","Caerphilly","W07000088","Total","Aged 50-54","Value",6418
"2024","Caerphilly","W07000088","Total","Aged 55-59","Value",6811
"2024","Caerphilly","W07000088","Total","Aged 60-64","Value",6356
"2024","Caerphilly","W07000088","Total","Aged 65-69","Value",5485
"2024","Caerphilly","W07000088","Total","Aged 70-74","Value",5056
"2024","Caerphilly","W07000088","Total","Aged 75-79","Value",4518
"2024","Caerphilly","W07000088","Total","Aged 80-84","Value",2713
"2024","Caerphilly","W07000088","Total","Aged 85+","Value",2212
"2024","Cardiff East","W07000089","Total","All Ages","Value",114887
"2024","Cardiff East","W07000089","Total","Age 0 - 4","Value",5563
"2024","Cardiff East","W07000089","Total","Aged 5-9","Value",6694
"2024","Cardiff East","W07000089","Total","Aged 10-14","Value",7263
"2024","Cardiff East","W07000089","Total","Aged 15-19","Value",8727
"2024","Cardiff East","W07000089","Total","Aged 20-24","Value",12590
"2024","Cardiff East","W07000089","Total","Aged 25-29","Value",10138
"2024","Cardiff East","W07000089","Total","Aged 30-34","Value",8648
"2024","Cardiff East","W07000089","Total","Aged 35-39","Value",8083
"2024","Cardiff East","W07000089","Total","Aged 40-44","Value",7407
"2024","Cardiff East","W07000089","Total","Aged 45-49","Value",6447
"2024","Cardiff East","W07000089","Total","Aged 50-54","Value",6045
"2024","Cardiff East","W07000089","Total","Aged 55-59","Value",5802
"2024","Cardiff East","W07000089","Total","Aged 60-64","Value",5179
"2024","Cardiff East","W07000089","Total","Aged 65-69","Value",4461
"2024","Cardiff East","W07000089","Total","Aged 70-74","Value",4012
"2024","Cardiff East","W07000089","Total","Aged 75-79","Value",3347
"2024","Cardiff East","W07000089","Total","Aged 80-84","Value",2197
"2024","Cardiff East","W07000089","Total","Aged 85+","Value",2284
"2024","Cardiff North","W07000090","Total","All Ages","Value",97998
"2024","Cardiff North","W07000090","Total","Age 0 - 4","Value",4699
"2024","Cardiff North","W07000090","Total","Aged 5-9","Value",5457
"2024","Cardiff North","W07000090","Total","Aged 10-14","Value",5665
"2024","Cardiff North","W07000090","Total","Aged 15-19","Value",7571
"2024","Cardiff North","W07000090","Total","Aged 20-24","Value",6227
"2024","Cardiff North","W07000090","Total","Aged 25-29","Value",6205
"2024","Cardiff North","W07000090","Total","Aged 30-34","Value",6178
"2024","Cardiff North","W07000090","Total","Aged 35-39","Value",6456
"2024","Cardiff North","W07000090","Total","Aged 40-44","Value",6749
"2024","Cardiff North","W07000090","Total","Aged 45-49","Value",5988
"2024","Cardiff North","W07000090","Total","Aged 50-54","Value",5896
"2024","Cardiff North","W07000090","Total","Aged 55-59","Value",5938
"2024","Cardiff North","W07000090","Total","Aged 60-64","Value",5941
"2024","Cardiff North","W07000090","Total","Aged 65-69","Value",5077
"2024","Cardiff North","W07000090","Total","Aged 70-74","Value",4629
"2024","Cardiff North","W07000090","Total","Aged 75-79","Value",4096
"2024","Cardiff North","W07000090","Total","Aged 80-84","Value",2540
"2024","Cardiff North","W07000090","Total","Aged 85+","Value",2686
"2024","Cardiff South and Penarth","W07000091","Total","All Ages","Value",112662
"2024","Cardiff South and Penarth","W07000091","Total","Age 0 - 4","Value",4807
"2024","Cardiff South and Penarth","W07000091","Total","Aged 5-9","Value",5276
"2024","Cardiff South and Penarth","W07000091","Total","Aged 10-14","Value",5411
"2024","Cardiff South and Penarth","W07000091","Total","Aged 15-19","Value",7311
"2024","Cardiff South and Penarth","W07000091","Total","Aged 20-24","Value",20568
"2024","Cardiff South and Penarth","W07000091","Total","Aged 25-29","Value",10949
"2024","Cardiff South and Penarth","W07000091","Total","Aged 30-34","Value",8850
"2024","Cardiff South and Penarth","W07000091","Total","Aged 35-39","Value",7657
"2024","Cardiff South and Penarth","W07000091","Total","Aged 40-44","Value",6613
"2024","Cardiff South and Penarth","W07000091","Total","Aged 45-49","Value",5559
"2024","Cardiff South and Penarth","W07000091","Total","Aged 50-54","Value",5142
"2024","Cardiff South and Penarth","W07000091","Total","Aged 55-59","Value",5119
"2024","Cardiff South and Penarth","W07000091","Total","Aged 60-64","Value",4929
"2024","Cardiff South and Penarth","W07000091","Total","Aged 65-69","Value",4117
"2024","Cardiff South and Penarth","W07000091","Total","Aged 70-74","Value",3360
"2024","Cardiff South and Penarth","W07000091","Total","Aged 75-79","Value",3092
"2024","Cardiff South and Penarth","W07000091","Total","Aged 80-84","Value",1960
"2024","Cardiff South and Penarth","W07000091","Total","Aged 85+","Value",1942
"2024","Cardiff West","W07000092","Total","All Ages","Value",107475
"2024","Cardiff West","W07000092","Total","Age 0 - 4","Value",5782
"2024","Cardiff West","W07000092","Total","Aged 5-9","Value",6464
"2024","Cardiff West","W07000092","Total","Aged 10-14","Value",7382
"2024","Cardiff West","W07000092","Total","Aged 15-19","Value",6509
"2024","Cardiff West","W07000092","Total","Aged 20-24","Value",6114
"2024","Cardiff West","W07000092","Total","Aged 25-29","Value",7814
"2024","Cardiff West","W07000092","Total","Aged 30-34","Value",8108
"2024","Cardiff West","W07000092","Total","Aged 35-39","Value",7965
"2024","Cardiff West","W07000092","Total","Aged 40-44","Value",7424
"2024","Cardiff West","W07000092","Total","Aged 45-49","Value",6398
"2024","Cardiff West","W07000092","Total","Aged 50-54","Value",6515
"2024","Cardiff West","W07000092","Total","Aged 55-59","Value",6713
"2024","Cardiff West","W07000092","Total","Aged 60-64","Value",6235
"2024","Cardiff West","W07000092","Total","Aged 65-69","Value",5215
"2024","Cardiff West","W07000092","Total","Aged 70-74","Value",4267
"2024","Cardiff West","W07000092","Total","Aged 75-79","Value",3880
"2024","Cardiff West","W07000092","Total","Aged 80-84","Value",2410
"2024","Cardiff West","W07000092","Total","Aged 85+","Value",2280
"2024","Ceredigion Preseli","W07000093","Total","All Ages","Value",95329
"2024","Ceredigion Preseli","W07000093","Total","Age 0 - 4","Value",3550
"2024","Ceredigion Preseli","W07000093","Total","Aged 5-9","Value",4209
"2024","Ceredigion Preseli","W07000093","Total","Aged 10-14","Value",4758
"2024","Ceredigion Preseli","W07000093","Total","Aged 15-19","Value",5908
"2024","Ceredigion Preseli","W07000093","Total","Aged 20-24","Value",7562
"2024","Ceredigion Preseli","W07000093","Total","Aged 25-29","Value",4337
"2024","Ceredigion Preseli","W07000093","Total","Aged 30-34","Value",4722
"2024","Ceredigion Preseli","W07000093","Total","Aged 35-39","Value",4641
"2024","Ceredigion Preseli","W07000093","Total","Aged 40-44","Value",4513
"2024","Ceredigion Preseli","W07000093","Total","Aged 45-49","Value",4445
"2024","Ceredigion Preseli","W07000093","Total","Aged 50-54","Value",5852
"2024","Ceredigion Preseli","W07000093","Total","Aged 55-59","Value",7134
"2024","Ceredigion Preseli","W07000093","Total","Aged 60-64","Value",7618
"2024","Ceredigion Preseli","W07000093","Total","Aged 65-69","Value",6963
"2024","Ceredigion Preseli","W07000093","Total","Aged 70-74","Value",6359
"2024","Ceredigion Preseli","W07000093","Total","Aged 75-79","Value",5857
"2024","Ceredigion Preseli","W07000093","Total","Aged 80-84","Value",3767
"2024","Ceredigion Preseli","W07000093","Total","Aged 85+","Value",3134
"2024","Clwyd East","W07000094","Total","All Ages","Value",96953
"2024","Clwyd East","W07000094","Total","Age 0 - 4","Value",4098
"2024","Clwyd East","W07000094","Total","Aged 5-9","Value",4713
"2024","Clwyd East","W07000094","Total","Aged 10-14","Value",5510
"2024","Clwyd East","W07000094","Total","Aged 15-19","Value",5475
"2024","Clwyd East","W07000094","Total","Aged 20-24","Value",3923
"2024","Clwyd East","W07000094","Total","Aged 25-29","Value",4872
"2024","Clwyd East","W07000094","Total","Aged 30-34","Value",5073
"2024","Clwyd East","W07000094","Total","Aged 35-39","Value",5132
"2024","Clwyd East","W07000094","Total","Aged 40-44","Value",5139
"2024","Clwyd East","W07000094","Total","Aged 45-49","Value",5113
"2024","Clwyd East","W07000094","Total","Aged 50-54","Value",6714
"2024","Clwyd East","W07000094","Total","Aged 55-59","Value",7743
"2024","Clwyd East","W07000094","Total","Aged 60-64","Value",7901
"2024","Clwyd East","W07000094","Total","Aged 65-69","Value",6499
"2024","Clwyd East","W07000094","Total","Aged 70-74","Value",6120
"2024","Clwyd East","W07000094","Total","Aged 75-79","Value",6110
"2024","Clwyd East","W07000094","Total","Aged 80-84","Value",3635
"2024","Clwyd East","W07000094","Total","Aged 85+","Value",3183
"2024","Clwyd North","W07000095","Total","All Ages","Value",101344
"2024","Clwyd North","W07000095","Total","Age 0 - 4","Value",4722
"2024","Clwyd North","W07000095","Total","Aged 5-9","Value",5633
"2024","Clwyd North","W07000095","Total","Aged 10-14","Value",5973
"2024","Clwyd North","W07000095","Total","Aged 15-19","Value",5676
"2024","Clwyd North","W07000095","Total","Aged 20-24","Value",4382
"2024","Clwyd North","W07000095","Total","Aged 25-29","Value",5409
"2024","Clwyd North","W07000095","Total","Aged 30-34","Value",5975
"2024","Clwyd North","W07000095","Total","Aged 35-39","Value",5903
"2024","Clwyd North","W07000095","Total","Aged 40-44","Value",5476
"2024","Clwyd North","W07000095","Total","Aged 45-49","Value",5209
"2024","Clwyd North","W07000095","Total","Aged 50-54","Value",6351
"2024","Clwyd North","W07000095","Total","Aged 55-59","Value",7286
"2024","Clwyd North","W07000095","Total","Aged 60-64","Value",7596
"2024","Clwyd North","W07000095","Total","Aged 65-69","Value",6443
"2024","Clwyd North","W07000095","Total","Aged 70-74","Value",6234
"2024","Clwyd North","W07000095","Total","Aged 75-79","Value",5947
"2024","Clwyd North","W07000095","Total","Aged 80-84","Value",3713
"2024","Clwyd North","W07000095","Total","Aged 85+","Value",3416
"2024","Dwyfor Meirionnydd","W07000096","Total","All Ages","Value",96120
"2024","Dwyfor Meirionnydd","W07000096","Total","Age 0 - 4","Value",4124
"2024","Dwyfor Meirionnydd","W07000096","Total","Aged 5-9","Value",4680
"2024","Dwyfor Meirionnydd","W07000096","Total","Aged 10-14","Value",5495
"2024","Dwyfor Meirionnydd","W07000096","Total","Aged 15-19","Value",4866
"2024","Dwyfor Meirionnydd","W07000096","Total","Aged 20-24","Value",4344
"2024","Dwyfor Meirionnydd","W07000096","Total","Aged 25-29","Value",4997
"2024","Dwyfor Meirionnydd","W07000096","Total","Aged 30-34","Value",5523
"2024","Dwyfor Meirionnydd","W07000096","Total","Aged 35-39","Value",5400
"2024","Dwyfor Meirionnydd","W07000096","Total","Aged 40-44","Value",5086
"2024","Dwyfor Meirionnydd","W07000096","Total","Aged 45-49","Value",4929
"2024","Dwyfor Meirionnydd","W07000096","Total","Aged 50-54","Value",6592
"2024","Dwyfor Meirionnydd","W07000096","Total","Aged 55-59","Value",7370
"2024","Dwyfor Meirionnydd","W07000096","Total","Aged 60-64","Value",7586
"2024","Dwyfor Meirionnydd","W07000096","Total","Aged 65-69","Value",6567
"2024","Dwyfor Meirionnydd","W07000096","Total","Aged 70-74","Value",5878
"2024","Dwyfor Meirionnydd","W07000096","Total","Aged 75-79","Value",5555
"2024","Dwyfor Meirionnydd","W07000096","Total","Aged 80-84","Value",3631
"2024","Dwyfor Meirionnydd","W07000096","Total","Aged 85+","Value",3497
"2024","Gower","W07000097","Total","All Ages","Value",99066
"2024","Gower","W07000097","Total","Age 0 - 4","Value",4141
"2024","Gower","W07000097","Total","Aged 5-9","Value",5164
"2024","Gower","W07000097","Total","Aged 10-14","Value",5823
"2024","Gower","W07000097","Total","Aged 15-19","Value",5701
"2024","Gower","W07000097","Total","Aged 20-24","Value",4711
"2024","Gower","W07000097","Total","Aged 25-29","Value",4872
"2024","Gower","W07000097","Total","Aged 30-34","Value",5539
"2024","Gower","W07000097","Total","Aged 35-39","Value",6058
"2024","Gower","W07000097","Total","Aged 40-44","Value",6074
"2024","Gower","W07000097","Total","Aged 45-49","Value",5612
"2024","Gower","W07000097","Total","Aged 50-54","Value",6611
"2024","Gower","W07000097","Total","Aged 55-59","Value",7103
"2024","Gower","W07000097","Total","Aged 60-64","Value",6723
"2024","Gower","W07000097","Total","Aged 65-69","Value",6199
"2024","Gower","W07000097","Total","Aged 70-74","Value",5582
"2024","Gower","W07000097","Total","Aged 75-79","Value",5742
"2024","Gower","W07000097","Total","Aged 80-84","Value",3808
"2024","Gower","W07000097","Total","Aged 85+","Value",3603
"2024","Llanelli","W07000098","Total","All Ages","Value",95434
"2024","Llanelli","W07000098","Total","Age 0 - 4","Value",4421
"2024","Llanelli","W07000098","Total","Aged 5-9","Value",5315
"2024","Llanelli","W07000098","Total","Aged 10-14","Value",5778
"2024","Llanelli","W07000098","Total","Aged 15-19","Value",5474
"2024","Llanelli","W07000098","Total","Aged 20-24","Value",4287
"2024","Llanelli","W07000098","Total","Aged 25-29","Value",5261
"2024","Llanelli","W07000098","Total","Aged 30-34","Value",5683
"2024","Llanelli","W07000098","Total","Aged 35-39","Value",5961
"2024","Llanelli","W07000098","Total","Aged 40-44","Value",5816
"2024","Llanelli","W07000098","Total","Aged 45-49","Value",5212
"2024","Llanelli","W07000098","Total","Aged 50-54","Value",6200
"2024","Llanelli","W07000098","Total","Aged 55-59","Value",6990
"2024","Llanelli","W07000098","Total","Aged 60-64","Value",6990
"2024","Llanelli","W07000098","Total","Aged 65-69","Value",6042
"2024","Llanelli","W07000098","Total","Aged 70-74","Value",5348
"2024","Llanelli","W07000098","Total","Aged 75-79","Value",4810
"2024","Llanelli","W07000098","Total","Aged 80-84","Value",3185
"2024","Llanelli","W07000098","Total","Aged 85+","Value",2661
"2024","Merthyr Tydfil and Aberdare","W07000099","Total","All Ages","Value",100531
"2024","Merthyr Tydfil and Aberdare","W07000099","Total","Age 0 - 4","Value",5182
"2024","Merthyr Tydfil and Aberdare","W07000099","Total","Aged 5-9","Value",6000
"2024","Merthyr Tydfil and Aberdare","W07000099","Total","Aged 10-14","Value",5993
"2024","Merthyr Tydfil and Aberdare","W07000099","Total","Aged 15-19","Value",5826
"2024","Merthyr Tydfil and Aberdare","W07000099","Total","Aged 20-24","Value",4919
"2024","Merthyr Tydfil and Aberdare","W07000099","Total","Aged 25-29","Value",6226
"2024","Merthyr Tydfil and Aberdare","W07000099","Total","Aged 30-34","Value",6919
"2024","Merthyr Tydfil and Aberdare","W07000099","Total","Aged 35-39","Value",7121
"2024","Merthyr Tydfil and Aberdare","W07000099","Total","Aged 40-44","Value",6373
"2024","Merthyr Tydfil and Aberdare","W07000099","Total","Aged 45-49","Value",5440
"2024","Merthyr Tydfil and Aberdare","W07000099","Total","Aged 50-54","Value",6413
"2024","Merthyr Tydfil and Aberdare","W07000099","Total","Aged 55-59","Value",7101
"2024","Merthyr Tydfil and Aberdare","W07000099","Total","Aged 60-64","Value",6714
"2024","Merthyr Tydfil and Aberdare","W07000099","Total","Aged 65-69","Value",5595
"2024","Merthyr Tydfil and Aberdare","W07000099","Total","Aged 70-74","Value",5118
"2024","Merthyr Tydfil and Aberdare","W07000099","Total","Aged 75-79","Value",4513
"2024","Merthyr Tydfil and Aberdare","W07000099","Total","Aged 80-84","Value",2735
"2024","Merthyr Tydfil and Aberdare","W07000099","Total","Aged 85+","Value",2343
"2024","Mid and South Pembrokeshire","W07000100","Total","All Ages","Value",103031
"2024","Mid and South Pembrokeshire","W07000100","Total","Age 0 - 4","Value",4461
"2024","Mid and South Pembrokeshire","W07000100","Total","Aged 5-9","Value",5405
"2024","Mid and South Pembrokeshire","W07000100","Total","Aged 10-14","Value",6050
"2024","Mid and South Pembrokeshire","W07000100","Total","Aged 15-19","Value",5585
"2024","Mid and South Pembrokeshire","W07000100","Total","Aged 20-24","Value",4394
"2024","Mid and South Pembrokeshire","W07000100","Total","Aged 25-29","Value",5256
"2024","Mid and South Pembrokeshire","W07000100","Total","Aged 30-34","Value",5821
"2024","Mid and South Pembrokeshire","W07000100","Total","Aged 35-39","Value",5862
"2024","Mid and South Pembrokeshire","W07000100","Total","Aged 40-44","Value",5530
"2024","Mid and South Pembrokeshire","W07000100","Total","Aged 45-49","Value",5235
"2024","Mid and South Pembrokeshire","W07000100","Total","Aged 50-54","Value",6524
"2024","Mid and South Pembrokeshire","W07000100","Total","Aged 55-59","Value",7816
"2024","Mid and South Pembrokeshire","W07000100","Total","Aged 60-64","Value",8057
"2024","Mid and South Pembrokeshire","W07000100","Total","Aged 65-69","Value",7143
"2024","Mid and South Pembrokeshire","W07000100","Total","Aged 70-74","Value",6566
"2024","Mid and South Pembrokeshire","W07000100","Total","Aged 75-79","Value",5966
"2024","Mid and South Pembrokeshire","W07000100","Total","Aged 80-84","Value",3884
"2024","Mid and South Pembrokeshire","W07000100","Total","Aged 85+","Value",3476
"2024","Monmouthshire","W07000101","Total","All Ages","Value",94930
"2024","Monmouthshire","W07000101","Total","Age 0 - 4","Value",3993
"2024","Monmouthshire","W07000101","Total","Aged 5-9","Value",4617
"2024","Monmouthshire","W07000101","Total","Aged 10-14","Value",5115
"2024","Monmouthshire","W07000101","Total","Aged 15-19","Value",4915
"2024","Monmouthshire","W07000101","Total","Aged 20-24","Value",3475
"2024","Monmouthshire","W07000101","Total","Aged 25-29","Value",4533
"2024","Monmouthshire","W07000101","Total","Aged 30-34","Value",5169
"2024","Monmouthshire","W07000101","Total","Aged 35-39","Value",5339
"2024","Monmouthshire","W07000101","Total","Aged 40-44","Value",5400
"2024","Monmouthshire","W07000101","Total","Aged 45-49","Value",5309
"2024","Monmouthshire","W07000101","Total","Aged 50-54","Value",6621
"2024","Monmouthshire","W07000101","Total","Aged 55-59","Value",7693
"2024","Monmouthshire","W07000101","Total","Aged 60-64","Value",7528
"2024","Monmouthshire","W07000101","Total","Aged 65-69","Value",6289
"2024","Monmouthshire","W07000101","Total","Aged 70-74","Value",6042
"2024","Monmouthshire","W07000101","Total","Aged 75-79","Value",5634
"2024","Monmouthshire","W07000101","Total","Aged 80-84","Value",3775
"2024","Monmouthshire","W07000101","Total","Aged 85+","Value",3483
"2024","Montgomeryshire and Glyndwr","W07000102","Total","All Ages","Value",99718
"2024","Montgomeryshire and Glyndwr","W07000102","Total","Age 0 - 4","Value",4447
"2024","Montgomeryshire and Glyndwr","W07000102","Total","Aged 5-9","Value",5157
"2024","Montgomeryshire and Glyndwr","W07000102","Total","Aged 10-14","Value",5637
"2024","Montgomeryshire and Glyndwr","W07000102","Total","Aged 15-19","Value",5677
"2024","Montgomeryshire and Glyndwr","W07000102","Total","Aged 20-24","Value",4294
"2024","Montgomeryshire and Glyndwr","W07000102","Total","Aged 25-29","Value",5223
"2024","Montgomeryshire and Glyndwr","W07000102","Total","Aged 30-34","Value",5655
"2024","Montgomeryshire and Glyndwr","W07000102","Total","Aged 35-39","Value",5585
"2024","Montgomeryshire and Glyndwr","W07000102","Total","Aged 40-44","Value",5394
"2024","Montgomeryshire and Glyndwr","W07000102","Total","Aged 45-49","Value",5285
"2024","Montgomeryshire and Glyndwr","W07000102","Total","Aged 50-54","Value",6857
"2024","Montgomeryshire and Glyndwr","W07000102","Total","Aged 55-59","Value",7824
"2024","Montgomeryshire and Glyndwr","W07000102","Total","Aged 60-64","Value",7673
"2024","Montgomeryshire and Glyndwr","W07000102","Total","Aged 65-69","Value",6584
"2024","Montgomeryshire and Glyndwr","W07000102","Total","Aged 70-74","Value",6051
"2024","Montgomeryshire and Glyndwr","W07000102","Total","Aged 75-79","Value",5541
"2024","Montgomeryshire and Glyndwr","W07000102","Total","Aged 80-84","Value",3526
"2024","Montgomeryshire and Glyndwr","W07000102","Total","Aged 85+","Value",3308
"2024","Neath and Swansea East","W07000103","Total","All Ages","Value",102011
"2024","Neath and Swansea East","W07000103","Total","Age 0 - 4","Value",4600
"2024","Neath and Swansea East","W07000103","Total","Aged 5-9","Value",5625
"2024","Neath and Swansea East","W07000103","Total","Aged 10-14","Value",5822
"2024","Neath and Swansea East","W07000103","Total","Aged 15-19","Value",7273
"2024","Neath and Swansea East","W07000103","Total","Aged 20-24","Value",6376
"2024","Neath and Swansea East","W07000103","Total","Aged 25-29","Value",6427
"2024","Neath and Swansea East","W07000103","Total","Aged 30-34","Value",6555
"2024","Neath and Swansea East","W07000103","Total","Aged 35-39","Value",6692
"2024","Neath and Swansea East","W07000103","Total","Aged 40-44","Value",6520
"2024","Neath and Swansea East","W07000103","Total","Aged 45-49","Value",5649
"2024","Neath and Swansea East","W07000103","Total","Aged 50-54","Value",6121
"2024","Neath and Swansea East","W07000103","Total","Aged 55-59","Value",6901
"2024","Neath and Swansea East","W07000103","Total","Aged 60-64","Value",6649
"2024","Neath and Swansea East","W07000103","Total","Aged 65-69","Value",5703
"2024","Neath and Swansea East","W07000103","Total","Aged 70-74","Value",5095
"2024","Neath and Swansea East","W07000103","Total","Aged 75-79","Value",4606
"2024","Neath and Swansea East","W07000103","Total","Aged 80-84","Value",2896
"2024","Neath and Swansea East","W07000103","Total","Aged 85+","Value",2501
"2024","Newport East","W07000104","Total","All Ages","Value",116957
"2024","Newport East","W07000104","Total","Age 0 - 4","Value",7410
"2024","Newport East","W07000104","Total","Aged 5-9","Value",7727
"2024","Newport East","W07000104","Total","Aged 10-14","Value",7389
"2024","Newport East","W07000104","Total","Aged 15-19","Value",6730
"2024","Newport East","W07000104","Total","Aged 20-24","Value",6081
"2024","Newport East","W07000104","Total","Aged 25-29","Value",8553
"2024","Newport East","W07000104","Total","Aged 30-34","Value",10001
"2024","Newport East","W07000104","Total","Aged 35-39","Value",9303
"2024","Newport East","W07000104","Total","Aged 40-44","Value",7694
"2024","Newport East","W07000104","Total","Aged 45-49","Value",6430
"2024","Newport East","W07000104","Total","Aged 50-54","Value",6927
"2024","Newport East","W07000104","Total","Aged 55-59","Value",7372
"2024","Newport East","W07000104","Total","Aged 60-64","Value",6709
"2024","Newport East","W07000104","Total","Aged 65-69","Value",5289
"2024","Newport East","W07000104","Total","Aged 70-74","Value",4493
"2024","Newport East","W07000104","Total","Aged 75-79","Value",3960
"2024","Newport East","W07000104","Total","Aged 80-84","Value",2565
"2024","Newport East","W07000104","Total","Aged 85+","Value",2324
"2024","Newport West and Islwyn","W07000105","Total","All Ages","Value",103101
"2024","Newport West and Islwyn","W07000105","Total","Age 0 - 4","Value",4993
"2024","Newport West and Islwyn","W07000105","Total","Aged 5-9","Value",6063
"2024","Newport West and Islwyn","W07000105","Total","Aged 10-14","Value",6549
"2024","Newport West and Islwyn","W07000105","Total","Aged 15-19","Value",6077
"2024","Newport West and Islwyn","W07000105","Total","Aged 20-24","Value",4630
"2024","Newport West and Islwyn","W07000105","Total","Aged 25-29","Value",5851
"2024","Newport West and Islwyn","W07000105","Total","Aged 30-34","Value",6949
"2024","Newport West and Islwyn","W07000105","Total","Aged 35-39","Value",7509
"2024","Newport West and Islwyn","W07000105","Total","Aged 40-44","Value",6783
"2024","Newport West and Islwyn","W07000105","Total","Aged 45-49","Value",6131
"2024","Newport West and Islwyn","W07000105","Total","Aged 50-54","Value",6853
"2024","Newport West and Islwyn","W07000105","Total","Aged 55-59","Value",7305
"2024","Newport West and Islwyn","W07000105","Total","Aged 60-64","Value",6647
"2024","Newport West and Islwyn","W07000105","Total","Aged 65-69","Value",5455
"2024","Newport West and Islwyn","W07000105","Total","Aged 70-74","Value",4995
"2024","Newport West and Islwyn","W07000105","Total","Aged 75-79","Value",4781
"2024","Newport West and Islwyn","W07000105","Total","Aged 80-84","Value",2974
"2024","Newport West and Islwyn","W07000105","Total","Aged 85+","Value",2556
"2024","Pontypridd","W07000106","Total","All Ages","Value",104827
"2024","Pontypridd","W07000106","Total","Age 0 - 4","Value",5067
"2024","Pontypridd","W07000106","Total","Aged 5-9","Value",5944
"2024","Pontypridd","W07000106","Total","Aged 10-14","Value",6420
"2024","Pontypridd","W07000106","Total","Aged 15-19","Value",6137
"2024","Pontypridd","W07000106","Total","Aged 20-24","Value",6414
"2024","Pontypridd","W07000106","Total","Aged 25-29","Value",6925
"2024","Pontypridd","W07000106","Total","Aged 30-34","Value",7728
"2024","Pontypridd","W07000106","Total","Aged 35-39","Value",7440
"2024","Pontypridd","W07000106","Total","Aged 40-44","Value",6949
"2024","Pontypridd","W07000106","Total","Aged 45-49","Value",5764
"2024","Pontypridd","W07000106","Total","Aged 50-54","Value",6745
"2024","Pontypridd","W07000106","Total","Aged 55-59","Value",7010
"2024","Pontypridd","W07000106","Total","Aged 60-64","Value",6442
"2024","Pontypridd","W07000106","Total","Aged 65-69","Value",5468
"2024","Pontypridd","W07000106","Total","Aged 70-74","Value",4942
"2024","Pontypridd","W07000106","Total","Aged 75-79","Value",4783
"2024","Pontypridd","W07000106","Total","Aged 80-84","Value",2510
"2024","Pontypridd","W07000106","Total","Aged 85+","Value",2139
"2024","Rhondda and Ogmore","W07000107","Total","All Ages","Value",101203
"2024","Rhondda and Ogmore","W07000107","Total","Age 0 - 4","Value",4967
"2024","Rhondda and Ogmore","W07000107","Total","Aged 5-9","Value",5663
"2024","Rhondda and Ogmore","W07000107","Total","Aged 10-14","Value",6221
"2024","Rhondda and Ogmore","W07000107","Total","Aged 15-19","Value",5795
"2024","Rhondda and Ogmore","W07000107","Total","Aged 20-24","Value",5469
"2024","Rhondda and Ogmore","W07000107","Total","Aged 25-29","Value",6559
"2024","Rhondda and Ogmore","W07000107","Total","Aged 30-34","Value",6737
"2024","Rhondda and Ogmore","W07000107","Total","Aged 35-39","Value",7011
"2024","Rhondda and Ogmore","W07000107","Total","Aged 40-44","Value",6348
"2024","Rhondda and Ogmore","W07000107","Total","Aged 45-49","Value",5422
"2024","Rhondda and Ogmore","W07000107","Total","Aged 50-54","Value",6704
"2024","Rhondda and Ogmore","W07000107","Total","Aged 55-59","Value",7186
"2024","Rhondda and Ogmore","W07000107","Total","Aged 60-64","Value",6761
"2024","Rhondda and Ogmore","W07000107","Total","Aged 65-69","Value",5667
"2024","Rhondda and Ogmore","W07000107","Total","Aged 70-74","Value",4851
"2024","Rhondda and Ogmore","W07000107","Total","Aged 75-79","Value",4559
"2024","Rhondda and Ogmore","W07000107","Total","Aged 80-84","Value",2826
"2024","Rhondda and Ogmore","W07000107","Total","Aged 85+","Value",2457
"2024","Swansea West","W07000108","Total","All Ages","Value",112825
"2024","Swansea West","W07000108","Total","Age 0 - 4","Value",5274
"2024","Swansea West","W07000108","Total","Aged 5-9","Value",5974
"2024","Swansea West","W07000108","Total","Aged 10-14","Value",6135
"2024","Swansea West","W07000108","Total","Aged 15-19","Value",7343
"2024","Swansea West","W07000108","Total","Aged 20-24","Value",13650
"2024","Swansea West","W07000108","Total","Aged 25-29","Value",8378
"2024","Swansea West","W07000108","Total","Aged 30-34","Value",8209
"2024","Swansea West","W07000108","Total","Aged 35-39","Value",7768
"2024","Swansea West","W07000108","Total","Aged 40-44","Value",6776
"2024","Swansea West","W07000108","Total","Aged 45-49","Value",5846
"2024","Swansea West","W07000108","Total","Aged 50-54","Value",5983
"2024","Swansea West","W07000108","Total","Aged 55-59","Value",6312
"2024","Swansea West","W07000108","Total","Aged 60-64","Value",6193
"2024","Swansea West","W07000108","Total","Aged 65-69","Value",5273
"2024","Swansea West","W07000108","Total","Aged 70-74","Value",4520
"2024","Swansea West","W07000108","Total","Aged 75-79","Value",4092
"2024","Swansea West","W07000108","Total","Aged 80-84","Value",2608
"2024","Swansea West","W07000108","Total","Aged 85+","Value",2491
"2024","Torfaen","W07000109","Total","All Ages","Value",94119
"2024","Torfaen","W07000109","Total","Age 0 - 4","Value",4860
"2024","Torfaen","W07000109","Total","Aged 5-9","Value",5361
"2024","Torfaen","W07000109","Total","Aged 10-14","Value",5802
"2024","Torfaen","W07000109","Total","Aged 15-19","Value",5478
"2024","Torfaen","W07000109","Total","Aged 20-24","Value",4315
"2024","Torfaen","W07000109","Total","Aged 25-29","Value",5720
"2024","Torfaen","W07000109","Total","Aged 30-34","Value",6457
"2024","Torfaen","W07000109","Total","Aged 35-39","Value",6513
"2024","Torfaen","W07000109","Total","Aged 40-44","Value",5737
"2024","Torfaen","W07000109","Total","Aged 45-49","Value",5047
"2024","Torfaen","W07000109","Total","Aged 50-54","Value",5921
"2024","Torfaen","W07000109","Total","Aged 55-59","Value",6586
"2024","Torfaen","W07000109","Total","Aged 60-64","Value",6394
"2024","Torfaen","W07000109","Total","Aged 65-69","Value",5291
"2024","Torfaen","W07000109","Total","Aged 70-74","Value",4901
"2024","Torfaen","W07000109","Total","Aged 75-79","Value",4382
"2024","Torfaen","W07000109","Total","Aged 80-84","Value",2827
"2024","Torfaen","W07000109","Total","Aged 85+","Value",2527
"2024","Vale of Glamorgan","W07000110","Total","All Ages","Value",97675
"2024","Vale of Glamorgan","W07000110","Total","Age 0 - 4","Value",4664
"2024","Vale of Glamorgan","W07000110","Total","Aged 5-9","Value",5869
"2024","Vale of Glamorgan","W07000110","Total","Aged 10-14","Value",5996
"2024","Vale of Glamorgan","W07000110","Total","Aged 15-19","Value",5717
"2024","Vale of Glamorgan","W07000110","Total","Aged 20-24","Value",4345
"2024","Vale of Glamorgan","W07000110","Total","Aged 25-29","Value",5424
"2024","Vale of Glamorgan","W07000110","Total","Aged 30-34","Value",6085
"2024","Vale of Glamorgan","W07000110","Total","Aged 35-39","Value",6595
"2024","Vale of Glamorgan","W07000110","Total","Aged 40-44","Value",6206
"2024","Vale of Glamorgan","W07000110","Total","Aged 45-49","Value",5505
"2024","Vale of Glamorgan","W07000110","Total","Aged 50-54","Value",6330
"2024","Vale of Glamorgan","W07000110","Total","Aged 55-59","Value",6771
"2024","Vale of Glamorgan","W07000110","Total","Aged 60-64","Value",6713
"2024","Vale of Glamorgan","W07000110","Total","Aged 65-69","Value",6009
"2024","Vale of Glamorgan","W07000110","Total","Aged 70-74","Value",5271
"2024","Vale of Glamorgan","W07000110","Total","Aged 75-79","Value",4699
"2024","Vale of Glamorgan","W07000110","Total","Aged 80-84","Value",2917
"2024","Vale of Glamorgan","W07000110","Total","Aged 85+","Value",2559
"2024","Wrexham","W07000111","Total","All Ages","Value",101675
"2024","Wrexham","W07000111","Total","Age 0 - 4","Value",4894
"2024","Wrexham","W07000111","Total","Aged 5-9","Value",5662
"2024","Wrexham","W07000111","Total","Aged 10-14","Value",6316
"2024","Wrexham","W07000111","Total","Aged 15-19","Value",5675
"2024","Wrexham","W07000111","Total","Aged 20-24","Value",5077
"2024","Wrexham","W07000111","Total","Aged 25-29","Value",6216
"2024","Wrexham","W07000111","Total","Aged 30-34","Value",6658
"2024","Wrexham","W07000111","Total","Aged 35-39","Value",6945
"2024","Wrexham","W07000111","Total","Aged 40-44","Value",6707
"2024","Wrexham","W07000111","Total","Aged 45-49","Value",5984
"2024","Wrexham","W07000111","Total","Aged 50-54","Value",6936
"2024","Wrexham","W07000111","Total","Aged 55-59","Value",7021
"2024","Wrexham","W07000111","Total","Aged 60-64","Value",6571
"2024","Wrexham","W07000111","Total","Aged 65-69","Value",5564
"2024","Wrexham","W07000111","Total","Aged 70-74","Value",5060
"2024","Wrexham","W07000111","Total","Aged 75-79","Value",4709
"2024","Wrexham","W07000111","Total","Aged 80-84","Value",3076
"2024","Wrexham","W07000111","Total","Aged 85+","Value",2604
"2024","Ynys Mon","W07000112","Total","All Ages","Value",69097
"2024","Ynys Mon","W07000112","Total","Age 0 - 4","Value",2848
"2024","Ynys Mon","W07000112","Total","Aged 5-9","Value",3590
"2024","Ynys Mon","W07000112","Total","Aged 10-14","Value",4112
"2024","Ynys Mon","W07000112","Total","Aged 15-19","Value",3569
"2024","Ynys Mon","W07000112","Total","Aged 20-24","Value",2792
"2024","Ynys Mon","W07000112","Total","Aged 25-29","Value",3387
"2024","Ynys Mon","W07000112","Total","Aged 30-34","Value",3574
"2024","Ynys Mon","W07000112","Total","Aged 35-39","Value",3714
"2024","Ynys Mon","W07000112","Total","Aged 40-44","Value",3636
"2024","Ynys Mon","W07000112","Total","Aged 45-49","Value",3472
"2024","Ynys Mon","W07000112","Total","Aged 50-54","Value",4607
"2024","Ynys Mon","W07000112","Total","Aged 55-59","Value",5323
"2024","Ynys Mon","W07000112","Total","Aged 60-64","Value",5524
"2024","Ynys Mon","W07000112","Total","Aged 65-69","Value",4930
"2024","Ynys Mon","W07000112","Total","Aged 70-74","Value",4484
"2024","Ynys Mon","W07000112","Total","Aged 75-79","Value",4328
"2024","Ynys Mon","W07000112","Total","Aged 80-84","Value",2752
"2024","Ynys Mon","W07000112","Total","Aged 85+","Value",2455
