"GEOGRAPHY_NAME","GEOGRAPHY_CODE","C2021_TENURE_9_NAME","MEASURES_NAME","OBS_VALUE"
"Hartlepool","E06000001","Total: All households","Value",40929
"Hartlepool","E06000001","Owned: Owns outright","Value",12761
"Hartlepool","E06000001","Owned: Owns with a mortgage or loan","Value",11073
"Hartlepool","E06000001","Shared ownership: Shared ownership","Value",239
"Hartlepool","E06000001","Social rented: Rents from council or Local Authority","Value",3986
"Hartlepool","E06000001","Social rented: Other social rented","Value",5608
"Hartlepool","E06000001","Private rented: Private landlord or letting agency","Value",6338
"Hartlepool","E06000001","Private rented: Other private rented","Value",856
"Hartlepool","E06000001","Lives rent free","Value",68
"Middlesbrough","E06000002","Total: All households","Value",60265
"Middlesbrough","E06000002","Owned: Owns outright","Value",17224
"Middlesbrough","E06000002","Owned: Owns with a mortgage or loan","Value",15913
"Middlesbrough","E06000002","Shared ownership: Shared ownership","Value",330
"Middlesbrough","E06000002","Social rented: Rents from council or Local Authority","Value",6773
"Middlesbrough","E06000002","Social rented: Other social rented","Value",7233
"Middlesbrough","E06000002","Private rented: Private landlord or letting agency","Value",11286
"Middlesbrough","E06000002","Private rented: Other private rented","Value",1391
"Middlesbrough","E06000002","Lives rent free","Value",115
"Redcar and Cleveland","E06000003","Total: All households","Value",61638
"Redcar and Cleveland","E06000003","Owned: Owns outright","Value",22649
"Redcar and Cleveland","E06000003","Owned: Owns with a mortgage or loan","Value",17205
"Redcar and Cleveland","E06000003","Shared ownership: Shared ownership","Value",346
"Redcar and Cleveland","E06000003","Social rented: Rents from council or Local Authority","Value",5269
"Redcar and Cleveland","E06000003","Social rented: Other social rented","Value",6380
"Redcar and Cleveland","E06000003","Private rented: Private landlord or letting agency","Value",8410
"Redcar and Cleveland","E06000003","Private rented: Other private rented","Value",1338
"Redcar and Cleveland","E06000003","Lives rent free","Value",41
"Stockton-on-Tees","E06000004","Total: All households","Value",83756
"Stockton-on-Tees","E06000004","Owned: Owns outright","Value",27726
"Stockton-on-Tees","E06000004","Owned: Owns with a mortgage or loan","Value",27686
"Stockton-on-Tees","E06000004","Shared ownership: Shared ownership","Value",385
"Stockton-on-Tees","E06000004","Social rented: Rents from council or Local Authority","Value",7204
"Stockton-on-Tees","E06000004","Social rented: Other social rented","Value",6469
"Stockton-on-Tees","E06000004","Private rented: Private landlord or letting agency","Value",12388
"Stockton-on-Tees","E06000004","Private rented: Other private rented","Value",1819
"Stockton-on-Tees","E06000004","Lives rent free","Value",79
"Darlington","E06000005","Total: All households","Value",48915
"Darlington","E06000005","Owned: Owns outright","Value",16222
"Darlington","E06000005","Owned: Owns with a mortgage or loan","Value",14474
"Darlington","E06000005","Shared ownership: Shared ownership","Value",190
"Darlington","E06000005","Social rented: Rents from council or Local Authority","Value",5112
"Darlington","E06000005","Social rented: Other social rented","Value",2819
"Darlington","E06000005","Private rented: Private landlord or letting agency","Value",9035
"Darlington","E06000005","Private rented: Other private rented","Value",1043
"Darlington","E06000005","Lives rent free","Value",20
"County Durham","E06000047","Total: All households","Value",234764
"County Durham","E06000047","Owned: Owns outright","Value",81046
"County Durham","E06000047","Owned: Owns with a mortgage or loan","Value",65775
"County Durham","E06000047","Shared ownership: Shared ownership","Value",692
"County Durham","E06000047","Social rented: Rents from council or Local Authority","Value",21999
"County Durham","E06000047","Social rented: Other social rented","Value",24859
"County Durham","E06000047","Private rented: Private landlord or letting agency","Value",35156
"County Durham","E06000047","Private rented: Other private rented","Value",5042
"County Durham","E06000047","Lives rent free","Value",195
"Northumberland","E06000057","Total: All households","Value",146922
"Northumberland","E06000057","Owned: Owns outright","Value",56684
"Northumberland","E06000057","Owned: Owns with a mortgage or loan","Value",39104
"Northumberland","E06000057","Shared ownership: Shared ownership","Value",801
"Northumberland","E06000057","Social rented: Rents from council or Local Authority","Value",13597
"Northumberland","E06000057","Social rented: Other social rented","Value",12488
"Northumberland","E06000057","Private rented: Private landlord or letting agency","Value",20149
"Northumberland","E06000057","Private rented: Other private rented","Value",3979
"Northumberland","E06000057","Lives rent free","Value",120
"Newcastle upon Tyne","E08000021","Total: All households","Value",122797
"Newcastle upon Tyne","E08000021","Owned: Owns outright","Value",30707
"Newcastle upon Tyne","E08000021","Owned: Owns with a mortgage or loan","Value",29769
"Newcastle upon Tyne","E08000021","Shared ownership: Shared ownership","Value",580
"Newcastle upon Tyne","E08000021","Social rented: Rents from council or Local Authority","Value",24431
"Newcastle upon Tyne","E08000021","Social rented: Other social rented","Value",9045
"Newcastle upon Tyne","E08000021","Private rented: Private landlord or letting agency","Value",25300
"Newcastle upon Tyne","E08000021","Private rented: Other private rented","Value",2678
"Newcastle upon Tyne","E08000021","Lives rent free","Value",287
"North Tyneside","E08000022","Total: All households","Value",96232
"North Tyneside","E08000022","Owned: Owns outright","Value",31038
"North Tyneside","E08000022","Owned: Owns with a mortgage or loan","Value",30233
"North Tyneside","E08000022","Shared ownership: Shared ownership","Value",504
"North Tyneside","E08000022","Social rented: Rents from council or Local Authority","Value",14069
"North Tyneside","E08000022","Social rented: Other social rented","Value",5696
"North Tyneside","E08000022","Private rented: Private landlord or letting agency","Value",12755
"North Tyneside","E08000022","Private rented: Other private rented","Value",1870
"North Tyneside","E08000022","Lives rent free","Value",67
"South Tyneside","E08000023","Total: All households","Value",68288
"South Tyneside","E08000023","Owned: Owns outright","Value",20503
"South Tyneside","E08000023","Owned: Owns with a mortgage or loan","Value",18152
"South Tyneside","E08000023","Shared ownership: Shared ownership","Value",336
"South Tyneside","E08000023","Social rented: Rents from council or Local Authority","Value",15720
"South Tyneside","E08000023","Social rented: Other social rented","Value",4488
"South Tyneside","E08000023","Private rented: Private landlord or letting agency","Value",7742
"South Tyneside","E08000023","Private rented: Other private rented","Value",1283
"South Tyneside","E08000023","Lives rent free","Value",64
"Sunderland","E08000024","Total: All households","Value",122177
"Sunderland","E08000024","Owned: Owns outright","Value",38312
"Sunderland","E08000024","Owned: Owns with a mortgage or loan","Value",32680
"Sunderland","E08000024","Shared ownership: Shared ownership","Value",484
"Sunderland","E08000024","Social rented: Rents from council or Local Authority","Value",13760
"Sunderland","E08000024","Social rented: Other social rented","Value",18794
"Sunderland","E08000024","Private rented: Private landlord or letting agency","Value",15827
"Sunderland","E08000024","Private rented: Other private rented","Value",2269
"Sunderland","E08000024","Lives rent free","Value",51
"Gateshead","E08000037","Total: All households","Value",88999
"Gateshead","E08000037","Owned: Owns outright","Value",27161
"Gateshead","E08000037","Owned: Owns with a mortgage or loan","Value",24448
"Gateshead","E08000037","Shared ownership: Shared ownership","Value",350
"Gateshead","E08000037","Social rented: Rents from council or Local Authority","Value",17308
"Gateshead","E08000037","Social rented: Other social rented","Value",5026
"Gateshead","E08000037","Private rented: Private landlord or letting agency","Value",12920
"Gateshead","E08000037","Private rented: Other private rented","Value",1664
"Gateshead","E08000037","Lives rent free","Value",122
"Halton","E06000006","Total: All households","Value",55951
"Halton","E06000006","Owned: Owns outright","Value",17096
"Halton","E06000006","Owned: Owns with a mortgage or loan","Value",16744
"Halton","E06000006","Shared ownership: Shared ownership","Value",429
"Halton","E06000006","Social rented: Rents from council or Local Authority","Value",2898
"Halton","E06000006","Social rented: Other social rented","Value",10721
"Halton","E06000006","Private rented: Private landlord or letting agency","Value",7088
"Halton","E06000006","Private rented: Other private rented","Value",930
"Halton","E06000006","Lives rent free","Value",45
"Warrington","E06000007","Total: All households","Value",90538
"Warrington","E06000007","Owned: Owns outright","Value",31939
"Warrington","E06000007","Owned: Owns with a mortgage or loan","Value",30246
"Warrington","E06000007","Shared ownership: Shared ownership","Value",686
"Warrington","E06000007","Social rented: Rents from council or Local Authority","Value",4982
"Warrington","E06000007","Social rented: Other social rented","Value",8860
"Warrington","E06000007","Private rented: Private landlord or letting agency","Value",12193
"Warrington","E06000007","Private rented: Other private rented","Value",1580
"Warrington","E06000007","Lives rent free","Value",52
"Blackburn with Darwen","E06000008","Total: All households","Value",58767
"Blackburn with Darwen","E06000008","Owned: Owns outright","Value",19573
"Blackburn with Darwen","E06000008","Owned: Owns with a mortgage or loan","Value",15958
"Blackburn with Darwen","E06000008","Shared ownership: Shared ownership","Value",308
"Blackburn with Darwen","E06000008","Social rented: Rents from council or Local Authority","Value",2718
"Blackburn with Darwen","E06000008","Social rented: Other social rented","Value",8313
"Blackburn with Darwen","E06000008","Private rented: Private landlord or letting agency","Value",10290
"Blackburn with Darwen","E06000008","Private rented: Other private rented","Value",1560
"Blackburn with Darwen","E06000008","Lives rent free","Value",47
"Blackpool","E06000009","Total: All households","Value",64783
"Blackpool","E06000009","Owned: Owns outright","Value",20348
"Blackpool","E06000009","Owned: Owns with a mortgage or loan","Value",16886
"Blackpool","E06000009","Shared ownership: Shared ownership","Value",213
"Blackpool","E06000009","Social rented: Rents from council or Local Authority","Value",3947
"Blackpool","E06000009","Social rented: Other social rented","Value",2753
"Blackpool","E06000009","Private rented: Private landlord or letting agency","Value",18843
"Blackpool","E06000009","Private rented: Other private rented","Value",1726
"Blackpool","E06000009","Lives rent free","Value",67
"Cheshire East","E06000049","Total: All households","Value",174854
"Cheshire East","E06000049","Owned: Owns outright","Value",69191
"Cheshire East","E06000049","Owned: Owns with a mortgage or loan","Value",56455
"Cheshire East","E06000049","Shared ownership: Shared ownership","Value",1772
"Cheshire East","E06000049","Social rented: Rents from council or Local Authority","Value",4659
"Cheshire East","E06000049","Social rented: Other social rented","Value",15584
"Cheshire East","E06000049","Private rented: Private landlord or letting agency","Value",23868
"Cheshire East","E06000049","Private rented: Other private rented","Value",3246
"Cheshire East","E06000049","Lives rent free","Value",79
"Cheshire West and Chester","E06000050","Total: All households","Value",155154
"Cheshire West and Chester","E06000050","Owned: Owns outright","Value",57620
"Cheshire West and Chester","E06000050","Owned: Owns with a mortgage or loan","Value",48336
"Cheshire West and Chester","E06000050","Shared ownership: Shared ownership","Value",1945
"Cheshire West and Chester","E06000050","Social rented: Rents from council or Local Authority","Value",9412
"Cheshire West and Chester","E06000050","Social rented: Other social rented","Value",13298
"Cheshire West and Chester","E06000050","Private rented: Private landlord or letting agency","Value",21291
"Cheshire West and Chester","E06000050","Private rented: Other private rented","Value",3093
"Cheshire West and Chester","E06000050","Lives rent free","Value",159
"Cumberland","E06000063","Total: All households","Value",125424
"Cumberland","E06000063","Owned: Owns outright","Value",51185
"Cumberland","E06000063","Owned: Owns with a mortgage or loan","Value",34745
"Cumberland","E06000063","Shared ownership: Shared ownership","Value",758
"Cumberland","E06000063","Social rented: Rents from council or Local Authority","Value",4133
"Cumberland","E06000063","Social rented: Other social rented","Value",16881
"Cumberland","E06000063","Private rented: Private landlord or letting agency","Value",14654
"Cumberland","E06000063","Private rented: Other private rented","Value",3008
"Cumberland","E06000063","Lives rent free","Value",60
"Westmorland and Furness","E06000064","Total: All households","Value",103529
"Westmorland and Furness","E06000064","Owned: Owns outright","Value",46305
"Westmorland and Furness","E06000064","Owned: Owns with a mortgage or loan","Value",27786
"Westmorland and Furness","E06000064","Shared ownership: Shared ownership","Value",586
"Westmorland and Furness","E06000064","Social rented: Rents from council or Local Authority","Value",4988
"Westmorland and Furness","E06000064","Social rented: Other social rented","Value",6117
"Westmorland and Furness","E06000064","Private rented: Private landlord or letting agency","Value",14635
"Westmorland and Furness","E06000064","Private rented: Other private rented","Value",3050
"Westmorland and Furness","E06000064","Lives rent free","Value",62
"Burnley","E07000117","Total: All households","Value",39871
"Burnley","E07000117","Owned: Owns outright","Value",13051
"Burnley","E07000117","Owned: Owns with a mortgage or loan","Value",10785
"Burnley","E07000117","Shared ownership: Shared ownership","Value",91
"Burnley","E07000117","Social rented: Rents from council or Local Authority","Value",1747
"Burnley","E07000117","Social rented: Other social rented","Value",4462
"Burnley","E07000117","Private rented: Private landlord or letting agency","Value",8621
"Burnley","E07000117","Private rented: Other private rented","Value",1075
"Burnley","E07000117","Lives rent free","Value",39
"Chorley","E07000118","Total: All households","Value",50135
"Chorley","E07000118","Owned: Owns outright","Value",18558
"Chorley","E07000118","Owned: Owns with a mortgage or loan","Value",17598
"Chorley","E07000118","Shared ownership: Shared ownership","Value",358
"Chorley","E07000118","Social rented: Rents from council or Local Authority","Value",1218
"Chorley","E07000118","Social rented: Other social rented","Value",5419
"Chorley","E07000118","Private rented: Private landlord or letting agency","Value",6056
"Chorley","E07000118","Private rented: Other private rented","Value",908
"Chorley","E07000118","Lives rent free","Value",20
"Fylde","E07000119","Total: All households","Value",37606
"Fylde","E07000119","Owned: Owns outright","Value",16369
"Fylde","E07000119","Owned: Owns with a mortgage or loan","Value",10575
"Fylde","E07000119","Shared ownership: Shared ownership","Value",288
"Fylde","E07000119","Social rented: Rents from council or Local Authority","Value",404
"Fylde","E07000119","Social rented: Other social rented","Value",2730
"Fylde","E07000119","Private rented: Private landlord or letting agency","Value",6239
"Fylde","E07000119","Private rented: Other private rented","Value",991
"Fylde","E07000119","Lives rent free","Value",10
"Hyndburn","E07000120","Total: All households","Value",34790
"Hyndburn","E07000120","Owned: Owns outright","Value",11917
"Hyndburn","E07000120","Owned: Owns with a mortgage or loan","Value",10027
"Hyndburn","E07000120","Shared ownership: Shared ownership","Value",80
"Hyndburn","E07000120","Social rented: Rents from council or Local Authority","Value",1222
"Hyndburn","E07000120","Social rented: Other social rented","Value",3489
"Hyndburn","E07000120","Private rented: Private landlord or letting agency","Value",7088
"Hyndburn","E07000120","Private rented: Other private rented","Value",947
"Hyndburn","E07000120","Lives rent free","Value",20
"Lancaster","E07000121","Total: All households","Value",59978
"Lancaster","E07000121","Owned: Owns outright","Value",23152
"Lancaster","E07000121","Owned: Owns with a mortgage or loan","Value",17114
"Lancaster","E07000121","Shared ownership: Shared ownership","Value",488
"Lancaster","E07000121","Social rented: Rents from council or Local Authority","Value",3384
"Lancaster","E07000121","Social rented: Other social rented","Value",2769
"Lancaster","E07000121","Private rented: Private landlord or letting agency","Value",11460
"Lancaster","E07000121","Private rented: Other private rented","Value",1569
"Lancaster","E07000121","Lives rent free","Value",42
"Pendle","E07000122","Total: All households","Value",38066
"Pendle","E07000122","Owned: Owns outright","Value",14127
"Pendle","E07000122","Owned: Owns with a mortgage or loan","Value",10599
"Pendle","E07000122","Shared ownership: Shared ownership","Value",77
"Pendle","E07000122","Social rented: Rents from council or Local Authority","Value",1421
"Pendle","E07000122","Social rented: Other social rented","Value",3070
"Pendle","E07000122","Private rented: Private landlord or letting agency","Value",7622
"Pendle","E07000122","Private rented: Other private rented","Value",1119
"Pendle","E07000122","Lives rent free","Value",31
"Preston","E07000123","Total: All households","Value",59607
"Preston","E07000123","Owned: Owns outright","Value",18219
"Preston","E07000123","Owned: Owns with a mortgage or loan","Value",16524
"Preston","E07000123","Shared ownership: Shared ownership","Value",511
"Preston","E07000123","Social rented: Rents from council or Local Authority","Value",1882
"Preston","E07000123","Social rented: Other social rented","Value",9101
"Preston","E07000123","Private rented: Private landlord or letting agency","Value",11923
"Preston","E07000123","Private rented: Other private rented","Value",1410
"Preston","E07000123","Lives rent free","Value",37
"Ribble Valley","E07000124","Total: All households","Value",26747
"Ribble Valley","E07000124","Owned: Owns outright","Value",11654
"Ribble Valley","E07000124","Owned: Owns with a mortgage or loan","Value",8533
"Ribble Valley","E07000124","Shared ownership: Shared ownership","Value",405
"Ribble Valley","E07000124","Social rented: Rents from council or Local Authority","Value",292
"Ribble Valley","E07000124","Social rented: Other social rented","Value",1859
"Ribble Valley","E07000124","Private rented: Private landlord or letting agency","Value",3273
"Ribble Valley","E07000124","Private rented: Other private rented","Value",730
"Ribble Valley","E07000124","Lives rent free","Value",1
"Rossendale","E07000125","Total: All households","Value",30561
"Rossendale","E07000125","Owned: Owns outright","Value",10560
"Rossendale","E07000125","Owned: Owns with a mortgage or loan","Value",10190
"Rossendale","E07000125","Shared ownership: Shared ownership","Value",72
"Rossendale","E07000125","Social rented: Rents from council or Local Authority","Value",1186
"Rossendale","E07000125","Social rented: Other social rented","Value",3328
"Rossendale","E07000125","Private rented: Private landlord or letting agency","Value",4459
"Rossendale","E07000125","Private rented: Other private rented","Value",748
"Rossendale","E07000125","Lives rent free","Value",18
"South Ribble","E07000126","Total: All households","Value",48585
"South Ribble","E07000126","Owned: Owns outright","Value",19428
"South Ribble","E07000126","Owned: Owns with a mortgage or loan","Value",17519
"South Ribble","E07000126","Shared ownership: Shared ownership","Value",376
"South Ribble","E07000126","Social rented: Rents from council or Local Authority","Value",496
"South Ribble","E07000126","Social rented: Other social rented","Value",4543
"South Ribble","E07000126","Private rented: Private landlord or letting agency","Value",5339
"South Ribble","E07000126","Private rented: Other private rented","Value",878
"South Ribble","E07000126","Lives rent free","Value",6
"West Lancashire","E07000127","Total: All households","Value",48534
"West Lancashire","E07000127","Owned: Owns outright","Value",18987
"West Lancashire","E07000127","Owned: Owns with a mortgage or loan","Value",15337
"West Lancashire","E07000127","Shared ownership: Shared ownership","Value",443
"West Lancashire","E07000127","Social rented: Rents from council or Local Authority","Value",5517
"West Lancashire","E07000127","Social rented: Other social rented","Value",1441
"West Lancashire","E07000127","Private rented: Private landlord or letting agency","Value",5754
"West Lancashire","E07000127","Private rented: Other private rented","Value",968
"West Lancashire","E07000127","Lives rent free","Value",87
"Wyre","E07000128","Total: All households","Value",50769
"Wyre","E07000128","Owned: Owns outright","Value",22699
"Wyre","E07000128","Owned: Owns with a mortgage or loan","Value",14539
"Wyre","E07000128","Shared ownership: Shared ownership","Value",407
"Wyre","E07000128","Social rented: Rents from council or Local Authority","Value",544
"Wyre","E07000128","Social rented: Other social rented","Value",3327
"Wyre","E07000128","Private rented: Private landlord or letting agency","Value",8064
"Wyre","E07000128","Private rented: Other private rented","Value",1177
"Wyre","E07000128","Lives rent free","Value",12
"Bolton","E08000001","Total: All households","Value",118790
"Bolton","E08000001","Owned: Owns outright","Value",39475
"Bolton","E08000001","Owned: Owns with a mortgage or loan","Value",33608
"Bolton","E08000001","Shared ownership: Shared ownership","Value",493
"Bolton","E08000001","Social rented: Rents from council or Local Authority","Value",12540
"Bolton","E08000001","Social rented: Other social rented","Value",11015
"Bolton","E08000001","Private rented: Private landlord or letting agency","Value",18776
"Bolton","E08000001","Private rented: Other private rented","Value",2596
"Bolton","E08000001","Lives rent free","Value",287
"Bury","E08000002","Total: All households","Value",80696
"Bury","E08000002","Owned: Owns outright","Value",27752
"Bury","E08000002","Owned: Owns with a mortgage or loan","Value",26240
"Bury","E08000002","Shared ownership: Shared ownership","Value",292
"Bury","E08000002","Social rented: Rents from council or Local Authority","Value",6718
"Bury","E08000002","Social rented: Other social rented","Value",5326
"Bury","E08000002","Private rented: Private landlord or letting agency","Value",12628
"Bury","E08000002","Private rented: Other private rented","Value",1621
"Bury","E08000002","Lives rent free","Value",119
"Manchester","E08000003","Total: All households","Value",214730
"Manchester","E08000003","Owned: Owns outright","Value",35423
"Manchester","E08000003","Owned: Owns with a mortgage or loan","Value",44502
"Manchester","E08000003","Shared ownership: Shared ownership","Value",1679
"Manchester","E08000003","Social rented: Rents from council or Local Authority","Value",24419
"Manchester","E08000003","Social rented: Other social rented","Value",38857
"Manchester","E08000003","Private rented: Private landlord or letting agency","Value",65041
"Manchester","E08000003","Private rented: Other private rented","Value",4362
"Manchester","E08000003","Lives rent free","Value",447
"Oldham","E08000004","Total: All households","Value",93140
"Oldham","E08000004","Owned: Owns outright","Value",29384
"Oldham","E08000004","Owned: Owns with a mortgage or loan","Value",26845
"Oldham","E08000004","Shared ownership: Shared ownership","Value",412
"Oldham","E08000004","Social rented: Rents from council or Local Authority","Value",7572
"Oldham","E08000004","Social rented: Other social rented","Value",12188
"Oldham","E08000004","Private rented: Private landlord or letting agency","Value",14253
"Oldham","E08000004","Private rented: Other private rented","Value",2245
"Oldham","E08000004","Lives rent free","Value",241
"Rochdale","E08000005","Total: All households","Value",90222
"Rochdale","E08000005","Owned: Owns outright","Value",27411
"Rochdale","E08000005","Owned: Owns with a mortgage or loan","Value",26966
"Rochdale","E08000005","Shared ownership: Shared ownership","Value",342
"Rochdale","E08000005","Social rented: Rents from council or Local Authority","Value",9972
"Rochdale","E08000005","Social rented: Other social rented","Value",8843
"Rochdale","E08000005","Private rented: Private landlord or letting agency","Value",14535
"Rochdale","E08000005","Private rented: Other private rented","Value",1968
"Rochdale","E08000005","Lives rent free","Value",185
"Salford","E08000006","Total: All households","Value",115117
"Salford","E08000006","Owned: Owns outright","Value",25294
"Salford","E08000006","Owned: Owns with a mortgage or loan","Value",28774
"Salford","E08000006","Shared ownership: Shared ownership","Value",646
"Salford","E08000006","Social rented: Rents from council or Local Authority","Value",13599
"Salford","E08000006","Social rented: Other social rented","Value",15628
"Salford","E08000006","Private rented: Private landlord or letting agency","Value",28651
"Salford","E08000006","Private rented: Other private rented","Value",2202
"Salford","E08000006","Lives rent free","Value",323
"Stockport","E08000007","Total: All households","Value",126648
"Stockport","E08000007","Owned: Owns outright","Value",46498
"Stockport","E08000007","Owned: Owns with a mortgage or loan","Value",43527
"Stockport","E08000007","Shared ownership: Shared ownership","Value",1486
"Stockport","E08000007","Social rented: Rents from council or Local Authority","Value",9880
"Stockport","E08000007","Social rented: Other social rented","Value",6969
"Stockport","E08000007","Private rented: Private landlord or letting agency","Value",16238
"Stockport","E08000007","Private rented: Other private rented","Value",1954
"Stockport","E08000007","Lives rent free","Value",96
"Tameside","E08000008","Total: All households","Value",99527
"Tameside","E08000008","Owned: Owns outright","Value",30363
"Tameside","E08000008","Owned: Owns with a mortgage or loan","Value",30158
"Tameside","E08000008","Shared ownership: Shared ownership","Value",320
"Tameside","E08000008","Social rented: Rents from council or Local Authority","Value",5556
"Tameside","E08000008","Social rented: Other social rented","Value",15569
"Tameside","E08000008","Private rented: Private landlord or letting agency","Value",15489
"Tameside","E08000008","Private rented: Other private rented","Value",1970
"Tameside","E08000008","Lives rent free","Value",102
"Trafford","E08000009","Total: All households","Value",96269
"Trafford","E08000009","Owned: Owns outright","Value",33149
"Trafford","E08000009","Owned: Owns with a mortgage or loan","Value",33238
"Trafford","E08000009","Shared ownership: Shared ownership","Value",654
"Trafford","E08000009","Social rented: Rents from council or Local Authority","Value",4065
"Trafford","E08000009","Social rented: Other social rented","Value",10354
"Trafford","E08000009","Private rented: Private landlord or letting agency","Value",13254
"Trafford","E08000009","Private rented: Other private rented","Value",1490
"Trafford","E08000009","Lives rent free","Value",65
"Wigan","E08000010","Total: All households","Value",143105
"Wigan","E08000010","Owned: Owns outright","Value",49212
"Wigan","E08000010","Owned: Owns with a mortgage or loan","Value",45766
"Wigan","E08000010","Shared ownership: Shared ownership","Value",655
"Wigan","E08000010","Social rented: Rents from council or Local Authority","Value",20083
"Wigan","E08000010","Social rented: Other social rented","Value",4250
"Wigan","E08000010","Private rented: Private landlord or letting agency","Value",20040
"Wigan","E08000010","Private rented: Other private rented","Value",2721
"Wigan","E08000010","Lives rent free","Value",378
"Knowsley","E08000011","Total: All households","Value",66073
"Knowsley","E08000011","Owned: Owns outright","Value",18902
"Knowsley","E08000011","Owned: Owns with a mortgage or loan","Value",20384
"Knowsley","E08000011","Shared ownership: Shared ownership","Value",543
"Knowsley","E08000011","Social rented: Rents from council or Local Authority","Value",7109
"Knowsley","E08000011","Social rented: Other social rented","Value",9578
"Knowsley","E08000011","Private rented: Private landlord or letting agency","Value",8366
"Knowsley","E08000011","Private rented: Other private rented","Value",1095
"Knowsley","E08000011","Lives rent free","Value",96
"Liverpool","E08000012","Total: All households","Value",207491
"Liverpool","E08000012","Owned: Owns outright","Value",50393
"Liverpool","E08000012","Owned: Owns with a mortgage or loan","Value",46648
"Liverpool","E08000012","Shared ownership: Shared ownership","Value",1378
"Liverpool","E08000012","Social rented: Rents from council or Local Authority","Value",9355
"Liverpool","E08000012","Social rented: Other social rented","Value",45403
"Liverpool","E08000012","Private rented: Private landlord or letting agency","Value",49950
"Liverpool","E08000012","Private rented: Other private rented","Value",4117
"Liverpool","E08000012","Lives rent free","Value",247
"St. Helens","E08000013","Total: All households","Value",81013
"St. Helens","E08000013","Owned: Owns outright","Value",28023
"St. Helens","E08000013","Owned: Owns with a mortgage or loan","Value",24026
"St. Helens","E08000013","Shared ownership: Shared ownership","Value",627
"St. Helens","E08000013","Social rented: Rents from council or Local Authority","Value",5030
"St. Helens","E08000013","Social rented: Other social rented","Value",10963
"St. Helens","E08000013","Private rented: Private landlord or letting agency","Value",10785
"St. Helens","E08000013","Private rented: Other private rented","Value",1479
"St. Helens","E08000013","Lives rent free","Value",80
"Sefton","E08000014","Total: All households","Value",123073
"Sefton","E08000014","Owned: Owns outright","Value",46426
"Sefton","E08000014","Owned: Owns with a mortgage or loan","Value",35565
"Sefton","E08000014","Shared ownership: Shared ownership","Value",845
"Sefton","E08000014","Social rented: Rents from council or Local Authority","Value",4159
"Sefton","E08000014","Social rented: Other social rented","Value",13576
"Sefton","E08000014","Private rented: Private landlord or letting agency","Value",20029
"Sefton","E08000014","Private rented: Other private rented","Value",2428
"Sefton","E08000014","Lives rent free","Value",45
"Wirral","E08000015","Total: All households","Value",143252
"Wirral","E08000015","Owned: Owns outright","Value",51333
"Wirral","E08000015","Owned: Owns with a mortgage or loan","Value",41781
"Wirral","E08000015","Shared ownership: Shared ownership","Value",887
"Wirral","E08000015","Social rented: Rents from council or Local Authority","Value",5611
"Wirral","E08000015","Social rented: Other social rented","Value",16454
"Wirral","E08000015","Private rented: Private landlord or letting agency","Value",24397
"Wirral","E08000015","Private rented: Other private rented","Value",2694
"Wirral","E08000015","Lives rent free","Value",95
"Kingston upon Hull, City of","E06000010","Total: All households","Value",115475
"Kingston upon Hull, City of","E06000010","Owned: Owns outright","Value",26695
"Kingston upon Hull, City of","E06000010","Owned: Owns with a mortgage or loan","Value",29046
"Kingston upon Hull, City of","E06000010","Shared ownership: Shared ownership","Value",585
"Kingston upon Hull, City of","E06000010","Social rented: Rents from council or Local Authority","Value",21768
"Kingston upon Hull, City of","E06000010","Social rented: Other social rented","Value",9399
"Kingston upon Hull, City of","E06000010","Private rented: Private landlord or letting agency","Value",25419
"Kingston upon Hull, City of","E06000010","Private rented: Other private rented","Value",2174
"Kingston upon Hull, City of","E06000010","Lives rent free","Value",389
"East Riding of Yorkshire","E06000011","Total: All households","Value",152066
"East Riding of Yorkshire","E06000011","Owned: Owns outright","Value",65680
"East Riding of Yorkshire","E06000011","Owned: Owns with a mortgage or loan","Value",45518
"East Riding of Yorkshire","E06000011","Shared ownership: Shared ownership","Value",634
"East Riding of Yorkshire","E06000011","Social rented: Rents from council or Local Authority","Value",10874
"East Riding of Yorkshire","E06000011","Social rented: Other social rented","Value",3406
"East Riding of Yorkshire","E06000011","Private rented: Private landlord or letting agency","Value",22171
"East Riding of Yorkshire","E06000011","Private rented: Other private rented","Value",3561
"East Riding of Yorkshire","E06000011","Lives rent free","Value",222
"North East Lincolnshire","E06000012","Total: All households","Value",69826
"North East Lincolnshire","E06000012","Owned: Owns outright","Value",24373
"North East Lincolnshire","E06000012","Owned: Owns with a mortgage or loan","Value",20211
"North East Lincolnshire","E06000012","Shared ownership: Shared ownership","Value",358
"North East Lincolnshire","E06000012","Social rented: Rents from council or Local Authority","Value",2729
"North East Lincolnshire","E06000012","Social rented: Other social rented","Value",6462
"North East Lincolnshire","E06000012","Private rented: Private landlord or letting agency","Value",14185
"North East Lincolnshire","E06000012","Private rented: Other private rented","Value",1459
"North East Lincolnshire","E06000012","Lives rent free","Value",49
"North Lincolnshire","E06000013","Total: All households","Value",73172
"North Lincolnshire","E06000013","Owned: Owns outright","Value",27829
"North Lincolnshire","E06000013","Owned: Owns with a mortgage or loan","Value",21567
"North Lincolnshire","E06000013","Shared ownership: Shared ownership","Value",204
"North Lincolnshire","E06000013","Social rented: Rents from council or Local Authority","Value",5035
"North Lincolnshire","E06000013","Social rented: Other social rented","Value",5918
"North Lincolnshire","E06000013","Private rented: Private landlord or letting agency","Value",10929
"North Lincolnshire","E06000013","Private rented: Other private rented","Value",1626
"North Lincolnshire","E06000013","Lives rent free","Value",64
"York","E06000014","Total: All households","Value",85458
"York","E06000014","Owned: Owns outright","Value",31453
"York","E06000014","Owned: Owns with a mortgage or loan","Value",24182
"York","E06000014","Shared ownership: Shared ownership","Value",719
"York","E06000014","Social rented: Rents from council or Local Authority","Value",7152
"York","E06000014","Social rented: Other social rented","Value",4772
"York","E06000014","Private rented: Private landlord or letting agency","Value",15209
"York","E06000014","Private rented: Other private rented","Value",1875
"York","E06000014","Lives rent free","Value",96
"North Yorkshire","E06000065","Total: All households","Value",274381
"North Yorkshire","E06000065","Owned: Owns outright","Value",113625
"North Yorkshire","E06000065","Owned: Owns with a mortgage or loan","Value",74473
"North Yorkshire","E06000065","Shared ownership: Shared ownership","Value",2426
"North Yorkshire","E06000065","Social rented: Rents from council or Local Authority","Value",10726
"North Yorkshire","E06000065","Social rented: Other social rented","Value",21790
"North Yorkshire","E06000065","Private rented: Private landlord or letting agency","Value",42111
"North Yorkshire","E06000065","Private rented: Other private rented","Value",9053
"North Yorkshire","E06000065","Lives rent free","Value",177
"Barnsley","E08000016","Total: All households","Value",108053
"Barnsley","E08000016","Owned: Owns outright","Value",35620
"Barnsley","E08000016","Owned: Owns with a mortgage or loan","Value",31733
"Barnsley","E08000016","Shared ownership: Shared ownership","Value",522
"Barnsley","E08000016","Social rented: Rents from council or Local Authority","Value",16772
"Barnsley","E08000016","Social rented: Other social rented","Value",4522
"Barnsley","E08000016","Private rented: Private landlord or letting agency","Value",16296
"Barnsley","E08000016","Private rented: Other private rented","Value",2273
"Barnsley","E08000016","Lives rent free","Value",315
"Doncaster","E08000017","Total: All households","Value",133480
"Doncaster","E08000017","Owned: Owns outright","Value",44881
"Doncaster","E08000017","Owned: Owns with a mortgage or loan","Value",39002
"Doncaster","E08000017","Shared ownership: Shared ownership","Value",563
"Doncaster","E08000017","Social rented: Rents from council or Local Authority","Value",18396
"Doncaster","E08000017","Social rented: Other social rented","Value",4298
"Doncaster","E08000017","Private rented: Private landlord or letting agency","Value",22953
"Doncaster","E08000017","Private rented: Other private rented","Value",2988
"Doncaster","E08000017","Lives rent free","Value",399
"Rotherham","E08000018","Total: All households","Value",113926
"Rotherham","E08000018","Owned: Owns outright","Value",38318
"Rotherham","E08000018","Owned: Owns with a mortgage or loan","Value",34178
"Rotherham","E08000018","Shared ownership: Shared ownership","Value",467
"Rotherham","E08000018","Social rented: Rents from council or Local Authority","Value",18981
"Rotherham","E08000018","Social rented: Other social rented","Value",4564
"Rotherham","E08000018","Private rented: Private landlord or letting agency","Value",14651
"Rotherham","E08000018","Private rented: Other private rented","Value",2384
"Rotherham","E08000018","Lives rent free","Value",383
"Sheffield","E08000019","Total: All households","Value",231948
"Sheffield","E08000019","Owned: Owns outright","Value",71903
"Sheffield","E08000019","Owned: Owns with a mortgage or loan","Value",63274
"Sheffield","E08000019","Shared ownership: Shared ownership","Value",776
"Sheffield","E08000019","Social rented: Rents from council or Local Authority","Value",36110
"Sheffield","E08000019","Social rented: Other social rented","Value",16224
"Sheffield","E08000019","Private rented: Private landlord or letting agency","Value",38976
"Sheffield","E08000019","Private rented: Other private rented","Value",4448
"Sheffield","E08000019","Lives rent free","Value",237
"Bradford","E08000032","Total: All households","Value",209867
"Bradford","E08000032","Owned: Owns outright","Value",66875
"Bradford","E08000032","Owned: Owns with a mortgage or loan","Value",62698
"Bradford","E08000032","Shared ownership: Shared ownership","Value",1043
"Bradford","E08000032","Social rented: Rents from council or Local Authority","Value",11798
"Bradford","E08000032","Social rented: Other social rented","Value",18933
"Bradford","E08000032","Private rented: Private landlord or letting agency","Value",42709
"Bradford","E08000032","Private rented: Other private rented","Value",5569
"Bradford","E08000032","Lives rent free","Value",242
"Calderdale","E08000033","Total: All households","Value",90476
"Calderdale","E08000033","Owned: Owns outright","Value",31269
"Calderdale","E08000033","Owned: Owns with a mortgage or loan","Value",27170
"Calderdale","E08000033","Shared ownership: Shared ownership","Value",366
"Calderdale","E08000033","Social rented: Rents from council or Local Authority","Value",3793
"Calderdale","E08000033","Social rented: Other social rented","Value",9377
"Calderdale","E08000033","Private rented: Private landlord or letting agency","Value",16210
"Calderdale","E08000033","Private rented: Other private rented","Value",2227
"Calderdale","E08000033","Lives rent free","Value",64
"Kirklees","E08000034","Total: All households","Value",177989
"Kirklees","E08000034","Owned: Owns outright","Value",62352
"Kirklees","E08000034","Owned: Owns with a mortgage or loan","Value",54256
"Kirklees","E08000034","Shared ownership: Shared ownership","Value",676
"Kirklees","E08000034","Social rented: Rents from council or Local Authority","Value",19678
"Kirklees","E08000034","Social rented: Other social rented","Value",6610
"Kirklees","E08000034","Private rented: Private landlord or letting agency","Value",29858
"Kirklees","E08000034","Private rented: Other private rented","Value",4084
"Kirklees","E08000034","Lives rent free","Value",475
"Leeds","E08000035","Total: All households","Value",341466
"Leeds","E08000035","Owned: Owns outright","Value",95452
"Leeds","E08000035","Owned: Owns with a mortgage or loan","Value",99132
"Leeds","E08000035","Shared ownership: Shared ownership","Value",1947
"Leeds","E08000035","Social rented: Rents from council or Local Authority","Value",51716
"Leeds","E08000035","Social rented: Other social rented","Value",18026
"Leeds","E08000035","Private rented: Private landlord or letting agency","Value",68197
"Leeds","E08000035","Private rented: Other private rented","Value",6205
"Leeds","E08000035","Lives rent free","Value",791
"Wakefield","E08000036","Total: All households","Value",153075
"Wakefield","E08000036","Owned: Owns outright","Value",48566
"Wakefield","E08000036","Owned: Owns with a mortgage or loan","Value",47260
"Wakefield","E08000036","Shared ownership: Shared ownership","Value",1200
"Wakefield","E08000036","Social rented: Rents from council or Local Authority","Value",22323
"Wakefield","E08000036","Social rented: Other social rented","Value",10865
"Wakefield","E08000036","Private rented: Private landlord or letting agency","Value",19969
"Wakefield","E08000036","Private rented: Other private rented","Value",2785
"Wakefield","E08000036","Lives rent free","Value",107
"Derby","E06000015","Total: All households","Value",105651
"Derby","E06000015","Owned: Owns outright","Value",33384
"Derby","E06000015","Owned: Owns with a mortgage or loan","Value",28985
"Derby","E06000015","Shared ownership: Shared ownership","Value",790
"Derby","E06000015","Social rented: Rents from council or Local Authority","Value",11713
"Derby","E06000015","Social rented: Other social rented","Value",8138
"Derby","E06000015","Private rented: Private landlord or letting agency","Value",20395
"Derby","E06000015","Private rented: Other private rented","Value",2058
"Derby","E06000015","Lives rent free","Value",188
"Leicester","E06000016","Total: All households","Value",127389
"Leicester","E06000016","Owned: Owns outright","Value",31324
"Leicester","E06000016","Owned: Owns with a mortgage or loan","Value",28106
"Leicester","E06000016","Shared ownership: Shared ownership","Value",662
"Leicester","E06000016","Social rented: Rents from council or Local Authority","Value",18748
"Leicester","E06000016","Social rented: Other social rented","Value",10747
"Leicester","E06000016","Private rented: Private landlord or letting agency","Value",34549
"Leicester","E06000016","Private rented: Other private rented","Value",2888
"Leicester","E06000016","Lives rent free","Value",365
"Rutland","E06000017","Total: All households","Value",16691
"Rutland","E06000017","Owned: Owns outright","Value",7286
"Rutland","E06000017","Owned: Owns with a mortgage or loan","Value",4555
"Rutland","E06000017","Shared ownership: Shared ownership","Value",233
"Rutland","E06000017","Social rented: Rents from council or Local Authority","Value",310
"Rutland","E06000017","Social rented: Other social rented","Value",1509
"Rutland","E06000017","Private rented: Private landlord or letting agency","Value",2082
"Rutland","E06000017","Private rented: Other private rented","Value",708
"Rutland","E06000017","Lives rent free","Value",8
"Nottingham","E06000018","Total: All households","Value",124743
"Nottingham","E06000018","Owned: Owns outright","Value",27940
"Nottingham","E06000018","Owned: Owns with a mortgage or loan","Value",28375
"Nottingham","E06000018","Shared ownership: Shared ownership","Value",609
"Nottingham","E06000018","Social rented: Rents from council or Local Authority","Value",22854
"Nottingham","E06000018","Social rented: Other social rented","Value",8942
"Nottingham","E06000018","Private rented: Private landlord or letting agency","Value",33039
"Nottingham","E06000018","Private rented: Other private rented","Value",2649
"Nottingham","E06000018","Lives rent free","Value",335
"North Northamptonshire","E06000061","Total: All households","Value",148918
"North Northamptonshire","E06000061","Owned: Owns outright","Value",47617
"North Northamptonshire","E06000061","Owned: Owns with a mortgage or loan","Value",49245
"North Northamptonshire","E06000061","Shared ownership: Shared ownership","Value",1760
"North Northamptonshire","E06000061","Social rented: Rents from council or Local Authority","Value",10410
"North Northamptonshire","E06000061","Social rented: Other social rented","Value",12261
"North Northamptonshire","E06000061","Private rented: Private landlord or letting agency","Value",24645
"North Northamptonshire","E06000061","Private rented: Other private rented","Value",2810
"North Northamptonshire","E06000061","Lives rent free","Value",170
"West Northamptonshire","E06000062","Total: All households","Value",172639
"West Northamptonshire","E06000062","Owned: Owns outright","Value",53782
"West Northamptonshire","E06000062","Owned: Owns with a mortgage or loan","Value",58173
"West Northamptonshire","E06000062","Shared ownership: Shared ownership","Value",2647
"West Northamptonshire","E06000062","Social rented: Rents from council or Local Authority","Value",12035
"West Northamptonshire","E06000062","Social rented: Other social rented","Value",12776
"West Northamptonshire","E06000062","Private rented: Private landlord or letting agency","Value",29463
"West Northamptonshire","E06000062","Private rented: Other private rented","Value",3537
"West Northamptonshire","E06000062","Lives rent free","Value",226
"Amber Valley","E07000032","Total: All households","Value",56277
"Amber Valley","E07000032","Owned: Owns outright","Value",23051
"Amber Valley","E07000032","Owned: Owns with a mortgage or loan","Value",17474
"Amber Valley","E07000032","Shared ownership: Shared ownership","Value",297
"Amber Valley","E07000032","Social rented: Rents from council or Local Authority","Value",2302
"Amber Valley","E07000032","Social rented: Other social rented","Value",4867
"Amber Valley","E07000032","Private rented: Private landlord or letting agency","Value",7174
"Amber Valley","E07000032","Private rented: Other private rented","Value",1061
"Amber Valley","E07000032","Lives rent free","Value",51
"Bolsover","E07000033","Total: All households","Value",35262
"Bolsover","E07000033","Owned: Owns outright","Value",12391
"Bolsover","E07000033","Owned: Owns with a mortgage or loan","Value",10873
"Bolsover","E07000033","Shared ownership: Shared ownership","Value",117
"Bolsover","E07000033","Social rented: Rents from council or Local Authority","Value",4647
"Bolsover","E07000033","Social rented: Other social rented","Value",1115
"Bolsover","E07000033","Private rented: Private landlord or letting agency","Value",5373
"Bolsover","E07000033","Private rented: Other private rented","Value",683
"Bolsover","E07000033","Lives rent free","Value",63
"Chesterfield","E07000034","Total: All households","Value",48058
"Chesterfield","E07000034","Owned: Owns outright","Value",17249
"Chesterfield","E07000034","Owned: Owns with a mortgage or loan","Value",12824
"Chesterfield","E07000034","Shared ownership: Shared ownership","Value",158
"Chesterfield","E07000034","Social rented: Rents from council or Local Authority","Value",8428
"Chesterfield","E07000034","Social rented: Other social rented","Value",1539
"Chesterfield","E07000034","Private rented: Private landlord or letting agency","Value",6882
"Chesterfield","E07000034","Private rented: Other private rented","Value",899
"Chesterfield","E07000034","Lives rent free","Value",79
"Derbyshire Dales","E07000035","Total: All households","Value",32283
"Derbyshire Dales","E07000035","Owned: Owns outright","Value",15405
"Derbyshire Dales","E07000035","Owned: Owns with a mortgage or loan","Value",7824
"Derbyshire Dales","E07000035","Shared ownership: Shared ownership","Value",319
"Derbyshire Dales","E07000035","Social rented: Rents from council or Local Authority","Value",942
"Derbyshire Dales","E07000035","Social rented: Other social rented","Value",3133
"Derbyshire Dales","E07000035","Private rented: Private landlord or letting agency","Value",3731
"Derbyshire Dales","E07000035","Private rented: Other private rented","Value",919
"Derbyshire Dales","E07000035","Lives rent free","Value",10
"Erewash","E07000036","Total: All households","Value",50336
"Erewash","E07000036","Owned: Owns outright","Value",18887
"Erewash","E07000036","Owned: Owns with a mortgage or loan","Value",16285
"Erewash","E07000036","Shared ownership: Shared ownership","Value",265
"Erewash","E07000036","Social rented: Rents from council or Local Authority","Value",1775
"Erewash","E07000036","Social rented: Other social rented","Value",4623
"Erewash","E07000036","Private rented: Private landlord or letting agency","Value",7518
"Erewash","E07000036","Private rented: Other private rented","Value",952
"Erewash","E07000036","Lives rent free","Value",31
"High Peak","E07000037","Total: All households","Value",40772
"High Peak","E07000037","Owned: Owns outright","Value",16367
"High Peak","E07000037","Owned: Owns with a mortgage or loan","Value",12562
"High Peak","E07000037","Shared ownership: Shared ownership","Value",284
"High Peak","E07000037","Social rented: Rents from council or Local Authority","Value",3610
"High Peak","E07000037","Social rented: Other social rented","Value",1347
"High Peak","E07000037","Private rented: Private landlord or letting agency","Value",5633
"High Peak","E07000037","Private rented: Other private rented","Value",912
"High Peak","E07000037","Lives rent free","Value",57
"North East Derbyshire","E07000038","Total: All households","Value",45987
"North East Derbyshire","E07000038","Owned: Owns outright","Value",18959
"North East Derbyshire","E07000038","Owned: Owns with a mortgage or loan","Value",13467
"North East Derbyshire","E07000038","Shared ownership: Shared ownership","Value",270
"North East Derbyshire","E07000038","Social rented: Rents from council or Local Authority","Value",7020
"North East Derbyshire","E07000038","Social rented: Other social rented","Value",1577
"North East Derbyshire","E07000038","Private rented: Private landlord or letting agency","Value",3841
"North East Derbyshire","E07000038","Private rented: Other private rented","Value",767
"North East Derbyshire","E07000038","Lives rent free","Value",86
"South Derbyshire","E07000039","Total: All households","Value",45239
"South Derbyshire","E07000039","Owned: Owns outright","Value",16388
"South Derbyshire","E07000039","Owned: Owns with a mortgage or loan","Value",17321
"South Derbyshire","E07000039","Shared ownership: Shared ownership","Value",368
"South Derbyshire","E07000039","Social rented: Rents from council or Local Authority","Value",2780
"South Derbyshire","E07000039","Social rented: Other social rented","Value",1686
"South Derbyshire","E07000039","Private rented: Private landlord or letting agency","Value",5836
"South Derbyshire","E07000039","Private rented: Other private rented","Value",812
"South Derbyshire","E07000039","Lives rent free","Value",48
"Blaby","E07000129","Total: All households","Value",42575
"Blaby","E07000129","Owned: Owns outright","Value",17012
"Blaby","E07000129","Owned: Owns with a mortgage or loan","Value",16150
"Blaby","E07000129","Shared ownership: Shared ownership","Value",459
"Blaby","E07000129","Social rented: Rents from council or Local Authority","Value",482
"Blaby","E07000129","Social rented: Other social rented","Value",3015
"Blaby","E07000129","Private rented: Private landlord or letting agency","Value",4761
"Blaby","E07000129","Private rented: Other private rented","Value",688
"Blaby","E07000129","Lives rent free","Value",8
"Charnwood","E07000130","Total: All households","Value",73785
"Charnwood","E07000130","Owned: Owns outright","Value",27619
"Charnwood","E07000130","Owned: Owns with a mortgage or loan","Value",23916
"Charnwood","E07000130","Shared ownership: Shared ownership","Value",738
"Charnwood","E07000130","Social rented: Rents from council or Local Authority","Value",4921
"Charnwood","E07000130","Social rented: Other social rented","Value",3711
"Charnwood","E07000130","Private rented: Private landlord or letting agency","Value",11541
"Charnwood","E07000130","Private rented: Other private rented","Value",1273
"Charnwood","E07000130","Lives rent free","Value",66
"Harborough","E07000131","Total: All households","Value",40414
"Harborough","E07000131","Owned: Owns outright","Value",16484
"Harborough","E07000131","Owned: Owns with a mortgage or loan","Value",14148
"Harborough","E07000131","Shared ownership: Shared ownership","Value",805
"Harborough","E07000131","Social rented: Rents from council or Local Authority","Value",405
"Harborough","E07000131","Social rented: Other social rented","Value",3126
"Harborough","E07000131","Private rented: Private landlord or letting agency","Value",4687
"Harborough","E07000131","Private rented: Other private rented","Value",752
"Harborough","E07000131","Lives rent free","Value",7
"Hinckley and Bosworth","E07000132","Total: All households","Value",49445
"Hinckley and Bosworth","E07000132","Owned: Owns outright","Value",19715
"Hinckley and Bosworth","E07000132","Owned: Owns with a mortgage or loan","Value",17074
"Hinckley and Bosworth","E07000132","Shared ownership: Shared ownership","Value",451
"Hinckley and Bosworth","E07000132","Social rented: Rents from council or Local Authority","Value",3005
"Hinckley and Bosworth","E07000132","Social rented: Other social rented","Value",2044
"Hinckley and Bosworth","E07000132","Private rented: Private landlord or letting agency","Value",6199
"Hinckley and Bosworth","E07000132","Private rented: Other private rented","Value",915
"Hinckley and Bosworth","E07000132","Lives rent free","Value",42
"Melton","E07000133","Total: All households","Value",22599
"Melton","E07000133","Owned: Owns outright","Value",9160
"Melton","E07000133","Owned: Owns with a mortgage or loan","Value",6871
"Melton","E07000133","Shared ownership: Shared ownership","Value",249
"Melton","E07000133","Social rented: Rents from council or Local Authority","Value",1641
"Melton","E07000133","Social rented: Other social rented","Value",775
"Melton","E07000133","Private rented: Private landlord or letting agency","Value",3382
"Melton","E07000133","Private rented: Other private rented","Value",499
"Melton","E07000133","Lives rent free","Value",22
"North West Leicestershire","E07000134","Total: All households","Value",44974
"North West Leicestershire","E07000134","Owned: Owns outright","Value",16599
"North West Leicestershire","E07000134","Owned: Owns with a mortgage or loan","Value",15690
"North West Leicestershire","E07000134","Shared ownership: Shared ownership","Value",479
"North West Leicestershire","E07000134","Social rented: Rents from council or Local Authority","Value",4066
"North West Leicestershire","E07000134","Social rented: Other social rented","Value",2023
"North West Leicestershire","E07000134","Private rented: Private landlord or letting agency","Value",5385
"North West Leicestershire","E07000134","Private rented: Other private rented","Value",689
"North West Leicestershire","E07000134","Lives rent free","Value",43
"Oadby and Wigston","E07000135","Total: All households","Value",22616
"Oadby and Wigston","E07000135","Owned: Owns outright","Value",9711
"Oadby and Wigston","E07000135","Owned: Owns with a mortgage or loan","Value",7304
"Oadby and Wigston","E07000135","Shared ownership: Shared ownership","Value",160
"Oadby and Wigston","E07000135","Social rented: Rents from council or Local Authority","Value",1116
"Oadby and Wigston","E07000135","Social rented: Other social rented","Value",677
"Oadby and Wigston","E07000135","Private rented: Private landlord or letting agency","Value",3248
"Oadby and Wigston","E07000135","Private rented: Other private rented","Value",375
"Oadby and Wigston","E07000135","Lives rent free","Value",25
"Boston","E07000136","Total: All households","Value",29404
"Boston","E07000136","Owned: Owns outright","Value",9967
"Boston","E07000136","Owned: Owns with a mortgage or loan","Value",7338
"Boston","E07000136","Shared ownership: Shared ownership","Value",376
"Boston","E07000136","Social rented: Rents from council or Local Authority","Value",1969
"Boston","E07000136","Social rented: Other social rented","Value",3757
"Boston","E07000136","Private rented: Private landlord or letting agency","Value",5425
"Boston","E07000136","Private rented: Other private rented","Value",540
"Boston","E07000136","Lives rent free","Value",32
"East Lindsey","E07000137","Total: All households","Value",64754
"East Lindsey","E07000137","Owned: Owns outright","Value",29907
"East Lindsey","E07000137","Owned: Owns with a mortgage or loan","Value",13738
"East Lindsey","E07000137","Shared ownership: Shared ownership","Value",686
"East Lindsey","E07000137","Social rented: Rents from council or Local Authority","Value",1495
"East Lindsey","E07000137","Social rented: Other social rented","Value",5800
"East Lindsey","E07000137","Private rented: Private landlord or letting agency","Value",10971
"East Lindsey","E07000137","Private rented: Other private rented","Value",2139
"East Lindsey","E07000137","Lives rent free","Value",18
"Lincoln","E07000138","Total: All households","Value",42506
"Lincoln","E07000138","Owned: Owns outright","Value",11092
"Lincoln","E07000138","Owned: Owns with a mortgage or loan","Value",10374
"Lincoln","E07000138","Shared ownership: Shared ownership","Value",387
"Lincoln","E07000138","Social rented: Rents from council or Local Authority","Value",7162
"Lincoln","E07000138","Social rented: Other social rented","Value",1791
"Lincoln","E07000138","Private rented: Private landlord or letting agency","Value",10634
"Lincoln","E07000138","Private rented: Other private rented","Value",924
"Lincoln","E07000138","Lives rent free","Value",142
"North Kesteven","E07000139","Total: All households","Value",50989
"North Kesteven","E07000139","Owned: Owns outright","Value",20386
"North Kesteven","E07000139","Owned: Owns with a mortgage or loan","Value",16724
"North Kesteven","E07000139","Shared ownership: Shared ownership","Value",536
"North Kesteven","E07000139","Social rented: Rents from council or Local Authority","Value",3685
"North Kesteven","E07000139","Social rented: Other social rented","Value",1428
"North Kesteven","E07000139","Private rented: Private landlord or letting agency","Value",6299
"North Kesteven","E07000139","Private rented: Other private rented","Value",1865
"North Kesteven","E07000139","Lives rent free","Value",66
"South Holland","E07000140","Total: All households","Value",40703
"South Holland","E07000140","Owned: Owns outright","Value",16604
"South Holland","E07000140","Owned: Owns with a mortgage or loan","Value",11717
"South Holland","E07000140","Shared ownership: Shared ownership","Value",436
"South Holland","E07000140","Social rented: Rents from council or Local Authority","Value",3693
"South Holland","E07000140","Social rented: Other social rented","Value",1243
"South Holland","E07000140","Private rented: Private landlord or letting agency","Value",6055
"South Holland","E07000140","Private rented: Other private rented","Value",888
"South Holland","E07000140","Lives rent free","Value",67
"South Kesteven","E07000141","Total: All households","Value",62847
"South Kesteven","E07000141","Owned: Owns outright","Value",23765
"South Kesteven","E07000141","Owned: Owns with a mortgage or loan","Value",19155
"South Kesteven","E07000141","Shared ownership: Shared ownership","Value",654
"South Kesteven","E07000141","Social rented: Rents from council or Local Authority","Value",5536
"South Kesteven","E07000141","Social rented: Other social rented","Value",2315
"South Kesteven","E07000141","Private rented: Private landlord or letting agency","Value",9998
"South Kesteven","E07000141","Private rented: Other private rented","Value",1327
"South Kesteven","E07000141","Lives rent free","Value",97
"West Lindsey","E07000142","Total: All households","Value",42345
"West Lindsey","E07000142","Owned: Owns outright","Value",17553
"West Lindsey","E07000142","Owned: Owns with a mortgage or loan","Value",12206
"West Lindsey","E07000142","Shared ownership: Shared ownership","Value",391
"West Lindsey","E07000142","Social rented: Rents from council or Local Authority","Value",1190
"West Lindsey","E07000142","Social rented: Other social rented","Value",3415
"West Lindsey","E07000142","Private rented: Private landlord or letting agency","Value",6431
"West Lindsey","E07000142","Private rented: Other private rented","Value",1139
"West Lindsey","E07000142","Lives rent free","Value",20
"Ashfield","E07000170","Total: All households","Value",54509
"Ashfield","E07000170","Owned: Owns outright","Value",19484
"Ashfield","E07000170","Owned: Owns with a mortgage or loan","Value",17266
"Ashfield","E07000170","Shared ownership: Shared ownership","Value",221
"Ashfield","E07000170","Social rented: Rents from council or Local Authority","Value",6135
"Ashfield","E07000170","Social rented: Other social rented","Value",1995
"Ashfield","E07000170","Private rented: Private landlord or letting agency","Value",8261
"Ashfield","E07000170","Private rented: Other private rented","Value",1036
"Ashfield","E07000170","Lives rent free","Value",111
"Bassetlaw","E07000171","Total: All households","Value",51458
"Bassetlaw","E07000171","Owned: Owns outright","Value",19442
"Bassetlaw","E07000171","Owned: Owns with a mortgage or loan","Value",15672
"Bassetlaw","E07000171","Shared ownership: Shared ownership","Value",217
"Bassetlaw","E07000171","Social rented: Rents from council or Local Authority","Value",6124
"Bassetlaw","E07000171","Social rented: Other social rented","Value",1573
"Bassetlaw","E07000171","Private rented: Private landlord or letting agency","Value",7210
"Bassetlaw","E07000171","Private rented: Other private rented","Value",1141
"Bassetlaw","E07000171","Lives rent free","Value",79
"Broxtowe","E07000172","Total: All households","Value",48362
"Broxtowe","E07000172","Owned: Owns outright","Value",19301
"Broxtowe","E07000172","Owned: Owns with a mortgage or loan","Value",15153
"Broxtowe","E07000172","Shared ownership: Shared ownership","Value",151
"Broxtowe","E07000172","Social rented: Rents from council or Local Authority","Value",4029
"Broxtowe","E07000172","Social rented: Other social rented","Value",1308
"Broxtowe","E07000172","Private rented: Private landlord or letting agency","Value",7409
"Broxtowe","E07000172","Private rented: Other private rented","Value",946
"Broxtowe","E07000172","Lives rent free","Value",65
"Gedling","E07000173","Total: All households","Value",51551
"Gedling","E07000173","Owned: Owns outright","Value",20649
"Gedling","E07000173","Owned: Owns with a mortgage or loan","Value",17417
"Gedling","E07000173","Shared ownership: Shared ownership","Value",270
"Gedling","E07000173","Social rented: Rents from council or Local Authority","Value",2084
"Gedling","E07000173","Social rented: Other social rented","Value",2911
"Gedling","E07000173","Private rented: Private landlord or letting agency","Value",7136
"Gedling","E07000173","Private rented: Other private rented","Value",1055
"Gedling","E07000173","Lives rent free","Value",29
"Mansfield","E07000174","Total: All households","Value",48031
"Mansfield","E07000174","Owned: Owns outright","Value",16668
"Mansfield","E07000174","Owned: Owns with a mortgage or loan","Value",14088
"Mansfield","E07000174","Shared ownership: Shared ownership","Value",214
"Mansfield","E07000174","Social rented: Rents from council or Local Authority","Value",5738
"Mansfield","E07000174","Social rented: Other social rented","Value",2127
"Mansfield","E07000174","Private rented: Private landlord or letting agency","Value",8156
"Mansfield","E07000174","Private rented: Other private rented","Value",909
"Mansfield","E07000174","Lives rent free","Value",131
"Newark and Sherwood","E07000175","Total: All households","Value",53332
"Newark and Sherwood","E07000175","Owned: Owns outright","Value",20525
"Newark and Sherwood","E07000175","Owned: Owns with a mortgage or loan","Value",16268
"Newark and Sherwood","E07000175","Shared ownership: Shared ownership","Value",437
"Newark and Sherwood","E07000175","Social rented: Rents from council or Local Authority","Value",5133
"Newark and Sherwood","E07000175","Social rented: Other social rented","Value",2280
"Newark and Sherwood","E07000175","Private rented: Private landlord or letting agency","Value",7476
"Newark and Sherwood","E07000175","Private rented: Other private rented","Value",1148
"Newark and Sherwood","E07000175","Lives rent free","Value",65
"Rushcliffe","E07000176","Total: All households","Value",49883
"Rushcliffe","E07000176","Owned: Owns outright","Value",20508
"Rushcliffe","E07000176","Owned: Owns with a mortgage or loan","Value",17253
"Rushcliffe","E07000176","Shared ownership: Shared ownership","Value",524
"Rushcliffe","E07000176","Social rented: Rents from council or Local Authority","Value",886
"Rushcliffe","E07000176","Social rented: Other social rented","Value",3387
"Rushcliffe","E07000176","Private rented: Private landlord or letting agency","Value",6450
"Rushcliffe","E07000176","Private rented: Other private rented","Value",862
"Rushcliffe","E07000176","Lives rent free","Value",13
"Herefordshire, County of","E06000019","Total: All households","Value",82827
"Herefordshire, County of","E06000019","Owned: Owns outright","Value",35070
"Herefordshire, County of","E06000019","Owned: Owns with a mortgage or loan","Value",19893
"Herefordshire, County of","E06000019","Shared ownership: Shared ownership","Value",916
"Herefordshire, County of","E06000019","Social rented: Rents from council or Local Authority","Value",2657
"Herefordshire, County of","E06000019","Social rented: Other social rented","Value",8652
"Herefordshire, County of","E06000019","Private rented: Private landlord or letting agency","Value",12943
"Herefordshire, County of","E06000019","Private rented: Other private rented","Value",2662
"Herefordshire, County of","E06000019","Lives rent free","Value",34
"Telford and Wrekin","E06000020","Total: All households","Value",76509
"Telford and Wrekin","E06000020","Owned: Owns outright","Value",23088
"Telford and Wrekin","E06000020","Owned: Owns with a mortgage or loan","Value",22776
"Telford and Wrekin","E06000020","Shared ownership: Shared ownership","Value",586
"Telford and Wrekin","E06000020","Social rented: Rents from council or Local Authority","Value",4966
"Telford and Wrekin","E06000020","Social rented: Other social rented","Value",8818
"Telford and Wrekin","E06000020","Private rented: Private landlord or letting agency","Value",14694
"Telford and Wrekin","E06000020","Private rented: Other private rented","Value",1503
"Telford and Wrekin","E06000020","Lives rent free","Value",78
"Stoke-on-Trent","E06000021","Total: All households","Value",110400
"Stoke-on-Trent","E06000021","Owned: Owns outright","Value",33558
"Stoke-on-Trent","E06000021","Owned: Owns with a mortgage or loan","Value",29095
"Stoke-on-Trent","E06000021","Shared ownership: Shared ownership","Value",404
"Stoke-on-Trent","E06000021","Social rented: Rents from council or Local Authority","Value",16913
"Stoke-on-Trent","E06000021","Social rented: Other social rented","Value",7656
"Stoke-on-Trent","E06000021","Private rented: Private landlord or letting agency","Value",20065
"Stoke-on-Trent","E06000021","Private rented: Other private rented","Value",2335
"Stoke-on-Trent","E06000021","Lives rent free","Value",374
"Shropshire","E06000051","Total: All households","Value",139579
"Shropshire","E06000051","Owned: Owns outright","Value",59262
"Shropshire","E06000051","Owned: Owns with a mortgage or loan","Value",36522
"Shropshire","E06000051","Shared ownership: Shared ownership","Value",1170
"Shropshire","E06000051","Social rented: Rents from council or Local Authority","Value",5616
"Shropshire","E06000051","Social rented: Other social rented","Value",12553
"Shropshire","E06000051","Private rented: Private landlord or letting agency","Value",20425
"Shropshire","E06000051","Private rented: Other private rented","Value",3942
"Shropshire","E06000051","Lives rent free","Value",89
"Cannock Chase","E07000192","Total: All households","Value",43456
"Cannock Chase","E07000192","Owned: Owns outright","Value",14718
"Cannock Chase","E07000192","Owned: Owns with a mortgage or loan","Value",14438
"Cannock Chase","E07000192","Shared ownership: Shared ownership","Value",297
"Cannock Chase","E07000192","Social rented: Rents from council or Local Authority","Value",4894
"Cannock Chase","E07000192","Social rented: Other social rented","Value",2137
"Cannock Chase","E07000192","Private rented: Private landlord or letting agency","Value",6109
"Cannock Chase","E07000192","Private rented: Other private rented","Value",753
"Cannock Chase","E07000192","Lives rent free","Value",110
"East Staffordshire","E07000193","Total: All households","Value",51293
"East Staffordshire","E07000193","Owned: Owns outright","Value",18695
"East Staffordshire","E07000193","Owned: Owns with a mortgage or loan","Value",15583
"East Staffordshire","E07000193","Shared ownership: Shared ownership","Value",357
"East Staffordshire","E07000193","Social rented: Rents from council or Local Authority","Value",2276
"East Staffordshire","E07000193","Social rented: Other social rented","Value",4358
"East Staffordshire","E07000193","Private rented: Private landlord or letting agency","Value",8846
"East Staffordshire","E07000193","Private rented: Other private rented","Value",1146
"East Staffordshire","E07000193","Lives rent free","Value",32
"Lichfield","E07000194","Total: All households","Value",45632
"Lichfield","E07000194","Owned: Owns outright","Value",18902
"Lichfield","E07000194","Owned: Owns with a mortgage or loan","Value",14528
"Lichfield","E07000194","Shared ownership: Shared ownership","Value",445
"Lichfield","E07000194","Social rented: Rents from council or Local Authority","Value",738
"Lichfield","E07000194","Social rented: Other social rented","Value",5194
"Lichfield","E07000194","Private rented: Private landlord or letting agency","Value",4926
"Lichfield","E07000194","Private rented: Other private rented","Value",891
"Lichfield","E07000194","Lives rent free","Value",8
"Newcastle-under-Lyme","E07000195","Total: All households","Value",53423
"Newcastle-under-Lyme","E07000195","Owned: Owns outright","Value",20435
"Newcastle-under-Lyme","E07000195","Owned: Owns with a mortgage or loan","Value",15716
"Newcastle-under-Lyme","E07000195","Shared ownership: Shared ownership","Value",350
"Newcastle-under-Lyme","E07000195","Social rented: Rents from council or Local Authority","Value",2774
"Newcastle-under-Lyme","E07000195","Social rented: Other social rented","Value",6368
"Newcastle-under-Lyme","E07000195","Private rented: Private landlord or letting agency","Value",6613
"Newcastle-under-Lyme","E07000195","Private rented: Other private rented","Value",1122
"Newcastle-under-Lyme","E07000195","Lives rent free","Value",45
"South Staffordshire","E07000196","Total: All households","Value",46121
"South Staffordshire","E07000196","Owned: Owns outright","Value",20310
"South Staffordshire","E07000196","Owned: Owns with a mortgage or loan","Value",14049
"South Staffordshire","E07000196","Shared ownership: Shared ownership","Value",402
"South Staffordshire","E07000196","Social rented: Rents from council or Local Authority","Value",625
"South Staffordshire","E07000196","Social rented: Other social rented","Value",5846
"South Staffordshire","E07000196","Private rented: Private landlord or letting agency","Value",4126
"South Staffordshire","E07000196","Private rented: Other private rented","Value",747
"South Staffordshire","E07000196","Lives rent free","Value",16
"Stafford","E07000197","Total: All households","Value",60047
"Stafford","E07000197","Owned: Owns outright","Value",23474
"Stafford","E07000197","Owned: Owns with a mortgage or loan","Value",18558
"Stafford","E07000197","Shared ownership: Shared ownership","Value",500
"Stafford","E07000197","Social rented: Rents from council or Local Authority","Value",2042
"Stafford","E07000197","Social rented: Other social rented","Value",6104
"Stafford","E07000197","Private rented: Private landlord or letting agency","Value",7788
"Stafford","E07000197","Private rented: Other private rented","Value",1548
"Stafford","E07000197","Lives rent free","Value",33
"Staffordshire Moorlands","E07000198","Total: All households","Value",42355
"Staffordshire Moorlands","E07000198","Owned: Owns outright","Value",20401
"Staffordshire Moorlands","E07000198","Owned: Owns with a mortgage or loan","Value",12740
"Staffordshire Moorlands","E07000198","Shared ownership: Shared ownership","Value",164
"Staffordshire Moorlands","E07000198","Social rented: Rents from council or Local Authority","Value",1069
"Staffordshire Moorlands","E07000198","Social rented: Other social rented","Value",2584
"Staffordshire Moorlands","E07000198","Private rented: Private landlord or letting agency","Value",4501
"Staffordshire Moorlands","E07000198","Private rented: Other private rented","Value",872
"Staffordshire Moorlands","E07000198","Lives rent free","Value",24
"Tamworth","E07000199","Total: All households","Value",32895
"Tamworth","E07000199","Owned: Owns outright","Value",10967
"Tamworth","E07000199","Owned: Owns with a mortgage or loan","Value",11070
"Tamworth","E07000199","Shared ownership: Shared ownership","Value",233
"Tamworth","E07000199","Social rented: Rents from council or Local Authority","Value",4104
"Tamworth","E07000199","Social rented: Other social rented","Value",1822
"Tamworth","E07000199","Private rented: Private landlord or letting agency","Value",4192
"Tamworth","E07000199","Private rented: Other private rented","Value",451
"Tamworth","E07000199","Lives rent free","Value",56
"North Warwickshire","E07000218","Total: All households","Value",27581
"North Warwickshire","E07000218","Owned: Owns outright","Value",10558
"North Warwickshire","E07000218","Owned: Owns with a mortgage or loan","Value",8856
"North Warwickshire","E07000218","Shared ownership: Shared ownership","Value",261
"North Warwickshire","E07000218","Social rented: Rents from council or Local Authority","Value",2490
"North Warwickshire","E07000218","Social rented: Other social rented","Value",1262
"North Warwickshire","E07000218","Private rented: Private landlord or letting agency","Value",3588
"North Warwickshire","E07000218","Private rented: Other private rented","Value",522
"North Warwickshire","E07000218","Lives rent free","Value",44
"Nuneaton and Bedworth","E07000219","Total: All households","Value",56585
"Nuneaton and Bedworth","E07000219","Owned: Owns outright","Value",19829
"Nuneaton and Bedworth","E07000219","Owned: Owns with a mortgage or loan","Value",18675
"Nuneaton and Bedworth","E07000219","Shared ownership: Shared ownership","Value",461
"Nuneaton and Bedworth","E07000219","Social rented: Rents from council or Local Authority","Value",5412
"Nuneaton and Bedworth","E07000219","Social rented: Other social rented","Value",2745
"Nuneaton and Bedworth","E07000219","Private rented: Private landlord or letting agency","Value",8355
"Nuneaton and Bedworth","E07000219","Private rented: Other private rented","Value",1044
"Nuneaton and Bedworth","E07000219","Lives rent free","Value",64
"Rugby","E07000220","Total: All households","Value",47015
"Rugby","E07000220","Owned: Owns outright","Value",15703
"Rugby","E07000220","Owned: Owns with a mortgage or loan","Value",16012
"Rugby","E07000220","Shared ownership: Shared ownership","Value",692
"Rugby","E07000220","Social rented: Rents from council or Local Authority","Value",3399
"Rugby","E07000220","Social rented: Other social rented","Value",2675
"Rugby","E07000220","Private rented: Private landlord or letting agency","Value",7460
"Rugby","E07000220","Private rented: Other private rented","Value",1014
"Rugby","E07000220","Lives rent free","Value",60
"Stratford-on-Avon","E07000221","Total: All households","Value",59463
"Stratford-on-Avon","E07000221","Owned: Owns outright","Value",24156
"Stratford-on-Avon","E07000221","Owned: Owns with a mortgage or loan","Value",17967
"Stratford-on-Avon","E07000221","Shared ownership: Shared ownership","Value",1060
"Stratford-on-Avon","E07000221","Social rented: Rents from council or Local Authority","Value",958
"Stratford-on-Avon","E07000221","Social rented: Other social rented","Value",6948
"Stratford-on-Avon","E07000221","Private rented: Private landlord or letting agency","Value",7055
"Stratford-on-Avon","E07000221","Private rented: Other private rented","Value",1308
"Stratford-on-Avon","E07000221","Lives rent free","Value",11
"Warwick","E07000222","Total: All households","Value",62618
"Warwick","E07000222","Owned: Owns outright","Value",21411
"Warwick","E07000222","Owned: Owns with a mortgage or loan","Value",19541
"Warwick","E07000222","Shared ownership: Shared ownership","Value",899
"Warwick","E07000222","Social rented: Rents from council or Local Authority","Value",5251
"Warwick","E07000222","Social rented: Other social rented","Value",3553
"Warwick","E07000222","Private rented: Private landlord or letting agency","Value",10844
"Warwick","E07000222","Private rented: Other private rented","Value",1066
"Warwick","E07000222","Lives rent free","Value",53
"Bromsgrove","E07000234","Total: All households","Value",41264
"Bromsgrove","E07000234","Owned: Owns outright","Value",17483
"Bromsgrove","E07000234","Owned: Owns with a mortgage or loan","Value",14511
"Bromsgrove","E07000234","Shared ownership: Shared ownership","Value",458
"Bromsgrove","E07000234","Social rented: Rents from council or Local Authority","Value",1452
"Bromsgrove","E07000234","Social rented: Other social rented","Value",2965
"Bromsgrove","E07000234","Private rented: Private landlord or letting agency","Value",3719
"Bromsgrove","E07000234","Private rented: Other private rented","Value",660
"Bromsgrove","E07000234","Lives rent free","Value",16
"Malvern Hills","E07000235","Total: All households","Value",34889
"Malvern Hills","E07000235","Owned: Owns outright","Value",15753
"Malvern Hills","E07000235","Owned: Owns with a mortgage or loan","Value",9020
"Malvern Hills","E07000235","Shared ownership: Shared ownership","Value",451
"Malvern Hills","E07000235","Social rented: Rents from council or Local Authority","Value",753
"Malvern Hills","E07000235","Social rented: Other social rented","Value",4248
"Malvern Hills","E07000235","Private rented: Private landlord or letting agency","Value",3896
"Malvern Hills","E07000235","Private rented: Other private rented","Value",757
"Malvern Hills","E07000235","Lives rent free","Value",11
"Redditch","E07000236","Total: All households","Value",36378
"Redditch","E07000236","Owned: Owns outright","Value",11254
"Redditch","E07000236","Owned: Owns with a mortgage or loan","Value",12184
"Redditch","E07000236","Shared ownership: Shared ownership","Value",291
"Redditch","E07000236","Social rented: Rents from council or Local Authority","Value",5281
"Redditch","E07000236","Social rented: Other social rented","Value",2050
"Redditch","E07000236","Private rented: Private landlord or letting agency","Value",4718
"Redditch","E07000236","Private rented: Other private rented","Value",525
"Redditch","E07000236","Lives rent free","Value",75
"Worcester","E07000237","Total: All households","Value",44724
"Worcester","E07000237","Owned: Owns outright","Value",14320
"Worcester","E07000237","Owned: Owns with a mortgage or loan","Value",13142
"Worcester","E07000237","Shared ownership: Shared ownership","Value",472
"Worcester","E07000237","Social rented: Rents from council or Local Authority","Value",2155
"Worcester","E07000237","Social rented: Other social rented","Value",5114
"Worcester","E07000237","Private rented: Private landlord or letting agency","Value",8593
"Worcester","E07000237","Private rented: Other private rented","Value",901
"Worcester","E07000237","Lives rent free","Value",27
"Wychavon","E07000238","Total: All households","Value",57356
"Wychavon","E07000238","Owned: Owns outright","Value",23188
"Wychavon","E07000238","Owned: Owns with a mortgage or loan","Value",16997
"Wychavon","E07000238","Shared ownership: Shared ownership","Value",708
"Wychavon","E07000238","Social rented: Rents from council or Local Authority","Value",1478
"Wychavon","E07000238","Social rented: Other social rented","Value",7476
"Wychavon","E07000238","Private rented: Private landlord or letting agency","Value",6337
"Wychavon","E07000238","Private rented: Other private rented","Value",1156
"Wychavon","E07000238","Lives rent free","Value",16
"Wyre Forest","E07000239","Total: All households","Value",45320
"Wyre Forest","E07000239","Owned: Owns outright","Value",18477
"Wyre Forest","E07000239","Owned: Owns with a mortgage or loan","Value",12681
"Wyre Forest","E07000239","Shared ownership: Shared ownership","Value",464
"Wyre Forest","E07000239","Social rented: Rents from council or Local Authority","Value",2946
"Wyre Forest","E07000239","Social rented: Other social rented","Value",3465
"Wyre Forest","E07000239","Private rented: Private landlord or letting agency","Value",6366
"Wyre Forest","E07000239","Private rented: Other private rented","Value",873
"Wyre Forest","E07000239","Lives rent free","Value",48
"Birmingham","E08000025","Total: All households","Value",423455
"Birmingham","E08000025","Owned: Owns outright","Value",114970
"Birmingham","E08000025","Owned: Owns with a mortgage or loan","Value",108046
"Birmingham","E08000025","Shared ownership: Shared ownership","Value",3641
"Birmingham","E08000025","Social rented: Rents from council or Local Authority","Value",58609
"Birmingham","E08000025","Social rented: Other social rented","Value",40890
"Birmingham","E08000025","Private rented: Private landlord or letting agency","Value",86669
"Birmingham","E08000025","Private rented: Other private rented","Value",9050
"Birmingham","E08000025","Lives rent free","Value",1580
"Coventry","E08000026","Total: All households","Value",134140
"Coventry","E08000026","Owned: Owns outright","Value",40278
"Coventry","E08000026","Owned: Owns with a mortgage or loan","Value",36784
"Coventry","E08000026","Shared ownership: Shared ownership","Value",906
"Coventry","E08000026","Social rented: Rents from council or Local Authority","Value",7244
"Coventry","E08000026","Social rented: Other social rented","Value",15522
"Coventry","E08000026","Private rented: Private landlord or letting agency","Value",30134
"Coventry","E08000026","Private rented: Other private rented","Value",3061
"Coventry","E08000026","Lives rent free","Value",211
"Dudley","E08000027","Total: All households","Value",137069
"Dudley","E08000027","Owned: Owns outright","Value",51133
"Dudley","E08000027","Owned: Owns with a mortgage or loan","Value",39920
"Dudley","E08000027","Shared ownership: Shared ownership","Value",618
"Dudley","E08000027","Social rented: Rents from council or Local Authority","Value",21157
"Dudley","E08000027","Social rented: Other social rented","Value",4864
"Dudley","E08000027","Private rented: Private landlord or letting agency","Value",16644
"Dudley","E08000027","Private rented: Other private rented","Value",2296
"Dudley","E08000027","Lives rent free","Value",437
"Sandwell","E08000028","Total: All households","Value",130246
"Sandwell","E08000028","Owned: Owns outright","Value",35924
"Sandwell","E08000028","Owned: Owns with a mortgage or loan","Value",34080
"Sandwell","E08000028","Shared ownership: Shared ownership","Value",631
"Sandwell","E08000028","Social rented: Rents from council or Local Authority","Value",27293
"Sandwell","E08000028","Social rented: Other social rented","Value",7319
"Sandwell","E08000028","Private rented: Private landlord or letting agency","Value",21710
"Sandwell","E08000028","Private rented: Other private rented","Value",2527
"Sandwell","E08000028","Lives rent free","Value",762
"Solihull","E08000029","Total: All households","Value",89482
"Solihull","E08000029","Owned: Owns outright","Value",35054
"Solihull","E08000029","Owned: Owns with a mortgage or loan","Value",29584
"Solihull","E08000029","Shared ownership: Shared ownership","Value",710
"Solihull","E08000029","Social rented: Rents from council or Local Authority","Value",8901
"Solihull","E08000029","Social rented: Other social rented","Value",3631
"Solihull","E08000029","Private rented: Private landlord or letting agency","Value",10249
"Solihull","E08000029","Private rented: Other private rented","Value",1247
"Solihull","E08000029","Lives rent free","Value",106
"Walsall","E08000030","Total: All households","Value",112226
"Walsall","E08000030","Owned: Owns outright","Value",36296
"Walsall","E08000030","Owned: Owns with a mortgage or loan","Value",30293
"Walsall","E08000030","Shared ownership: Shared ownership","Value",557
"Walsall","E08000030","Social rented: Rents from council or Local Authority","Value",9241
"Walsall","E08000030","Social rented: Other social rented","Value",17335
"Walsall","E08000030","Private rented: Private landlord or letting agency","Value",16323
"Walsall","E08000030","Private rented: Other private rented","Value",2013
"Walsall","E08000030","Lives rent free","Value",168
"Wolverhampton","E08000031","Total: All households","Value",105142
"Wolverhampton","E08000031","Owned: Owns outright","Value",31345
"Wolverhampton","E08000031","Owned: Owns with a mortgage or loan","Value",26465
"Wolverhampton","E08000031","Shared ownership: Shared ownership","Value",445
"Wolverhampton","E08000031","Social rented: Rents from council or Local Authority","Value",19761
"Wolverhampton","E08000031","Social rented: Other social rented","Value",6723
"Wolverhampton","E08000031","Private rented: Private landlord or letting agency","Value",17922
"Wolverhampton","E08000031","Private rented: Other private rented","Value",2084
"Wolverhampton","E08000031","Lives rent free","Value",397
"Peterborough","E06000031","Total: All households","Value",84533
"Peterborough","E06000031","Owned: Owns outright","Value",22268
"Peterborough","E06000031","Owned: Owns with a mortgage or loan","Value",24624
"Peterborough","E06000031","Shared ownership: Shared ownership","Value",1167
"Peterborough","E06000031","Social rented: Rents from council or Local Authority","Value",5009
"Peterborough","E06000031","Social rented: Other social rented","Value",10751
"Peterborough","E06000031","Private rented: Private landlord or letting agency","Value",18675
"Peterborough","E06000031","Private rented: Other private rented","Value",1937
"Peterborough","E06000031","Lives rent free","Value",102
"Luton","E06000032","Total: All households","Value",78940
"Luton","E06000032","Owned: Owns outright","Value",20296
"Luton","E06000032","Owned: Owns with a mortgage or loan","Value",22281
"Luton","E06000032","Shared ownership: Shared ownership","Value",426
"Luton","E06000032","Social rented: Rents from council or Local Authority","Value",8498
"Luton","E06000032","Social rented: Other social rented","Value",4425
"Luton","E06000032","Private rented: Private landlord or letting agency","Value",21280
"Luton","E06000032","Private rented: Other private rented","Value",1607
"Luton","E06000032","Lives rent free","Value",127
"Southend-on-Sea","E06000033","Total: All households","Value",78344
"Southend-on-Sea","E06000033","Owned: Owns outright","Value",24722
"Southend-on-Sea","E06000033","Owned: Owns with a mortgage or loan","Value",23301
"Southend-on-Sea","E06000033","Shared ownership: Shared ownership","Value",503
"Southend-on-Sea","E06000033","Social rented: Rents from council or Local Authority","Value",4822
"Southend-on-Sea","E06000033","Social rented: Other social rented","Value",4197
"Southend-on-Sea","E06000033","Private rented: Private landlord or letting agency","Value",19085
"Southend-on-Sea","E06000033","Private rented: Other private rented","Value",1674
"Southend-on-Sea","E06000033","Lives rent free","Value",40
"Thurrock","E06000034","Total: All households","Value",66377
"Thurrock","E06000034","Owned: Owns outright","Value",16912
"Thurrock","E06000034","Owned: Owns with a mortgage or loan","Value",25108
"Thurrock","E06000034","Shared ownership: Shared ownership","Value",445
"Thurrock","E06000034","Social rented: Rents from council or Local Authority","Value",9639
"Thurrock","E06000034","Social rented: Other social rented","Value",2094
"Thurrock","E06000034","Private rented: Private landlord or letting agency","Value",11015
"Thurrock","E06000034","Private rented: Other private rented","Value",1116
"Thurrock","E06000034","Lives rent free","Value",48
"Bedford","E06000055","Total: All households","Value",74949
"Bedford","E06000055","Owned: Owns outright","Value",23359
"Bedford","E06000055","Owned: Owns with a mortgage or loan","Value",23605
"Bedford","E06000055","Shared ownership: Shared ownership","Value",1427
"Bedford","E06000055","Social rented: Rents from council or Local Authority","Value",1782
"Bedford","E06000055","Social rented: Other social rented","Value",10418
"Bedford","E06000055","Private rented: Private landlord or letting agency","Value",12905
"Bedford","E06000055","Private rented: Other private rented","Value",1411
"Bedford","E06000055","Lives rent free","Value",42
"Central Bedfordshire","E06000056","Total: All households","Value",120754
"Central Bedfordshire","E06000056","Owned: Owns outright","Value",40618
"Central Bedfordshire","E06000056","Owned: Owns with a mortgage or loan","Value",45305
"Central Bedfordshire","E06000056","Shared ownership: Shared ownership","Value",2112
"Central Bedfordshire","E06000056","Social rented: Rents from council or Local Authority","Value",5620
"Central Bedfordshire","E06000056","Social rented: Other social rented","Value",10457
"Central Bedfordshire","E06000056","Private rented: Private landlord or letting agency","Value",14329
"Central Bedfordshire","E06000056","Private rented: Other private rented","Value",2238
"Central Bedfordshire","E06000056","Lives rent free","Value",75
"Cambridge","E07000008","Total: All households","Value",52474
"Cambridge","E07000008","Owned: Owns outright","Value",12897
"Cambridge","E07000008","Owned: Owns with a mortgage or loan","Value",10234
"Cambridge","E07000008","Shared ownership: Shared ownership","Value",872
"Cambridge","E07000008","Social rented: Rents from council or Local Authority","Value",6910
"Cambridge","E07000008","Social rented: Other social rented","Value",4980
"Cambridge","E07000008","Private rented: Private landlord or letting agency","Value",14735
"Cambridge","E07000008","Private rented: Other private rented","Value",1760
"Cambridge","E07000008","Lives rent free","Value",86
"East Cambridgeshire","E07000009","Total: All households","Value",37202
"East Cambridgeshire","E07000009","Owned: Owns outright","Value",13485
"East Cambridgeshire","E07000009","Owned: Owns with a mortgage or loan","Value",11822
"East Cambridgeshire","E07000009","Shared ownership: Shared ownership","Value",565
"East Cambridgeshire","E07000009","Social rented: Rents from council or Local Authority","Value",684
"East Cambridgeshire","E07000009","Social rented: Other social rented","Value",4516
"East Cambridgeshire","E07000009","Private rented: Private landlord or letting agency","Value",5103
"East Cambridgeshire","E07000009","Private rented: Other private rented","Value",1017
"East Cambridgeshire","E07000009","Lives rent free","Value",10
"Fenland","E07000010","Total: All households","Value",44083
"Fenland","E07000010","Owned: Owns outright","Value",16632
"Fenland","E07000010","Owned: Owns with a mortgage or loan","Value",12820
"Fenland","E07000010","Shared ownership: Shared ownership","Value",236
"Fenland","E07000010","Social rented: Rents from council or Local Authority","Value",1174
"Fenland","E07000010","Social rented: Other social rented","Value",4407
"Fenland","E07000010","Private rented: Private landlord or letting agency","Value",7788
"Fenland","E07000010","Private rented: Other private rented","Value",1007
"Fenland","E07000010","Lives rent free","Value",19
"Huntingdonshire","E07000011","Total: All households","Value",76880
"Huntingdonshire","E07000011","Owned: Owns outright","Value",27621
"Huntingdonshire","E07000011","Owned: Owns with a mortgage or loan","Value",25402
"Huntingdonshire","E07000011","Shared ownership: Shared ownership","Value",1051
"Huntingdonshire","E07000011","Social rented: Rents from council or Local Authority","Value",1819
"Huntingdonshire","E07000011","Social rented: Other social rented","Value",8067
"Huntingdonshire","E07000011","Private rented: Private landlord or letting agency","Value",11117
"Huntingdonshire","E07000011","Private rented: Other private rented","Value",1780
"Huntingdonshire","E07000011","Lives rent free","Value",23
"South Cambridgeshire","E07000012","Total: All households","Value",66996
"South Cambridgeshire","E07000012","Owned: Owns outright","Value",24426
"South Cambridgeshire","E07000012","Owned: Owns with a mortgage or loan","Value",21736
"South Cambridgeshire","E07000012","Shared ownership: Shared ownership","Value",1677
"South Cambridgeshire","E07000012","Social rented: Rents from council or Local Authority","Value",5397
"South Cambridgeshire","E07000012","Social rented: Other social rented","Value",4299
"South Cambridgeshire","E07000012","Private rented: Private landlord or letting agency","Value",8055
"South Cambridgeshire","E07000012","Private rented: Other private rented","Value",1328
"South Cambridgeshire","E07000012","Lives rent free","Value",78
"Basildon","E07000066","Total: All households","Value",76363
"Basildon","E07000066","Owned: Owns outright","Value",23029
"Basildon","E07000066","Owned: Owns with a mortgage or loan","Value",25268
"Basildon","E07000066","Shared ownership: Shared ownership","Value",876
"Basildon","E07000066","Social rented: Rents from council or Local Authority","Value",10563
"Basildon","E07000066","Social rented: Other social rented","Value",5650
"Basildon","E07000066","Private rented: Private landlord or letting agency","Value",9762
"Basildon","E07000066","Private rented: Other private rented","Value",1114
"Basildon","E07000066","Lives rent free","Value",101
"Braintree","E07000067","Total: All households","Value",64983
"Braintree","E07000067","Owned: Owns outright","Value",22262
"Braintree","E07000067","Owned: Owns with a mortgage or loan","Value",21828
"Braintree","E07000067","Shared ownership: Shared ownership","Value",475
"Braintree","E07000067","Social rented: Rents from council or Local Authority","Value",2187
"Braintree","E07000067","Social rented: Other social rented","Value",8406
"Braintree","E07000067","Private rented: Private landlord or letting agency","Value",8573
"Braintree","E07000067","Private rented: Other private rented","Value",1222
"Braintree","E07000067","Lives rent free","Value",30
"Brentwood","E07000068","Total: All households","Value",32343
"Brentwood","E07000068","Owned: Owns outright","Value",11797
"Brentwood","E07000068","Owned: Owns with a mortgage or loan","Value",11461
"Brentwood","E07000068","Shared ownership: Shared ownership","Value",214
"Brentwood","E07000068","Social rented: Rents from council or Local Authority","Value",2649
"Brentwood","E07000068","Social rented: Other social rented","Value",1011
"Brentwood","E07000068","Private rented: Private landlord or letting agency","Value",4589
"Brentwood","E07000068","Private rented: Other private rented","Value",574
"Brentwood","E07000068","Lives rent free","Value",48
"Castle Point","E07000069","Total: All households","Value",37389
"Castle Point","E07000069","Owned: Owns outright","Value",16937
"Castle Point","E07000069","Owned: Owns with a mortgage or loan","Value",13000
"Castle Point","E07000069","Shared ownership: Shared ownership","Value",135
"Castle Point","E07000069","Social rented: Rents from council or Local Authority","Value",1423
"Castle Point","E07000069","Social rented: Other social rented","Value",628
"Castle Point","E07000069","Private rented: Private landlord or letting agency","Value",4585
"Castle Point","E07000069","Private rented: Other private rented","Value",655
"Castle Point","E07000069","Lives rent free","Value",26
"Chelmsford","E07000070","Total: All households","Value",75401
"Chelmsford","E07000070","Owned: Owns outright","Value",27057
"Chelmsford","E07000070","Owned: Owns with a mortgage or loan","Value",25691
"Chelmsford","E07000070","Shared ownership: Shared ownership","Value",879
"Chelmsford","E07000070","Social rented: Rents from council or Local Authority","Value",1619
"Chelmsford","E07000070","Social rented: Other social rented","Value",8398
"Chelmsford","E07000070","Private rented: Private landlord or letting agency","Value",10479
"Chelmsford","E07000070","Private rented: Other private rented","Value",1245
"Chelmsford","E07000070","Lives rent free","Value",33
"Colchester","E07000071","Total: All households","Value",79711
"Colchester","E07000071","Owned: Owns outright","Value",26126
"Colchester","E07000071","Owned: Owns with a mortgage or loan","Value",25352
"Colchester","E07000071","Shared ownership: Shared ownership","Value",419
"Colchester","E07000071","Social rented: Rents from council or Local Authority","Value",5645
"Colchester","E07000071","Social rented: Other social rented","Value",4940
"Colchester","E07000071","Private rented: Private landlord or letting agency","Value",15003
"Colchester","E07000071","Private rented: Other private rented","Value",2162
"Colchester","E07000071","Lives rent free","Value",64
"Epping Forest","E07000072","Total: All households","Value",54559
"Epping Forest","E07000072","Owned: Owns outright","Value",19180
"Epping Forest","E07000072","Owned: Owns with a mortgage or loan","Value",18807
"Epping Forest","E07000072","Shared ownership: Shared ownership","Value",353
"Epping Forest","E07000072","Social rented: Rents from council or Local Authority","Value",6215
"Epping Forest","E07000072","Social rented: Other social rented","Value",1778
"Epping Forest","E07000072","Private rented: Private landlord or letting agency","Value",7082
"Epping Forest","E07000072","Private rented: Other private rented","Value",1065
"Epping Forest","E07000072","Lives rent free","Value",79
"Harlow","E07000073","Total: All households","Value",37856
"Harlow","E07000073","Owned: Owns outright","Value",8723
"Harlow","E07000073","Owned: Owns with a mortgage or loan","Value",11622
"Harlow","E07000073","Shared ownership: Shared ownership","Value",499
"Harlow","E07000073","Social rented: Rents from council or Local Authority","Value",9051
"Harlow","E07000073","Social rented: Other social rented","Value",2046
"Harlow","E07000073","Private rented: Private landlord or letting agency","Value",5298
"Harlow","E07000073","Private rented: Other private rented","Value",526
"Harlow","E07000073","Lives rent free","Value",91
"Maldon","E07000074","Total: All households","Value",27900
"Maldon","E07000074","Owned: Owns outright","Value",12224
"Maldon","E07000074","Owned: Owns with a mortgage or loan","Value",9034
"Maldon","E07000074","Shared ownership: Shared ownership","Value",227
"Maldon","E07000074","Social rented: Rents from council or Local Authority","Value",266
"Maldon","E07000074","Social rented: Other social rented","Value",2866
"Maldon","E07000074","Private rented: Private landlord or letting agency","Value",2670
"Maldon","E07000074","Private rented: Other private rented","Value",609
"Maldon","E07000074","Lives rent free","Value",4
"Rochford","E07000075","Total: All households","Value",35558
"Rochford","E07000075","Owned: Owns outright","Value",15572
"Rochford","E07000075","Owned: Owns with a mortgage or loan","Value",13102
"Rochford","E07000075","Shared ownership: Shared ownership","Value",205
"Rochford","E07000075","Social rented: Rents from council or Local Authority","Value",365
"Rochford","E07000075","Social rented: Other social rented","Value",2506
"Rochford","E07000075","Private rented: Private landlord or letting agency","Value",3203
"Rochford","E07000075","Private rented: Other private rented","Value",602
"Rochford","E07000075","Lives rent free","Value",3
"Tendring","E07000076","Total: All households","Value",67452
"Tendring","E07000076","Owned: Owns outright","Value",31510
"Tendring","E07000076","Owned: Owns with a mortgage or loan","Value",16704
"Tendring","E07000076","Shared ownership: Shared ownership","Value",315
"Tendring","E07000076","Social rented: Rents from council or Local Authority","Value",2702
"Tendring","E07000076","Social rented: Other social rented","Value",2804
"Tendring","E07000076","Private rented: Private landlord or letting agency","Value",11829
"Tendring","E07000076","Private rented: Other private rented","Value",1541
"Tendring","E07000076","Lives rent free","Value",47
"Uttlesford","E07000077","Total: All households","Value",36955
"Uttlesford","E07000077","Owned: Owns outright","Value",13177
"Uttlesford","E07000077","Owned: Owns with a mortgage or loan","Value",12909
"Uttlesford","E07000077","Shared ownership: Shared ownership","Value",659
"Uttlesford","E07000077","Social rented: Rents from council or Local Authority","Value",2682
"Uttlesford","E07000077","Social rented: Other social rented","Value",2127
"Uttlesford","E07000077","Private rented: Private landlord or letting agency","Value",4519
"Uttlesford","E07000077","Private rented: Other private rented","Value",856
"Uttlesford","E07000077","Lives rent free","Value",26
"Broxbourne","E07000095","Total: All households","Value",39850
"Broxbourne","E07000095","Owned: Owns outright","Value",13178
"Broxbourne","E07000095","Owned: Owns with a mortgage or loan","Value",14179
"Broxbourne","E07000095","Shared ownership: Shared ownership","Value",420
"Broxbourne","E07000095","Social rented: Rents from council or Local Authority","Value",1400
"Broxbourne","E07000095","Social rented: Other social rented","Value",4283
"Broxbourne","E07000095","Private rented: Private landlord or letting agency","Value",5783
"Broxbourne","E07000095","Private rented: Other private rented","Value",584
"Broxbourne","E07000095","Lives rent free","Value",23
"Dacorum","E07000096","Total: All households","Value",63412
"Dacorum","E07000096","Owned: Owns outright","Value",19598
"Dacorum","E07000096","Owned: Owns with a mortgage or loan","Value",20937
"Dacorum","E07000096","Shared ownership: Shared ownership","Value",394
"Dacorum","E07000096","Social rented: Rents from council or Local Authority","Value",9863
"Dacorum","E07000096","Social rented: Other social rented","Value",3457
"Dacorum","E07000096","Private rented: Private landlord or letting agency","Value",8214
"Dacorum","E07000096","Private rented: Other private rented","Value",879
"Dacorum","E07000096","Lives rent free","Value",70
"Hertsmere","E07000098","Total: All households","Value",42682
"Hertsmere","E07000098","Owned: Owns outright","Value",13227
"Hertsmere","E07000098","Owned: Owns with a mortgage or loan","Value",14172
"Hertsmere","E07000098","Shared ownership: Shared ownership","Value",488
"Hertsmere","E07000098","Social rented: Rents from council or Local Authority","Value",873
"Hertsmere","E07000098","Social rented: Other social rented","Value",6528
"Hertsmere","E07000098","Private rented: Private landlord or letting agency","Value",6544
"Hertsmere","E07000098","Private rented: Other private rented","Value",826
"Hertsmere","E07000098","Lives rent free","Value",24
"North Hertfordshire","E07000099","Total: All households","Value",56733
"North Hertfordshire","E07000099","Owned: Owns outright","Value",18933
"North Hertfordshire","E07000099","Owned: Owns with a mortgage or loan","Value",17828
"North Hertfordshire","E07000099","Shared ownership: Shared ownership","Value",642
"North Hertfordshire","E07000099","Social rented: Rents from council or Local Authority","Value",3476
"North Hertfordshire","E07000099","Social rented: Other social rented","Value",7118
"North Hertfordshire","E07000099","Private rented: Private landlord or letting agency","Value",7756
"North Hertfordshire","E07000099","Private rented: Other private rented","Value",966
"North Hertfordshire","E07000099","Lives rent free","Value",14
"Three Rivers","E07000102","Total: All households","Value",36857
"Three Rivers","E07000102","Owned: Owns outright","Value",12806
"Three Rivers","E07000102","Owned: Owns with a mortgage or loan","Value",13334
"Three Rivers","E07000102","Shared ownership: Shared ownership","Value",276
"Three Rivers","E07000102","Social rented: Rents from council or Local Authority","Value",1518
"Three Rivers","E07000102","Social rented: Other social rented","Value",3949
"Three Rivers","E07000102","Private rented: Private landlord or letting agency","Value",4296
"Three Rivers","E07000102","Private rented: Other private rented","Value",660
"Three Rivers","E07000102","Lives rent free","Value",18
"Watford","E07000103","Total: All households","Value",39629
"Watford","E07000103","Owned: Owns outright","Value",9577
"Watford","E07000103","Owned: Owns with a mortgage or loan","Value",12268
"Watford","E07000103","Shared ownership: Shared ownership","Value",419
"Watford","E07000103","Social rented: Rents from council or Local Authority","Value",1531
"Watford","E07000103","Social rented: Other social rented","Value",4641
"Watford","E07000103","Private rented: Private landlord or letting agency","Value",10505
"Watford","E07000103","Private rented: Other private rented","Value",672
"Watford","E07000103","Lives rent free","Value",16
"Breckland","E07000143","Total: All households","Value",60358
"Breckland","E07000143","Owned: Owns outright","Value",24126
"Breckland","E07000143","Owned: Owns with a mortgage or loan","Value",16335
"Breckland","E07000143","Shared ownership: Shared ownership","Value",433
"Breckland","E07000143","Social rented: Rents from council or Local Authority","Value",1653
"Breckland","E07000143","Social rented: Other social rented","Value",6854
"Breckland","E07000143","Private rented: Private landlord or letting agency","Value",9186
"Breckland","E07000143","Private rented: Other private rented","Value",1744
"Breckland","E07000143","Lives rent free","Value",27
"Broadland","E07000144","Total: All households","Value",57760
"Broadland","E07000144","Owned: Owns outright","Value",26448
"Broadland","E07000144","Owned: Owns with a mortgage or loan","Value",18088
"Broadland","E07000144","Shared ownership: Shared ownership","Value",498
"Broadland","E07000144","Social rented: Rents from council or Local Authority","Value",650
"Broadland","E07000144","Social rented: Other social rented","Value",4969
"Broadland","E07000144","Private rented: Private landlord or letting agency","Value",5951
"Broadland","E07000144","Private rented: Other private rented","Value",1144
"Broadland","E07000144","Lives rent free","Value",12
"Great Yarmouth","E07000145","Total: All households","Value",44545
"Great Yarmouth","E07000145","Owned: Owns outright","Value",16978
"Great Yarmouth","E07000145","Owned: Owns with a mortgage or loan","Value",10538
"Great Yarmouth","E07000145","Shared ownership: Shared ownership","Value",133
"Great Yarmouth","E07000145","Social rented: Rents from council or Local Authority","Value",5464
"Great Yarmouth","E07000145","Social rented: Other social rented","Value",1749
"Great Yarmouth","E07000145","Private rented: Private landlord or letting agency","Value",8504
"Great Yarmouth","E07000145","Private rented: Other private rented","Value",1072
"Great Yarmouth","E07000145","Lives rent free","Value",107
"King's Lynn and West Norfolk","E07000146","Total: All households","Value",67464
"King's Lynn and West Norfolk","E07000146","Owned: Owns outright","Value",28053
"King's Lynn and West Norfolk","E07000146","Owned: Owns with a mortgage or loan","Value",17150
"King's Lynn and West Norfolk","E07000146","Shared ownership: Shared ownership","Value",323
"King's Lynn and West Norfolk","E07000146","Social rented: Rents from council or Local Authority","Value",2167
"King's Lynn and West Norfolk","E07000146","Social rented: Other social rented","Value",7013
"King's Lynn and West Norfolk","E07000146","Private rented: Private landlord or letting agency","Value",10482
"King's Lynn and West Norfolk","E07000146","Private rented: Other private rented","Value",2222
"King's Lynn and West Norfolk","E07000146","Lives rent free","Value",54
"North Norfolk","E07000147","Total: All households","Value",48374
"North Norfolk","E07000147","Owned: Owns outright","Value",23509
"North Norfolk","E07000147","Owned: Owns with a mortgage or loan","Value",9701
"North Norfolk","E07000147","Shared ownership: Shared ownership","Value",333
"North Norfolk","E07000147","Social rented: Rents from council or Local Authority","Value",998
"North Norfolk","E07000147","Social rented: Other social rented","Value",5277
"North Norfolk","E07000147","Private rented: Private landlord or letting agency","Value",7170
"North Norfolk","E07000147","Private rented: Other private rented","Value",1368
"North Norfolk","E07000147","Lives rent free","Value",18
"Norwich","E07000148","Total: All households","Value",64457
"Norwich","E07000148","Owned: Owns outright","Value",14312
"Norwich","E07000148","Owned: Owns with a mortgage or loan","Value",12793
"Norwich","E07000148","Shared ownership: Shared ownership","Value",367
"Norwich","E07000148","Social rented: Rents from council or Local Authority","Value",14240
"Norwich","E07000148","Social rented: Other social rented","Value",5278
"Norwich","E07000148","Private rented: Private landlord or letting agency","Value",15986
"Norwich","E07000148","Private rented: Other private rented","Value",1365
"Norwich","E07000148","Lives rent free","Value",116
"South Norfolk","E07000149","Total: All households","Value",61381
"South Norfolk","E07000149","Owned: Owns outright","Value",25720
"South Norfolk","E07000149","Owned: Owns with a mortgage or loan","Value",19175
"South Norfolk","E07000149","Shared ownership: Shared ownership","Value",756
"South Norfolk","E07000149","Social rented: Rents from council or Local Authority","Value",1411
"South Norfolk","E07000149","Social rented: Other social rented","Value",5773
"South Norfolk","E07000149","Private rented: Private landlord or letting agency","Value",7213
"South Norfolk","E07000149","Private rented: Other private rented","Value",1314
"South Norfolk","E07000149","Lives rent free","Value",19
"Babergh","E07000200","Total: All households","Value",40200
"Babergh","E07000200","Owned: Owns outright","Value",17460
"Babergh","E07000200","Owned: Owns with a mortgage or loan","Value",11098
"Babergh","E07000200","Shared ownership: Shared ownership","Value",289
"Babergh","E07000200","Social rented: Rents from council or Local Authority","Value",3370
"Babergh","E07000200","Social rented: Other social rented","Value",1963
"Babergh","E07000200","Private rented: Private landlord or letting agency","Value",4910
"Babergh","E07000200","Private rented: Other private rented","Value",1049
"Babergh","E07000200","Lives rent free","Value",61
"Ipswich","E07000202","Total: All households","Value",59507
"Ipswich","E07000202","Owned: Owns outright","Value",16810
"Ipswich","E07000202","Owned: Owns with a mortgage or loan","Value",16182
"Ipswich","E07000202","Shared ownership: Shared ownership","Value",353
"Ipswich","E07000202","Social rented: Rents from council or Local Authority","Value",7614
"Ipswich","E07000202","Social rented: Other social rented","Value",4754
"Ipswich","E07000202","Private rented: Private landlord or letting agency","Value",12583
"Ipswich","E07000202","Private rented: Other private rented","Value",1081
"Ipswich","E07000202","Lives rent free","Value",130
"Mid Suffolk","E07000203","Total: All households","Value",44344
"Mid Suffolk","E07000203","Owned: Owns outright","Value",19151
"Mid Suffolk","E07000203","Owned: Owns with a mortgage or loan","Value",13607
"Mid Suffolk","E07000203","Shared ownership: Shared ownership","Value",446
"Mid Suffolk","E07000203","Social rented: Rents from council or Local Authority","Value",3141
"Mid Suffolk","E07000203","Social rented: Other social rented","Value",1870
"Mid Suffolk","E07000203","Private rented: Private landlord or letting agency","Value",4874
"Mid Suffolk","E07000203","Private rented: Other private rented","Value",1205
"Mid Suffolk","E07000203","Lives rent free","Value",50
"St Albans","E07000240","Total: All households","Value",58990
"St Albans","E07000240","Owned: Owns outright","Value",20615
"St Albans","E07000240","Owned: Owns with a mortgage or loan","Value",21237
"St Albans","E07000240","Shared ownership: Shared ownership","Value",297
"St Albans","E07000240","Social rented: Rents from council or Local Authority","Value",4620
"St Albans","E07000240","Social rented: Other social rented","Value",2567
"St Albans","E07000240","Private rented: Private landlord or letting agency","Value",8703
"St Albans","E07000240","Private rented: Other private rented","Value",899
"St Albans","E07000240","Lives rent free","Value",52
"Welwyn Hatfield","E07000241","Total: All households","Value",46209
"Welwyn Hatfield","E07000241","Owned: Owns outright","Value",12711
"Welwyn Hatfield","E07000241","Owned: Owns with a mortgage or loan","Value",13465
"Welwyn Hatfield","E07000241","Shared ownership: Shared ownership","Value",647
"Welwyn Hatfield","E07000241","Social rented: Rents from council or Local Authority","Value",8354
"Welwyn Hatfield","E07000241","Social rented: Other social rented","Value",3360
"Welwyn Hatfield","E07000241","Private rented: Private landlord or letting agency","Value",6954
"Welwyn Hatfield","E07000241","Private rented: Other private rented","Value",632
"Welwyn Hatfield","E07000241","Lives rent free","Value",86
"East Hertfordshire","E07000242","Total: All households","Value",62023
"East Hertfordshire","E07000242","Owned: Owns outright","Value",21140
"East Hertfordshire","E07000242","Owned: Owns with a mortgage or loan","Value",21870
"East Hertfordshire","E07000242","Shared ownership: Shared ownership","Value",915
"East Hertfordshire","E07000242","Social rented: Rents from council or Local Authority","Value",1041
"East Hertfordshire","E07000242","Social rented: Other social rented","Value",7070
"East Hertfordshire","E07000242","Private rented: Private landlord or letting agency","Value",8910
"East Hertfordshire","E07000242","Private rented: Other private rented","Value",1057
"East Hertfordshire","E07000242","Lives rent free","Value",20
"Stevenage","E07000243","Total: All households","Value",36512
"Stevenage","E07000243","Owned: Owns outright","Value",9522
"Stevenage","E07000243","Owned: Owns with a mortgage or loan","Value",11282
"Stevenage","E07000243","Shared ownership: Shared ownership","Value",618
"Stevenage","E07000243","Social rented: Rents from council or Local Authority","Value",7457
"Stevenage","E07000243","Social rented: Other social rented","Value",2137
"Stevenage","E07000243","Private rented: Private landlord or letting agency","Value",4996
"Stevenage","E07000243","Private rented: Other private rented","Value",474
"Stevenage","E07000243","Lives rent free","Value",26
"East Suffolk","E07000244","Total: All households","Value",110749
"East Suffolk","E07000244","Owned: Owns outright","Value",49014
"East Suffolk","E07000244","Owned: Owns with a mortgage or loan","Value",27266
"East Suffolk","E07000244","Shared ownership: Shared ownership","Value",443
"East Suffolk","E07000244","Social rented: Rents from council or Local Authority","Value",5093
"East Suffolk","E07000244","Social rented: Other social rented","Value",9384
"East Suffolk","E07000244","Private rented: Private landlord or letting agency","Value",16953
"East Suffolk","E07000244","Private rented: Other private rented","Value",2532
"East Suffolk","E07000244","Lives rent free","Value",64
"West Suffolk","E07000245","Total: All households","Value",78747
"West Suffolk","E07000245","Owned: Owns outright","Value",26398
"West Suffolk","E07000245","Owned: Owns with a mortgage or loan","Value",20991
"West Suffolk","E07000245","Shared ownership: Shared ownership","Value",942
"West Suffolk","E07000245","Social rented: Rents from council or Local Authority","Value",3962
"West Suffolk","E07000245","Social rented: Other social rented","Value",8773
"West Suffolk","E07000245","Private rented: Private landlord or letting agency","Value",15003
"West Suffolk","E07000245","Private rented: Other private rented","Value",2626
"West Suffolk","E07000245","Lives rent free","Value",52
"City of London","E09000001","Total: All households","Value",4914
"City of London","E09000001","Owned: Owns outright","Value",1114
"City of London","E09000001","Owned: Owns with a mortgage or loan","Value",680
"City of London","E09000001","Shared ownership: Shared ownership","Value",12
"City of London","E09000001","Social rented: Rents from council or Local Authority","Value",449
"City of London","E09000001","Social rented: Other social rented","Value",281
"City of London","E09000001","Private rented: Private landlord or letting agency","Value",2064
"City of London","E09000001","Private rented: Other private rented","Value",309
"City of London","E09000001","Lives rent free","Value",5
"Barking and Dagenham","E09000002","Total: All households","Value",73902
"Barking and Dagenham","E09000002","Owned: Owns outright","Value",11130
"Barking and Dagenham","E09000002","Owned: Owns with a mortgage or loan","Value",20189
"Barking and Dagenham","E09000002","Shared ownership: Shared ownership","Value",1274
"Barking and Dagenham","E09000002","Social rented: Rents from council or Local Authority","Value",18077
"Barking and Dagenham","E09000002","Social rented: Other social rented","Value",5196
"Barking and Dagenham","E09000002","Private rented: Private landlord or letting agency","Value",16443
"Barking and Dagenham","E09000002","Private rented: Other private rented","Value",1447
"Barking and Dagenham","E09000002","Lives rent free","Value",146
"Barnet","E09000003","Total: All households","Value",148917
"Barnet","E09000003","Owned: Owns outright","Value",39083
"Barnet","E09000003","Owned: Owns with a mortgage or loan","Value",39324
"Barnet","E09000003","Shared ownership: Shared ownership","Value",1633
"Barnet","E09000003","Social rented: Rents from council or Local Authority","Value",10030
"Barnet","E09000003","Social rented: Other social rented","Value",10004
"Barnet","E09000003","Private rented: Private landlord or letting agency","Value",45180
"Barnet","E09000003","Private rented: Other private rented","Value",3525
"Barnet","E09000003","Lives rent free","Value",138
"Bexley","E09000004","Total: All households","Value",95300
"Bexley","E09000004","Owned: Owns outright","Value",31210
"Bexley","E09000004","Owned: Owns with a mortgage or loan","Value",34207
"Bexley","E09000004","Shared ownership: Shared ownership","Value",1263
"Bexley","E09000004","Social rented: Rents from council or Local Authority","Value",2491
"Bexley","E09000004","Social rented: Other social rented","Value",11486
"Bexley","E09000004","Private rented: Private landlord or letting agency","Value",13078
"Bexley","E09000004","Private rented: Other private rented","Value",1500
"Bexley","E09000004","Lives rent free","Value",65
"Brent","E09000005","Total: All households","Value",118612
"Brent","E09000005","Owned: Owns outright","Value",23933
"Brent","E09000005","Owned: Owns with a mortgage or loan","Value",21660
"Brent","E09000005","Shared ownership: Shared ownership","Value",2246
"Brent","E09000005","Social rented: Rents from council or Local Authority","Value",10444
"Brent","E09000005","Social rented: Other social rented","Value",17432
"Brent","E09000005","Private rented: Private landlord or letting agency","Value",39732
"Brent","E09000005","Private rented: Other private rented","Value",2994
"Brent","E09000005","Lives rent free","Value",171
"Bromley","E09000006","Total: All households","Value",135828
"Bromley","E09000006","Owned: Owns outright","Value",44794
"Bromley","E09000006","Owned: Owns with a mortgage or loan","Value",48234
"Bromley","E09000006","Shared ownership: Shared ownership","Value",1166
"Bromley","E09000006","Social rented: Rents from council or Local Authority","Value",2090
"Bromley","E09000006","Social rented: Other social rented","Value",15836
"Bromley","E09000006","Private rented: Private landlord or letting agency","Value",21418
"Bromley","E09000006","Private rented: Other private rented","Value",2243
"Bromley","E09000006","Lives rent free","Value",47
"Camden","E09000007","Total: All households","Value",92758
"Camden","E09000007","Owned: Owns outright","Value",14780
"Camden","E09000007","Owned: Owns with a mortgage or loan","Value",12727
"Camden","E09000007","Shared ownership: Shared ownership","Value",715
"Camden","E09000007","Social rented: Rents from council or Local Authority","Value",21051
"Camden","E09000007","Social rented: Other social rented","Value",10199
"Camden","E09000007","Private rented: Private landlord or letting agency","Value",30382
"Camden","E09000007","Private rented: Other private rented","Value",2630
"Camden","E09000007","Lives rent free","Value",274
"Croydon","E09000008","Total: All households","Value",152945
"Croydon","E09000008","Owned: Owns outright","Value",36992
"Croydon","E09000008","Owned: Owns with a mortgage or loan","Value",46675
"Croydon","E09000008","Shared ownership: Shared ownership","Value",2183
"Croydon","E09000008","Social rented: Rents from council or Local Authority","Value",14769
"Croydon","E09000008","Social rented: Other social rented","Value",12602
"Croydon","E09000008","Private rented: Private landlord or letting agency","Value",36484
"Croydon","E09000008","Private rented: Other private rented","Value",2957
"Croydon","E09000008","Lives rent free","Value",283
"Ealing","E09000009","Total: All households","Value",133657
"Ealing","E09000009","Owned: Owns outright","Value",30275
"Ealing","E09000009","Owned: Owns with a mortgage or loan","Value",31539
"Ealing","E09000009","Shared ownership: Shared ownership","Value",2658
"Ealing","E09000009","Social rented: Rents from council or Local Authority","Value",11326
"Ealing","E09000009","Social rented: Other social rented","Value",12056
"Ealing","E09000009","Private rented: Private landlord or letting agency","Value",42063
"Ealing","E09000009","Private rented: Other private rented","Value",3427
"Ealing","E09000009","Lives rent free","Value",313
"Enfield","E09000010","Total: All households","Value",120923
"Enfield","E09000010","Owned: Owns outright","Value",31740
"Enfield","E09000010","Owned: Owns with a mortgage or loan","Value",31607
"Enfield","E09000010","Shared ownership: Shared ownership","Value",1319
"Enfield","E09000010","Social rented: Rents from council or Local Authority","Value",12530
"Enfield","E09000010","Social rented: Other social rented","Value",8043
"Enfield","E09000010","Private rented: Private landlord or letting agency","Value",32773
"Enfield","E09000010","Private rented: Other private rented","Value",2615
"Enfield","E09000010","Lives rent free","Value",296
"Greenwich","E09000011","Total: All households","Value",114051
"Greenwich","E09000011","Owned: Owns outright","Value",18473
"Greenwich","E09000011","Owned: Owns with a mortgage or loan","Value",28454
"Greenwich","E09000011","Shared ownership: Shared ownership","Value",2471
"Greenwich","E09000011","Social rented: Rents from council or Local Authority","Value",21257
"Greenwich","E09000011","Social rented: Other social rented","Value",14070
"Greenwich","E09000011","Private rented: Private landlord or letting agency","Value",26863
"Greenwich","E09000011","Private rented: Other private rented","Value",2225
"Greenwich","E09000011","Lives rent free","Value",238
"Hackney","E09000012","Total: All households","Value",106081
"Hackney","E09000012","Owned: Owns outright","Value",10263
"Hackney","E09000012","Owned: Owns with a mortgage or loan","Value",15803
"Hackney","E09000012","Shared ownership: Shared ownership","Value",2664
"Hackney","E09000012","Social rented: Rents from council or Local Authority","Value",21943
"Hackney","E09000012","Social rented: Other social rented","Value",21002
"Hackney","E09000012","Private rented: Private landlord or letting agency","Value",31943
"Hackney","E09000012","Private rented: Other private rented","Value",2204
"Hackney","E09000012","Lives rent free","Value",259
"Hammersmith and Fulham","E09000013","Total: All households","Value",81244
"Hammersmith and Fulham","E09000013","Owned: Owns outright","Value",12483
"Hammersmith and Fulham","E09000013","Owned: Owns with a mortgage or loan","Value",13607
"Hammersmith and Fulham","E09000013","Shared ownership: Shared ownership","Value",1208
"Hammersmith and Fulham","E09000013","Social rented: Rents from council or Local Authority","Value",11840
"Hammersmith and Fulham","E09000013","Social rented: Other social rented","Value",12391
"Hammersmith and Fulham","E09000013","Private rented: Private landlord or letting agency","Value",27284
"Hammersmith and Fulham","E09000013","Private rented: Other private rented","Value",2274
"Hammersmith and Fulham","E09000013","Lives rent free","Value",157
"Haringey","E09000014","Total: All households","Value",105091
"Haringey","E09000014","Owned: Owns outright","Value",18141
"Haringey","E09000014","Owned: Owns with a mortgage or loan","Value",20975
"Haringey","E09000014","Shared ownership: Shared ownership","Value",1732
"Haringey","E09000014","Social rented: Rents from council or Local Authority","Value",15630
"Haringey","E09000014","Social rented: Other social rented","Value",10844
"Haringey","E09000014","Private rented: Private landlord or letting agency","Value",35052
"Haringey","E09000014","Private rented: Other private rented","Value",2324
"Haringey","E09000014","Lives rent free","Value",393
"Harrow","E09000015","Total: All households","Value",89642
"Harrow","E09000015","Owned: Owns outright","Value",26947
"Harrow","E09000015","Owned: Owns with a mortgage or loan","Value",25743
"Harrow","E09000015","Shared ownership: Shared ownership","Value",1007
"Harrow","E09000015","Social rented: Rents from council or Local Authority","Value",4977
"Harrow","E09000015","Social rented: Other social rented","Value",4321
"Harrow","E09000015","Private rented: Private landlord or letting agency","Value",24354
"Harrow","E09000015","Private rented: Other private rented","Value",2141
"Harrow","E09000015","Lives rent free","Value",152
"Havering","E09000016","Total: All households","Value",101276
"Havering","E09000016","Owned: Owns outright","Value",34918
"Havering","E09000016","Owned: Owns with a mortgage or loan","Value",35461
"Havering","E09000016","Shared ownership: Shared ownership","Value",976
"Havering","E09000016","Social rented: Rents from council or Local Authority","Value",9423
"Havering","E09000016","Social rented: Other social rented","Value",4384
"Havering","E09000016","Private rented: Private landlord or letting agency","Value",14452
"Havering","E09000016","Private rented: Other private rented","Value",1567
"Havering","E09000016","Lives rent free","Value",95
"Hillingdon","E09000017","Total: All households","Value",109228
"Hillingdon","E09000017","Owned: Owns outright","Value",28994
"Hillingdon","E09000017","Owned: Owns with a mortgage or loan","Value",32837
"Hillingdon","E09000017","Shared ownership: Shared ownership","Value",1373
"Hillingdon","E09000017","Social rented: Rents from council or Local Authority","Value",10179
"Hillingdon","E09000017","Social rented: Other social rented","Value",7434
"Hillingdon","E09000017","Private rented: Private landlord or letting agency","Value",25692
"Hillingdon","E09000017","Private rented: Other private rented","Value",2584
"Hillingdon","E09000017","Lives rent free","Value",135
"Hounslow","E09000018","Total: All households","Value",102961
"Hounslow","E09000018","Owned: Owns outright","Value",21761
"Hounslow","E09000018","Owned: Owns with a mortgage or loan","Value",25283
"Hounslow","E09000018","Shared ownership: Shared ownership","Value",2225
"Hounslow","E09000018","Social rented: Rents from council or Local Authority","Value",13251
"Hounslow","E09000018","Social rented: Other social rented","Value",8367
"Hounslow","E09000018","Private rented: Private landlord or letting agency","Value",29537
"Hounslow","E09000018","Private rented: Other private rented","Value",2251
"Hounslow","E09000018","Lives rent free","Value",286
"Islington","E09000019","Total: All households","Value",96496
"Islington","E09000019","Owned: Owns outright","Value",11151
"Islington","E09000019","Owned: Owns with a mortgage or loan","Value",14589
"Islington","E09000019","Shared ownership: Shared ownership","Value",1580
"Islington","E09000019","Social rented: Rents from council or Local Authority","Value",24081
"Islington","E09000019","Social rented: Other social rented","Value",14706
"Islington","E09000019","Private rented: Private landlord or letting agency","Value",28084
"Islington","E09000019","Private rented: Other private rented","Value",1995
"Islington","E09000019","Lives rent free","Value",310
"Kensington and Chelsea","E09000020","Total: All households","Value",66884
"Kensington and Chelsea","E09000020","Owned: Owns outright","Value",13301
"Kensington and Chelsea","E09000020","Owned: Owns with a mortgage or loan","Value",7890
"Kensington and Chelsea","E09000020","Shared ownership: Shared ownership","Value",676
"Kensington and Chelsea","E09000020","Social rented: Rents from council or Local Authority","Value",7154
"Kensington and Chelsea","E09000020","Social rented: Other social rented","Value",11276
"Kensington and Chelsea","E09000020","Private rented: Private landlord or letting agency","Value",23560
"Kensington and Chelsea","E09000020","Private rented: Other private rented","Value",2900
"Kensington and Chelsea","E09000020","Lives rent free","Value",127
"Kingston upon Thames","E09000021","Total: All households","Value",65628
"Kingston upon Thames","E09000021","Owned: Owns outright","Value",18519
"Kingston upon Thames","E09000021","Owned: Owns with a mortgage or loan","Value",21418
"Kingston upon Thames","E09000021","Shared ownership: Shared ownership","Value",460
"Kingston upon Thames","E09000021","Social rented: Rents from council or Local Authority","Value",4647
"Kingston upon Thames","E09000021","Social rented: Other social rented","Value",2597
"Kingston upon Thames","E09000021","Private rented: Private landlord or letting agency","Value",16535
"Kingston upon Thames","E09000021","Private rented: Other private rented","Value",1376
"Kingston upon Thames","E09000021","Lives rent free","Value",76
"Lambeth","E09000022","Total: All households","Value",134688
"Lambeth","E09000022","Owned: Owns outright","Value",16180
"Lambeth","E09000022","Owned: Owns with a mortgage or loan","Value",28289
"Lambeth","E09000022","Shared ownership: Shared ownership","Value",2441
"Lambeth","E09000022","Social rented: Rents from council or Local Authority","Value",24126
"Lambeth","E09000022","Social rented: Other social rented","Value",21117
"Lambeth","E09000022","Private rented: Private landlord or letting agency","Value",39228
"Lambeth","E09000022","Private rented: Other private rented","Value",3101
"Lambeth","E09000022","Lives rent free","Value",206
"Lewisham","E09000023","Total: All households","Value",122393
"Lewisham","E09000023","Owned: Owns outright","Value",18853
"Lewisham","E09000023","Owned: Owns with a mortgage or loan","Value",32377
"Lewisham","E09000023","Shared ownership: Shared ownership","Value",1944
"Lewisham","E09000023","Social rented: Rents from council or Local Authority","Value",16045
"Lewisham","E09000023","Social rented: Other social rented","Value",19708
"Lewisham","E09000023","Private rented: Private landlord or letting agency","Value",30797
"Lewisham","E09000023","Private rented: Other private rented","Value",2492
"Lewisham","E09000023","Lives rent free","Value",177
"Merton","E09000024","Total: All households","Value",81726
"Merton","E09000024","Owned: Owns outright","Value",20695
"Merton","E09000024","Owned: Owns with a mortgage or loan","Value",24773
"Merton","E09000024","Shared ownership: Shared ownership","Value",869
"Merton","E09000024","Social rented: Rents from council or Local Authority","Value",2342
"Merton","E09000024","Social rented: Other social rented","Value",9257
"Merton","E09000024","Private rented: Private landlord or letting agency","Value",21998
"Merton","E09000024","Private rented: Other private rented","Value",1750
"Merton","E09000024","Lives rent free","Value",42
"Newham","E09000025","Total: All households","Value",115511
"Newham","E09000025","Owned: Owns outright","Value",14695
"Newham","E09000025","Owned: Owns with a mortgage or loan","Value",20884
"Newham","E09000025","Shared ownership: Shared ownership","Value",2739
"Newham","E09000025","Social rented: Rents from council or Local Authority","Value",17989
"Newham","E09000025","Social rented: Other social rented","Value",14401
"Newham","E09000025","Private rented: Private landlord or letting agency","Value",41391
"Newham","E09000025","Private rented: Other private rented","Value",3088
"Newham","E09000025","Lives rent free","Value",324
"Redbridge","E09000026","Total: All households","Value",103714
"Redbridge","E09000026","Owned: Owns outright","Value",27956
"Redbridge","E09000026","Owned: Owns with a mortgage or loan","Value",31265
"Redbridge","E09000026","Shared ownership: Shared ownership","Value",983
"Redbridge","E09000026","Social rented: Rents from council or Local Authority","Value",6604
"Redbridge","E09000026","Social rented: Other social rented","Value",5103
"Redbridge","E09000026","Private rented: Private landlord or letting agency","Value",29079
"Redbridge","E09000026","Private rented: Other private rented","Value",2497
"Redbridge","E09000026","Lives rent free","Value",227
"Richmond upon Thames","E09000027","Total: All households","Value",80704
"Richmond upon Thames","E09000027","Owned: Owns outright","Value",24535
"Richmond upon Thames","E09000027","Owned: Owns with a mortgage or loan","Value",25826
"Richmond upon Thames","E09000027","Shared ownership: Shared ownership","Value",560
"Richmond upon Thames","E09000027","Social rented: Rents from council or Local Authority","Value",1829
"Richmond upon Thames","E09000027","Social rented: Other social rented","Value",7923
"Richmond upon Thames","E09000027","Private rented: Private landlord or letting agency","Value",18393
"Richmond upon Thames","E09000027","Private rented: Other private rented","Value",1577
"Richmond upon Thames","E09000027","Lives rent free","Value",61
"Southwark","E09000028","Total: All households","Value",130820
"Southwark","E09000028","Owned: Owns outright","Value",13879
"Southwark","E09000028","Owned: Owns with a mortgage or loan","Value",23870
"Southwark","E09000028","Shared ownership: Shared ownership","Value",3182
"Southwark","E09000028","Social rented: Rents from council or Local Authority","Value",35433
"Southwark","E09000028","Social rented: Other social rented","Value",16558
"Southwark","E09000028","Private rented: Private landlord or letting agency","Value",34493
"Southwark","E09000028","Private rented: Other private rented","Value",3013
"Southwark","E09000028","Lives rent free","Value",392
"Sutton","E09000029","Total: All households","Value",82347
"Sutton","E09000029","Owned: Owns outright","Value",23400
"Sutton","E09000029","Owned: Owns with a mortgage or loan","Value",29647
"Sutton","E09000029","Shared ownership: Shared ownership","Value",889
"Sutton","E09000029","Social rented: Rents from council or Local Authority","Value",5399
"Sutton","E09000029","Social rented: Other social rented","Value",6268
"Sutton","E09000029","Private rented: Private landlord or letting agency","Value",15372
"Sutton","E09000029","Private rented: Other private rented","Value",1311
"Sutton","E09000029","Lives rent free","Value",61
"Tower Hamlets","E09000030","Total: All households","Value",120539
"Tower Hamlets","E09000030","Owned: Owns outright","Value",9424
"Tower Hamlets","E09000030","Owned: Owns with a mortgage or loan","Value",18459
"Tower Hamlets","E09000030","Shared ownership: Shared ownership","Value",3143
"Tower Hamlets","E09000030","Social rented: Rents from council or Local Authority","Value",16697
"Tower Hamlets","E09000030","Social rented: Other social rented","Value",26540
"Tower Hamlets","E09000030","Private rented: Private landlord or letting agency","Value",43126
"Tower Hamlets","E09000030","Private rented: Other private rented","Value",2874
"Tower Hamlets","E09000030","Lives rent free","Value",276
"Waltham Forest","E09000031","Total: All households","Value",102901
"Waltham Forest","E09000031","Owned: Owns outright","Value",20817
"Waltham Forest","E09000031","Owned: Owns with a mortgage or loan","Value",29539
"Waltham Forest","E09000031","Shared ownership: Shared ownership","Value",1700
"Waltham Forest","E09000031","Social rented: Rents from council or Local Authority","Value",10737
"Waltham Forest","E09000031","Social rented: Other social rented","Value",11362
"Waltham Forest","E09000031","Private rented: Private landlord or letting agency","Value",26361
"Waltham Forest","E09000031","Private rented: Other private rented","Value",2232
"Waltham Forest","E09000031","Lives rent free","Value",153
"Wandsworth","E09000032","Total: All households","Value",137392
"Wandsworth","E09000032","Owned: Owns outright","Value",24410
"Wandsworth","E09000032","Owned: Owns with a mortgage or loan","Value",33915
"Wandsworth","E09000032","Shared ownership: Shared ownership","Value",2509
"Wandsworth","E09000032","Social rented: Rents from council or Local Authority","Value",16653
"Wandsworth","E09000032","Social rented: Other social rented","Value",9891
"Wandsworth","E09000032","Private rented: Private landlord or letting agency","Value",46295
"Wandsworth","E09000032","Private rented: Other private rented","Value",3535
"Wandsworth","E09000032","Lives rent free","Value",184
"Westminster","E09000033","Total: All households","Value",94816
"Westminster","E09000033","Owned: Owns outright","Value",15213
"Westminster","E09000033","Owned: Owns with a mortgage or loan","Value",10749
"Westminster","E09000033","Shared ownership: Shared ownership","Value",695
"Westminster","E09000033","Social rented: Rents from council or Local Authority","Value",12418
"Westminster","E09000033","Social rented: Other social rented","Value",14392
"Westminster","E09000033","Private rented: Private landlord or letting agency","Value",36871
"Westminster","E09000033","Private rented: Other private rented","Value",4194
"Westminster","E09000033","Lives rent free","Value",284
"Medway","E06000035","Total: All households","Value",111457
"Medway","E06000035","Owned: Owns outright","Value",34388
"Medway","E06000035","Owned: Owns with a mortgage or loan","Value",37734
"Medway","E06000035","Shared ownership: Shared ownership","Value",1646
"Medway","E06000035","Social rented: Rents from council or Local Authority","Value",4553
"Medway","E06000035","Social rented: Other social rented","Value",10577
"Medway","E06000035","Private rented: Private landlord or letting agency","Value",20219
"Medway","E06000035","Private rented: Other private rented","Value",2272
"Medway","E06000035","Lives rent free","Value",68
"Bracknell Forest","E06000036","Total: All households","Value",50245
"Bracknell Forest","E06000036","Owned: Owns outright","Value",14488
"Bracknell Forest","E06000036","Owned: Owns with a mortgage or loan","Value",19053
"Bracknell Forest","E06000036","Shared ownership: Shared ownership","Value",877
"Bracknell Forest","E06000036","Social rented: Rents from council or Local Authority","Value",2507
"Bracknell Forest","E06000036","Social rented: Other social rented","Value",5382
"Bracknell Forest","E06000036","Private rented: Private landlord or letting agency","Value",6957
"Bracknell Forest","E06000036","Private rented: Other private rented","Value",945
"Bracknell Forest","E06000036","Lives rent free","Value",36
"West Berkshire","E06000037","Total: All households","Value",66658
"West Berkshire","E06000037","Owned: Owns outright","Value",23209
"West Berkshire","E06000037","Owned: Owns with a mortgage or loan","Value",21828
"West Berkshire","E06000037","Shared ownership: Shared ownership","Value",878
"West Berkshire","E06000037","Social rented: Rents from council or Local Authority","Value",787
"West Berkshire","E06000037","Social rented: Other social rented","Value",8518
"West Berkshire","E06000037","Private rented: Private landlord or letting agency","Value",9668
"West Berkshire","E06000037","Private rented: Other private rented","Value",1763
"West Berkshire","E06000037","Lives rent free","Value",7
"Reading","E06000038","Total: All households","Value",67683
"Reading","E06000038","Owned: Owns outright","Value",15426
"Reading","E06000038","Owned: Owns with a mortgage or loan","Value",18707
"Reading","E06000038","Shared ownership: Shared ownership","Value",883
"Reading","E06000038","Social rented: Rents from council or Local Authority","Value",6145
"Reading","E06000038","Social rented: Other social rented","Value",4779
"Reading","E06000038","Private rented: Private landlord or letting agency","Value",20373
"Reading","E06000038","Private rented: Other private rented","Value",1250
"Reading","E06000038","Lives rent free","Value",120
"Slough","E06000039","Total: All households","Value",52423
"Slough","E06000039","Owned: Owns outright","Value",10215
"Slough","E06000039","Owned: Owns with a mortgage or loan","Value",15186
"Slough","E06000039","Shared ownership: Shared ownership","Value",573
"Slough","E06000039","Social rented: Rents from council or Local Authority","Value",6304
"Slough","E06000039","Social rented: Other social rented","Value",3962
"Slough","E06000039","Private rented: Private landlord or letting agency","Value",15101
"Slough","E06000039","Private rented: Other private rented","Value",994
"Slough","E06000039","Lives rent free","Value",88
"Windsor and Maidenhead","E06000040","Total: All households","Value",60929
"Windsor and Maidenhead","E06000040","Owned: Owns outright","Value",20393
"Windsor and Maidenhead","E06000040","Owned: Owns with a mortgage or loan","Value",19913
"Windsor and Maidenhead","E06000040","Shared ownership: Shared ownership","Value",392
"Windsor and Maidenhead","E06000040","Social rented: Rents from council or Local Authority","Value",705
"Windsor and Maidenhead","E06000040","Social rented: Other social rented","Value",6950
"Windsor and Maidenhead","E06000040","Private rented: Private landlord or letting agency","Value",10635
"Windsor and Maidenhead","E06000040","Private rented: Other private rented","Value",1918
"Windsor and Maidenhead","E06000040","Lives rent free","Value",23
"Wokingham","E06000041","Total: All households","Value",69165
"Wokingham","E06000041","Owned: Owns outright","Value",24952
"Wokingham","E06000041","Owned: Owns with a mortgage or loan","Value",27647
"Wokingham","E06000041","Shared ownership: Shared ownership","Value",1426
"Wokingham","E06000041","Social rented: Rents from council or Local Authority","Value",2844
"Wokingham","E06000041","Social rented: Other social rented","Value",2487
"Wokingham","E06000041","Private rented: Private landlord or letting agency","Value",8665
"Wokingham","E06000041","Private rented: Other private rented","Value",1117
"Wokingham","E06000041","Lives rent free","Value",27
"Milton Keynes","E06000042","Total: All households","Value",113103
"Milton Keynes","E06000042","Owned: Owns outright","Value",27193
"Milton Keynes","E06000042","Owned: Owns with a mortgage or loan","Value",34752
"Milton Keynes","E06000042","Shared ownership: Shared ownership","Value",6905
"Milton Keynes","E06000042","Social rented: Rents from council or Local Authority","Value",11029
"Milton Keynes","E06000042","Social rented: Other social rented","Value",9419
"Milton Keynes","E06000042","Private rented: Private landlord or letting agency","Value",21780
"Milton Keynes","E06000042","Private rented: Other private rented","Value",1876
"Milton Keynes","E06000042","Lives rent free","Value",149
"Brighton and Hove","E06000043","Total: All households","Value",121402
"Brighton and Hove","E06000043","Owned: Owns outright","Value",30444
"Brighton and Hove","E06000043","Owned: Owns with a mortgage or loan","Value",31973
"Brighton and Hove","E06000043","Shared ownership: Shared ownership","Value",997
"Brighton and Hove","E06000043","Social rented: Rents from council or Local Authority","Value",11587
"Brighton and Hove","E06000043","Social rented: Other social rented","Value",6464
"Brighton and Hove","E06000043","Private rented: Private landlord or letting agency","Value",37167
"Brighton and Hove","E06000043","Private rented: Other private rented","Value",2517
"Brighton and Hove","E06000043","Lives rent free","Value",253
"Portsmouth","E06000044","Total: All households","Value",86155
"Portsmouth","E06000044","Owned: Owns outright","Value",21958
"Portsmouth","E06000044","Owned: Owns with a mortgage or loan","Value",23066
"Portsmouth","E06000044","Shared ownership: Shared ownership","Value",769
"Portsmouth","E06000044","Social rented: Rents from council or Local Authority","Value",9394
"Portsmouth","E06000044","Social rented: Other social rented","Value",6113
"Portsmouth","E06000044","Private rented: Private landlord or letting agency","Value",22196
"Portsmouth","E06000044","Private rented: Other private rented","Value",2473
"Portsmouth","E06000044","Lives rent free","Value",186
"Southampton","E06000045","Total: All households","Value",102290
"Southampton","E06000045","Owned: Owns outright","Value",23049
"Southampton","E06000045","Owned: Owns with a mortgage or loan","Value",25789
"Southampton","E06000045","Shared ownership: Shared ownership","Value",1061
"Southampton","E06000045","Social rented: Rents from council or Local Authority","Value",14958
"Southampton","E06000045","Social rented: Other social rented","Value",7439
"Southampton","E06000045","Private rented: Private landlord or letting agency","Value",28063
"Southampton","E06000045","Private rented: Other private rented","Value",1797
"Southampton","E06000045","Lives rent free","Value",134
"Isle of Wight","E06000046","Total: All households","Value",64775
"Isle of Wight","E06000046","Owned: Owns outright","Value",28737
"Isle of Wight","E06000046","Owned: Owns with a mortgage or loan","Value",15083
"Isle of Wight","E06000046","Shared ownership: Shared ownership","Value",509
"Isle of Wight","E06000046","Social rented: Rents from council or Local Authority","Value",678
"Isle of Wight","E06000046","Social rented: Other social rented","Value",6379
"Isle of Wight","E06000046","Private rented: Private landlord or letting agency","Value",11731
"Isle of Wight","E06000046","Private rented: Other private rented","Value",1649
"Isle of Wight","E06000046","Lives rent free","Value",9
"Buckinghamshire","E06000060","Total: All households","Value",220327
"Buckinghamshire","E06000060","Owned: Owns outright","Value",77213
"Buckinghamshire","E06000060","Owned: Owns with a mortgage or loan","Value",77026
"Buckinghamshire","E06000060","Shared ownership: Shared ownership","Value",2813
"Buckinghamshire","E06000060","Social rented: Rents from council or Local Authority","Value",5766
"Buckinghamshire","E06000060","Social rented: Other social rented","Value",22769
"Buckinghamshire","E06000060","Private rented: Private landlord or letting agency","Value",29769
"Buckinghamshire","E06000060","Private rented: Other private rented","Value",4861
"Buckinghamshire","E06000060","Lives rent free","Value",110
"Eastbourne","E07000061","Total: All households","Value",45610
"Eastbourne","E07000061","Owned: Owns outright","Value",16305
"Eastbourne","E07000061","Owned: Owns with a mortgage or loan","Value",10924
"Eastbourne","E07000061","Shared ownership: Shared ownership","Value",270
"Eastbourne","E07000061","Social rented: Rents from council or Local Authority","Value",3223
"Eastbourne","E07000061","Social rented: Other social rented","Value",2717
"Eastbourne","E07000061","Private rented: Private landlord or letting agency","Value",11117
"Eastbourne","E07000061","Private rented: Other private rented","Value",1001
"Eastbourne","E07000061","Lives rent free","Value",53
"Hastings","E07000062","Total: All households","Value",40451
"Hastings","E07000062","Owned: Owns outright","Value",12644
"Hastings","E07000062","Owned: Owns with a mortgage or loan","Value",10243
"Hastings","E07000062","Shared ownership: Shared ownership","Value",203
"Hastings","E07000062","Social rented: Rents from council or Local Authority","Value",918
"Hastings","E07000062","Social rented: Other social rented","Value",4853
"Hastings","E07000062","Private rented: Private landlord or letting agency","Value",10642
"Hastings","E07000062","Private rented: Other private rented","Value",930
"Hastings","E07000062","Lives rent free","Value",18
"Lewes","E07000063","Total: All households","Value",43688
"Lewes","E07000063","Owned: Owns outright","Value",18524
"Lewes","E07000063","Owned: Owns with a mortgage or loan","Value",12549
"Lewes","E07000063","Shared ownership: Shared ownership","Value",410
"Lewes","E07000063","Social rented: Rents from council or Local Authority","Value",3162
"Lewes","E07000063","Social rented: Other social rented","Value",1612
"Lewes","E07000063","Private rented: Private landlord or letting agency","Value",6524
"Lewes","E07000063","Private rented: Other private rented","Value",860
"Lewes","E07000063","Lives rent free","Value",47
"Rother","E07000064","Total: All households","Value",42102
"Rother","E07000064","Owned: Owns outright","Value",20395
"Rother","E07000064","Owned: Owns with a mortgage or loan","Value",10210
"Rother","E07000064","Shared ownership: Shared ownership","Value",372
"Rother","E07000064","Social rented: Rents from council or Local Authority","Value",645
"Rother","E07000064","Social rented: Other social rented","Value",3648
"Rother","E07000064","Private rented: Private landlord or letting agency","Value",5862
"Rother","E07000064","Private rented: Other private rented","Value",965
"Rother","E07000064","Lives rent free","Value",5
"Wealden","E07000065","Total: All households","Value",68266
"Wealden","E07000065","Owned: Owns outright","Value",30510
"Wealden","E07000065","Owned: Owns with a mortgage or loan","Value",22033
"Wealden","E07000065","Shared ownership: Shared ownership","Value",794
"Wealden","E07000065","Social rented: Rents from council or Local Authority","Value",2887
"Wealden","E07000065","Social rented: Other social rented","Value",2814
"Wealden","E07000065","Private rented: Private landlord or letting agency","Value",7658
"Wealden","E07000065","Private rented: Other private rented","Value",1545
"Wealden","E07000065","Lives rent free","Value",25
"Basingstoke and Deane","E07000084","Total: All households","Value",76645
"Basingstoke and Deane","E07000084","Owned: Owns outright","Value",23475
"Basingstoke and Deane","E07000084","Owned: Owns with a mortgage or loan","Value",26170
"Basingstoke and Deane","E07000084","Shared ownership: Shared ownership","Value",1475
"Basingstoke and Deane","E07000084","Social rented: Rents from council or Local Authority","Value",765
"Basingstoke and Deane","E07000084","Social rented: Other social rented","Value",12946
"Basingstoke and Deane","E07000084","Private rented: Private landlord or letting agency","Value",10412
"Basingstoke and Deane","E07000084","Private rented: Other private rented","Value",1388
"Basingstoke and Deane","E07000084","Lives rent free","Value",14
"East Hampshire","E07000085","Total: All households","Value",52719
"East Hampshire","E07000085","Owned: Owns outright","Value",21080
"East Hampshire","E07000085","Owned: Owns with a mortgage or loan","Value",17391
"East Hampshire","E07000085","Shared ownership: Shared ownership","Value",756
"East Hampshire","E07000085","Social rented: Rents from council or Local Authority","Value",920
"East Hampshire","E07000085","Social rented: Other social rented","Value",5687
"East Hampshire","E07000085","Private rented: Private landlord or letting agency","Value",5692
"East Hampshire","E07000085","Private rented: Other private rented","Value",1184
"East Hampshire","E07000085","Lives rent free","Value",9
"Eastleigh","E07000086","Total: All households","Value",56924
"Eastleigh","E07000086","Owned: Owns outright","Value",20012
"Eastleigh","E07000086","Owned: Owns with a mortgage or loan","Value",20379
"Eastleigh","E07000086","Shared ownership: Shared ownership","Value",1160
"Eastleigh","E07000086","Social rented: Rents from council or Local Authority","Value",673
"Eastleigh","E07000086","Social rented: Other social rented","Value",6757
"Eastleigh","E07000086","Private rented: Private landlord or letting agency","Value",7081
"Eastleigh","E07000086","Private rented: Other private rented","Value",855
"Eastleigh","E07000086","Lives rent free","Value",7
"Fareham","E07000087","Total: All households","Value",48639
"Fareham","E07000087","Owned: Owns outright","Value",21154
"Fareham","E07000087","Owned: Owns with a mortgage or loan","Value",17037
"Fareham","E07000087","Shared ownership: Shared ownership","Value",342
"Fareham","E07000087","Social rented: Rents from council or Local Authority","Value",2237
"Fareham","E07000087","Social rented: Other social rented","Value",1722
"Fareham","E07000087","Private rented: Private landlord or letting agency","Value",4990
"Fareham","E07000087","Private rented: Other private rented","Value",1116
"Fareham","E07000087","Lives rent free","Value",41
"Gosport","E07000088","Total: All households","Value",35920
"Gosport","E07000088","Owned: Owns outright","Value",12314
"Gosport","E07000088","Owned: Owns with a mortgage or loan","Value",10535
"Gosport","E07000088","Shared ownership: Shared ownership","Value",434
"Gosport","E07000088","Social rented: Rents from council or Local Authority","Value",2998
"Gosport","E07000088","Social rented: Other social rented","Value",2864
"Gosport","E07000088","Private rented: Private landlord or letting agency","Value",5481
"Gosport","E07000088","Private rented: Other private rented","Value",1233
"Gosport","E07000088","Lives rent free","Value",61
"Hart","E07000089","Total: All households","Value",39965
"Hart","E07000089","Owned: Owns outright","Value",14958
"Hart","E07000089","Owned: Owns with a mortgage or loan","Value",15304
"Hart","E07000089","Shared ownership: Shared ownership","Value",742
"Hart","E07000089","Social rented: Rents from council or Local Authority","Value",370
"Hart","E07000089","Social rented: Other social rented","Value",3144
"Hart","E07000089","Private rented: Private landlord or letting agency","Value",4428
"Hart","E07000089","Private rented: Other private rented","Value",1014
"Hart","E07000089","Lives rent free","Value",5
"Havant","E07000090","Total: All households","Value",53589
"Havant","E07000090","Owned: Owns outright","Value",20869
"Havant","E07000090","Owned: Owns with a mortgage or loan","Value",15526
"Havant","E07000090","Shared ownership: Shared ownership","Value",469
"Havant","E07000090","Social rented: Rents from council or Local Authority","Value",5040
"Havant","E07000090","Social rented: Other social rented","Value",4949
"Havant","E07000090","Private rented: Private landlord or letting agency","Value",5760
"Havant","E07000090","Private rented: Other private rented","Value",895
"Havant","E07000090","Lives rent free","Value",81
"New Forest","E07000091","Total: All households","Value",77567
"New Forest","E07000091","Owned: Owns outright","Value",36150
"New Forest","E07000091","Owned: Owns with a mortgage or loan","Value",21371
"New Forest","E07000091","Shared ownership: Shared ownership","Value",504
"New Forest","E07000091","Social rented: Rents from council or Local Authority","Value",4976
"New Forest","E07000091","Social rented: Other social rented","Value",3391
"New Forest","E07000091","Private rented: Private landlord or letting agency","Value",9259
"New Forest","E07000091","Private rented: Other private rented","Value",1865
"New Forest","E07000091","Lives rent free","Value",51
"Rushmoor","E07000092","Total: All households","Value",39303
"Rushmoor","E07000092","Owned: Owns outright","Value",9979
"Rushmoor","E07000092","Owned: Owns with a mortgage or loan","Value",13795
"Rushmoor","E07000092","Shared ownership: Shared ownership","Value",679
"Rushmoor","E07000092","Social rented: Rents from council or Local Authority","Value",945
"Rushmoor","E07000092","Social rented: Other social rented","Value",5424
"Rushmoor","E07000092","Private rented: Private landlord or letting agency","Value",6510
"Rushmoor","E07000092","Private rented: Other private rented","Value",1939
"Rushmoor","E07000092","Lives rent free","Value",32
"Test Valley","E07000093","Total: All households","Value",54706
"Test Valley","E07000093","Owned: Owns outright","Value",19742
"Test Valley","E07000093","Owned: Owns with a mortgage or loan","Value",17974
"Test Valley","E07000093","Shared ownership: Shared ownership","Value",1049
"Test Valley","E07000093","Social rented: Rents from council or Local Authority","Value",1935
"Test Valley","E07000093","Social rented: Other social rented","Value",5907
"Test Valley","E07000093","Private rented: Private landlord or letting agency","Value",6356
"Test Valley","E07000093","Private rented: Other private rented","Value",1714
"Test Valley","E07000093","Lives rent free","Value",29
"Winchester","E07000094","Total: All households","Value",51712
"Winchester","E07000094","Owned: Owns outright","Value",18648
"Winchester","E07000094","Owned: Owns with a mortgage or loan","Value",15270
"Winchester","E07000094","Shared ownership: Shared ownership","Value",702
"Winchester","E07000094","Social rented: Rents from council or Local Authority","Value",4950
"Winchester","E07000094","Social rented: Other social rented","Value",2987
"Winchester","E07000094","Private rented: Private landlord or letting agency","Value",7489
"Winchester","E07000094","Private rented: Other private rented","Value",1607
"Winchester","E07000094","Lives rent free","Value",59
"Ashford","E07000105","Total: All households","Value",53583
"Ashford","E07000105","Owned: Owns outright","Value",18032
"Ashford","E07000105","Owned: Owns with a mortgage or loan","Value",17565
"Ashford","E07000105","Shared ownership: Shared ownership","Value",917
"Ashford","E07000105","Social rented: Rents from council or Local Authority","Value",4750
"Ashford","E07000105","Social rented: Other social rented","Value",2751
"Ashford","E07000105","Private rented: Private landlord or letting agency","Value",8236
"Ashford","E07000105","Private rented: Other private rented","Value",1263
"Ashford","E07000105","Lives rent free","Value",69
"Canterbury","E07000106","Total: All households","Value",63792
"Canterbury","E07000106","Owned: Owns outright","Value",24477
"Canterbury","E07000106","Owned: Owns with a mortgage or loan","Value",16836
"Canterbury","E07000106","Shared ownership: Shared ownership","Value",586
"Canterbury","E07000106","Social rented: Rents from council or Local Authority","Value",5006
"Canterbury","E07000106","Social rented: Other social rented","Value",2794
"Canterbury","E07000106","Private rented: Private landlord or letting agency","Value",12522
"Canterbury","E07000106","Private rented: Other private rented","Value",1502
"Canterbury","E07000106","Lives rent free","Value",69
"Dartford","E07000107","Total: All households","Value",45694
"Dartford","E07000107","Owned: Owns outright","Value",12302
"Dartford","E07000107","Owned: Owns with a mortgage or loan","Value",17694
"Dartford","E07000107","Shared ownership: Shared ownership","Value",1042
"Dartford","E07000107","Social rented: Rents from council or Local Authority","Value",4274
"Dartford","E07000107","Social rented: Other social rented","Value",2040
"Dartford","E07000107","Private rented: Private landlord or letting agency","Value",7617
"Dartford","E07000107","Private rented: Other private rented","Value",658
"Dartford","E07000107","Lives rent free","Value",67
"Dover","E07000108","Total: All households","Value",50552
"Dover","E07000108","Owned: Owns outright","Value",19753
"Dover","E07000108","Owned: Owns with a mortgage or loan","Value",13725
"Dover","E07000108","Shared ownership: Shared ownership","Value",387
"Dover","E07000108","Social rented: Rents from council or Local Authority","Value",4196
"Dover","E07000108","Social rented: Other social rented","Value",2843
"Dover","E07000108","Private rented: Private landlord or letting agency","Value",8379
"Dover","E07000108","Private rented: Other private rented","Value",1216
"Dover","E07000108","Lives rent free","Value",53
"Gravesham","E07000109","Total: All households","Value",41724
"Gravesham","E07000109","Owned: Owns outright","Value",13018
"Gravesham","E07000109","Owned: Owns with a mortgage or loan","Value",12942
"Gravesham","E07000109","Shared ownership: Shared ownership","Value",443
"Gravesham","E07000109","Social rented: Rents from council or Local Authority","Value",5308
"Gravesham","E07000109","Social rented: Other social rented","Value",1962
"Gravesham","E07000109","Private rented: Private landlord or letting agency","Value",7276
"Gravesham","E07000109","Private rented: Other private rented","Value",674
"Gravesham","E07000109","Lives rent free","Value",101
"Maidstone","E07000110","Total: All households","Value",71208
"Maidstone","E07000110","Owned: Owns outright","Value",24192
"Maidstone","E07000110","Owned: Owns with a mortgage or loan","Value",23799
"Maidstone","E07000110","Shared ownership: Shared ownership","Value",1350
"Maidstone","E07000110","Social rented: Rents from council or Local Authority","Value",1887
"Maidstone","E07000110","Social rented: Other social rented","Value",7620
"Maidstone","E07000110","Private rented: Private landlord or letting agency","Value",10725
"Maidstone","E07000110","Private rented: Other private rented","Value",1614
"Maidstone","E07000110","Lives rent free","Value",21
"Sevenoaks","E07000111","Total: All households","Value",49014
"Sevenoaks","E07000111","Owned: Owns outright","Value",18769
"Sevenoaks","E07000111","Owned: Owns with a mortgage or loan","Value",16297
"Sevenoaks","E07000111","Shared ownership: Shared ownership","Value",913
"Sevenoaks","E07000111","Social rented: Rents from council or Local Authority","Value",996
"Sevenoaks","E07000111","Social rented: Other social rented","Value",5469
"Sevenoaks","E07000111","Private rented: Private landlord or letting agency","Value",5572
"Sevenoaks","E07000111","Private rented: Other private rented","Value",976
"Sevenoaks","E07000111","Lives rent free","Value",22
"Folkestone and Hythe","E07000112","Total: All households","Value",48337
"Folkestone and Hythe","E07000112","Owned: Owns outright","Value",18966
"Folkestone and Hythe","E07000112","Owned: Owns with a mortgage or loan","Value",12841
"Folkestone and Hythe","E07000112","Shared ownership: Shared ownership","Value",365
"Folkestone and Hythe","E07000112","Social rented: Rents from council or Local Authority","Value",3153
"Folkestone and Hythe","E07000112","Social rented: Other social rented","Value",2098
"Folkestone and Hythe","E07000112","Private rented: Private landlord or letting agency","Value",9555
"Folkestone and Hythe","E07000112","Private rented: Other private rented","Value",1315
"Folkestone and Hythe","E07000112","Lives rent free","Value",44
"Swale","E07000113","Total: All households","Value",60495
"Swale","E07000113","Owned: Owns outright","Value",20788
"Swale","E07000113","Owned: Owns with a mortgage or loan","Value",19727
"Swale","E07000113","Shared ownership: Shared ownership","Value",820
"Swale","E07000113","Social rented: Rents from council or Local Authority","Value",1325
"Swale","E07000113","Social rented: Other social rented","Value",6716
"Swale","E07000113","Private rented: Private landlord or letting agency","Value",9851
"Swale","E07000113","Private rented: Other private rented","Value",1251
"Swale","E07000113","Lives rent free","Value",17
"Thanet","E07000114","Total: All households","Value",62200
"Thanet","E07000114","Owned: Owns outright","Value",22731
"Thanet","E07000114","Owned: Owns with a mortgage or loan","Value",15431
"Thanet","E07000114","Shared ownership: Shared ownership","Value",282
"Thanet","E07000114","Social rented: Rents from council or Local Authority","Value",2940
"Thanet","E07000114","Social rented: Other social rented","Value",4456
"Thanet","E07000114","Private rented: Private landlord or letting agency","Value",14755
"Thanet","E07000114","Private rented: Other private rented","Value",1579
"Thanet","E07000114","Lives rent free","Value",26
"Tonbridge and Malling","E07000115","Total: All households","Value",53571
"Tonbridge and Malling","E07000115","Owned: Owns outright","Value",18379
"Tonbridge and Malling","E07000115","Owned: Owns with a mortgage or loan","Value",19126
"Tonbridge and Malling","E07000115","Shared ownership: Shared ownership","Value",1108
"Tonbridge and Malling","E07000115","Social rented: Rents from council or Local Authority","Value",1001
"Tonbridge and Malling","E07000115","Social rented: Other social rented","Value",7254
"Tonbridge and Malling","E07000115","Private rented: Private landlord or letting agency","Value",5757
"Tonbridge and Malling","E07000115","Private rented: Other private rented","Value",937
"Tonbridge and Malling","E07000115","Lives rent free","Value",9
"Tunbridge Wells","E07000116","Total: All households","Value",48224
"Tunbridge Wells","E07000116","Owned: Owns outright","Value",16324
"Tunbridge Wells","E07000116","Owned: Owns with a mortgage or loan","Value",15069
"Tunbridge Wells","E07000116","Shared ownership: Shared ownership","Value",521
"Tunbridge Wells","E07000116","Social rented: Rents from council or Local Authority","Value",946
"Tunbridge Wells","E07000116","Social rented: Other social rented","Value",6083
"Tunbridge Wells","E07000116","Private rented: Private landlord or letting agency","Value",8297
"Tunbridge Wells","E07000116","Private rented: Other private rented","Value",971
"Tunbridge Wells","E07000116","Lives rent free","Value",13
"Cherwell","E07000177","Total: All households","Value",65893
"Cherwell","E07000177","Owned: Owns outright","Value",21431
"Cherwell","E07000177","Owned: Owns with a mortgage or loan","Value",21408
"Cherwell","E07000177","Shared ownership: Shared ownership","Value",1253
"Cherwell","E07000177","Social rented: Rents from council or Local Authority","Value",1427
"Cherwell","E07000177","Social rented: Other social rented","Value",7315
"Cherwell","E07000177","Private rented: Private landlord or letting agency","Value",11453
"Cherwell","E07000177","Private rented: Other private rented","Value",1580
"Cherwell","E07000177","Lives rent free","Value",26
"Oxford","E07000178","Total: All households","Value",55239
"Oxford","E07000178","Owned: Owns outright","Value",13993
"Oxford","E07000178","Owned: Owns with a mortgage or loan","Value",11042
"Oxford","E07000178","Shared ownership: Shared ownership","Value",793
"Oxford","E07000178","Social rented: Rents from council or Local Authority","Value",7414
"Oxford","E07000178","Social rented: Other social rented","Value",4140
"Oxford","E07000178","Private rented: Private landlord or letting agency","Value",16150
"Oxford","E07000178","Private rented: Other private rented","Value",1612
"Oxford","E07000178","Lives rent free","Value",95
"South Oxfordshire","E07000179","Total: All households","Value",61498
"South Oxfordshire","E07000179","Owned: Owns outright","Value",23180
"South Oxfordshire","E07000179","Owned: Owns with a mortgage or loan","Value",20015
"South Oxfordshire","E07000179","Shared ownership: Shared ownership","Value",1116
"South Oxfordshire","E07000179","Social rented: Rents from council or Local Authority","Value",1092
"South Oxfordshire","E07000179","Social rented: Other social rented","Value",6294
"South Oxfordshire","E07000179","Private rented: Private landlord or letting agency","Value",7921
"South Oxfordshire","E07000179","Private rented: Other private rented","Value",1863
"South Oxfordshire","E07000179","Lives rent free","Value",17
"Vale of White Horse","E07000180","Total: All households","Value",57497
"Vale of White Horse","E07000180","Owned: Owns outright","Value",20812
"Vale of White Horse","E07000180","Owned: Owns with a mortgage or loan","Value",18398
"Vale of White Horse","E07000180","Shared ownership: Shared ownership","Value",1055
"Vale of White Horse","E07000180","Social rented: Rents from council or Local Authority","Value",1260
"Vale of White Horse","E07000180","Social rented: Other social rented","Value",6946
"Vale of White Horse","E07000180","Private rented: Private landlord or letting agency","Value",7003
"Vale of White Horse","E07000180","Private rented: Other private rented","Value",1999
"Vale of White Horse","E07000180","Lives rent free","Value",24
"West Oxfordshire","E07000181","Total: All households","Value",47981
"West Oxfordshire","E07000181","Owned: Owns outright","Value",17963
"West Oxfordshire","E07000181","Owned: Owns with a mortgage or loan","Value",14082
"West Oxfordshire","E07000181","Shared ownership: Shared ownership","Value",995
"West Oxfordshire","E07000181","Social rented: Rents from council or Local Authority","Value",788
"West Oxfordshire","E07000181","Social rented: Other social rented","Value",5575
"West Oxfordshire","E07000181","Private rented: Private landlord or letting agency","Value",6580
"West Oxfordshire","E07000181","Private rented: Other private rented","Value",1990
"West Oxfordshire","E07000181","Lives rent free","Value",8
"Elmbridge","E07000207","Total: All households","Value",55587
"Elmbridge","E07000207","Owned: Owns outright","Value",18809
"Elmbridge","E07000207","Owned: Owns with a mortgage or loan","Value",20832
"Elmbridge","E07000207","Shared ownership: Shared ownership","Value",586
"Elmbridge","E07000207","Social rented: Rents from council or Local Authority","Value",939
"Elmbridge","E07000207","Social rented: Other social rented","Value",4669
"Elmbridge","E07000207","Private rented: Private landlord or letting agency","Value",8828
"Elmbridge","E07000207","Private rented: Other private rented","Value",897
"Elmbridge","E07000207","Lives rent free","Value",27
"Epsom and Ewell","E07000208","Total: All households","Value",31321
"Epsom and Ewell","E07000208","Owned: Owns outright","Value",11364
"Epsom and Ewell","E07000208","Owned: Owns with a mortgage or loan","Value",11803
"Epsom and Ewell","E07000208","Shared ownership: Shared ownership","Value",358
"Epsom and Ewell","E07000208","Social rented: Rents from council or Local Authority","Value",193
"Epsom and Ewell","E07000208","Social rented: Other social rented","Value",2550
"Epsom and Ewell","E07000208","Private rented: Private landlord or letting agency","Value",4561
"Epsom and Ewell","E07000208","Private rented: Other private rented","Value",487
"Epsom and Ewell","E07000208","Lives rent free","Value",5
"Guildford","E07000209","Total: All households","Value",55760
"Guildford","E07000209","Owned: Owns outright","Value",19267
"Guildford","E07000209","Owned: Owns with a mortgage or loan","Value",17717
"Guildford","E07000209","Shared ownership: Shared ownership","Value",729
"Guildford","E07000209","Social rented: Rents from council or Local Authority","Value",4864
"Guildford","E07000209","Social rented: Other social rented","Value",2202
"Guildford","E07000209","Private rented: Private landlord or letting agency","Value",9552
"Guildford","E07000209","Private rented: Other private rented","Value",1378
"Guildford","E07000209","Lives rent free","Value",51
"Mole Valley","E07000210","Total: All households","Value",37139
"Mole Valley","E07000210","Owned: Owns outright","Value",15136
"Mole Valley","E07000210","Owned: Owns with a mortgage or loan","Value",12053
"Mole Valley","E07000210","Shared ownership: Shared ownership","Value",380
"Mole Valley","E07000210","Social rented: Rents from council or Local Authority","Value",574
"Mole Valley","E07000210","Social rented: Other social rented","Value",3753
"Mole Valley","E07000210","Private rented: Private landlord or letting agency","Value",4506
"Mole Valley","E07000210","Private rented: Other private rented","Value",732
"Mole Valley","E07000210","Lives rent free","Value",5
"Reigate and Banstead","E07000211","Total: All households","Value",59849
"Reigate and Banstead","E07000211","Owned: Owns outright","Value",20196
"Reigate and Banstead","E07000211","Owned: Owns with a mortgage or loan","Value",22374
"Reigate and Banstead","E07000211","Shared ownership: Shared ownership","Value",969
"Reigate and Banstead","E07000211","Social rented: Rents from council or Local Authority","Value",1082
"Reigate and Banstead","E07000211","Social rented: Other social rented","Value",5825
"Reigate and Banstead","E07000211","Private rented: Private landlord or letting agency","Value",8482
"Reigate and Banstead","E07000211","Private rented: Other private rented","Value",905
"Reigate and Banstead","E07000211","Lives rent free","Value",16
"Runnymede","E07000212","Total: All households","Value",34838
"Runnymede","E07000212","Owned: Owns outright","Value",11431
"Runnymede","E07000212","Owned: Owns with a mortgage or loan","Value",11710
"Runnymede","E07000212","Shared ownership: Shared ownership","Value",506
"Runnymede","E07000212","Social rented: Rents from council or Local Authority","Value",2771
"Runnymede","E07000212","Social rented: Other social rented","Value",1728
"Runnymede","E07000212","Private rented: Private landlord or letting agency","Value",5907
"Runnymede","E07000212","Private rented: Other private rented","Value",745
"Runnymede","E07000212","Lives rent free","Value",40
"Spelthorne","E07000213","Total: All households","Value",41804
"Spelthorne","E07000213","Owned: Owns outright","Value",13980
"Spelthorne","E07000213","Owned: Owns with a mortgage or loan","Value",14489
"Spelthorne","E07000213","Shared ownership: Shared ownership","Value",531
"Spelthorne","E07000213","Social rented: Rents from council or Local Authority","Value",771
"Spelthorne","E07000213","Social rented: Other social rented","Value",4525
"Spelthorne","E07000213","Private rented: Private landlord or letting agency","Value",6783
"Spelthorne","E07000213","Private rented: Other private rented","Value",704
"Spelthorne","E07000213","Lives rent free","Value",21
"Surrey Heath","E07000214","Total: All households","Value",36008
"Surrey Heath","E07000214","Owned: Owns outright","Value",13156
"Surrey Heath","E07000214","Owned: Owns with a mortgage or loan","Value",13495
"Surrey Heath","E07000214","Shared ownership: Shared ownership","Value",364
"Surrey Heath","E07000214","Social rented: Rents from council or Local Authority","Value",477
"Surrey Heath","E07000214","Social rented: Other social rented","Value",2972
"Surrey Heath","E07000214","Private rented: Private landlord or letting agency","Value",4611
"Surrey Heath","E07000214","Private rented: Other private rented","Value",920
"Surrey Heath","E07000214","Lives rent free","Value",13
"Tandridge","E07000215","Total: All households","Value",35623
"Tandridge","E07000215","Owned: Owns outright","Value",13326
"Tandridge","E07000215","Owned: Owns with a mortgage or loan","Value",13203
"Tandridge","E07000215","Shared ownership: Shared ownership","Value",412
"Tandridge","E07000215","Social rented: Rents from council or Local Authority","Value",2496
"Tandridge","E07000215","Social rented: Other social rented","Value",1443
"Tandridge","E07000215","Private rented: Private landlord or letting agency","Value",3973
"Tandridge","E07000215","Private rented: Other private rented","Value",757
"Tandridge","E07000215","Lives rent free","Value",13
"Waverley","E07000216","Total: All households","Value",52448
"Waverley","E07000216","Owned: Owns outright","Value",20039
"Waverley","E07000216","Owned: Owns with a mortgage or loan","Value",17598
"Waverley","E07000216","Shared ownership: Shared ownership","Value",642
"Waverley","E07000216","Social rented: Rents from council or Local Authority","Value",4657
"Waverley","E07000216","Social rented: Other social rented","Value",1770
"Waverley","E07000216","Private rented: Private landlord or letting agency","Value",6494
"Waverley","E07000216","Private rented: Other private rented","Value",1209
"Waverley","E07000216","Lives rent free","Value",39
"Woking","E07000217","Total: All households","Value",41438
"Woking","E07000217","Owned: Owns outright","Value",13251
"Woking","E07000217","Owned: Owns with a mortgage or loan","Value",14280
"Woking","E07000217","Shared ownership: Shared ownership","Value",338
"Woking","E07000217","Social rented: Rents from council or Local Authority","Value",2965
"Woking","E07000217","Social rented: Other social rented","Value",1827
"Woking","E07000217","Private rented: Private landlord or letting agency","Value",7966
"Woking","E07000217","Private rented: Other private rented","Value",772
"Woking","E07000217","Lives rent free","Value",39
"Adur","E07000223","Total: All households","Value",27678
"Adur","E07000223","Owned: Owns outright","Value",11101
"Adur","E07000223","Owned: Owns with a mortgage or loan","Value",8835
"Adur","E07000223","Shared ownership: Shared ownership","Value",184
"Adur","E07000223","Social rented: Rents from council or Local Authority","Value",2431
"Adur","E07000223","Social rented: Other social rented","Value",1005
"Adur","E07000223","Private rented: Private landlord or letting agency","Value",3537
"Adur","E07000223","Private rented: Other private rented","Value",558
"Adur","E07000223","Lives rent free","Value",27
"Arun","E07000224","Total: All households","Value",72661
"Arun","E07000224","Owned: Owns outright","Value",32182
"Arun","E07000224","Owned: Owns with a mortgage or loan","Value",19588
"Arun","E07000224","Shared ownership: Shared ownership","Value",836
"Arun","E07000224","Social rented: Rents from council or Local Authority","Value",3210
"Arun","E07000224","Social rented: Other social rented","Value",3564
"Arun","E07000224","Private rented: Private landlord or letting agency","Value",11801
"Arun","E07000224","Private rented: Other private rented","Value",1424
"Arun","E07000224","Lives rent free","Value",56
"Chichester","E07000225","Total: All households","Value",54118
"Chichester","E07000225","Owned: Owns outright","Value",22715
"Chichester","E07000225","Owned: Owns with a mortgage or loan","Value",12657
"Chichester","E07000225","Shared ownership: Shared ownership","Value",754
"Chichester","E07000225","Social rented: Rents from council or Local Authority","Value",1057
"Chichester","E07000225","Social rented: Other social rented","Value",7100
"Chichester","E07000225","Private rented: Private landlord or letting agency","Value",8089
"Chichester","E07000225","Private rented: Other private rented","Value",1718
"Chichester","E07000225","Lives rent free","Value",28
"Crawley","E07000226","Total: All households","Value",45502
"Crawley","E07000226","Owned: Owns outright","Value",10940
"Crawley","E07000226","Owned: Owns with a mortgage or loan","Value",14423
"Crawley","E07000226","Shared ownership: Shared ownership","Value",560
"Crawley","E07000226","Social rented: Rents from council or Local Authority","Value",7969
"Crawley","E07000226","Social rented: Other social rented","Value",2463
"Crawley","E07000226","Private rented: Private landlord or letting agency","Value",8352
"Crawley","E07000226","Private rented: Other private rented","Value",663
"Crawley","E07000226","Lives rent free","Value",132
"Horsham","E07000227","Total: All households","Value",62370
"Horsham","E07000227","Owned: Owns outright","Value",24482
"Horsham","E07000227","Owned: Owns with a mortgage or loan","Value",20583
"Horsham","E07000227","Shared ownership: Shared ownership","Value",1072
"Horsham","E07000227","Social rented: Rents from council or Local Authority","Value",775
"Horsham","E07000227","Social rented: Other social rented","Value",6380
"Horsham","E07000227","Private rented: Private landlord or letting agency","Value",7795
"Horsham","E07000227","Private rented: Other private rented","Value",1260
"Horsham","E07000227","Lives rent free","Value",23
"Mid Sussex","E07000228","Total: All households","Value",63349
"Mid Sussex","E07000228","Owned: Owns outright","Value",23259
"Mid Sussex","E07000228","Owned: Owns with a mortgage or loan","Value",22754
"Mid Sussex","E07000228","Shared ownership: Shared ownership","Value",810
"Mid Sussex","E07000228","Social rented: Rents from council or Local Authority","Value",460
"Mid Sussex","E07000228","Social rented: Other social rented","Value",6352
"Mid Sussex","E07000228","Private rented: Private landlord or letting agency","Value",8568
"Mid Sussex","E07000228","Private rented: Other private rented","Value",1142
"Mid Sussex","E07000228","Lives rent free","Value",4
"Worthing","E07000229","Total: All households","Value",49538
"Worthing","E07000229","Owned: Owns outright","Value",18052
"Worthing","E07000229","Owned: Owns with a mortgage or loan","Value",15388
"Worthing","E07000229","Shared ownership: Shared ownership","Value",322
"Worthing","E07000229","Social rented: Rents from council or Local Authority","Value",1051
"Worthing","E07000229","Social rented: Other social rented","Value",3794
"Worthing","E07000229","Private rented: Private landlord or letting agency","Value",10012
"Worthing","E07000229","Private rented: Other private rented","Value",904
"Worthing","E07000229","Lives rent free","Value",15
"Bath and North East Somerset","E06000022","Total: All households","Value",79250
"Bath and North East Somerset","E06000022","Owned: Owns outright","Value",28855
"Bath and North East Somerset","E06000022","Owned: Owns with a mortgage or loan","Value",22878
"Bath and North East Somerset","E06000022","Shared ownership: Shared ownership","Value",790
"Bath and North East Somerset","E06000022","Social rented: Rents from council or Local Authority","Value",3064
"Bath and North East Somerset","E06000022","Social rented: Other social rented","Value",8299
"Bath and North East Somerset","E06000022","Private rented: Private landlord or letting agency","Value",13758
"Bath and North East Somerset","E06000022","Private rented: Other private rented","Value",1551
"Bath and North East Somerset","E06000022","Lives rent free","Value",55
"Bristol, City of","E06000023","Total: All households","Value",191638
"Bristol, City of","E06000023","Owned: Owns outright","Value",48199
"Bristol, City of","E06000023","Owned: Owns with a mortgage or loan","Value",55221
"Bristol, City of","E06000023","Shared ownership: Shared ownership","Value",1656
"Bristol, City of","E06000023","Social rented: Rents from council or Local Authority","Value",24977
"Bristol, City of","E06000023","Social rented: Other social rented","Value",10902
"Bristol, City of","E06000023","Private rented: Private landlord or letting agency","Value",46271
"Bristol, City of","E06000023","Private rented: Other private rented","Value",3942
"Bristol, City of","E06000023","Lives rent free","Value",470
"North Somerset","E06000024","Total: All households","Value",94648
"North Somerset","E06000024","Owned: Owns outright","Value",37250
"North Somerset","E06000024","Owned: Owns with a mortgage or loan","Value",30532
"North Somerset","E06000024","Shared ownership: Shared ownership","Value",679
"North Somerset","E06000024","Social rented: Rents from council or Local Authority","Value",2003
"North Somerset","E06000024","Social rented: Other social rented","Value",6711
"North Somerset","E06000024","Private rented: Private landlord or letting agency","Value",15541
"North Somerset","E06000024","Private rented: Other private rented","Value",1879
"North Somerset","E06000024","Lives rent free","Value",53
"South Gloucestershire","E06000025","Total: All households","Value",118101
"South Gloucestershire","E06000025","Owned: Owns outright","Value",43220
"South Gloucestershire","E06000025","Owned: Owns with a mortgage or loan","Value",42272
"South Gloucestershire","E06000025","Shared ownership: Shared ownership","Value",1231
"South Gloucestershire","E06000025","Social rented: Rents from council or Local Authority","Value",2122
"South Gloucestershire","E06000025","Social rented: Other social rented","Value",10616
"South Gloucestershire","E06000025","Private rented: Private landlord or letting agency","Value",16441
"South Gloucestershire","E06000025","Private rented: Other private rented","Value",2147
"South Gloucestershire","E06000025","Lives rent free","Value",52
"Plymouth","E06000026","Total: All households","Value",114557
"Plymouth","E06000026","Owned: Owns outright","Value",33783
"Plymouth","E06000026","Owned: Owns with a mortgage or loan","Value",32255
"Plymouth","E06000026","Shared ownership: Shared ownership","Value",1349
"Plymouth","E06000026","Social rented: Rents from council or Local Authority","Value",7386
"Plymouth","E06000026","Social rented: Other social rented","Value",13725
"Plymouth","E06000026","Private rented: Private landlord or letting agency","Value",22754
"Plymouth","E06000026","Private rented: Other private rented","Value",3167
"Plymouth","E06000026","Lives rent free","Value",138
"Torbay","E06000027","Total: All households","Value",62992
"Torbay","E06000027","Owned: Owns outright","Value",24663
"Torbay","E06000027","Owned: Owns with a mortgage or loan","Value",15699
"Torbay","E06000027","Shared ownership: Shared ownership","Value",622
"Torbay","E06000027","Social rented: Rents from council or Local Authority","Value",561
"Torbay","E06000027","Social rented: Other social rented","Value",4664
"Torbay","E06000027","Private rented: Private landlord or letting agency","Value",15195
"Torbay","E06000027","Private rented: Other private rented","Value",1572
"Torbay","E06000027","Lives rent free","Value",16
"Swindon","E06000030","Total: All households","Value",95861
"Swindon","E06000030","Owned: Owns outright","Value",27968
"Swindon","E06000030","Owned: Owns with a mortgage or loan","Value",33075
"Swindon","E06000030","Shared ownership: Shared ownership","Value",1203
"Swindon","E06000030","Social rented: Rents from council or Local Authority","Value",9786
"Swindon","E06000030","Social rented: Other social rented","Value",5158
"Swindon","E06000030","Private rented: Private landlord or letting agency","Value",16798
"Swindon","E06000030","Private rented: Other private rented","Value",1722
"Swindon","E06000030","Lives rent free","Value",151
"Cornwall","E06000052","Total: All households","Value",250533
"Cornwall","E06000052","Owned: Owns outright","Value",104659
"Cornwall","E06000052","Owned: Owns with a mortgage or loan","Value",61299
"Cornwall","E06000052","Shared ownership: Shared ownership","Value",2949
"Cornwall","E06000052","Social rented: Rents from council or Local Authority","Value",13023
"Cornwall","E06000052","Social rented: Other social rented","Value",19016
"Cornwall","E06000052","Private rented: Private landlord or letting agency","Value",41545
"Cornwall","E06000052","Private rented: Other private rented","Value",7826
"Cornwall","E06000052","Lives rent free","Value",216
"Isles of Scilly","E06000053","Total: All households","Value",939
"Isles of Scilly","E06000053","Owned: Owns outright","Value",320
"Isles of Scilly","E06000053","Owned: Owns with a mortgage or loan","Value",98
"Isles of Scilly","E06000053","Shared ownership: Shared ownership","Value",14
"Isles of Scilly","E06000053","Social rented: Rents from council or Local Authority","Value",103
"Isles of Scilly","E06000053","Social rented: Other social rented","Value",59
"Isles of Scilly","E06000053","Private rented: Private landlord or letting agency","Value",224
"Isles of Scilly","E06000053","Private rented: Other private rented","Value",120
"Isles of Scilly","E06000053","Lives rent free","Value",1
"Wiltshire","E06000054","Total: All households","Value",215081
"Wiltshire","E06000054","Owned: Owns outright","Value",80220
"Wiltshire","E06000054","Owned: Owns with a mortgage or loan","Value",63547
"Wiltshire","E06000054","Shared ownership: Shared ownership","Value",2546
"Wiltshire","E06000054","Social rented: Rents from council or Local Authority","Value",7845
"Wiltshire","E06000054","Social rented: Other social rented","Value",23383
"Wiltshire","E06000054","Private rented: Private landlord or letting agency","Value",27674
"Wiltshire","E06000054","Private rented: Other private rented","Value",9748
"Wiltshire","E06000054","Lives rent free","Value",118
"Bournemouth, Christchurch and Poole","E06000058","Total: All households","Value",173842
"Bournemouth, Christchurch and Poole","E06000058","Owned: Owns outright","Value",59736
"Bournemouth, Christchurch and Poole","E06000058","Owned: Owns with a mortgage or loan","Value",49485
"Bournemouth, Christchurch and Poole","E06000058","Shared ownership: Shared ownership","Value",1226
"Bournemouth, Christchurch and Poole","E06000058","Social rented: Rents from council or Local Authority","Value",8864
"Bournemouth, Christchurch and Poole","E06000058","Social rented: Other social rented","Value",10238
"Bournemouth, Christchurch and Poole","E06000058","Private rented: Private landlord or letting agency","Value",40460
"Bournemouth, Christchurch and Poole","E06000058","Private rented: Other private rented","Value",3692
"Bournemouth, Christchurch and Poole","E06000058","Lives rent free","Value",141
"Dorset","E06000059","Total: All households","Value",169261
"Dorset","E06000059","Owned: Owns outright","Value",77561
"Dorset","E06000059","Owned: Owns with a mortgage or loan","Value",41593
"Dorset","E06000059","Shared ownership: Shared ownership","Value",1620
"Dorset","E06000059","Social rented: Rents from council or Local Authority","Value",2263
"Dorset","E06000059","Social rented: Other social rented","Value",18573
"Dorset","E06000059","Private rented: Private landlord or letting agency","Value",22778
"Dorset","E06000059","Private rented: Other private rented","Value",4834
"Dorset","E06000059","Lives rent free","Value",39
"East Devon","E07000040","Total: All households","Value",66788
"East Devon","E07000040","Owned: Owns outright","Value",31228
"East Devon","E07000040","Owned: Owns with a mortgage or loan","Value",16967
"East Devon","E07000040","Shared ownership: Shared ownership","Value",947
"East Devon","E07000040","Social rented: Rents from council or Local Authority","Value",4030
"East Devon","E07000040","Social rented: Other social rented","Value",2868
"East Devon","E07000040","Private rented: Private landlord or letting agency","Value",8960
"East Devon","E07000040","Private rented: Other private rented","Value",1737
"East Devon","E07000040","Lives rent free","Value",51
"Exeter","E07000041","Total: All households","Value",52554
"Exeter","E07000041","Owned: Owns outright","Value",16369
"Exeter","E07000041","Owned: Owns with a mortgage or loan","Value",13703
"Exeter","E07000041","Shared ownership: Shared ownership","Value",583
"Exeter","E07000041","Social rented: Rents from council or Local Authority","Value",4640
"Exeter","E07000041","Social rented: Other social rented","Value",4087
"Exeter","E07000041","Private rented: Private landlord or letting agency","Value",12024
"Exeter","E07000041","Private rented: Other private rented","Value",1083
"Exeter","E07000041","Lives rent free","Value",65
"Mid Devon","E07000042","Total: All households","Value",35631
"Mid Devon","E07000042","Owned: Owns outright","Value",14110
"Mid Devon","E07000042","Owned: Owns with a mortgage or loan","Value",9988
"Mid Devon","E07000042","Shared ownership: Shared ownership","Value",365
"Mid Devon","E07000042","Social rented: Rents from council or Local Authority","Value",2830
"Mid Devon","E07000042","Social rented: Other social rented","Value",1674
"Mid Devon","E07000042","Private rented: Private landlord or letting agency","Value",5704
"Mid Devon","E07000042","Private rented: Other private rented","Value",908
"Mid Devon","E07000042","Lives rent free","Value",52
"North Devon","E07000043","Total: All households","Value",43198
"North Devon","E07000043","Owned: Owns outright","Value",18055
"North Devon","E07000043","Owned: Owns with a mortgage or loan","Value",11025
"North Devon","E07000043","Shared ownership: Shared ownership","Value",477
"North Devon","E07000043","Social rented: Rents from council or Local Authority","Value",1110
"North Devon","E07000043","Social rented: Other social rented","Value",3701
"North Devon","E07000043","Private rented: Private landlord or letting agency","Value",7364
"North Devon","E07000043","Private rented: Other private rented","Value",1449
"North Devon","E07000043","Lives rent free","Value",17
"South Hams","E07000044","Total: All households","Value",39337
"South Hams","E07000044","Owned: Owns outright","Value",17708
"South Hams","E07000044","Owned: Owns with a mortgage or loan","Value",10008
"South Hams","E07000044","Shared ownership: Shared ownership","Value",628
"South Hams","E07000044","Social rented: Rents from council or Local Authority","Value",728
"South Hams","E07000044","Social rented: Other social rented","Value",3925
"South Hams","E07000044","Private rented: Private landlord or letting agency","Value",5258
"South Hams","E07000044","Private rented: Other private rented","Value",1068
"South Hams","E07000044","Lives rent free","Value",14
"Teignbridge","E07000045","Total: All households","Value",59837
"Teignbridge","E07000045","Owned: Owns outright","Value",25889
"Teignbridge","E07000045","Owned: Owns with a mortgage or loan","Value",16770
"Teignbridge","E07000045","Shared ownership: Shared ownership","Value",775
"Teignbridge","E07000045","Social rented: Rents from council or Local Authority","Value",1324
"Teignbridge","E07000045","Social rented: Other social rented","Value",4370
"Teignbridge","E07000045","Private rented: Private landlord or letting agency","Value",9357
"Teignbridge","E07000045","Private rented: Other private rented","Value",1326
"Teignbridge","E07000045","Lives rent free","Value",26
"Torridge","E07000046","Total: All households","Value",30458
"Torridge","E07000046","Owned: Owns outright","Value",13870
"Torridge","E07000046","Owned: Owns with a mortgage or loan","Value",7316
"Torridge","E07000046","Shared ownership: Shared ownership","Value",265
"Torridge","E07000046","Social rented: Rents from council or Local Authority","Value",467
"Torridge","E07000046","Social rented: Other social rented","Value",2380
"Torridge","E07000046","Private rented: Private landlord or letting agency","Value",5157
"Torridge","E07000046","Private rented: Other private rented","Value",995
"Torridge","E07000046","Lives rent free","Value",8
"West Devon","E07000047","Total: All households","Value",24818
"West Devon","E07000047","Owned: Owns outright","Value",11569
"West Devon","E07000047","Owned: Owns with a mortgage or loan","Value",6043
"West Devon","E07000047","Shared ownership: Shared ownership","Value",176
"West Devon","E07000047","Social rented: Rents from council or Local Authority","Value",495
"West Devon","E07000047","Social rented: Other social rented","Value",2000
"West Devon","E07000047","Private rented: Private landlord or letting agency","Value",3830
"West Devon","E07000047","Private rented: Other private rented","Value",696
"West Devon","E07000047","Lives rent free","Value",9
"Cheltenham","E07000078","Total: All households","Value",52899
"Cheltenham","E07000078","Owned: Owns outright","Value",18362
"Cheltenham","E07000078","Owned: Owns with a mortgage or loan","Value",15273
"Cheltenham","E07000078","Shared ownership: Shared ownership","Value",397
"Cheltenham","E07000078","Social rented: Rents from council or Local Authority","Value",4069
"Cheltenham","E07000078","Social rented: Other social rented","Value",2363
"Cheltenham","E07000078","Private rented: Private landlord or letting agency","Value",11406
"Cheltenham","E07000078","Private rented: Other private rented","Value",972
"Cheltenham","E07000078","Lives rent free","Value",57
"Cotswold","E07000079","Total: All households","Value",40597
"Cotswold","E07000079","Owned: Owns outright","Value",16177
"Cotswold","E07000079","Owned: Owns with a mortgage or loan","Value",10260
"Cotswold","E07000079","Shared ownership: Shared ownership","Value",869
"Cotswold","E07000079","Social rented: Rents from council or Local Authority","Value",675
"Cotswold","E07000079","Social rented: Other social rented","Value",5557
"Cotswold","E07000079","Private rented: Private landlord or letting agency","Value",5592
"Cotswold","E07000079","Private rented: Other private rented","Value",1457
"Cotswold","E07000079","Lives rent free","Value",10
"Forest of Dean","E07000080","Total: All households","Value",37217
"Forest of Dean","E07000080","Owned: Owns outright","Value",16466
"Forest of Dean","E07000080","Owned: Owns with a mortgage or loan","Value",10552
"Forest of Dean","E07000080","Shared ownership: Shared ownership","Value",319
"Forest of Dean","E07000080","Social rented: Rents from council or Local Authority","Value",832
"Forest of Dean","E07000080","Social rented: Other social rented","Value",4004
"Forest of Dean","E07000080","Private rented: Private landlord or letting agency","Value",4072
"Forest of Dean","E07000080","Private rented: Other private rented","Value",959
"Forest of Dean","E07000080","Lives rent free","Value",13
"Gloucester","E07000081","Total: All households","Value",55406
"Gloucester","E07000081","Owned: Owns outright","Value",17510
"Gloucester","E07000081","Owned: Owns with a mortgage or loan","Value",17869
"Gloucester","E07000081","Shared ownership: Shared ownership","Value",630
"Gloucester","E07000081","Social rented: Rents from council or Local Authority","Value",2797
"Gloucester","E07000081","Social rented: Other social rented","Value",4740
"Gloucester","E07000081","Private rented: Private landlord or letting agency","Value",10691
"Gloucester","E07000081","Private rented: Other private rented","Value",1112
"Gloucester","E07000081","Lives rent free","Value",57
"Stroud","E07000082","Total: All households","Value",52378
"Stroud","E07000082","Owned: Owns outright","Value",21548
"Stroud","E07000082","Owned: Owns with a mortgage or loan","Value",16532
"Stroud","E07000082","Shared ownership: Shared ownership","Value",631
"Stroud","E07000082","Social rented: Rents from council or Local Authority","Value",4521
"Stroud","E07000082","Social rented: Other social rented","Value",1909
"Stroud","E07000082","Private rented: Private landlord or letting agency","Value",6125
"Stroud","E07000082","Private rented: Other private rented","Value",1028
"Stroud","E07000082","Lives rent free","Value",84
"Tewkesbury","E07000083","Total: All households","Value",40931
"Tewkesbury","E07000083","Owned: Owns outright","Value",15984
"Tewkesbury","E07000083","Owned: Owns with a mortgage or loan","Value",12975
"Tewkesbury","E07000083","Shared ownership: Shared ownership","Value",918
"Tewkesbury","E07000083","Social rented: Rents from council or Local Authority","Value",865
"Tewkesbury","E07000083","Social rented: Other social rented","Value",4333
"Tewkesbury","E07000083","Private rented: Private landlord or letting agency","Value",4763
"Tewkesbury","E07000083","Private rented: Other private rented","Value",1078
"Tewkesbury","E07000083","Lives rent free","Value",15
"Somerset","E06000066","Total: All households","Value",250124
"Somerset","E06000066","Owned: Owns outright","Value",100887
"Somerset","E06000066","Owned: Owns with a mortgage or loan","Value",67815
"Somerset","E06000066","Shared ownership: Shared ownership","Value",2593
"Somerset","E06000066","Social rented: Rents from council or Local Authority","Value",12501
"Somerset","E06000066","Social rented: Other social rented","Value",21786
"Somerset","E06000066","Private rented: Private landlord or letting agency","Value",37934
"Somerset","E06000066","Private rented: Other private rented","Value",6397
"Somerset","E06000066","Lives rent free","Value",211
"Isle of Anglesey","W06000001","Total: All households","Value",30824
"Isle of Anglesey","W06000001","Owned: Owns outright","Value",13756
"Isle of Anglesey","W06000001","Owned: Owns with a mortgage or loan","Value",7264
"Isle of Anglesey","W06000001","Shared ownership: Shared ownership","Value",87
"Isle of Anglesey","W06000001","Social rented: Rents from council or Local Authority","Value",3783
"Isle of Anglesey","W06000001","Social rented: Other social rented","Value",1037
"Isle of Anglesey","W06000001","Private rented: Private landlord or letting agency","Value",3735
"Isle of Anglesey","W06000001","Private rented: Other private rented","Value",1064
"Isle of Anglesey","W06000001","Lives rent free","Value",98
"Gwynedd","W06000002","Total: All households","Value",51105
"Gwynedd","W06000002","Owned: Owns outright","Value",22214
"Gwynedd","W06000002","Owned: Owns with a mortgage or loan","Value",11214
"Gwynedd","W06000002","Shared ownership: Shared ownership","Value",150
"Gwynedd","W06000002","Social rented: Rents from council or Local Authority","Value",3524
"Gwynedd","W06000002","Social rented: Other social rented","Value",5033
"Gwynedd","W06000002","Private rented: Private landlord or letting agency","Value",7060
"Gwynedd","W06000002","Private rented: Other private rented","Value",1805
"Gwynedd","W06000002","Lives rent free","Value",105
"Conwy","W06000003","Total: All households","Value",52235
"Conwy","W06000003","Owned: Owns outright","Value",22759
"Conwy","W06000003","Owned: Owns with a mortgage or loan","Value",12967
"Conwy","W06000003","Shared ownership: Shared ownership","Value",291
"Conwy","W06000003","Social rented: Rents from council or Local Authority","Value",2051
"Conwy","W06000003","Social rented: Other social rented","Value",4206
"Conwy","W06000003","Private rented: Private landlord or letting agency","Value",8526
"Conwy","W06000003","Private rented: Other private rented","Value",1394
"Conwy","W06000003","Lives rent free","Value",41
"Denbighshire","W06000004","Total: All households","Value",42387
"Denbighshire","W06000004","Owned: Owns outright","Value",16828
"Denbighshire","W06000004","Owned: Owns with a mortgage or loan","Value",11112
"Denbighshire","W06000004","Shared ownership: Shared ownership","Value",234
"Denbighshire","W06000004","Social rented: Rents from council or Local Authority","Value",3298
"Denbighshire","W06000004","Social rented: Other social rented","Value",2350
"Denbighshire","W06000004","Private rented: Private landlord or letting agency","Value",7295
"Denbighshire","W06000004","Private rented: Other private rented","Value",1197
"Denbighshire","W06000004","Lives rent free","Value",73
"Flintshire","W06000005","Total: All households","Value",66911
"Flintshire","W06000005","Owned: Owns outright","Value",25945
"Flintshire","W06000005","Owned: Owns with a mortgage or loan","Value",22074
"Flintshire","W06000005","Shared ownership: Shared ownership","Value",307
"Flintshire","W06000005","Social rented: Rents from council or Local Authority","Value",6985
"Flintshire","W06000005","Social rented: Other social rented","Value",2729
"Flintshire","W06000005","Private rented: Private landlord or letting agency","Value",7544
"Flintshire","W06000005","Private rented: Other private rented","Value",1295
"Flintshire","W06000005","Lives rent free","Value",32
"Wrexham","W06000006","Total: All households","Value",57915
"Wrexham","W06000006","Owned: Owns outright","Value",19947
"Wrexham","W06000006","Owned: Owns with a mortgage or loan","Value",16271
"Wrexham","W06000006","Shared ownership: Shared ownership","Value",182
"Wrexham","W06000006","Social rented: Rents from council or Local Authority","Value",9958
"Wrexham","W06000006","Social rented: Other social rented","Value",2203
"Wrexham","W06000006","Private rented: Private landlord or letting agency","Value",7890
"Wrexham","W06000006","Private rented: Other private rented","Value",1276
"Wrexham","W06000006","Lives rent free","Value",188
"Ceredigion","W06000008","Total: All households","Value",30891
"Ceredigion","W06000008","Owned: Owns outright","Value",14798
"Ceredigion","W06000008","Owned: Owns with a mortgage or loan","Value",6378
"Ceredigion","W06000008","Shared ownership: Shared ownership","Value",96
"Ceredigion","W06000008","Social rented: Rents from council or Local Authority","Value",752
"Ceredigion","W06000008","Social rented: Other social rented","Value",2487
"Ceredigion","W06000008","Private rented: Private landlord or letting agency","Value",5294
"Ceredigion","W06000008","Private rented: Other private rented","Value",1077
"Ceredigion","W06000008","Lives rent free","Value",9
"Pembrokeshire","W06000009","Total: All households","Value",55487
"Pembrokeshire","W06000009","Owned: Owns outright","Value",24647
"Pembrokeshire","W06000009","Owned: Owns with a mortgage or loan","Value",12556
"Pembrokeshire","W06000009","Shared ownership: Shared ownership","Value",141
"Pembrokeshire","W06000009","Social rented: Rents from council or Local Authority","Value",5691
"Pembrokeshire","W06000009","Social rented: Other social rented","Value",3303
"Pembrokeshire","W06000009","Private rented: Private landlord or letting agency","Value",7277
"Pembrokeshire","W06000009","Private rented: Other private rented","Value",1837
"Pembrokeshire","W06000009","Lives rent free","Value",35
"Carmarthenshire","W06000010","Total: All households","Value",81759
"Carmarthenshire","W06000010","Owned: Owns outright","Value",35629
"Carmarthenshire","W06000010","Owned: Owns with a mortgage or loan","Value",21936
"Carmarthenshire","W06000010","Shared ownership: Shared ownership","Value",209
"Carmarthenshire","W06000010","Social rented: Rents from council or Local Authority","Value",8540
"Carmarthenshire","W06000010","Social rented: Other social rented","Value",3158
"Carmarthenshire","W06000010","Private rented: Private landlord or letting agency","Value",10048
"Carmarthenshire","W06000010","Private rented: Other private rented","Value",2123
"Carmarthenshire","W06000010","Lives rent free","Value",116
"Swansea","W06000011","Total: All households","Value",104962
"Swansea","W06000011","Owned: Owns outright","Value",37162
"Swansea","W06000011","Owned: Owns with a mortgage or loan","Value",28224
"Swansea","W06000011","Shared ownership: Shared ownership","Value",315
"Swansea","W06000011","Social rented: Rents from council or Local Authority","Value",12257
"Swansea","W06000011","Social rented: Other social rented","Value",7788
"Swansea","W06000011","Private rented: Private landlord or letting agency","Value",16417
"Swansea","W06000011","Private rented: Other private rented","Value",2484
"Swansea","W06000011","Lives rent free","Value",315
"Neath Port Talbot","W06000012","Total: All households","Value",62377
"Neath Port Talbot","W06000012","Owned: Owns outright","Value",23850
"Neath Port Talbot","W06000012","Owned: Owns with a mortgage or loan","Value",17661
"Neath Port Talbot","W06000012","Shared ownership: Shared ownership","Value",99
"Neath Port Talbot","W06000012","Social rented: Rents from council or Local Authority","Value",4657
"Neath Port Talbot","W06000012","Social rented: Other social rented","Value",7342
"Neath Port Talbot","W06000012","Private rented: Private landlord or letting agency","Value",7014
"Neath Port Talbot","W06000012","Private rented: Other private rented","Value",1638
"Neath Port Talbot","W06000012","Lives rent free","Value",116
"Bridgend","W06000013","Total: All households","Value",62360
"Bridgend","W06000013","Owned: Owns outright","Value",23670
"Bridgend","W06000013","Owned: Owns with a mortgage or loan","Value",20291
"Bridgend","W06000013","Shared ownership: Shared ownership","Value",136
"Bridgend","W06000013","Social rented: Rents from council or Local Authority","Value",2087
"Bridgend","W06000013","Social rented: Other social rented","Value",6587
"Bridgend","W06000013","Private rented: Private landlord or letting agency","Value",8128
"Bridgend","W06000013","Private rented: Other private rented","Value",1398
"Bridgend","W06000013","Lives rent free","Value",63
"Vale of Glamorgan","W06000014","Total: All households","Value",57449
"Vale of Glamorgan","W06000014","Owned: Owns outright","Value",22052
"Vale of Glamorgan","W06000014","Owned: Owns with a mortgage or loan","Value",19231
"Vale of Glamorgan","W06000014","Shared ownership: Shared ownership","Value",135
"Vale of Glamorgan","W06000014","Social rented: Rents from council or Local Authority","Value",3660
"Vale of Glamorgan","W06000014","Social rented: Other social rented","Value",3363
"Vale of Glamorgan","W06000014","Private rented: Private landlord or letting agency","Value",7474
"Vale of Glamorgan","W06000014","Private rented: Other private rented","Value",1503
"Vale of Glamorgan","W06000014","Lives rent free","Value",31
"Cardiff","W06000015","Total: All households","Value",147333
"Cardiff","W06000015","Owned: Owns outright","Value",42072
"Cardiff","W06000015","Owned: Owns with a mortgage or loan","Value",43355
"Cardiff","W06000015","Shared ownership: Shared ownership","Value",439
"Cardiff","W06000015","Social rented: Rents from council or Local Authority","Value",12883
"Cardiff","W06000015","Social rented: Other social rented","Value",12395
"Cardiff","W06000015","Private rented: Private landlord or letting agency","Value",32757
"Cardiff","W06000015","Private rented: Other private rented","Value",3028
"Cardiff","W06000015","Lives rent free","Value",404
"Rhondda Cynon Taf","W06000016","Total: All households","Value",103339
"Rhondda Cynon Taf","W06000016","Owned: Owns outright","Value",39686
"Rhondda Cynon Taf","W06000016","Owned: Owns with a mortgage or loan","Value",30943
"Rhondda Cynon Taf","W06000016","Shared ownership: Shared ownership","Value",173
"Rhondda Cynon Taf","W06000016","Social rented: Rents from council or Local Authority","Value",5744
"Rhondda Cynon Taf","W06000016","Social rented: Other social rented","Value",8431
"Rhondda Cynon Taf","W06000016","Private rented: Private landlord or letting agency","Value",15671
"Rhondda Cynon Taf","W06000016","Private rented: Other private rented","Value",2567
"Rhondda Cynon Taf","W06000016","Lives rent free","Value",124
"Caerphilly","W06000018","Total: All households","Value",76255
"Caerphilly","W06000018","Owned: Owns outright","Value",27449
"Caerphilly","W06000018","Owned: Owns with a mortgage or loan","Value",24053
"Caerphilly","W06000018","Shared ownership: Shared ownership","Value",228
"Caerphilly","W06000018","Social rented: Rents from council or Local Authority","Value",10065
"Caerphilly","W06000018","Social rented: Other social rented","Value",4258
"Caerphilly","W06000018","Private rented: Private landlord or letting agency","Value",8598
"Caerphilly","W06000018","Private rented: Other private rented","Value",1556
"Caerphilly","W06000018","Lives rent free","Value",48
"Blaenau Gwent","W06000019","Total: All households","Value",30340
"Blaenau Gwent","W06000019","Owned: Owns outright","Value",10564
"Blaenau Gwent","W06000019","Owned: Owns with a mortgage or loan","Value",7658
"Blaenau Gwent","W06000019","Shared ownership: Shared ownership","Value",36
"Blaenau Gwent","W06000019","Social rented: Rents from council or Local Authority","Value",2776
"Blaenau Gwent","W06000019","Social rented: Other social rented","Value",4418
"Blaenau Gwent","W06000019","Private rented: Private landlord or letting agency","Value",4160
"Blaenau Gwent","W06000019","Private rented: Other private rented","Value",687
"Blaenau Gwent","W06000019","Lives rent free","Value",41
"Torfaen","W06000020","Total: All households","Value",40241
"Torfaen","W06000020","Owned: Owns outright","Value",13952
"Torfaen","W06000020","Owned: Owns with a mortgage or loan","Value",11963
"Torfaen","W06000020","Shared ownership: Shared ownership","Value",223
"Torfaen","W06000020","Social rented: Rents from council or Local Authority","Value",3324
"Torfaen","W06000020","Social rented: Other social rented","Value",6251
"Torfaen","W06000020","Private rented: Private landlord or letting agency","Value",3701
"Torfaen","W06000020","Private rented: Other private rented","Value",794
"Torfaen","W06000020","Lives rent free","Value",33
"Monmouthshire","W06000021","Total: All households","Value",40922
"Monmouthshire","W06000021","Owned: Owns outright","Value",17738
"Monmouthshire","W06000021","Owned: Owns with a mortgage or loan","Value",11691
"Monmouthshire","W06000021","Shared ownership: Shared ownership","Value",147
"Monmouthshire","W06000021","Social rented: Rents from council or Local Authority","Value",1493
"Monmouthshire","W06000021","Social rented: Other social rented","Value",4250
"Monmouthshire","W06000021","Private rented: Private landlord or letting agency","Value",4674
"Monmouthshire","W06000021","Private rented: Other private rented","Value",908
"Monmouthshire","W06000021","Lives rent free","Value",21
"Newport","W06000022","Total: All households","Value",66054
"Newport","W06000022","Owned: Owns outright","Value",20172
"Newport","W06000022","Owned: Owns with a mortgage or loan","Value",21387
"Newport","W06000022","Shared ownership: Shared ownership","Value",474
"Newport","W06000022","Social rented: Rents from council or Local Authority","Value",5648
"Newport","W06000022","Social rented: Other social rented","Value",7216
"Newport","W06000022","Private rented: Private landlord or letting agency","Value",9663
"Newport","W06000022","Private rented: Other private rented","Value",1356
"Newport","W06000022","Lives rent free","Value",138
"Powys","W06000023","Total: All households","Value",60182
"Powys","W06000023","Owned: Owns outright","Value",28098
"Powys","W06000023","Owned: Owns with a mortgage or loan","Value",12586
"Powys","W06000023","Shared ownership: Shared ownership","Value",151
"Powys","W06000023","Social rented: Rents from council or Local Authority","Value",5294
"Powys","W06000023","Social rented: Other social rented","Value",3187
"Powys","W06000023","Private rented: Private landlord or letting agency","Value",8592
"Powys","W06000023","Private rented: Other private rented","Value",2168
"Powys","W06000023","Lives rent free","Value",106
"Merthyr Tydfil","W06000024","Total: All households","Value",25783
"Merthyr Tydfil","W06000024","Owned: Owns outright","Value",9101
"Merthyr Tydfil","W06000024","Owned: Owns with a mortgage or loan","Value",7012
"Merthyr Tydfil","W06000024","Shared ownership: Shared ownership","Value",33
"Merthyr Tydfil","W06000024","Social rented: Rents from council or Local Authority","Value",2168
"Merthyr Tydfil","W06000024","Social rented: Other social rented","Value",3458
"Merthyr Tydfil","W06000024","Private rented: Private landlord or letting agency","Value",3325
"Merthyr Tydfil","W06000024","Private rented: Other private rented","Value",642
"Merthyr Tydfil","W06000024","Lives rent free","Value",44
